lon,lat,green_count_8_neighbor_cells,green_count_cell,green_count_other_within_300m_center,ndvi_ge30_green_count_202405,ndvi_ge30_green_count_202406,ndvi_ge30_green_count_202407,ndvi_ge30_green_count_202408,ndvi_ge30_green_count_202409,ndvi_ge30_green_count_202505,ndvi_ge30_green_count_202506,ndvi_ge30_green_count_202507,ndvi_ge30_green_count_202508,ndvi_ge30_green_count_202509,ndvi_mean_202405,ndvi_mean_202406,ndvi_mean_202407,ndvi_mean_202408,ndvi_mean_202409,ndvi_mean_202505,ndvi_mean_202506,ndvi_mean_202507,ndvi_mean_202508,ndvi_mean_202509,ndvi_valid_green_count_202405,ndvi_valid_green_count_202406,ndvi_valid_green_count_202407,ndvi_valid_green_count_202408,ndvi_valid_green_count_202409,ndvi_valid_green_count_202505,ndvi_valid_green_count_202506,ndvi_valid_green_count_202507,ndvi_valid_green_count_202508,ndvi_valid_green_count_202509
39.099864,21.694714,1,1,0,1,0,1,0,1,1,1,1,0,1,0.327650,0.291513,0.317226,0.299189,0.337656,0.344999,0.359153,0.386084,0.265528,0.360618,1,1,1,1,1,1,1,1,1,1
39.097302,21.766271,0,1,0,1,1,1,0,0,1,1,1,0,0,0.330553,0.409019,0.351789,0.196879,0.256110,0.389400,0.386860,0.303505,0.264364,0.259492,1,1,1,1,1,1,1,1,1,1
39.097294,21.754074,6,5,0,5,5,5,5,5,5,5,5,5,5,0.461047,0.397743,0.411396,0.402119,0.479862,0.450400,0.468850,0.521523,0.408204,0.485576,5,5,5,5,5,5,5,5,5,5
39.098164,21.754074,8,3,0,3,2,3,3,3,3,3,3,3,3,0.487966,0.348010,0.381438,0.404815,0.485645,0.404701,0.441575,0.513211,0.409396,0.485536,3,3,3,3,3,3,3,3,3,3
39.097293,21.753261,9,2,0,2,2,2,2,2,2,2,2,2,2,0.393658,0.398701,0.368418,0.406305,0.450378,0.436020,0.408413,0.420469,0.334468,0.399807,2,2,2,2,2,2,2,2,2,2
39.098164,21.753261,10,1,0,1,1,1,1,1,1,1,1,1,1,0.572142,0.469564,0.560596,0.542485,0.628898,0.483235,0.542826,0.576018,0.457660,0.571069,1,1,1,1,1,1,1,1,1,1
39.193296,21.289679,0,3,0,3,3,3,3,3,3,3,3,0,2,0.466146,0.370902,0.399502,0.365043,0.387277,0.400973,0.345519,0.343373,0.246103,0.305602,3,3,3,3,3,3,3,3,3,3
39.196753,21.279917,2,1,0,1,1,0,0,1,1,0,1,0,1,0.325987,0.301916,0.276553,0.246633,0.356822,0.337296,0.284169,0.329050,0.256987,0.328027,1,1,1,1,1,1,1,1,1,1
39.199352,21.276661,0,2,0,2,1,1,0,1,2,2,2,0,2,0.371789,0.316840,0.303482,0.280358,0.322230,0.517596,0.417029,0.403027,0.284875,0.334515,2,2,2,2,2,2,2,2,2,2
39.142957,21.274279,0,1,0,1,0,0,0,0,1,1,1,0,0,0.397828,0.292992,0.282330,0.243222,0.284096,0.632523,0.504227,0.424938,0.266141,0.276143,1,1,1,1,1,1,1,1,1,1
39.190628,21.239265,0,1,0,1,0,0,0,1,1,1,0,0,0,0.316954,0.278630,0.267106,0.279436,0.439428,0.370905,0.329815,0.296697,0.236388,0.281215,1,1,1,1,1,1,1,1,1,1
39.190624,21.236012,0,1,0,1,0,1,1,1,1,0,1,0,0,0.406100,0.294580,0.377395,0.322089,0.478349,0.426191,0.299951,0.316896,0.262119,0.277289,1,1,1,1,1,1,1,1,1,1
39.166324,21.223840,0,1,0,0,0,1,1,1,1,1,1,0,1,0.287081,0.253890,0.323785,0.330225,0.338198,0.324663,0.315069,0.346221,0.283500,0.318987,1,1,1,1,1,1,1,1,1,1
39.174120,21.215700,10,2,0,2,1,2,1,2,1,2,2,2,2,0.350316,0.285579,0.340763,0.362971,0.406993,0.317225,0.354183,0.419668,0.318899,0.368114,2,2,2,2,2,2,2,2,2,2
39.174987,21.215699,10,2,0,2,0,2,2,2,1,2,2,0,2,0.329154,0.255416,0.314082,0.405784,0.381176,0.324651,0.335500,0.362147,0.275645,0.361099,2,2,2,2,2,2,2,2,2,2
39.174119,21.214887,11,1,0,1,0,1,1,1,1,1,1,0,1,0.337204,0.268401,0.322827,0.402433,0.384167,0.338820,0.378330,0.413034,0.290411,0.370317,1,1,1,1,1,1,1,1,1,1
39.174986,21.214886,5,7,0,7,2,6,4,7,7,7,7,5,7,0.379372,0.291075,0.350633,0.293501,0.409233,0.369817,0.407950,0.446028,0.323034,0.391441,7,7,7,7,7,7,7,7,7,7
39.194282,21.379940,0,1,0,0,0,1,1,1,1,1,1,0,1,0.281271,0.253920,0.324732,0.335254,0.316719,0.305622,0.340256,0.351955,0.265508,0.329048,1,1,1,1,1,1,1,1,1,1
39.195136,21.369368,0,2,0,0,0,0,2,2,2,2,2,1,2,0.282491,0.282826,0.270638,0.336076,0.365839,0.355121,0.340455,0.365918,0.288356,0.367605,2,2,2,2,2,2,2,2,2,2
39.182969,21.358810,0,1,0,1,1,1,1,1,1,1,1,0,0,0.382125,0.335727,0.378656,0.349390,0.463612,0.607502,0.333737,0.474757,0.204867,0.274240,1,1,1,1,1,1,1,1,1,1
39.194240,21.348226,1,2,0,2,2,2,2,2,2,2,2,0,2,0.459216,0.385452,0.419984,0.417931,0.413652,0.365873,0.405071,0.392438,0.267095,0.339281,2,2,2,2,2,2,2,2,2,2
39.175967,21.310027,0,1,0,1,0,0,0,1,1,1,1,0,1,0.332669,0.283666,0.275797,0.278583,0.377984,0.301438,0.381024,0.373482,0.296287,0.394084,1,1,1,1,1,1,1,1,1,1
39.188976,21.304321,0,1,0,1,1,1,1,1,1,1,1,0,1,0.374143,0.302006,0.303210,0.314002,0.366724,0.505256,0.446442,0.372955,0.275731,0.321189,1,1,1,1,1,1,1,1,1,1
39.182249,21.477533,1,1,0,1,1,1,1,1,1,1,0,0,0,0.434698,0.333221,0.388864,0.342886,0.369815,0.462605,0.309102,0.270852,0.237439,0.265244,1,1,1,1,1,1,1,1,1,1
39.177033,21.475099,0,2,0,2,1,0,1,2,2,2,2,2,2,0.409212,0.292602,0.208823,0.316049,0.381846,0.378884,0.313209,0.371638,0.367206,0.342089,2,2,2,2,2,2,2,2,2,2
39.186732,21.586491,2,1,0,1,1,0,1,1,1,1,1,0,0,0.385920,0.356211,0.262377,0.301026,0.324950,0.332286,0.345295,0.335832,0.252715,0.293601,1,1,1,1,1,1,1,1,1,1
39.177165,21.584062,0,1,0,1,1,1,1,1,1,1,1,1,1,0.375452,0.315495,0.512971,0.361491,0.383392,0.517815,0.406443,0.502366,0.376991,0.355977,1,1,1,1,1,1,1,1,1,1
39.186656,21.527131,9,2,0,2,2,2,2,2,2,2,2,2,2,0.391673,0.344705,0.467103,0.356358,0.340517,0.528588,0.502685,0.489337,0.431809,0.409398,2,2,2,2,2,2,2,2,2,2
39.187525,21.527130,7,4,0,3,3,4,3,4,4,4,4,4,4,0.444130,0.396279,0.500210,0.414365,0.407426,0.540040,0.521930,0.526900,0.435066,0.457607,4,4,4,4,4,4,4,4,4,4
39.189263,21.527128,0,1,1,0,0,0,1,1,1,1,1,0,1,0.256648,0.290509,0.293092,0.324461,0.407490,0.385567,0.375460,0.380955,0.241251,0.316912,1,1,1,1,1,1,1,1,1,1
39.195341,21.523055,4,1,0,1,0,1,1,1,1,1,1,1,1,0.312886,0.257630,0.311602,0.305473,0.392161,0.350088,0.312361,0.376288,0.310826,0.362342,1,1,1,1,1,1,1,1,1,1
39.136311,21.592232,1,1,0,1,1,1,1,1,1,0,1,0,1,0.316576,0.314597,0.380605,0.354885,0.458357,0.320879,0.289183,0.353887,0.276164,0.349915,1,1,1,1,1,1,1,1,1,1
39.137180,21.592231,1,1,0,0,1,1,1,1,1,0,1,1,1,0.284716,0.349404,0.388547,0.347927,0.495800,0.337866,0.286975,0.369559,0.300939,0.330373,1,1,1,1,1,1,1,1,1,1
39.116312,21.590620,5,2,0,2,2,2,2,2,2,2,2,2,2,0.599125,0.565557,0.565654,0.403704,0.449999,0.582321,0.536144,0.552342,0.456850,0.505234,2,2,2,2,2,2,2,2,2,2
39.116312,21.589807,9,2,0,2,2,2,2,2,2,2,2,2,2,0.625292,0.583713,0.610372,0.464982,0.500719,0.632130,0.563740,0.616768,0.537989,0.576690,2,2,2,2,2,2,2,2,2,2
39.112833,21.588997,1,1,0,1,1,1,1,1,1,1,1,1,1,0.428419,0.418966,0.422982,0.462151,0.516881,0.421696,0.466161,0.426194,0.310185,0.424574,1,1,1,1,1,1,1,1,1,1
39.117180,21.588994,3,4,0,4,0,4,4,4,4,4,4,4,4,0.453344,0.247959,0.445290,0.434000,0.436342,0.512461,0.452138,0.515073,0.427762,0.494605,4,4,4,4,4,4,4,4,4,4
39.148477,21.585716,0,1,0,1,1,1,1,1,1,1,1,0,1,0.348832,0.309016,0.321936,0.320700,0.382634,0.369164,0.349005,0.361590,0.257232,0.331695,1,1,1,1,1,1,1,1,1,1
39.157170,21.584895,1,1,0,1,0,0,0,1,1,1,1,0,1,0.353515,0.289149,0.278234,0.281327,0.396838,0.359285,0.326607,0.352151,0.253515,0.332199,1,1,1,1,1,1,1,1,1,1
39.144963,21.549940,2,2,0,2,2,2,2,2,2,2,2,2,2,0.422430,0.362834,0.413627,0.381871,0.397828,0.432044,0.389456,0.465164,0.369604,0.448189,2,2,2,2,2,2,2,2,2,2
39.145833,21.549940,2,2,0,2,2,2,2,2,2,2,2,2,2,0.431201,0.384827,0.407308,0.396060,0.405117,0.409122,0.380472,0.419197,0.365548,0.450807,2,2,2,2,2,2,2,2,2,2
39.129316,21.547514,1,1,0,0,1,1,0,1,1,1,1,1,1,0.289649,0.313331,0.399132,0.208648,0.334280,0.398629,0.316126,0.393291,0.368603,0.387941,1,1,1,1,1,1,1,1,1,1
39.158856,21.536917,8,4,0,4,3,3,2,4,4,4,4,4,4,0.363614,0.327770,0.325996,0.330457,0.369764,0.505093,0.454505,0.433645,0.371986,0.419960,4,4,4,4,4,4,4,4,4,4
39.184180,21.631216,0,2,0,2,1,2,1,2,2,2,2,1,2,0.338185,0.298389,0.326051,0.295169,0.314100,0.360054,0.344399,0.374396,0.297337,0.329793,2,2,2,2,2,2,2,2,2,2
39.164175,21.628798,0,1,0,1,1,1,1,1,1,1,1,0,1,0.389564,0.302555,0.310316,0.354921,0.383232,0.421725,0.402250,0.431477,0.274542,0.368800,1,1,1,1,1,1,1,1,1,1
39.190242,21.611694,0,1,0,1,0,1,1,1,1,1,1,0,0,0.364367,0.271055,0.314870,0.351880,0.338278,0.365526,0.329461,0.310504,0.244700,0.289886,1,1,1,1,1,1,1,1,1,1
39.101608,21.699591,0,1,0,1,1,1,1,1,0,1,0,0,1,0.385881,0.304136,0.309891,0.384004,0.401213,0.268668,0.330422,0.289911,0.245146,0.368403,1,1,1,1,1,1,1,1,1,1
39.106824,21.693083,0,1,0,1,1,1,0,1,1,1,1,1,1,0.319384,0.321228,0.416702,0.274222,0.437353,0.391483,0.375848,0.397793,0.313592,0.325178,1,1,1,1,1,1,1,1,1,1
39.100730,21.689021,0,1,0,1,1,1,1,1,1,1,1,0,1,0.355170,0.364458,0.401379,0.369722,0.464686,0.390456,0.378997,0.351455,0.298531,0.359354,1,1,1,1,1,1,1,1,1,1
39.121608,21.685755,1,2,0,2,2,2,0,2,2,2,2,1,2,0.381338,0.314394,0.385069,0.262903,0.386375,0.334441,0.377598,0.394406,0.283324,0.348675,2,2,2,2,2,2,2,2,2,2
39.124218,21.684940,1,2,0,2,0,1,1,2,2,2,2,0,2,0.340563,0.296467,0.291595,0.319140,0.353417,0.419589,0.382154,0.382674,0.294181,0.355321,2,2,2,2,2,2,2,2,2,2
39.118126,21.682505,0,2,0,2,2,1,1,1,2,1,2,0,0,0.359095,0.342862,0.345186,0.324454,0.286070,0.410939,0.296097,0.379501,0.272922,0.279372,2,2,2,2,2,2,2,2,2,2
39.101586,21.668692,1,1,0,1,0,0,0,1,1,1,1,0,1,0.326316,0.284286,0.289869,0.298311,0.304211,0.349079,0.309423,0.318436,0.265915,0.404225,1,1,1,1,1,1,1,1,1,1
39.125939,21.662983,0,1,0,1,1,1,1,1,1,1,1,0,1,0.396659,0.320018,0.440749,0.308197,0.345483,0.393294,0.354073,0.360761,0.289250,0.358945,1,1,1,1,1,1,1,1,1,1
39.106798,21.658118,0,1,0,1,1,1,1,0,1,1,1,1,1,0.336364,0.335565,0.331985,0.302530,0.271902,0.359041,0.369499,0.380127,0.356735,0.418831,1,1,1,1,1,1,1,1,1,1
39.151142,21.641008,2,1,0,1,0,1,1,1,1,1,1,0,0,0.326894,0.266289,0.318493,0.311576,0.357446,0.341422,0.319757,0.322035,0.220447,0.296764,1,1,1,1,1,1,1,1,1,1
39.152012,21.641007,1,2,0,2,0,2,0,2,2,2,2,0,1,0.318177,0.283515,0.329385,0.297978,0.362601,0.397954,0.320390,0.345221,0.240746,0.306440,2,2,2,2,2,2,2,2,2,2
39.138093,21.637766,2,1,0,1,0,1,1,1,1,1,1,0,1,0.316577,0.289476,0.344498,0.337313,0.422859,0.348135,0.302892,0.312857,0.270302,0.327402,1,1,1,1,1,1,1,1,1,1
39.134613,21.636956,0,1,0,1,1,0,0,1,1,1,1,0,0,0.352340,0.316372,0.272729,0.265349,0.388749,0.395622,0.328436,0.328596,0.246320,0.288708,1,1,1,1,1,1,1,1,1,1
39.128524,21.635335,0,2,0,2,1,2,2,2,2,2,1,0,1,0.316943,0.323517,0.384533,0.347220,0.391987,0.355911,0.322841,0.318016,0.277634,0.298311,2,2,2,2,2,2,2,2,2,2
39.154614,21.634499,0,1,0,0,0,1,1,1,1,1,1,0,1,0.235969,0.226717,0.362029,0.357047,0.420450,0.373980,0.324946,0.326968,0.268728,0.350393,1,1,1,1,1,1,1,1,1,1
39.125913,21.632897,0,1,0,1,1,1,0,1,1,1,1,1,1,0.378514,0.306090,0.389454,0.261569,0.336512,0.419735,0.345005,0.428550,0.337457,0.348186,1,1,1,1,1,1,1,1,1,1
39.125909,21.628831,0,1,0,1,0,0,0,1,1,1,1,0,1,0.382416,0.261500,0.259886,0.294114,0.355242,0.351713,0.332602,0.376324,0.213955,0.302244,1,1,1,1,1,1,1,1,1,1
39.156390,21.667836,3,1,0,1,1,1,1,1,1,1,1,0,0,0.537370,0.456137,0.479846,0.503350,0.480320,0.496238,0.416081,0.346487,0.239295,0.296022,1,1,1,1,1,1,1,1,1,1
39.157259,21.667836,1,3,0,3,3,3,3,3,3,3,2,0,0,0.464725,0.383308,0.404494,0.398412,0.372062,0.471523,0.350639,0.313098,0.219454,0.214004,3,3,3,3,3,3,3,3,3,3
39.172043,21.663755,5,1,0,1,1,1,1,1,1,1,1,0,1,0.417604,0.380476,0.381224,0.375841,0.439224,0.427951,0.426882,0.422971,0.298318,0.410194,1,1,1,1,1,1,1,1,1,1
39.172913,21.663754,3,3,0,3,3,3,3,3,3,3,3,3,3,0.392604,0.350462,0.397590,0.388821,0.433649,0.398283,0.410328,0.428497,0.334967,0.410309,3,3,3,3,3,3,3,3,3,3
39.172042,21.662942,5,1,0,1,1,1,1,1,1,1,1,1,1,0.425877,0.393987,0.479502,0.431590,0.497193,0.453669,0.464740,0.474613,0.365546,0.437946,1,1,1,1,1,1,1,1,1,1
39.172912,21.662941,5,1,1,1,0,0,1,1,1,1,1,0,1,0.329916,0.287979,0.267427,0.362401,0.391085,0.324621,0.316147,0.312414,0.258586,0.357921,1,1,1,1,1,1,1,1,1,1
39.175521,21.662125,2,2,0,2,0,2,1,2,2,2,2,0,2,0.373334,0.274970,0.340882,0.322957,0.338164,0.393763,0.360679,0.372883,0.237192,0.346388,2,2,2,2,2,2,2,2,2,2
39.176390,21.662124,2,2,0,2,2,2,2,2,2,2,2,1,2,0.447633,0.360236,0.400672,0.410953,0.420984,0.503552,0.424057,0.466368,0.332439,0.440346,2,2,2,2,2,2,2,2,2,2
39.170297,21.658065,0,2,0,1,1,1,2,2,2,2,2,0,2,0.318948,0.316456,0.298636,0.427523,0.426604,0.481258,0.408277,0.420417,0.273255,0.366440,2,2,2,2,2,2,2,2,2,2
39.102487,21.712601,0,2,0,2,1,2,1,2,2,1,2,1,2,0.364213,0.285443,0.336945,0.353350,0.382627,0.382889,0.356797,0.355115,0.314625,0.325037,2,2,2,2,2,2,2,2,2,2
39.139901,21.709321,0,1,0,1,1,1,1,1,1,1,1,1,1,0.394445,0.388337,0.386347,0.400293,0.461735,0.525813,0.442154,0.473416,0.364667,0.390727,1,1,1,1,1,1,1,1,1,1
39.168710,21.789795,0,5,0,5,4,4,5,5,5,5,5,1,5,0.425482,0.327725,0.316925,0.326262,0.378695,0.470665,0.368793,0.372717,0.273326,0.338584,5,5,5,5,5,5,5,5,5,5
39.163464,21.769472,5,3,0,3,3,3,3,3,3,3,3,3,0,0.413484,0.396014,0.444876,0.546211,0.554420,0.675022,0.590473,0.533858,0.448392,0.083410,3,3,3,3,3,3,3,3,3,3
39.164334,21.769471,7,1,0,1,1,1,1,1,1,1,1,1,0,0.404042,0.349786,0.397609,0.566292,0.556511,0.691279,0.618351,0.584149,0.481071,0.083890,1,1,1,1,1,1,1,1,1,1
39.160851,21.768661,8,5,0,5,5,5,5,5,5,2,5,5,5,0.610010,0.488706,0.442317,0.562905,0.649213,0.657452,0.287740,0.684667,0.553653,0.596905,5,5,5,5,5,5,5,5,5,5
39.161722,21.768660,8,5,0,5,4,4,5,5,5,1,5,5,5,0.538363,0.423294,0.402491,0.472545,0.551924,0.547849,0.233761,0.572804,0.478662,0.510770,5,5,5,5,5,5,5,5,5,5
39.163463,21.768659,5,3,0,3,3,3,3,3,3,3,3,3,0,0.400138,0.380881,0.414999,0.537953,0.567614,0.652615,0.561012,0.516548,0.441212,0.084403,3,3,3,3,3,3,3,3,3,3
39.164333,21.768658,7,1,0,1,1,1,1,1,1,1,1,1,0,0.323703,0.324095,0.388362,0.509798,0.502656,0.567961,0.501203,0.421903,0.427354,0.072030,1,1,1,1,1,1,1,1,1,1
39.160850,21.767848,10,3,0,3,3,3,3,3,3,0,3,3,3,0.481102,0.395592,0.339746,0.474536,0.559690,0.554103,0.226951,0.557242,0.471606,0.507121,3,3,3,3,3,3,3,3,3,3
39.164320,21.757274,19,3,0,3,1,2,3,3,3,1,3,3,3,0.413820,0.296491,0.322240,0.414564,0.385975,0.442099,0.257786,0.375808,0.341876,0.380574,3,3,3,3,3,3,3,3,3,3
39.165191,21.757273,22,2,0,2,2,2,2,2,2,2,2,2,2,0.565082,0.388204,0.439295,0.590353,0.633814,0.674229,0.390218,0.651940,0.547478,0.601929,2,2,2,2,2,2,2,2,2,2
39.166061,21.757272,11,1,1,1,0,1,0,1,1,1,1,0,0,0.366997,0.252383,0.331242,0.289529,0.348620,0.325869,0.309003,0.337857,0.245333,0.295875,1,1,1,1,1,1,1,1,1,1
39.164319,21.756461,13,9,0,9,9,9,9,9,9,9,9,9,9,0.615397,0.443599,0.488479,0.618186,0.655816,0.721979,0.388718,0.661731,0.525241,0.616585,9,9,9,9,9,9,9,9,9,9
39.165190,21.756460,16,8,0,8,6,8,7,8,8,7,8,8,8,0.519952,0.360789,0.431816,0.545810,0.598070,0.628052,0.372702,0.619881,0.499876,0.565945,8,8,8,8,8,8,8,8,8,8
39.166060,21.756459,11,1,1,1,0,1,0,1,1,1,1,0,0,0.344362,0.263777,0.333981,0.290222,0.362096,0.330328,0.312786,0.341139,0.231123,0.294784,1,1,1,1,1,1,1,1,1,1
39.185204,21.752373,0,1,0,1,1,1,0,0,1,1,1,1,0,0.355917,0.328876,0.374652,0.235887,0.290595,0.413053,0.316203,0.343055,0.300722,0.265676,1,1,1,1,1,1,1,1,1,1
39.110383,21.797162,0,1,0,1,1,1,1,1,1,1,1,1,1,0.349651,0.351456,0.327362,0.361886,0.365821,0.480956,0.419072,0.387048,0.332296,0.372985,1,1,1,1,1,1,1,1,1,1
39.105156,21.793100,0,1,0,1,1,0,1,1,1,1,1,0,1,0.431548,0.371990,0.288343,0.370660,0.426159,0.383033,0.349735,0.344922,0.278245,0.392279,1,1,1,1,1,1,1,1,1,1
39.146040,21.756478,1,1,0,1,0,1,1,1,1,1,1,1,1,0.385401,0.299764,0.370312,0.315985,0.467617,0.411344,0.359760,0.409761,0.316534,0.416127,1,1,1,1,1,1,1,1,1,1
39.258562,21.399369,2,1,0,1,1,1,1,1,1,1,1,0,1,0.426336,0.352101,0.346184,0.368393,0.419299,0.392295,0.350476,0.328190,0.251422,0.326597,1,1,1,1,1,1,1,1,1,1
39.258561,21.398556,1,2,0,2,2,2,2,2,2,1,2,0,2,0.402131,0.336338,0.361186,0.366938,0.413726,0.351433,0.307283,0.321492,0.256690,0.315216,2,2,2,2,2,2,2,2,2,2
39.299369,21.397675,0,2,0,1,0,2,2,2,2,1,2,1,2,0.306299,0.265449,0.371537,0.341018,0.360573,0.379176,0.306987,0.351078,0.284178,0.346214,2,2,2,2,2,2,2,2,2,2
39.268106,21.395288,2,1,0,1,1,1,1,1,1,1,1,1,1,0.407332,0.337257,0.369072,0.369247,0.370621,0.410401,0.404169,0.424926,0.311193,0.356053,1,1,1,1,1,1,1,1,1,1
39.269837,21.392033,9,2,0,1,0,1,2,2,2,2,2,0,2,0.308727,0.263160,0.301472,0.359225,0.364642,0.335830,0.318354,0.349313,0.278631,0.312958,2,2,2,2,2,2,2,2,2,2
39.270705,21.392031,10,2,0,2,1,2,2,2,2,2,2,1,2,0.358171,0.320597,0.347942,0.384321,0.381570,0.381267,0.360449,0.376974,0.290665,0.321643,2,2,2,2,2,2,2,2,2,2
39.271573,21.392030,8,1,0,1,1,1,1,1,1,1,1,1,1,0.398969,0.323281,0.416367,0.414912,0.369299,0.399074,0.392674,0.396270,0.329601,0.352015,1,1,1,1,1,1,1,1,1,1
39.269835,21.391220,10,1,0,1,0,1,1,1,1,1,1,0,1,0.342490,0.293029,0.308474,0.342045,0.394349,0.389377,0.351912,0.394029,0.288884,0.348251,1,1,1,1,1,1,1,1,1,1
39.270703,21.391218,6,6,0,6,5,6,6,6,6,6,6,5,6,0.365353,0.323066,0.360369,0.380980,0.396205,0.393305,0.369359,0.410989,0.322911,0.366153,6,6,6,6,6,6,6,6,6,6
39.277640,21.386328,1,2,0,2,1,2,2,2,2,2,2,1,2,0.358106,0.295538,0.334169,0.370841,0.353508,0.357306,0.327713,0.351015,0.295942,0.328452,2,2,2,2,2,2,2,2,2,2
39.277637,21.384702,2,1,0,1,0,1,1,1,1,1,1,0,1,0.327670,0.269137,0.319486,0.351081,0.310709,0.336655,0.320686,0.319837,0.299974,0.310380,1,1,1,1,1,1,1,1,1,1
39.277636,21.383888,1,2,0,1,0,2,2,2,2,2,2,1,2,0.304236,0.291440,0.330250,0.344575,0.333709,0.316406,0.325081,0.375967,0.292684,0.350563,2,2,2,2,2,2,2,2,2,2
39.299326,21.376533,12,2,0,2,2,2,2,2,2,2,2,0,1,0.411797,0.368547,0.409551,0.429588,0.422955,0.386763,0.359979,0.356046,0.262498,0.304543,2,2,2,2,2,2,2,2,2,2
39.298456,21.375721,5,3,0,3,3,3,3,3,3,3,3,1,2,0.393771,0.384950,0.412390,0.440839,0.452441,0.430472,0.365213,0.370410,0.279116,0.315997,3,3,3,3,3,3,3,3,3,3
39.299324,21.375719,11,3,0,3,2,3,3,3,3,3,3,3,3,0.405901,0.366975,0.390796,0.436687,0.460241,0.447232,0.392957,0.392724,0.329755,0.389128,3,3,3,3,3,3,3,3,3,3
39.255873,21.350583,2,4,0,4,4,4,4,4,4,4,4,2,3,0.489062,0.409485,0.453054,0.424695,0.442751,0.437499,0.403386,0.390959,0.298498,0.338062,4,4,4,4,4,4,4,4,4,4
39.259345,21.350578,0,1,0,1,1,0,0,1,1,1,1,0,1,0.329328,0.304617,0.285335,0.283853,0.345307,0.357081,0.309462,0.334324,0.251564,0.310223,1,1,1,1,1,1,1,1,1,1
39.256739,21.349769,4,1,0,1,0,1,1,0,1,1,1,1,1,0.365811,0.297167,0.375879,0.384099,0.298439,0.328386,0.388840,0.395998,0.334837,0.356838,1,1,1,1,1,1,1,1,1,1
39.259339,21.347325,0,4,0,4,2,4,4,4,4,4,4,3,4,0.339301,0.292839,0.333034,0.335028,0.347075,0.376274,0.365966,0.361952,0.319944,0.380828,4,4,4,4,4,4,4,4,4,4
39.261075,21.347322,0,1,0,1,0,1,1,0,0,1,1,0,0,0.326212,0.274683,0.373505,0.310802,0.241200,0.269694,0.334293,0.361778,0.258551,0.294217,1,1,1,1,1,1,1,1,1,1
39.262809,21.346507,10,1,1,1,1,1,0,0,1,1,1,0,1,0.398551,0.307093,0.308518,0.295431,0.296588,0.427067,0.398507,0.353252,0.284771,0.345403,1,1,1,1,1,1,1,1,1,1
39.259336,21.345699,0,1,0,1,1,1,1,1,1,1,1,1,1,0.354134,0.343253,0.326954,0.335049,0.368638,0.431352,0.384878,0.414190,0.356208,0.389930,1,1,1,1,1,1,1,1,1,1
39.262808,21.345693,10,2,0,2,2,2,2,2,2,2,2,2,2,0.477001,0.444356,0.475800,0.407215,0.420051,0.506260,0.501748,0.547346,0.427699,0.463159,2,2,2,2,2,2,2,2,2,2
39.263676,21.345692,13,8,0,8,8,8,8,8,8,8,8,8,8,0.550075,0.499687,0.557524,0.471483,0.497566,0.550332,0.531855,0.579726,0.427773,0.486900,8,8,8,8,8,8,8,8,8,8
39.264544,21.345691,18,1,2,1,1,1,1,1,1,1,1,0,0,0.458629,0.389981,0.449450,0.422316,0.410773,0.315525,0.324296,0.338007,0.270037,0.291756,1,1,1,1,1,1,1,1,1,1
39.264542,21.344877,23,8,0,8,8,8,8,8,8,8,8,6,7,0.654711,0.569212,0.664765,0.573874,0.619276,0.553875,0.544985,0.603003,0.446083,0.516783,8,8,8,8,8,8,8,8,8,8
39.265410,21.344876,25,1,4,1,1,1,1,1,1,1,1,1,1,0.686195,0.590029,0.682099,0.594986,0.628808,0.436280,0.464224,0.530910,0.360106,0.416720,1,1,1,1,1,1,1,1,1,1
39.266278,21.344875,19,1,5,1,1,1,1,1,1,1,1,0,1,0.372254,0.329098,0.356815,0.333480,0.321727,0.306463,0.329464,0.338374,0.271947,0.309739,1,1,1,1,1,1,1,1,1,1
39.264541,21.344064,19,4,1,3,4,4,3,4,4,4,4,4,4,0.467122,0.433713,0.478889,0.424714,0.451379,0.482950,0.489232,0.534626,0.414223,0.487726,4,4,4,4,4,4,4,4,4,4
39.265409,21.344063,25,8,0,8,8,8,8,8,8,8,8,8,8,0.614676,0.539620,0.622113,0.536885,0.576687,0.555245,0.547070,0.601712,0.452185,0.522299,8,8,8,8,8,8,8,8,8,8
39.267145,21.344060,15,7,0,7,7,7,7,7,7,7,7,3,7,0.533148,0.463761,0.518070,0.458038,0.475390,0.382264,0.378768,0.395525,0.312785,0.355679,7,7,7,7,7,7,7,7,7,7
39.261068,21.343257,0,1,0,1,1,0,0,1,1,1,1,0,1,0.332098,0.302111,0.286367,0.278575,0.322094,0.368938,0.356662,0.348801,0.209567,0.321062,1,1,1,1,1,1,1,1,1,1
39.265407,21.343250,22,1,5,1,1,1,1,1,1,1,1,1,1,0.491126,0.458967,0.489676,0.447092,0.502859,0.567867,0.548922,0.551366,0.454958,0.505800,1,1,1,1,1,1,1,1,1,1
39.266275,21.343248,28,7,0,7,7,7,7,7,7,7,7,7,7,0.606787,0.549815,0.624709,0.539255,0.584672,0.569153,0.550554,0.611848,0.459134,0.557964,7,7,7,7,7,7,7,7,7,7
39.267143,21.343247,29,4,3,4,4,4,4,4,4,4,4,3,4,0.657752,0.588539,0.683315,0.580625,0.635297,0.437134,0.443311,0.488398,0.387945,0.455245,4,4,4,4,4,4,4,4,4,4
39.267142,21.342434,20,5,2,5,5,5,5,5,5,5,5,4,5,0.511962,0.482020,0.541447,0.475212,0.512286,0.509993,0.505864,0.547368,0.429396,0.524673,5,5,5,5,5,5,5,5,5,5
39.268010,21.342432,22,7,1,7,7,7,7,7,7,7,7,6,7,0.641180,0.565609,0.665795,0.562178,0.612469,0.525321,0.519515,0.575949,0.430123,0.519042,7,7,7,7,7,7,7,7,7,7
39.268878,21.342431,23,4,4,4,4,4,4,4,4,4,4,2,4,0.573892,0.489023,0.531511,0.463215,0.484733,0.358865,0.352246,0.384015,0.290962,0.336478,4,4,4,4,4,4,4,4,4,4
39.269746,21.342430,18,4,2,4,3,4,3,2,4,4,4,3,4,0.448874,0.359956,0.387219,0.360137,0.354711,0.383534,0.371064,0.399309,0.325457,0.384402,4,4,4,4,4,4,4,4,4,4
39.261065,21.341630,2,1,0,1,1,1,1,1,1,1,1,0,1,0.363684,0.311621,0.339102,0.312867,0.313995,0.409212,0.404800,0.352170,0.231588,0.310236,1,1,1,1,1,1,1,1,1,1
39.268008,21.341619,23,2,6,2,2,2,2,2,2,2,2,2,2,0.439060,0.398031,0.428819,0.391025,0.433362,0.481671,0.458397,0.474262,0.407117,0.487888,2,2,2,2,2,2,2,2,2,2
39.268876,21.341618,23,7,0,7,7,7,7,7,7,7,7,7,7,0.594685,0.523602,0.604605,0.515511,0.545762,0.521159,0.518941,0.578018,0.430989,0.523695,7,7,7,7,7,7,7,7,7,7
39.269744,21.341617,22,3,4,3,3,3,3,3,3,3,3,1,2,0.584012,0.502229,0.552259,0.493801,0.520631,0.380599,0.379611,0.413753,0.319538,0.376249,3,3,3,3,3,3,3,3,3,3
39.270612,21.341615,13,4,2,4,4,4,4,4,4,3,4,3,4,0.496336,0.408390,0.439000,0.415027,0.424011,0.413781,0.401538,0.433696,0.346265,0.434431,4,4,4,4,4,4,4,4,4,4
39.271480,21.341614,6,1,3,1,1,1,1,1,1,1,1,1,1,0.423096,0.366668,0.340297,0.335115,0.345783,0.362484,0.340336,0.362252,0.322545,0.388444,1,1,1,1,1,1,1,1,1,1
39.261063,21.340817,1,2,0,2,2,2,2,2,2,2,2,2,2,0.391184,0.401587,0.329774,0.307448,0.402513,0.426021,0.349343,0.457385,0.325351,0.363248,2,2,2,2,2,2,2,2,2,2
39.269743,21.340803,14,3,5,3,3,3,3,3,3,3,3,2,3,0.513732,0.459491,0.515954,0.462900,0.489010,0.445307,0.436079,0.448180,0.367825,0.438752,3,3,3,3,3,3,3,3,3,3
39.271479,21.340801,5,2,5,2,2,2,2,2,1,2,2,0,1,0.560568,0.483971,0.540266,0.475282,0.476959,0.334693,0.348922,0.396171,0.274834,0.341412,2,2,2,2,2,2,2,2,2,2
39.269740,21.339177,15,4,5,4,4,4,4,4,4,4,4,4,4,0.454749,0.416913,0.457725,0.449394,0.477552,0.522095,0.518143,0.575391,0.455731,0.535147,4,4,4,4,4,4,4,4,4,4
39.269738,21.338364,27,5,4,5,5,5,5,5,5,5,5,5,5,0.486917,0.432216,0.476406,0.437160,0.461083,0.487163,0.463958,0.490758,0.381266,0.450834,5,5,5,5,5,5,5,5,5,5
39.270606,21.338362,37,9,1,9,9,9,9,9,9,9,9,9,9,0.646177,0.576574,0.639525,0.580143,0.632551,0.668455,0.632393,0.683618,0.507360,0.616368,9,9,9,9,9,9,9,9,9,9
39.271474,21.338361,33,6,4,6,6,6,6,5,6,6,6,6,6,0.556643,0.499412,0.552073,0.500626,0.521014,0.568121,0.559051,0.592922,0.448590,0.553732,6,6,6,6,6,6,6,6,6,6
39.268869,21.337552,9,1,6,1,1,1,1,1,0,1,1,0,1,0.334672,0.301385,0.366731,0.324514,0.313362,0.296286,0.303479,0.341201,0.284506,0.308260,1,1,1,1,1,1,1,1,1,1
39.269737,21.337551,25,4,5,4,4,4,4,4,4,3,4,3,4,0.523489,0.449281,0.462716,0.448028,0.495615,0.454933,0.391827,0.398178,0.323448,0.397688,4,4,4,4,4,4,4,4,4,4
39.270605,21.337549,43,8,2,8,8,8,8,8,8,8,8,8,8,0.625834,0.550142,0.602423,0.559258,0.604812,0.606916,0.569588,0.615711,0.471495,0.572997,8,8,8,8,8,8,8,8,8,8
39.271473,21.337548,48,9,3,9,9,9,9,9,9,9,9,9,9,0.528567,0.475651,0.519592,0.502606,0.540054,0.553178,0.527599,0.560312,0.436970,0.550222,9,9,9,9,9,9,9,9,9,9
39.272341,21.337547,43,6,6,6,6,6,6,6,6,6,6,6,6,0.475110,0.427219,0.483413,0.465682,0.462625,0.519722,0.518552,0.565980,0.443153,0.546090,6,6,6,6,6,6,6,6,6,6
39.270603,21.336736,31,2,9,2,2,2,2,2,2,2,1,1,2,0.454798,0.417216,0.424914,0.429492,0.435258,0.364253,0.338412,0.351069,0.300977,0.345177,2,2,2,2,2,2,2,2,2,2
39.271471,21.336735,38,8,4,8,8,8,8,8,8,8,8,7,8,0.488504,0.430815,0.459558,0.455139,0.463712,0.447241,0.421579,0.433674,0.351178,0.429688,8,8,8,8,8,8,8,8,8,8
39.272339,21.336733,44,9,4,9,9,9,9,9,9,9,9,9,9,0.455699,0.417283,0.448010,0.431318,0.447245,0.460794,0.444123,0.472539,0.375436,0.461825,9,9,9,9,9,9,9,9,9,9
39.273207,21.336732,37,9,4,9,9,9,9,9,9,9,9,9,9,0.596791,0.532090,0.580886,0.569963,0.585174,0.623746,0.593106,0.638672,0.482278,0.592559,9,9,9,9,9,9,9,9,9,9
39.273206,21.335919,33,6,6,6,6,6,6,6,6,6,6,4,6,0.474719,0.415591,0.451213,0.445856,0.469072,0.456194,0.420946,0.430636,0.354966,0.429419,6,6,6,6,6,6,6,6,6,6
39.274074,21.335917,34,7,4,7,7,7,7,7,7,7,7,7,7,0.554609,0.507377,0.518837,0.500901,0.540334,0.543999,0.523314,0.564732,0.435514,0.545702,7,7,7,7,7,7,7,7,7,7
39.274072,21.335104,30,1,9,1,1,1,1,1,1,1,1,0,1,0.351333,0.343525,0.306054,0.311951,0.358928,0.355124,0.323245,0.317444,0.273432,0.344522,1,1,1,1,1,1,1,1,1,1
39.274940,21.335103,29,6,3,6,6,6,6,6,6,6,6,6,6,0.491436,0.462214,0.466489,0.456003,0.502329,0.512637,0.495061,0.540444,0.429142,0.532683,6,6,6,6,6,6,6,6,6,6
39.275808,21.335101,27,7,2,7,6,7,7,7,7,7,7,7,7,0.524811,0.459709,0.512209,0.504092,0.513435,0.555309,0.550435,0.589950,0.456434,0.565379,7,7,7,7,7,7,7,7,7,7
39.274071,21.334291,10,1,8,1,0,1,1,0,1,1,1,1,1,0.336441,0.283724,0.345062,0.346933,0.286190,0.313195,0.320256,0.353133,0.307700,0.315164,1,1,1,1,1,1,1,1,1,1
39.274938,21.334290,18,3,6,3,3,2,2,3,3,3,3,1,3,0.391254,0.360904,0.332641,0.350805,0.379081,0.378417,0.358124,0.341099,0.274145,0.350780,3,3,3,3,3,3,3,3,3,3
39.275806,21.334288,25,3,4,3,3,2,3,3,3,3,3,3,3,0.365499,0.347767,0.325793,0.339081,0.381899,0.397257,0.367030,0.386181,0.334007,0.414625,3,3,3,3,3,3,3,3,3,3
39.277541,21.333472,20,8,0,8,8,8,8,8,8,8,8,8,8,0.536384,0.476506,0.508177,0.495656,0.528217,0.516200,0.505069,0.545434,0.422730,0.518781,8,8,8,8,8,8,8,8,8,8
39.281012,21.333466,1,2,4,2,2,2,2,2,2,2,2,1,2,0.500993,0.426686,0.474073,0.399668,0.421687,0.385026,0.357856,0.387522,0.297573,0.396715,2,2,2,2,2,2,2,2,2,2
39.277539,21.332659,17,1,5,1,1,1,1,1,1,1,1,1,1,0.369217,0.329463,0.368882,0.382340,0.388367,0.326416,0.337716,0.369609,0.300094,0.351616,1,1,1,1,1,1,1,1,1,1
39.278407,21.332658,23,5,2,5,5,4,4,5,5,5,5,4,5,0.467623,0.420267,0.431759,0.432253,0.458356,0.462247,0.438528,0.456712,0.369550,0.440401,5,5,5,5,5,5,5,5,5,5
39.279275,21.332656,20,5,2,4,3,5,5,3,5,5,5,5,5,0.389442,0.348274,0.391366,0.396728,0.375629,0.436543,0.445147,0.488889,0.388325,0.479495,5,5,5,5,5,5,5,5,5,5
39.281011,21.332653,8,1,6,1,1,1,1,1,1,0,0,0,1,0.473267,0.412801,0.405423,0.431273,0.452716,0.335719,0.281723,0.282194,0.290652,0.333440,1,1,1,1,1,1,1,1,1,1
39.278405,21.331844,18,1,6,1,1,0,1,1,1,1,1,0,1,0.342972,0.338266,0.292542,0.305091,0.359693,0.331150,0.300397,0.313442,0.245393,0.317954,1,1,1,1,1,1,1,1,1,1
39.279273,21.331843,26,6,2,6,6,6,6,6,6,6,6,5,6,0.427899,0.395909,0.406328,0.405249,0.444287,0.455831,0.440454,0.459607,0.381194,0.459490,6,6,6,6,6,6,6,6,6,6
39.280141,21.331842,26,6,2,6,6,6,6,6,6,6,6,6,6,0.502769,0.445181,0.500483,0.486991,0.494303,0.528784,0.528019,0.572105,0.444362,0.553171,6,6,6,6,6,6,6,6,6,6
39.279272,21.331030,25,1,7,1,1,1,1,1,1,1,1,1,1,0.508147,0.380131,0.449215,0.425929,0.395849,0.406919,0.376730,0.377131,0.319164,0.342157,1,1,1,1,1,1,1,1,1,1
39.280140,21.331028,28,8,2,7,7,7,7,7,7,8,8,6,8,0.384396,0.360120,0.351147,0.356766,0.381158,0.399733,0.378113,0.391302,0.331911,0.407230,8,8,8,8,8,8,8,8,8,8
39.281008,21.331027,25,5,5,5,5,5,5,5,5,5,5,5,5,0.453688,0.406741,0.441741,0.451461,0.436389,0.482893,0.474328,0.499871,0.392620,0.496059,5,5,5,5,5,5,5,5,5,5
39.280138,21.330215,26,4,7,4,4,4,4,4,4,4,4,3,4,0.510254,0.429644,0.461337,0.436115,0.472012,0.460848,0.423669,0.425851,0.348174,0.411996,4,4,4,4,4,4,4,4,4,4
39.281006,21.330214,29,6,5,6,6,5,5,6,6,6,6,5,6,0.431117,0.405649,0.431929,0.417921,0.427314,0.473669,0.459287,0.481370,0.383091,0.467827,6,6,6,6,6,6,6,6,6,6
39.280137,21.329402,21,1,11,1,1,0,0,1,1,1,1,0,1,0.381391,0.370269,0.295243,0.280663,0.375581,0.398235,0.347316,0.328346,0.277444,0.327805,1,1,1,1,1,1,1,1,1,1
39.281005,21.329401,30,5,6,5,5,5,5,5,5,5,5,5,5,0.518126,0.480661,0.498917,0.456940,0.512626,0.502472,0.472964,0.503698,0.401093,0.507237,5,5,5,5,5,5,5,5,5,5
39.281872,21.329399,25,5,5,5,5,5,5,5,5,5,5,5,5,0.536479,0.491895,0.532136,0.477614,0.492876,0.493245,0.501965,0.558704,0.431102,0.535743,5,5,5,5,5,5,5,5,5,5
39.278399,21.328592,12,1,3,1,1,1,1,1,1,1,1,0,1,0.398686,0.333355,0.345603,0.342505,0.356069,0.369187,0.321401,0.343487,0.282895,0.319635,1,1,1,1,1,1,1,1,1,1
39.281003,21.328587,33,6,5,6,6,6,6,6,6,6,6,6,6,0.614463,0.542274,0.599660,0.532259,0.571801,0.551645,0.526845,0.546189,0.402142,0.504556,6,6,6,6,6,6,6,6,6,6
39.281871,21.328586,31,7,2,7,7,7,7,7,7,7,7,7,7,0.500614,0.472280,0.498788,0.465798,0.502151,0.509453,0.507302,0.556032,0.428956,0.530090,7,7,7,7,7,7,7,7,7,7
39.277530,21.327780,9,2,0,2,2,2,2,2,2,2,2,2,2,0.354410,0.317437,0.334730,0.333938,0.362232,0.338430,0.332217,0.378528,0.327630,0.375805,2,2,2,2,2,2,2,2,2,2
39.278398,21.327779,7,7,0,7,7,7,7,7,7,7,7,7,7,0.400432,0.357291,0.374296,0.361107,0.397806,0.431013,0.416175,0.423015,0.353752,0.438062,7,7,7,7,7,7,7,7,7,7
39.279266,21.327777,9,3,4,3,2,3,3,3,3,2,3,2,3,0.412115,0.375959,0.389130,0.359130,0.395141,0.439567,0.334194,0.363576,0.325941,0.381996,3,3,3,3,3,3,3,3,3,3
39.281001,21.327774,28,6,3,6,6,6,6,6,6,6,6,4,6,0.535709,0.479674,0.507351,0.478044,0.513157,0.505118,0.468114,0.470926,0.383012,0.461762,6,6,6,6,6,6,6,6,6,6
39.281869,21.327773,27,9,0,9,9,9,9,9,9,9,9,9,9,0.551948,0.497108,0.542163,0.511664,0.544406,0.562485,0.552267,0.579690,0.476696,0.568700,9,9,9,9,9,9,9,9,9,9
39.289680,21.327759,22,5,3,5,5,5,5,5,5,5,5,3,3,0.565196,0.479099,0.508453,0.514753,0.492632,0.530579,0.515777,0.422626,0.308696,0.297220,5,5,5,5,5,5,5,5,5,5
39.278396,21.326965,12,1,1,1,0,1,1,1,1,0,0,0,1,0.306401,0.273388,0.307192,0.309060,0.324781,0.393139,0.258334,0.277590,0.269062,0.342923,1,1,1,1,1,1,1,1,1,1
39.281868,21.326960,18,6,1,6,6,6,6,6,6,6,6,6,6,0.457587,0.418478,0.433401,0.419059,0.466711,0.535062,0.477136,0.471833,0.375073,0.431813,6,6,6,6,6,6,6,6,6,6
39.282736,21.326958,16,2,5,2,2,2,2,2,2,2,2,2,2,0.487264,0.438472,0.492587,0.444897,0.452509,0.511818,0.488405,0.522409,0.404250,0.375300,2,2,2,2,2,2,2,2,2,2
39.290546,21.326945,28,8,0,8,8,8,8,8,8,8,5,0,0,0.615499,0.547515,0.564988,0.540583,0.551518,0.612978,0.569145,0.331898,0.142720,0.168107,8,8,8,8,8,8,8,8,8,8
39.291414,21.326943,25,3,2,3,3,3,3,3,3,3,2,0,0,0.561027,0.480638,0.496044,0.489560,0.482967,0.522567,0.457744,0.350793,0.247540,0.246314,3,3,3,3,3,3,3,3,3,3
39.280998,21.326148,6,1,4,1,1,1,1,1,1,0,0,0,0,0.394907,0.364568,0.351027,0.341941,0.363248,0.510264,0.247666,0.241078,0.231775,0.291524,1,1,1,1,1,1,1,1,1,1
39.291413,21.326130,24,8,0,8,8,8,8,8,8,8,3,0,0,0.629797,0.574838,0.619320,0.612667,0.602860,0.679029,0.628192,0.282371,0.126378,0.147256,8,8,8,8,8,8,8,8,8,8
39.292281,21.326129,19,3,1,3,3,3,3,3,3,3,1,0,1,0.609564,0.512225,0.534161,0.509884,0.533113,0.667570,0.594201,0.268237,0.183172,0.214040,3,3,3,3,3,3,3,3,3,3
39.294015,21.325312,16,6,0,6,5,6,6,5,6,6,6,6,6,0.457418,0.383928,0.398440,0.406993,0.413011,0.512498,0.479388,0.453691,0.389563,0.473141,6,6,6,6,6,6,6,6,6,6
39.294883,21.325311,25,3,4,3,2,2,3,3,3,3,2,2,2,0.375037,0.323554,0.329250,0.362463,0.367203,0.412800,0.372366,0.364751,0.312809,0.387884,3,3,3,3,3,3,3,3,3,3
39.297485,21.324493,36,9,3,9,8,9,9,9,9,9,7,2,3,0.605239,0.518857,0.565309,0.526966,0.571368,0.656351,0.625638,0.375726,0.196174,0.238833,9,9,9,9,9,9,9,9,9,9
39.298352,21.324492,34,4,7,4,4,4,4,4,4,4,3,1,2,0.566424,0.466405,0.505320,0.467539,0.501888,0.585226,0.557689,0.384143,0.252992,0.311037,4,4,4,4,4,4,4,4,4,4
39.290540,21.323692,26,9,0,9,9,9,9,9,9,9,9,4,5,0.665958,0.612834,0.664401,0.642457,0.639316,0.687791,0.652887,0.544944,0.286004,0.374939,9,9,9,9,9,9,9,9,9,9
39.296615,21.323682,52,9,5,9,9,9,9,9,9,9,9,4,6,0.539285,0.463735,0.505254,0.477599,0.531988,0.646363,0.621217,0.500969,0.324389,0.406559,9,9,9,9,9,9,9,9,9,9
39.297483,21.323680,53,9,6,9,9,9,9,9,9,9,9,2,2,0.591139,0.491043,0.545780,0.518205,0.560712,0.651860,0.633295,0.410912,0.172516,0.202097,9,9,9,9,9,9,9,9,9,9
39.298351,21.323678,42,9,6,9,9,9,9,9,9,9,6,0,0,0.659818,0.542364,0.593426,0.537722,0.583481,0.671643,0.651635,0.333295,0.115394,0.128067,9,9,9,9,9,9,9,9,9,9
39.278389,21.322900,0,2,0,2,1,2,2,2,2,2,2,1,2,0.332909,0.297001,0.303197,0.319264,0.336956,0.354791,0.334503,0.378899,0.305032,0.370342,2,2,2,2,2,2,2,2,2,2
39.288803,21.322882,10,2,2,2,1,1,2,2,2,2,2,2,2,0.328260,0.300332,0.295704,0.341725,0.370193,0.433101,0.377556,0.418715,0.372088,0.456668,2,2,2,2,2,2,2,2,2,2
39.289671,21.322880,27,3,1,3,2,3,3,3,3,3,3,0,1,0.404888,0.355901,0.417992,0.423373,0.392902,0.512941,0.519473,0.441584,0.204033,0.228446,3,3,3,3,3,3,3,3,3,3
39.290538,21.322879,26,8,0,8,8,8,8,8,8,8,8,4,6,0.631598,0.535136,0.569417,0.545535,0.550552,0.642855,0.605999,0.522438,0.298094,0.366793,8,8,8,8,8,8,8,8,8,8
39.289669,21.322067,15,1,2,0,1,0,0,1,1,1,1,0,1,0.298640,0.342086,0.248385,0.265846,0.357007,0.436415,0.369364,0.399492,0.298011,0.380880,1,1,1,1,1,1,1,1,1,1
39.290537,21.322066,19,1,3,1,0,0,1,1,1,1,1,1,1,0.313866,0.275918,0.272957,0.314903,0.332770,0.433514,0.402563,0.403104,0.378265,0.427611,1,1,1,1,1,1,1,1,1,1
39.291405,21.322064,17,2,2,2,2,2,2,2,2,2,2,2,2,0.404559,0.350296,0.333952,0.360626,0.398999,0.521246,0.482736,0.445987,0.371894,0.452619,2,2,2,2,2,2,2,2,2,2
39.299214,21.321237,23,9,2,9,8,9,9,9,9,9,9,9,9,0.514541,0.474007,0.506827,0.521325,0.562219,0.585456,0.471699,0.582231,0.427243,0.555145,9,9,9,9,9,9,9,9,9,9
39.287062,21.320445,0,1,0,1,1,1,1,1,1,1,1,0,1,0.411227,0.340409,0.358814,0.310911,0.322069,0.351341,0.335566,0.342355,0.273236,0.352377,1,1,1,1,1,1,1,1,1,1
39.298344,21.320426,32,4,4,4,3,3,4,4,4,4,4,1,2,0.476879,0.391148,0.437392,0.448773,0.452458,0.502358,0.494650,0.402862,0.261339,0.314411,4,4,4,4,4,4,4,4,4,4
39.291400,21.319625,0,4,0,4,2,2,3,3,4,4,4,4,4,0.356264,0.310722,0.306531,0.325060,0.326982,0.400323,0.378699,0.382251,0.319475,0.394917,4,4,4,4,4,4,4,4,4,4
39.295739,21.319617,11,1,4,0,1,0,0,1,1,1,1,1,1,0.299945,0.325823,0.287101,0.296590,0.305932,0.367971,0.344709,0.408572,0.359055,0.422718,1,1,1,1,1,1,1,1,1,1
39.297475,21.319614,17,3,3,3,1,3,3,2,3,3,3,0,1,0.322475,0.285944,0.330388,0.356768,0.324124,0.406557,0.431499,0.348060,0.219830,0.264570,3,3,3,3,3,3,3,3,3,3
39.298343,21.319613,12,2,4,2,2,2,2,2,2,2,2,0,0,0.399193,0.356709,0.414426,0.404563,0.408027,0.465338,0.470286,0.357014,0.165268,0.224060,2,2,2,2,2,2,2,2,2,2
39.288795,21.318816,0,2,0,2,1,1,1,2,2,2,2,1,2,0.382631,0.303562,0.312436,0.340279,0.346817,0.395665,0.356875,0.396743,0.320596,0.394912,2,2,2,2,2,2,2,2,2,2
39.286190,21.318007,0,1,0,1,1,0,0,1,1,1,1,0,1,0.351167,0.308034,0.283973,0.294534,0.325388,0.384927,0.356293,0.341399,0.276335,0.327648,1,1,1,1,1,1,1,1,1,1
39.288792,21.317190,0,1,0,1,0,1,1,1,1,1,1,0,1,0.322507,0.257082,0.312001,0.320656,0.313691,0.332910,0.331575,0.364467,0.299503,0.329551,1,1,1,1,1,1,1,1,1,1
39.293999,21.317181,0,1,0,1,1,1,1,1,1,1,1,0,1,0.363810,0.300096,0.301580,0.306064,0.328114,0.421215,0.378442,0.375028,0.297294,0.318840,1,1,1,1,1,1,1,1,1,1
39.298338,21.317173,11,2,0,2,1,2,2,0,2,2,2,0,2,0.343109,0.276640,0.355116,0.346439,0.274696,0.333145,0.397453,0.384105,0.296422,0.335073,2,2,2,2,2,2,2,2,2,2
39.299205,21.317172,12,1,1,1,1,1,1,1,1,1,1,0,0,0.393318,0.318641,0.382468,0.343580,0.351250,0.365553,0.377513,0.405288,0.175053,0.197383,1,1,1,1,1,1,1,1,1,1
39.297468,21.316362,6,1,1,1,1,0,1,1,1,1,1,0,1,0.309222,0.308876,0.280183,0.315277,0.309679,0.325393,0.350843,0.361265,0.286969,0.346842,1,1,1,1,1,1,1,1,1,1
39.298336,21.316360,14,2,0,2,2,2,2,2,2,2,2,2,2,0.469631,0.386519,0.432829,0.413969,0.420300,0.514364,0.507010,0.524172,0.412838,0.491758,2,2,2,2,2,2,2,2,2,2
39.289656,21.315562,2,1,0,1,1,1,1,1,1,1,1,1,1,0.387597,0.319154,0.347882,0.362339,0.309868,0.404997,0.407045,0.439440,0.313392,0.366825,1,1,1,1,1,1,1,1,1,1
39.297466,21.315548,4,2,0,2,1,0,2,2,2,2,2,2,2,0.355749,0.289178,0.281276,0.354485,0.364902,0.422693,0.363127,0.383315,0.342742,0.413688,2,2,2,2,2,2,2,2,2,2
39.299202,21.315545,14,1,1,1,1,0,0,1,1,1,1,0,1,0.343535,0.327359,0.297807,0.297600,0.320131,0.393032,0.414132,0.389294,0.283431,0.390197,1,1,1,1,1,1,1,1,1,1
39.289655,21.314749,2,1,0,1,0,0,1,1,1,1,1,1,1,0.359720,0.277738,0.296878,0.356305,0.326419,0.408109,0.361873,0.389411,0.345286,0.384678,1,1,1,1,1,1,1,1,1,1
39.298333,21.314734,3,1,1,1,0,0,1,1,1,1,1,1,1,0.337930,0.298346,0.286716,0.339518,0.348425,0.389223,0.340469,0.371888,0.335595,0.398950,1,1,1,1,1,1,1,1,1,1
39.231633,21.392090,3,1,0,1,1,1,1,1,1,1,1,1,1,0.503131,0.505159,0.472660,0.428061,0.524800,0.581212,0.558779,0.650170,0.450548,0.538663,1,1,1,1,1,1,1,1,1,1
39.231632,21.391277,3,1,0,1,1,1,1,1,1,1,1,1,1,0.388876,0.394374,0.400344,0.375454,0.497961,0.502339,0.423478,0.511114,0.425694,0.449381,1,1,1,1,1,1,1,1,1,1
39.222942,21.386409,0,1,0,1,1,1,1,1,1,1,1,0,0,0.397320,0.353475,0.357298,0.323313,0.391898,0.364692,0.332505,0.317457,0.230864,0.273578,1,1,1,1,1,1,1,1,1,1
39.230754,21.384773,2,6,0,6,5,6,6,6,6,6,6,3,6,0.414439,0.380202,0.428299,0.392416,0.443215,0.443838,0.422008,0.438076,0.329848,0.396377,6,6,6,6,6,6,6,6,6,6
39.230752,21.383959,6,2,0,2,2,2,2,2,2,2,2,1,2,0.399319,0.354334,0.416415,0.365471,0.426160,0.367451,0.329711,0.359295,0.287218,0.331138,2,2,2,2,2,2,2,2,2,2
39.202097,21.380744,0,1,0,1,0,1,1,1,1,1,1,0,1,0.315274,0.243549,0.348127,0.308205,0.309067,0.382619,0.370390,0.400512,0.296276,0.330027,1,1,1,1,1,1,1,1,1,1
39.221178,21.367709,0,1,0,0,0,0,1,1,1,0,1,0,1,0.286943,0.246883,0.288257,0.361751,0.338441,0.305763,0.298243,0.331044,0.275145,0.323026,1,1,1,1,1,1,1,1,1,1
39.230721,21.363630,1,1,0,1,0,1,1,1,0,1,1,0,1,0.303419,0.269467,0.354172,0.344565,0.315056,0.286837,0.302532,0.333087,0.292295,0.309137,1,1,1,1,1,1,1,1,1,1
39.231587,21.362816,1,1,0,1,1,1,1,1,1,0,1,0,0,0.346373,0.303636,0.332772,0.323544,0.335093,0.333802,0.284749,0.305504,0.291104,0.288540,1,1,1,1,1,1,1,1,1,1
39.230709,21.356312,0,1,0,1,1,1,1,1,1,1,1,0,0,0.454190,0.404574,0.504541,0.418980,0.417505,0.367082,0.318227,0.337150,0.252793,0.284266,1,1,1,1,1,1,1,1,1,1
39.255004,21.350584,4,1,0,1,1,1,1,1,1,1,1,0,0,0.438716,0.345519,0.378608,0.391980,0.381657,0.377000,0.335627,0.323849,0.267378,0.289467,1,1,1,1,1,1,1,1,1,1
39.217664,21.340066,1,1,0,1,1,0,0,1,1,0,1,0,1,0.409257,0.394207,0.235000,0.235075,0.434225,0.354118,0.272074,0.350134,0.230403,0.320414,1,1,1,1,1,1,1,1,1,1
39.216795,21.339254,1,1,0,1,0,1,1,1,1,1,1,0,1,0.339888,0.286631,0.318716,0.396141,0.343146,0.324080,0.403841,0.332939,0.264518,0.326712,1,1,1,1,1,1,1,1,1,1
39.225473,21.338429,3,1,1,1,1,1,1,1,1,1,1,0,0,0.370181,0.355974,0.360594,0.363415,0.412618,0.375102,0.371145,0.363241,0.261693,0.135397,1,1,1,1,1,1,1,1,1,1
39.226341,21.338428,3,1,1,1,1,1,1,1,1,1,1,1,0,0.539431,0.470752,0.522024,0.442871,0.525099,0.419047,0.394244,0.475584,0.335396,0.168564,1,1,1,1,1,1,1,1,1,1
39.211585,21.337634,3,1,0,1,1,1,1,1,1,1,1,0,1,0.381667,0.313681,0.342164,0.308798,0.376181,0.350267,0.340252,0.359055,0.197371,0.311714,1,1,1,1,1,1,1,1,1,1
39.226340,21.337615,2,2,0,2,2,2,2,2,2,2,2,2,2,0.392499,0.329819,0.366356,0.365089,0.393972,0.435608,0.487920,0.487138,0.342887,0.429781,2,2,2,2,2,2,2,2,2,2
39.211584,21.336821,1,3,0,3,3,3,2,3,3,3,3,0,2,0.381382,0.328746,0.356601,0.299924,0.396508,0.371332,0.337605,0.363203,0.220615,0.327534,3,3,3,3,3,3,3,3,3,3
39.234149,21.335978,1,4,0,4,2,4,3,4,4,4,4,3,4,0.386891,0.333190,0.398440,0.361901,0.378320,0.437440,0.422764,0.449149,0.334438,0.372947,4,4,4,4,4,4,4,4,4,4
39.202902,21.335205,0,1,0,1,0,1,0,1,1,1,1,0,1,0.300789,0.220339,0.322274,0.276576,0.425175,0.328577,0.354963,0.375035,0.296170,0.376319,1,1,1,1,1,1,1,1,1,1
39.234148,21.335165,4,1,0,1,0,0,1,1,1,1,1,0,1,0.334928,0.299780,0.278986,0.310104,0.351698,0.353396,0.325269,0.328111,0.268082,0.319135,1,1,1,1,1,1,1,1,1,1
39.231538,21.331102,0,2,0,2,2,2,2,2,2,2,2,1,2,0.419031,0.351270,0.397936,0.382339,0.402844,0.372459,0.372642,0.381992,0.316684,0.386075,2,2,2,2,2,2,2,2,2,2
39.228046,21.318096,0,2,0,2,2,1,1,2,2,2,2,1,2,0.368035,0.322725,0.321688,0.297216,0.353503,0.401376,0.354203,0.376951,0.291725,0.357268,2,2,2,2,2,2,2,2,2,2
39.228040,21.314030,0,2,0,2,2,1,2,2,2,2,2,1,2,0.362491,0.319410,0.310798,0.316853,0.375801,0.350053,0.383869,0.388233,0.276468,0.372797,2,2,2,2,2,2,2,2,2,2
39.230632,21.306708,2,2,0,2,2,2,2,2,2,2,2,0,2,0.390174,0.342781,0.355270,0.368342,0.379150,0.363936,0.387489,0.376388,0.278627,0.349072,2,2,2,2,2,2,2,2,2,2
39.231494,21.303454,0,4,0,4,4,4,4,4,4,4,4,1,4,0.414125,0.355507,0.390050,0.363787,0.397294,0.366599,0.330021,0.334865,0.276670,0.327564,4,4,4,4,4,4,4,4,4,4
39.280353,21.443245,0,1,0,1,1,1,1,1,1,1,1,1,1,0.464543,0.358288,0.421081,0.336223,0.378638,0.488800,0.442377,0.416058,0.347945,0.385701,1,1,1,1,1,1,1,1,1,1
39.266451,21.440015,8,1,0,1,1,1,1,1,1,1,1,0,1,0.428804,0.377523,0.399784,0.352863,0.408870,0.449275,0.412705,0.418816,0.295650,0.389820,1,1,1,1,1,1,1,1,1,1
39.267319,21.440013,1,8,0,8,8,8,8,8,8,8,8,8,8,0.479996,0.410847,0.477028,0.456028,0.487891,0.474000,0.471706,0.486715,0.381392,0.440946,8,8,8,8,8,8,8,8,8,8
39.286425,21.439169,10,1,1,1,1,1,1,1,1,1,1,1,1,0.399242,0.306348,0.382715,0.390851,0.418143,0.520252,0.450059,0.381019,0.311045,0.318203,1,1,1,1,1,1,1,1,1,1
39.287294,21.439167,8,9,0,9,9,9,8,9,9,9,9,8,8,0.560576,0.483760,0.533856,0.488023,0.557790,0.561013,0.525696,0.591477,0.457725,0.495770,9,9,9,9,9,9,9,9,9,9
39.288162,21.439166,12,4,0,4,4,4,4,4,4,4,4,4,4,0.597564,0.504962,0.563904,0.525140,0.602039,0.644626,0.575820,0.613988,0.495814,0.550966,4,4,4,4,4,4,4,4,4,4
39.287292,21.438354,16,1,1,1,1,1,1,1,1,1,1,1,1,0.428469,0.358051,0.351547,0.396877,0.472484,0.504155,0.426602,0.403031,0.377090,0.396995,1,1,1,1,1,1,1,1,1,1
39.268122,21.404233,0,2,0,2,1,2,2,1,2,1,2,0,1,0.329563,0.299113,0.354600,0.303855,0.322139,0.392103,0.299933,0.379800,0.285722,0.325035,2,2,2,2,2,2,2,2,2,2
39.285483,21.400952,0,1,0,1,0,1,1,1,1,1,1,0,1,0.324656,0.285671,0.329142,0.336778,0.366851,0.364454,0.341671,0.380391,0.279264,0.305438,1,1,1,1,1,1,1,1,1,1
39.288281,21.499339,15,1,2,1,1,1,1,1,1,1,1,1,1,0.505427,0.416990,0.462882,0.507110,0.523324,0.561268,0.533262,0.578333,0.437584,0.547990,1,1,1,1,1,1,1,1,1,1
39.289148,21.498524,8,1,1,1,1,1,1,1,1,1,1,0,1,0.331325,0.316009,0.331604,0.301493,0.342091,0.333769,0.330641,0.391636,0.299374,0.387920,1,1,1,1,1,1,1,1,1,1
39.290886,21.498521,2,4,0,4,3,3,4,4,4,4,4,4,4,0.350572,0.320793,0.337790,0.340489,0.340127,0.370698,0.371172,0.406738,0.346188,0.402331,4,4,4,4,4,4,4,4,4,4
39.267423,21.496934,0,1,0,1,1,1,1,1,1,1,1,1,1,0.352220,0.344809,0.431761,0.400584,0.393847,0.469023,0.439094,0.476609,0.347400,0.391802,1,1,1,1,1,1,1,1,1,1
39.281323,21.496098,0,2,0,2,2,2,2,2,2,2,2,2,2,0.404553,0.386012,0.423882,0.399363,0.488518,0.447030,0.391181,0.467433,0.312845,0.366643,2,2,2,2,2,2,2,2,2,2
39.256992,21.494511,0,1,0,1,0,0,1,1,1,1,1,0,1,0.313576,0.264267,0.279810,0.308232,0.350589,0.366740,0.349822,0.312685,0.259611,0.322534,1,1,1,1,1,1,1,1,1,1
39.298698,21.494442,1,3,0,3,1,2,3,3,3,2,3,0,3,0.355886,0.295205,0.317265,0.323158,0.342169,0.376002,0.336381,0.372737,0.288453,0.366110,3,3,3,3,3,3,3,3,3,3
39.299566,21.494440,3,1,0,1,0,0,1,1,1,1,1,0,1,0.349987,0.271224,0.277928,0.347310,0.401641,0.419430,0.345011,0.307366,0.214468,0.300925,1,1,1,1,1,1,1,1,1,1
39.255252,21.492887,3,3,0,3,2,3,3,3,3,3,3,3,3,0.451908,0.351692,0.362275,0.445100,0.461822,0.462820,0.419874,0.426517,0.350757,0.461915,3,3,3,3,3,3,3,3,3,3
39.294343,21.489570,9,2,0,2,2,2,2,2,2,2,2,2,2,0.486597,0.425004,0.490208,0.449925,0.488427,0.565777,0.530137,0.592370,0.452385,0.516322,2,2,2,2,2,2,2,2,2,2
39.294335,21.485505,0,2,0,2,2,2,2,2,2,2,2,1,1,0.382289,0.322006,0.399387,0.439534,0.461496,0.392006,0.334652,0.350185,0.280246,0.321715,2,2,2,2,2,2,2,2,2,2
39.299533,21.478177,4,1,0,1,0,1,1,1,1,1,1,0,1,0.345809,0.285634,0.304937,0.308641,0.349087,0.364511,0.333814,0.316786,0.297639,0.313723,1,1,1,1,1,1,1,1,1,1
39.299531,21.477364,4,2,0,2,2,2,2,2,2,2,2,1,1,0.391129,0.328091,0.357382,0.356175,0.350565,0.370132,0.340180,0.356533,0.290383,0.316904,2,2,2,2,2,2,2,2,2,2
39.265642,21.473355,0,1,0,1,0,1,1,1,1,1,1,1,1,0.321684,0.282759,0.400722,0.399815,0.364151,0.421060,0.442168,0.415571,0.347170,0.387107,1,1,1,1,1,1,1,1,1,1
39.249181,21.499402,1,1,0,1,0,0,1,1,1,1,1,0,1,0.343323,0.290431,0.195133,0.408638,0.394368,0.442366,0.437774,0.320281,0.299442,0.306267,1,1,1,1,1,1,1,1,1,1
39.217898,21.497819,3,4,0,4,3,4,4,4,4,4,4,3,4,0.430649,0.373942,0.411879,0.484348,0.558975,0.551938,0.418028,0.421466,0.339639,0.483013,4,4,4,4,4,4,4,4,4,4
39.218767,21.497818,4,3,0,3,2,2,3,3,3,3,2,2,3,0.457322,0.356863,0.406856,0.478172,0.507578,0.494920,0.401031,0.398569,0.339423,0.487404,3,3,3,3,3,3,3,3,3,3
39.220504,21.497003,4,2,0,2,2,2,2,2,2,1,2,0,2,0.407532,0.351327,0.400157,0.386304,0.441229,0.387418,0.308452,0.336547,0.272227,0.325124,2,2,2,2,2,2,2,2,2,2
39.221372,21.497001,3,4,0,4,4,4,4,4,4,3,3,1,3,0.412202,0.332292,0.366713,0.375767,0.420719,0.409464,0.319316,0.322059,0.282813,0.328955,4,4,4,4,4,4,4,4,4,4
39.222241,21.497000,4,1,0,1,0,1,1,1,1,0,1,0,1,0.353612,0.274374,0.340167,0.357244,0.371081,0.338152,0.263971,0.309461,0.287487,0.305489,1,1,1,1,1,1,1,1,1,1
39.227452,21.495367,1,2,0,2,0,1,2,2,2,0,1,0,2,0.348292,0.287824,0.344203,0.398858,0.454195,0.341216,0.281426,0.295302,0.241472,0.375535,2,2,2,2,2,2,2,2,2,2
39.222234,21.492121,0,1,0,1,0,1,1,1,1,1,1,1,1,0.458090,0.292762,0.356545,0.493753,0.423594,0.497925,0.377953,0.451715,0.430134,0.435318,1,1,1,1,1,1,1,1,1,1
39.233524,21.488853,0,1,0,1,1,1,1,1,1,1,1,0,0,0.428200,0.399021,0.366222,0.361083,0.426265,0.380932,0.347094,0.360160,0.204281,0.232827,1,1,1,1,1,1,1,1,1,1
39.242197,21.479896,1,1,0,1,1,1,1,1,1,1,1,1,0,0.447908,0.333187,0.350290,0.322342,0.376431,0.404973,0.417156,0.359866,0.330714,0.286648,1,1,1,1,1,1,1,1,1,1
39.203099,21.477509,0,1,0,1,0,1,1,1,1,1,1,0,1,0.347329,0.277698,0.304354,0.406258,0.428698,0.458338,0.475208,0.352731,0.267493,0.373683,1,1,1,1,1,1,1,1,1,1
39.236958,21.463641,3,2,0,2,1,2,2,2,2,2,2,1,1,0.337354,0.324621,0.363542,0.354310,0.392310,0.368359,0.344298,0.396031,0.275726,0.324194,2,2,2,2,2,2,2,2,2,2
39.239558,21.459571,2,1,0,1,1,0,1,1,1,0,1,0,0,0.309666,0.302128,0.258625,0.300070,0.383594,0.347912,0.292285,0.333294,0.235523,0.296129,1,1,1,1,1,1,1,1,1,1
39.216968,21.456349,3,1,0,1,0,1,0,1,1,1,1,0,0,0.358997,0.284015,0.302603,0.263624,0.389660,0.449819,0.324441,0.395077,0.243149,0.285331,1,1,1,1,1,1,1,1,1,1
39.216098,21.455537,3,1,0,1,1,1,1,1,1,0,1,1,1,0.452498,0.304110,0.414933,0.304634,0.307468,0.391035,0.297151,0.483858,0.418502,0.386760,1,1,1,1,1,1,1,1,1,1
39.227580,21.577495,0,1,0,0,0,1,1,1,1,1,1,0,1,0.265713,0.250332,0.363248,0.375725,0.381965,0.392994,0.357561,0.374564,0.296407,0.348993,1,1,1,1,1,1,1,1,1,1
39.243222,21.573407,0,2,0,2,2,2,1,1,2,1,2,2,2,0.348886,0.364001,0.355846,0.290907,0.333755,0.358369,0.276909,0.415159,0.329035,0.357128,2,2,2,2,2,2,2,2,2,2
39.253652,21.572579,0,1,0,0,0,0,1,1,1,1,0,0,1,0.291944,0.266923,0.274276,0.337003,0.396236,0.350261,0.318073,0.297110,0.239728,0.312351,1,1,1,1,1,1,1,1,1,1
39.236263,21.570978,0,1,0,1,1,1,0,1,1,1,1,1,1,0.335606,0.326954,0.321978,0.288924,0.356527,0.349860,0.343249,0.483899,0.345500,0.372977,1,1,1,1,1,1,1,1,1,1
39.212789,21.569383,5,6,0,6,3,6,5,6,6,6,6,4,6,0.421178,0.328171,0.379074,0.362176,0.407193,0.427849,0.387774,0.443893,0.343458,0.389172,6,6,6,6,6,6,6,6,6,6
39.213658,21.569382,7,4,0,4,3,4,3,4,4,4,4,4,4,0.385164,0.314084,0.387037,0.325322,0.396660,0.410130,0.371285,0.438052,0.326871,0.368302,4,4,4,4,4,4,4,4,4,4
39.234522,21.569354,0,3,0,3,2,3,3,3,3,3,3,1,3,0.360647,0.308866,0.325367,0.318210,0.430800,0.412409,0.354941,0.375891,0.290467,0.338226,3,3,3,3,3,3,3,3,3,3
39.213657,21.568569,10,1,1,1,1,0,0,1,1,1,1,0,1,0.322427,0.310621,0.291510,0.285028,0.356437,0.328522,0.316358,0.346285,0.237852,0.300793,1,1,1,1,1,1,1,1,1,1
39.252773,21.566888,0,1,0,1,1,1,1,1,1,0,1,1,1,0.348137,0.307997,0.346863,0.300563,0.321664,0.325828,0.299290,0.415339,0.378535,0.388676,1,1,1,1,1,1,1,1,1,1
39.200614,21.566146,0,1,0,1,0,1,0,1,1,1,1,1,1,0.323115,0.262718,0.334048,0.276610,0.309003,0.380392,0.334517,0.373969,0.373749,0.372236,1,1,1,1,1,1,1,1,1,1
39.220602,21.562055,0,2,0,2,1,2,2,2,2,2,2,1,2,0.334364,0.283547,0.349650,0.347559,0.437192,0.362162,0.312896,0.380226,0.285997,0.342481,2,2,2,2,2,2,2,2,2,2
39.237986,21.561218,0,1,0,1,0,1,0,1,1,1,1,0,0,0.320942,0.277471,0.307588,0.279315,0.315183,0.344326,0.320804,0.330787,0.241348,0.268852,1,1,1,1,1,1,1,1,1,1
39.272828,21.599382,0,1,0,1,0,1,0,1,1,1,1,0,1,0.321557,0.271671,0.321595,0.292360,0.318209,0.376222,0.327281,0.318546,0.240082,0.302223,1,1,1,1,1,1,1,1,1,1
39.287606,21.597731,0,1,0,1,1,0,1,1,1,1,1,1,1,0.327057,0.307087,0.287275,0.332507,0.365023,0.347911,0.334150,0.395794,0.301530,0.343135,1,1,1,1,1,1,1,1,1,1
39.284996,21.596922,0,1,0,1,1,1,0,1,1,1,1,0,1,0.370407,0.309433,0.322597,0.276140,0.313447,0.398393,0.365188,0.356076,0.254050,0.322265,1,1,1,1,1,1,1,1,1,1
39.266715,21.584755,2,4,0,4,4,4,4,4,4,4,4,4,4,0.467429,0.394077,0.446851,0.420668,0.506922,0.510470,0.419821,0.495346,0.359116,0.461777,4,4,4,4,4,4,4,4,4,4
39.267584,21.584754,4,2,0,2,2,0,2,2,2,2,2,2,2,0.396388,0.323851,0.257263,0.354433,0.441663,0.319634,0.406895,0.355591,0.353417,0.335950,2,2,2,2,2,2,2,2,2,2
39.293653,21.578205,8,4,0,4,4,4,4,4,4,4,4,4,4,0.451223,0.411822,0.408857,0.413364,0.448274,0.486890,0.512933,0.558703,0.413720,0.486678,4,4,4,4,4,4,4,4,4,4
39.294520,21.577390,11,2,0,2,2,2,2,2,2,2,2,2,2,0.406436,0.359713,0.365722,0.383336,0.417882,0.462548,0.475707,0.511446,0.396168,0.484665,2,2,2,2,2,2,2,2,2,2
39.294519,21.576577,3,1,1,1,0,0,1,1,1,1,1,1,1,0.309177,0.271165,0.293401,0.315819,0.317664,0.374048,0.398121,0.405352,0.356510,0.409564,1,1,1,1,1,1,1,1,1,1
39.260604,21.570942,9,2,0,2,2,2,2,2,2,2,1,0,0,0.416953,0.357066,0.436725,0.419630,0.462199,0.472503,0.427342,0.299156,0.191007,0.190526,2,2,2,2,2,2,2,2,2,2
39.259733,21.570130,10,6,0,6,6,6,6,6,6,6,6,2,1,0.503544,0.448275,0.511195,0.494109,0.551874,0.523419,0.466880,0.444177,0.276112,0.263459,6,6,6,6,6,6,6,6,6,6
39.259732,21.569317,9,2,1,2,2,2,2,2,2,2,2,0,1,0.448679,0.412796,0.441545,0.437184,0.523860,0.501768,0.432292,0.433512,0.255579,0.293537,2,2,2,2,2,2,2,2,2,2
39.263206,21.567685,2,1,1,1,1,1,1,1,1,1,1,1,1,0.358417,0.335716,0.408486,0.363731,0.397980,0.384421,0.381589,0.372135,0.311534,0.372183,1,1,1,1,1,1,1,1,1,1
39.277093,21.556278,6,2,0,2,0,0,1,2,2,2,2,2,2,0.315568,0.289252,0.284988,0.301915,0.371756,0.467427,0.467897,0.557207,0.389219,0.498637,2,2,2,2,2,2,2,2,2,2
39.276222,21.555467,2,6,0,5,2,4,6,6,6,6,6,4,6,0.338664,0.295649,0.298932,0.334379,0.376297,0.442236,0.390814,0.395534,0.330217,0.387110,6,6,6,6,6,6,6,6,6,6
39.279699,21.555461,0,1,0,1,1,1,1,1,1,1,1,0,1,0.441369,0.382941,0.438321,0.513067,0.582124,0.451175,0.382145,0.347694,0.291316,0.350364,1,1,1,1,1,1,1,1,1,1
39.266654,21.551416,0,1,0,1,1,1,1,1,1,1,1,1,1,0.314756,0.314310,0.341437,0.306959,0.408407,0.380237,0.331769,0.388356,0.322235,0.371698,1,1,1,1,1,1,1,1,1,1
39.289214,21.531863,3,3,0,3,2,3,2,3,3,3,3,3,3,0.439454,0.358268,0.413747,0.398318,0.456349,0.481610,0.443514,0.482822,0.385511,0.437672,3,3,3,3,3,3,3,3,3,3
39.283993,21.528620,16,2,1,2,1,2,2,2,2,2,2,2,2,0.380527,0.334704,0.341144,0.372700,0.403460,0.444336,0.401465,0.424029,0.331044,0.396667,2,2,2,2,2,2,2,2,2,2
39.297029,21.528597,8,5,0,5,3,5,5,5,5,5,5,5,5,0.343918,0.315707,0.340554,0.354828,0.396786,0.401876,0.381541,0.422982,0.350704,0.408602,5,5,5,5,5,5,5,5,5,5
39.299636,21.528592,15,3,1,3,1,1,3,3,3,2,2,1,3,0.341422,0.310100,0.311014,0.358460,0.385554,0.370766,0.338053,0.359007,0.306300,0.356467,3,3,3,3,3,3,3,3,3,3
39.282254,21.527809,23,1,8,1,1,1,1,1,1,1,1,1,1,0.354613,0.344190,0.343553,0.370849,0.395559,0.398134,0.365719,0.416145,0.336179,0.393708,1,1,1,1,1,1,1,1,1,1
39.283123,21.527808,25,3,4,3,3,3,3,3,3,3,3,3,3,0.377686,0.356991,0.385589,0.392032,0.425103,0.428401,0.424364,0.477082,0.390513,0.449755,3,3,3,3,3,3,3,3,3,3
39.297897,21.527782,8,1,3,1,0,0,1,1,1,1,1,0,1,0.343455,0.286973,0.290767,0.321531,0.393498,0.390247,0.334776,0.347069,0.283051,0.341116,1,1,1,1,1,1,1,1,1,1
39.277038,21.527005,30,2,13,2,2,2,2,2,2,2,2,2,2,0.348931,0.329731,0.360424,0.376908,0.414447,0.405773,0.403400,0.435285,0.379925,0.431190,2,2,2,2,2,2,2,2,2,2
39.277907,21.527004,36,4,13,4,3,3,4,4,4,4,4,4,4,0.346838,0.324080,0.356407,0.372422,0.401321,0.385463,0.371324,0.418224,0.358675,0.401592,4,4,4,4,4,4,4,4,4,4
39.280514,21.526999,34,6,9,6,5,6,6,6,6,6,6,5,6,0.414141,0.393137,0.426546,0.443870,0.458711,0.454489,0.440095,0.482521,0.399588,0.471327,6,6,6,6,6,6,6,6,6,6
39.283990,21.526993,16,3,3,3,2,3,3,3,2,2,3,2,3,0.356563,0.349275,0.388896,0.426242,0.424853,0.326302,0.360561,0.405729,0.343563,0.437229,3,3,3,3,3,3,3,3,3,3
39.274429,21.526196,23,3,6,2,2,3,3,3,2,3,3,3,3,0.356557,0.324440,0.349462,0.359448,0.401521,0.355473,0.352844,0.388987,0.332996,0.370315,3,3,3,3,3,3,3,3,3,3
39.275298,21.526195,28,4,10,4,4,3,4,4,4,4,4,4,4,0.406669,0.361026,0.397322,0.411709,0.444239,0.407518,0.413353,0.437755,0.375060,0.420239,4,4,4,4,4,4,4,4,4,4
39.276167,21.526193,36,8,10,8,8,8,7,8,8,8,8,7,8,0.402852,0.375929,0.414374,0.425475,0.450917,0.421108,0.400179,0.447373,0.370190,0.429265,8,8,8,8,8,8,8,8,8,8
39.277036,21.526192,48,9,11,9,9,9,9,9,9,9,9,9,9,0.422130,0.399918,0.442590,0.459973,0.496220,0.454355,0.445152,0.481213,0.404827,0.473580,9,9,9,9,9,9,9,9,9,9
39.277905,21.526190,58,9,12,9,9,9,9,9,9,9,9,9,9,0.426363,0.413030,0.463085,0.469721,0.510685,0.501687,0.470091,0.529776,0.441127,0.519637,9,9,9,9,9,9,9,9,9,9
39.278774,21.526189,62,9,12,9,9,9,9,9,9,9,9,9,9,0.484304,0.455664,0.508680,0.509615,0.568091,0.557312,0.533453,0.589343,0.475000,0.552182,9,9,9,9,9,9,9,9,9,9
39.279643,21.526188,57,9,10,9,9,9,9,9,9,9,9,9,9,0.601297,0.549169,0.631833,0.595527,0.654350,0.632581,0.616965,0.701167,0.542375,0.610891,9,9,9,9,9,9,9,9,9,9
39.282250,21.526183,34,7,3,7,6,7,7,7,7,7,7,7,7,0.416968,0.397835,0.458488,0.513359,0.485796,0.501456,0.486815,0.529772,0.442827,0.521873,7,7,7,7,7,7,7,7,7,7
39.283119,21.526182,26,1,7,1,1,1,1,1,1,0,1,0,1,0.321266,0.308932,0.343835,0.387725,0.325915,0.305681,0.288184,0.327159,0.293030,0.343526,1,1,1,1,1,1,1,1,1,1
39.264868,21.525399,0,2,0,0,0,2,2,2,2,2,1,1,2,0.242107,0.291162,0.378630,0.435488,0.503078,0.437833,0.380385,0.302170,0.284918,0.372779,2,2,2,2,2,2,2,2,2,2
39.271820,21.525387,13,2,3,2,2,2,2,2,2,2,2,2,2,0.352928,0.338696,0.351218,0.354185,0.393197,0.396991,0.340753,0.382528,0.328846,0.377871,2,2,2,2,2,2,2,2,2,2
39.272689,21.525386,15,9,0,8,8,9,9,9,9,9,9,9,9,0.383526,0.355667,0.392396,0.403085,0.430946,0.413582,0.402948,0.446750,0.370777,0.426350,9,9,9,9,9,9,9,9,9,9
39.273558,21.525384,20,9,1,8,5,8,9,9,8,7,9,6,9,0.363512,0.330314,0.365256,0.385158,0.434151,0.362877,0.361648,0.400034,0.346837,0.398500,9,9,9,9,9,9,9,9,9,9
39.274427,21.525383,22,5,9,5,5,5,5,5,5,5,5,4,5,0.400375,0.366743,0.388666,0.422522,0.481681,0.405105,0.388229,0.442460,0.365924,0.431239,5,5,5,5,5,5,5,5,5,5
39.275296,21.525382,37,5,13,5,5,5,5,5,5,5,5,4,5,0.376733,0.342610,0.369495,0.387385,0.428587,0.362405,0.351408,0.383214,0.330022,0.383933,5,5,5,5,5,5,5,5,5,5
39.276166,21.525380,54,7,14,7,7,7,7,7,7,7,7,5,7,0.406669,0.384823,0.410196,0.432558,0.446620,0.380143,0.374498,0.397213,0.341214,0.404997,7,7,7,7,7,7,7,7,7,7
39.277035,21.525379,69,9,13,9,9,9,9,9,9,9,9,9,9,0.455668,0.437855,0.487265,0.494914,0.522262,0.504256,0.484787,0.539215,0.438625,0.529206,9,9,9,9,9,9,9,9,9,9
39.277904,21.525377,69,9,12,9,9,9,9,9,9,9,9,8,9,0.443522,0.422115,0.473131,0.489652,0.512680,0.495692,0.484534,0.533252,0.440249,0.520226,9,9,9,9,9,9,9,9,9,9
39.278773,21.525376,60,9,13,9,9,9,9,9,9,9,9,9,9,0.578298,0.527953,0.605793,0.585484,0.626440,0.617097,0.601192,0.672088,0.532997,0.613905,9,9,9,9,9,9,9,9,9,9
39.279642,21.525374,44,9,11,7,7,8,9,9,9,9,9,9,9,0.455621,0.432467,0.486842,0.500062,0.540058,0.537289,0.519851,0.572185,0.475424,0.545214,9,9,9,9,9,9,9,9,9,9
39.281380,21.525371,26,5,8,4,3,3,4,5,5,5,5,5,5,0.329970,0.308806,0.332576,0.362086,0.398578,0.420864,0.404367,0.435408,0.376531,0.464526,5,5,5,5,5,5,5,5,5,5
39.282249,21.525370,20,1,9,1,1,1,1,1,1,1,1,1,1,0.332350,0.306690,0.334663,0.359791,0.360925,0.373258,0.375166,0.391928,0.354794,0.432889,1,1,1,1,1,1,1,1,1,1
39.271819,21.524574,15,1,5,1,0,1,1,1,1,1,1,0,1,0.311732,0.276212,0.333538,0.358186,0.335952,0.331433,0.324087,0.337683,0.298368,0.360542,1,1,1,1,1,1,1,1,1,1
39.272688,21.524573,24,3,6,3,2,1,3,3,3,3,3,3,3,0.323951,0.301883,0.313974,0.346389,0.377646,0.342342,0.334661,0.369466,0.318600,0.385333,3,3,3,3,3,3,3,3,3,3
39.275295,21.524568,46,1,18,1,1,1,1,1,1,1,1,1,1,0.338214,0.329122,0.351538,0.351978,0.371408,0.340815,0.315508,0.365429,0.302863,0.354282,1,1,1,1,1,1,1,1,1,1
39.276164,21.524567,57,9,11,9,9,9,9,9,8,9,9,8,9,0.443729,0.418062,0.465456,0.488153,0.514875,0.488568,0.476077,0.509861,0.420731,0.489643,9,9,9,9,9,9,9,9,9,9
39.277033,21.524566,70,9,12,9,9,9,9,9,9,9,9,9,9,0.617967,0.563580,0.653936,0.648678,0.683460,0.673042,0.641791,0.719669,0.566460,0.643685,9,9,9,9,9,9,9,9,9,9
39.277902,21.524564,62,9,13,9,9,9,9,9,9,9,9,9,9,0.591217,0.552735,0.615247,0.629432,0.666668,0.626652,0.607155,0.679469,0.540317,0.635347,9,9,9,9,9,9,9,9,9,9
39.278771,21.524563,47,6,14,6,6,6,6,6,6,6,6,6,6,0.399691,0.375363,0.438097,0.459659,0.453860,0.426978,0.427402,0.461259,0.400901,0.474023,6,6,6,6,6,6,6,6,6,6
39.271817,21.523761,21,1,6,0,0,1,1,1,1,1,1,1,1,0.261861,0.262080,0.375046,0.392162,0.445306,0.476918,0.486884,0.514811,0.446222,0.523019,1,1,1,1,1,1,1,1,1,1
39.273555,21.523758,32,2,11,2,2,2,2,2,2,2,2,1,2,0.374193,0.358396,0.384279,0.428466,0.347056,0.359539,0.353326,0.366005,0.321219,0.370094,2,2,2,2,2,2,2,2,2,2
39.274424,21.523757,38,3,12,3,3,3,3,3,3,3,3,3,3,0.420325,0.383758,0.429524,0.422065,0.428143,0.426785,0.428758,0.464482,0.389095,0.433912,3,3,3,3,3,3,3,3,3,3
39.275293,21.523755,49,8,9,8,8,8,8,8,8,7,8,7,8,0.463786,0.433308,0.471557,0.490837,0.500317,0.483739,0.469508,0.512678,0.416738,0.477772,8,8,8,8,8,8,8,8,8,8
39.276162,21.523754,57,9,9,9,9,9,9,9,9,9,9,9,9,0.507376,0.477299,0.555108,0.566505,0.614718,0.604700,0.576224,0.652279,0.518118,0.589587,9,9,9,9,9,9,9,9,9,9
39.277031,21.523752,57,9,10,9,8,9,9,9,9,9,9,9,9,0.517683,0.476355,0.558425,0.577201,0.608762,0.568027,0.541595,0.608291,0.485539,0.551365,9,9,9,9,9,9,9,9,9,9
39.277901,21.523751,38,9,9,9,6,9,9,9,9,9,9,9,9,0.352191,0.341304,0.377169,0.411201,0.425028,0.397840,0.388771,0.432293,0.369289,0.436782,9,9,9,9,9,9,9,9,9,9
39.278770,21.523750,24,2,13,2,1,1,2,2,2,2,2,2,2,0.319740,0.305804,0.319747,0.370280,0.372255,0.376097,0.375979,0.390913,0.339532,0.423983,2,2,2,2,2,2,2,2,2,2
39.270947,21.522949,8,2,2,2,1,1,2,2,2,1,2,0,2,0.357362,0.299511,0.313291,0.329862,0.425307,0.356172,0.320754,0.331522,0.274027,0.323907,2,2,2,2,2,2,2,2,2,2
39.271816,21.522948,14,7,0,6,6,7,7,7,7,7,7,6,7,0.408029,0.363021,0.389659,0.408404,0.471465,0.433412,0.402093,0.430714,0.350640,0.376109,7,7,7,7,7,7,7,7,7,7
39.272685,21.522946,25,8,1,8,8,8,8,8,8,8,8,8,8,0.471624,0.441949,0.498073,0.521399,0.523248,0.499741,0.506451,0.545658,0.449287,0.508628,8,8,8,8,8,8,8,8,8,8
39.273554,21.522945,31,9,2,9,9,9,9,9,9,9,9,9,9,0.550811,0.499569,0.567252,0.548215,0.588421,0.583998,0.570710,0.620817,0.499001,0.559321,9,9,9,9,9,9,9,9,9,9
39.274423,21.522944,38,9,3,9,9,9,9,9,9,9,9,9,9,0.601548,0.540392,0.613067,0.605570,0.646016,0.622188,0.601265,0.658290,0.525305,0.599648,9,9,9,9,9,9,9,9,9,9
39.275292,21.522942,42,9,4,9,9,9,9,9,9,9,9,9,9,0.505920,0.469593,0.516216,0.535121,0.574799,0.541630,0.515100,0.569727,0.462923,0.541398,9,9,9,9,9,9,9,9,9,9
39.276161,21.522941,39,9,5,9,9,9,9,9,9,9,9,9,9,0.511738,0.469686,0.542175,0.554478,0.600039,0.565453,0.539345,0.600284,0.490797,0.562252,9,9,9,9,9,9,9,9,9,9
39.277030,21.522939,36,3,11,3,3,3,3,3,3,3,3,3,3,0.386243,0.368799,0.393312,0.430821,0.464583,0.411051,0.389717,0.433399,0.367719,0.433465,3,3,3,3,3,3,3,3,3,3
39.272683,21.522133,27,3,3,3,3,3,3,3,3,3,3,3,3,0.364273,0.354165,0.410257,0.452637,0.502507,0.456470,0.434950,0.486879,0.407277,0.478662,3,3,3,3,3,3,3,3,3,3
39.273552,21.522132,32,3,5,3,3,3,3,3,3,3,3,2,3,0.412750,0.378675,0.417707,0.445927,0.486964,0.408733,0.403872,0.438416,0.374267,0.440481,3,3,3,3,3,3,3,3,3,3
39.274421,21.522130,31,3,5,3,3,3,3,3,3,2,3,3,3,0.323566,0.312158,0.341816,0.389946,0.403430,0.337678,0.324362,0.362845,0.326487,0.393468,3,3,3,3,3,3,3,3,3,3
39.275290,21.522129,30,1,8,0,0,0,1,1,1,0,1,0,1,0.280302,0.277766,0.295515,0.351770,0.377954,0.330285,0.285639,0.347439,0.298302,0.343953,1,1,1,1,1,1,1,1,1,1
39.268335,21.520514,14,8,0,8,8,8,8,8,8,8,8,5,8,0.478559,0.379858,0.400434,0.395835,0.451313,0.458506,0.400795,0.425394,0.321360,0.380735,8,8,8,8,8,8,8,8,8,8
39.267465,21.519702,18,6,0,6,5,6,6,6,6,6,6,6,6,0.383956,0.339112,0.358483,0.380526,0.408690,0.407382,0.402697,0.414028,0.351343,0.412561,6,6,6,6,6,6,6,6,6,6
39.276150,21.517249,2,1,0,1,1,1,1,1,1,1,1,0,1,0.385018,0.329085,0.333440,0.344855,0.380898,0.371834,0.302750,0.330160,0.280672,0.320980,1,1,1,1,1,1,1,1,1,1
39.273542,21.516440,3,1,0,1,0,0,1,1,1,1,1,0,0,0.305798,0.267727,0.280045,0.340648,0.324582,0.325407,0.357645,0.329855,0.282233,0.275436,1,1,1,1,1,1,1,1,1,1
39.277018,21.516434,3,2,0,2,0,1,1,2,2,1,2,0,2,0.340098,0.287105,0.299954,0.318134,0.363481,0.341590,0.298219,0.327280,0.284356,0.308500,2,2,2,2,2,2,2,2,2,2
39.273540,21.515627,4,1,0,1,1,1,1,1,1,1,1,1,1,0.454800,0.431593,0.370133,0.382268,0.469874,0.550534,0.421309,0.543288,0.370763,0.428591,1,1,1,1,1,1,1,1,1,1
39.274409,21.515625,4,2,0,2,1,1,2,2,2,2,2,1,2,0.346516,0.299960,0.298772,0.334945,0.341087,0.361018,0.347812,0.340370,0.300975,0.329935,2,2,2,2,2,2,2,2,2,2
39.275275,21.513998,1,1,0,1,0,1,1,1,1,1,1,0,1,0.327615,0.290354,0.334583,0.311392,0.336845,0.340782,0.306119,0.349495,0.292481,0.336428,1,1,1,1,1,1,1,1,1,1
39.271796,21.512377,3,2,0,2,2,2,2,2,2,2,2,2,2,0.458811,0.448044,0.427311,0.472862,0.534845,0.532309,0.477790,0.529342,0.389728,0.481409,2,2,2,2,2,2,2,2,2,2
39.272665,21.512376,3,2,0,2,2,2,2,2,2,2,2,2,2,0.573361,0.505336,0.569392,0.579830,0.651544,0.541871,0.531694,0.587274,0.461042,0.574816,2,2,2,2,2,2,2,2,2,2
39.277005,21.509929,0,1,0,1,1,0,1,1,1,1,1,1,1,0.366041,0.322226,0.291641,0.328619,0.352029,0.384673,0.387617,0.361353,0.307514,0.366936,1,1,1,1,1,1,1,1,1,1
39.264838,21.509136,0,1,0,1,0,1,0,1,1,1,1,1,1,0.362802,0.276546,0.409112,0.289240,0.310751,0.336248,0.358641,0.422106,0.334662,0.365064,1,1,1,1,1,1,1,1,1,1
39.291773,21.507464,1,1,0,1,0,0,1,1,1,1,1,0,1,0.346634,0.292738,0.299572,0.359798,0.338910,0.360170,0.344416,0.344808,0.276553,0.318421,1,1,1,1,1,1,1,1,1,1
39.291771,21.506651,3,1,1,1,1,1,1,1,1,1,1,0,1,0.330265,0.314274,0.341866,0.352019,0.377576,0.337867,0.317780,0.366091,0.291521,0.333383,1,1,1,1,1,1,1,1,1,1
39.295247,21.506645,1,1,0,1,0,0,1,1,1,0,1,0,0,0.327576,0.279753,0.265059,0.312482,0.334367,0.366549,0.285685,0.301278,0.259125,0.287391,1,1,1,1,1,1,1,1,1,1
39.291769,21.505838,3,2,0,2,2,2,2,2,2,2,2,1,2,0.405124,0.344878,0.338203,0.384957,0.390025,0.404775,0.371763,0.371172,0.310954,0.361123,2,2,2,2,2,2,2,2,2,2
39.290899,21.505026,6,1,1,1,1,1,1,1,0,0,1,1,1,0.315244,0.317860,0.330517,0.302744,0.306895,0.283155,0.270572,0.358732,0.313092,0.334923,1,1,1,1,1,1,1,1,1,1
39.291768,21.505025,3,1,1,1,1,1,1,1,1,1,1,0,1,0.346834,0.312549,0.300114,0.338349,0.358647,0.311241,0.302527,0.342496,0.290387,0.341915,1,1,1,1,1,1,1,1,1,1
39.271781,21.504245,1,2,0,2,1,1,2,2,2,2,2,2,2,0.448609,0.289533,0.288625,0.438598,0.458011,0.423311,0.378338,0.484407,0.368805,0.446254,2,2,2,2,2,2,2,2,2,2
39.286549,21.502594,5,4,0,4,3,3,4,4,4,4,4,3,3,0.376050,0.338783,0.350417,0.361588,0.369508,0.357423,0.349195,0.391528,0.330526,0.367696,4,4,4,4,4,4,4,4,4,4
39.287418,21.502593,10,2,1,2,2,2,2,2,2,2,2,2,2,0.429977,0.379472,0.397794,0.398534,0.400181,0.376861,0.379852,0.427626,0.337030,0.381072,2,2,2,2,2,2,2,2,2,2
39.291763,21.502585,8,1,0,1,0,1,1,1,1,1,1,1,1,0.315516,0.278676,0.325561,0.352002,0.314691,0.323269,0.314560,0.300918,0.310582,0.351695,1,1,1,1,1,1,1,1,1,1
39.288286,21.501778,12,3,0,3,2,2,3,3,2,2,3,1,2,0.332684,0.310340,0.300334,0.335115,0.331327,0.322588,0.309302,0.345164,0.276803,0.316563,3,3,3,3,3,3,3,3,3,3
39.281333,21.500977,1,1,0,1,1,1,1,1,1,1,1,1,1,0.373922,0.319231,0.349688,0.418071,0.439066,0.409812,0.360690,0.381161,0.309565,0.355539,1,1,1,1,1,1,1,1,1,1
39.287415,21.500967,20,2,1,2,2,2,2,2,2,1,2,1,2,0.373614,0.336060,0.346680,0.368487,0.366818,0.351173,0.328074,0.339924,0.309227,0.356148,2,2,2,2,2,2,2,2,2,2
39.288284,21.500965,15,7,0,7,5,6,6,7,7,6,7,6,7,0.396008,0.346381,0.363907,0.381206,0.380323,0.375337,0.357942,0.379374,0.325884,0.387460,7,7,7,7,7,7,7,7,7,7
39.288282,21.500152,18,7,0,7,6,6,6,7,5,5,7,4,7,0.419267,0.370829,0.387277,0.393395,0.395890,0.376514,0.366816,0.409522,0.336099,0.406946,7,7,7,7,7,7,7,7,7,7
39.225777,21.536027,2,1,0,1,1,0,1,1,1,1,1,0,0,0.374525,0.351197,0.194627,0.385117,0.411710,0.470551,0.421337,0.355286,0.174559,0.287444,1,1,1,1,1,1,1,1,1,1
39.254428,21.518910,0,1,0,1,1,1,1,1,0,0,1,1,1,0.410269,0.379684,0.378728,0.399499,0.438130,0.299329,0.287271,0.417100,0.300687,0.324232,1,1,1,1,1,1,1,1,1,1
39.204021,21.515726,0,1,0,1,0,1,0,1,1,1,1,0,0,0.322969,0.289460,0.315002,0.280299,0.377063,0.358093,0.330592,0.321213,0.255638,0.285449,1,1,1,1,1,1,1,1,1,1
39.243993,21.514859,0,1,0,1,0,0,0,1,1,1,1,1,1,0.351014,0.293766,0.292656,0.291776,0.320344,0.415578,0.383194,0.427400,0.308132,0.354659,1,1,1,1,1,1,1,1,1,1
39.248337,21.514040,1,3,0,3,2,3,2,3,3,3,3,3,3,0.444862,0.371078,0.431277,0.366777,0.446172,0.457976,0.421124,0.471210,0.331798,0.412838,3,3,3,3,3,3,3,3,3,3
39.248335,21.513227,3,1,0,1,1,1,1,1,1,1,1,1,1,0.448846,0.344159,0.489303,0.394215,0.393612,0.387840,0.361382,0.399478,0.349177,0.391314,1,1,1,1,1,1,1,1,1,1
39.208361,21.512468,5,2,0,2,2,2,2,2,2,2,2,2,2,0.546527,0.426134,0.361534,0.401679,0.484673,0.538324,0.434831,0.433075,0.396678,0.430459,2,2,2,2,2,2,2,2,2,2
39.208360,21.511655,7,3,0,3,2,3,2,3,3,2,2,2,3,0.537845,0.423529,0.442075,0.423893,0.602779,0.546418,0.430283,0.432256,0.402988,0.492996,3,3,3,3,3,3,3,3,3,3
39.209229,21.511654,10,2,0,2,2,2,0,2,2,2,2,0,1,0.489289,0.374089,0.445457,0.236110,0.459696,0.391892,0.425604,0.325685,0.278399,0.324976,2,2,2,2,2,2,2,2,2,2
39.209228,21.510841,8,3,0,3,2,2,0,3,2,3,3,3,1,0.364576,0.293176,0.304960,0.242256,0.425676,0.313498,0.352210,0.422454,0.326955,0.276822,3,3,3,3,3,3,3,3,3,3
39.210966,21.510839,3,1,1,1,1,1,0,1,1,1,1,1,1,0.420187,0.338610,0.313863,0.236751,0.364584,0.449898,0.303812,0.382555,0.370177,0.348045,1,1,1,1,1,1,1,1,1,1
39.220524,21.510826,6,1,0,1,1,1,0,0,1,1,1,1,1,0.492518,0.408622,0.422379,0.288658,0.258490,0.454486,0.409273,0.493829,0.382115,0.440006,1,1,1,1,1,1,1,1,1,1
39.210096,21.510027,6,1,1,1,1,0,0,1,1,1,1,1,1,0.443478,0.393433,0.264119,0.295918,0.447633,0.467037,0.352596,0.462145,0.368359,0.407853,1,1,1,1,1,1,1,1,1,1
39.221392,21.510012,9,1,0,1,1,1,0,1,1,1,1,1,1,0.482230,0.396817,0.451927,0.277936,0.313026,0.485249,0.411802,0.513000,0.382426,0.491813,1,1,1,1,1,1,1,1,1,1
39.219653,21.509201,11,3,0,3,3,3,3,2,3,3,3,3,3,0.572535,0.468435,0.486230,0.373419,0.307827,0.513169,0.432415,0.532140,0.415487,0.511823,3,3,3,3,3,3,3,3,3,3
39.220522,21.509200,12,3,0,3,3,3,3,3,3,3,3,3,3,0.583523,0.474953,0.493933,0.399206,0.331952,0.547161,0.473051,0.546322,0.427226,0.546846,3,3,3,3,3,3,3,3,3,3
39.219652,21.508388,8,1,0,1,1,1,1,0,1,1,1,1,1,0.425395,0.331139,0.347934,0.315924,0.276857,0.389612,0.314410,0.420933,0.343320,0.374759,1,1,1,1,1,1,1,1,1,1
39.220521,21.508387,7,2,0,2,2,2,2,1,2,2,2,2,2,0.470189,0.368553,0.386942,0.334082,0.284898,0.375726,0.331401,0.485277,0.372047,0.392754,2,2,2,2,2,2,2,2,2,2
39.228339,21.506750,1,2,0,2,2,2,2,2,2,2,2,2,2,0.318962,0.351477,0.341503,0.338224,0.490098,0.440201,0.423853,0.512947,0.421551,0.489873,2,2,2,2,2,2,2,2,2,2
39.228337,21.505937,2,1,0,0,0,0,0,1,1,1,1,1,1,0.292368,0.277459,0.270910,0.283123,0.427218,0.361869,0.306713,0.345289,0.312774,0.405249,1,1,1,1,1,1,1,1,1,1
39.233550,21.505116,2,3,0,3,2,3,3,3,3,3,3,3,3,0.406044,0.332037,0.425647,0.345543,0.462328,0.408905,0.450292,0.473137,0.387200,0.410202,3,3,3,3,3,3,3,3,3,3
39.232680,21.504304,4,1,0,0,0,1,1,1,0,0,1,1,1,0.296283,0.235808,0.330264,0.364404,0.330948,0.293197,0.293963,0.340150,0.341081,0.346287,1,1,1,1,1,1,1,1,1,1
39.233548,21.504303,4,1,0,1,0,1,0,1,1,1,1,1,1,0.339460,0.245732,0.363630,0.278823,0.365625,0.343697,0.329920,0.362099,0.322013,0.350353,1,1,1,1,1,1,1,1,1,1
39.233545,21.501864,2,2,0,2,1,2,2,2,2,2,2,2,2,0.341003,0.293715,0.339992,0.354073,0.461080,0.396110,0.365021,0.471326,0.396376,0.409174,2,2,2,2,2,2,2,2,2,2
39.233543,21.501051,2,2,0,2,0,2,2,2,2,2,2,2,2,0.328279,0.281642,0.326419,0.356676,0.481399,0.427291,0.362135,0.450932,0.369313,0.429449,2,2,2,2,2,2,2,2,2,2
39.236150,21.501047,0,1,0,1,0,1,1,1,1,1,1,0,1,0.347940,0.263265,0.328875,0.304675,0.415147,0.401974,0.417822,0.326043,0.272564,0.361426,1,1,1,1,1,1,1,1,1,1
39.224853,21.500249,0,3,0,3,2,3,3,3,3,3,3,1,3,0.450669,0.328306,0.443116,0.424249,0.314187,0.524448,0.464796,0.486536,0.274265,0.415968,3,3,3,3,3,3,3,3,3,3
39.281694,21.687999,2,5,0,5,5,5,5,5,5,4,5,1,2,0.504430,0.472655,0.469970,0.539703,0.577807,0.386023,0.321411,0.339887,0.278489,0.310252,5,5,5,5,5,5,5,5,5,5
39.280823,21.687188,5,2,0,2,2,2,2,2,2,2,2,0,1,0.456153,0.392450,0.346296,0.349243,0.351571,0.504235,0.392165,0.338129,0.266173,0.290038,2,2,2,2,2,2,2,2,2,2
39.279948,21.684750,0,1,0,1,1,1,1,1,1,1,1,0,0,0.375874,0.371412,0.378606,0.343295,0.419271,0.368903,0.329750,0.338648,0.212968,0.281327,1,1,1,1,1,1,1,1,1,1
39.236387,21.647413,0,1,0,1,1,1,0,1,1,1,1,0,1,0.325419,0.322825,0.312937,0.296400,0.347071,0.306978,0.321272,0.372863,0.276016,0.301693,1,1,1,1,1,1,1,1,1,1
39.254650,21.645760,2,1,0,1,1,1,1,1,1,1,1,0,1,0.400140,0.328495,0.352625,0.384865,0.387487,0.370845,0.310291,0.359862,0.270839,0.325504,1,1,1,1,1,1,1,1,1,1
39.254648,21.644947,2,1,0,1,1,1,1,1,1,0,0,0,1,0.506015,0.318161,0.421725,0.369145,0.460715,0.521762,0.247706,0.268268,0.194936,0.301967,1,1,1,1,1,1,1,1,1,1
39.235503,21.638470,0,1,0,1,0,0,1,1,1,1,1,0,1,0.313876,0.272278,0.258649,0.353557,0.437439,0.345378,0.341229,0.359957,0.282607,0.377916,1,1,1,1,1,1,1,1,1,1
39.204186,21.633633,0,1,0,0,0,0,0,1,1,1,1,0,1,0.271610,0.288318,0.273102,0.286804,0.421216,0.416405,0.385613,0.387823,0.261449,0.397254,1,1,1,1,1,1,1,1,1,1
39.210274,21.633625,3,2,0,2,1,1,2,2,2,2,2,1,2,0.382413,0.350475,0.333802,0.423908,0.472980,0.473411,0.443773,0.453650,0.344644,0.418116,2,2,2,2,2,2,2,2,2,2
39.211144,21.633624,4,1,0,1,1,1,1,1,0,1,1,1,1,0.338513,0.329783,0.329547,0.389417,0.424235,0.291526,0.323952,0.430027,0.361290,0.369297,1,1,1,1,1,1,1,1,1,1
39.210273,21.632812,4,1,0,1,1,1,1,1,1,1,1,0,1,0.347986,0.324070,0.368857,0.325668,0.460807,0.469224,0.374587,0.429603,0.297020,0.395063,1,1,1,1,1,1,1,1,1,1
39.211142,21.632811,4,1,0,1,1,1,1,1,1,1,1,1,1,0.396552,0.326704,0.368327,0.362381,0.467313,0.447224,0.387043,0.466841,0.358665,0.425662,1,1,1,1,1,1,1,1,1,1
39.226756,21.606770,0,1,0,1,1,1,1,1,1,0,1,0,0,0.376694,0.313963,0.322037,0.303531,0.373109,0.405656,0.285719,0.374704,0.264178,0.264145,1,1,1,1,1,1,1,1,1,1
39.255518,21.644946,7,1,0,1,1,1,1,1,1,1,0,0,1,0.410875,0.311996,0.354278,0.363579,0.390449,0.422936,0.310769,0.279832,0.213452,0.350783,1,1,1,1,1,1,1,1,1,1
39.256388,21.644944,4,5,0,5,4,5,5,5,5,5,0,0,5,0.412323,0.344217,0.376962,0.362373,0.425423,0.433327,0.328686,0.282880,0.202279,0.337329,5,5,5,5,5,5,5,5,5,5
39.257256,21.644130,8,3,0,3,3,3,3,3,3,3,0,0,3,0.497078,0.405889,0.464087,0.422125,0.451904,0.468035,0.362127,0.275517,0.206549,0.397441,3,3,3,3,3,3,3,3,3,3
39.262466,21.639243,14,2,1,2,2,2,2,2,2,1,1,1,2,0.369507,0.350940,0.360009,0.340321,0.372133,0.407475,0.303866,0.315205,0.287728,0.322665,2,2,2,2,2,2,2,2,2,2
39.263336,21.639241,17,4,0,4,4,3,4,4,4,4,4,3,4,0.468065,0.412905,0.440716,0.463130,0.496493,0.474461,0.418913,0.412891,0.340828,0.424389,4,4,4,4,4,4,4,4,4,4
39.264205,21.639240,18,1,3,1,0,1,1,1,1,1,1,0,1,0.324237,0.286244,0.324871,0.360963,0.364296,0.364602,0.338719,0.335585,0.294942,0.350222,1,1,1,1,1,1,1,1,1,1
39.263334,21.638428,23,8,0,8,8,7,8,8,8,8,7,4,8,0.433916,0.392950,0.430335,0.451532,0.478254,0.458368,0.401847,0.386349,0.319661,0.383649,8,8,8,8,8,8,8,8,8,8
39.263333,21.637615,26,6,0,6,6,6,6,6,6,6,6,6,6,0.480343,0.442866,0.470864,0.480372,0.525789,0.506512,0.450682,0.465746,0.365242,0.428617,6,6,6,6,6,6,6,6,6,6
39.263331,21.636802,21,3,2,3,2,3,3,3,3,3,3,2,3,0.407476,0.377012,0.406174,0.449892,0.477627,0.439379,0.406178,0.427469,0.346608,0.385504,3,3,3,3,3,3,3,3,3,3
39.264198,21.635174,9,2,5,2,1,2,2,2,2,2,2,2,2,0.372250,0.346681,0.410821,0.424345,0.461187,0.455751,0.425235,0.402729,0.353007,0.425032,2,2,2,2,2,2,2,2,2,2
39.265066,21.634360,8,4,1,4,4,3,4,4,4,4,4,3,4,0.357669,0.339549,0.341914,0.398490,0.438547,0.354421,0.341600,0.381368,0.315855,0.377641,4,4,4,4,4,4,4,4,4,4
39.269415,21.634353,2,1,1,1,1,1,1,1,1,0,1,1,1,0.327139,0.301802,0.306134,0.335829,0.331826,0.370943,0.298173,0.326095,0.306515,0.322815,1,1,1,1,1,1,1,1,1,1
39.292896,21.634313,8,5,0,5,3,5,5,5,5,5,5,4,5,0.395702,0.341090,0.404098,0.409660,0.463750,0.445568,0.441637,0.414907,0.343289,0.459869,5,5,5,5,5,5,5,5,5,5
39.298969,21.626984,3,2,0,2,2,2,2,2,2,2,2,2,2,0.467231,0.388858,0.447086,0.528609,0.580370,0.551982,0.532084,0.520092,0.383360,0.505519,2,2,2,2,2,2,2,2,2,2
39.292004,21.622931,6,2,0,2,2,2,2,2,2,2,2,0,2,0.422278,0.387473,0.419361,0.418483,0.453420,0.391506,0.378619,0.377956,0.267702,0.359672,2,2,2,2,2,2,2,2,2,2
39.284176,21.622131,21,6,0,6,6,6,6,6,6,6,6,5,6,0.482256,0.413305,0.429257,0.464872,0.521554,0.467566,0.426963,0.421166,0.323686,0.440547,6,6,6,6,6,6,6,6,6,6
39.285045,21.622130,19,8,0,8,8,8,8,8,8,8,8,7,8,0.541070,0.465101,0.488187,0.530656,0.590697,0.515521,0.482572,0.477904,0.357986,0.479481,8,8,8,8,8,8,8,8,8,8
39.290263,21.622121,9,2,0,2,2,2,2,2,2,2,2,0,2,0.354817,0.320709,0.333962,0.361399,0.383335,0.400845,0.373002,0.389401,0.287059,0.384525,2,2,2,2,2,2,2,2,2,2
39.292872,21.622116,7,1,0,1,1,1,1,1,1,1,1,1,1,0.495581,0.444762,0.440849,0.395483,0.462361,0.426900,0.397261,0.396166,0.306443,0.390793,1,1,1,1,1,1,1,1,1,1
39.285044,21.621316,22,3,2,3,3,3,3,3,3,3,3,3,3,0.465991,0.427577,0.454763,0.464834,0.513741,0.451969,0.412630,0.455760,0.344606,0.438605,3,3,3,3,3,3,3,3,3,3
39.292000,21.621304,9,1,0,1,1,1,1,1,1,1,1,1,1,0.360145,0.371774,0.352057,0.409476,0.454099,0.426363,0.375263,0.372090,0.309618,0.418148,1,1,1,1,1,1,1,1,1,1
39.288520,21.620497,13,1,3,1,1,1,1,1,1,1,1,0,1,0.429831,0.393508,0.396654,0.430022,0.440117,0.407558,0.386224,0.354954,0.294385,0.353271,1,1,1,1,1,1,1,1,1,1
39.291129,21.620493,7,1,1,1,0,0,1,1,1,1,0,0,1,0.337788,0.291473,0.282916,0.371651,0.414740,0.360745,0.301017,0.284579,0.227825,0.360010,1,1,1,1,1,1,1,1,1,1
39.287648,21.618873,10,1,5,1,1,1,1,1,1,1,1,1,1,0.301058,0.305060,0.318352,0.442777,0.446367,0.373039,0.386422,0.416768,0.318441,0.400774,1,1,1,1,1,1,1,1,1,1
39.287646,21.618059,10,1,5,1,1,1,1,1,1,1,1,1,1,0.448579,0.452769,0.413681,0.485186,0.546079,0.541923,0.552475,0.540255,0.380985,0.502617,1,1,1,1,1,1,1,1,1,1
39.287643,21.616433,11,7,0,7,7,7,7,7,7,7,7,7,7,0.489091,0.420181,0.524277,0.515051,0.591423,0.493082,0.509179,0.587064,0.439234,0.571615,7,7,7,7,7,7,7,7,7,7
39.288512,21.616432,15,3,1,3,2,3,3,3,3,3,3,3,3,0.460709,0.407027,0.476149,0.480358,0.533043,0.567420,0.549978,0.551933,0.459030,0.596087,3,3,3,3,3,3,3,3,3,3
39.287641,21.615620,10,1,2,1,1,0,1,1,1,1,1,1,1,0.323219,0.314814,0.291308,0.302144,0.391344,0.409372,0.407499,0.429581,0.354986,0.517300,1,1,1,1,1,1,1,1,1,1
39.271987,21.614833,0,1,0,0,0,1,1,1,1,1,1,0,0,0.283453,0.275192,0.373163,0.481649,0.349636,0.344663,0.411031,0.318492,0.229584,0.196371,1,1,1,1,1,1,1,1,1,1
39.238211,21.698638,6,1,0,1,1,1,1,1,1,1,1,1,1,0.369640,0.334707,0.416234,0.405494,0.435449,0.383087,0.418005,0.365336,0.305348,0.357470,1,1,1,1,1,1,1,1,1,1
39.238210,21.697825,6,3,0,3,3,3,3,3,3,3,3,2,3,0.504424,0.442000,0.486394,0.569938,0.613818,0.481132,0.457182,0.459702,0.335698,0.433898,3,3,3,3,3,3,3,3,3,3
39.244300,21.697816,2,1,0,1,1,1,1,1,1,1,1,0,1,0.361776,0.308970,0.348867,0.379205,0.366382,0.396138,0.327773,0.384296,0.268717,0.305051,1,1,1,1,1,1,1,1,1,1
39.244299,21.697003,2,1,0,1,1,1,1,1,1,1,1,0,1,0.398682,0.354848,0.343385,0.407815,0.435764,0.425884,0.370838,0.390452,0.293653,0.361099,1,1,1,1,1,1,1,1,1,1
39.235594,21.694576,7,1,0,1,1,0,1,1,1,1,1,0,1,0.372122,0.314494,0.298376,0.336189,0.336359,0.425492,0.366395,0.381907,0.274255,0.347125,1,1,1,1,1,1,1,1,1,1
39.236464,21.694575,11,3,0,2,1,2,3,3,3,3,3,3,3,0.324200,0.294790,0.297507,0.355403,0.337559,0.406378,0.375150,0.394092,0.311555,0.347759,3,3,3,3,3,3,3,3,3,3
39.237334,21.694574,10,3,0,3,2,2,3,2,3,3,3,3,3,0.364780,0.322676,0.367120,0.412170,0.372913,0.453598,0.449826,0.460393,0.392337,0.421521,3,3,3,3,3,3,3,3,3,3
39.239939,21.691318,0,4,0,4,3,3,3,4,4,4,4,3,4,0.378028,0.323392,0.322421,0.330677,0.321649,0.434791,0.396202,0.438730,0.352212,0.427244,4,4,4,4,4,4,4,4,4,4
39.212956,21.683223,3,1,0,1,0,1,1,1,1,0,1,1,0,0.325466,0.294079,0.372668,0.354571,0.330490,0.393934,0.298294,0.373857,0.301448,0.291951,1,1,1,1,1,1,1,1,1,1
39.213826,21.683222,2,3,0,3,0,3,3,3,3,2,3,2,2,0.340675,0.283303,0.400227,0.372898,0.357676,0.374764,0.314963,0.402780,0.325994,0.300232,3,3,3,3,3,3,3,3,3,3
39.214696,21.683221,3,1,0,1,1,1,1,1,1,1,1,1,1,0.387894,0.311097,0.394421,0.375458,0.430749,0.446642,0.403982,0.543725,0.328270,0.403154,1,1,1,1,1,1,1,1,1,1
39.241653,21.675866,0,1,0,1,0,1,1,1,1,1,1,0,1,0.333502,0.264929,0.343771,0.401777,0.406467,0.392773,0.350628,0.323450,0.290821,0.327632,1,1,1,1,1,1,1,1,1,1
39.212941,21.673465,0,2,0,2,2,2,2,2,2,2,2,1,2,0.375805,0.339950,0.340032,0.376170,0.404657,0.411520,0.363993,0.445435,0.318335,0.390843,2,2,2,2,2,2,2,2,2,2
39.242516,21.671799,0,1,0,1,1,1,1,1,1,0,1,0,1,0.337537,0.314974,0.307202,0.344783,0.357287,0.313048,0.267058,0.366474,0.288034,0.320895,1,1,1,1,1,1,1,1,1,1
39.246859,21.667727,0,1,0,1,1,1,1,1,1,1,1,1,1,0.389823,0.317031,0.342342,0.355955,0.373370,0.461596,0.429274,0.410349,0.327124,0.352490,1,1,1,1,1,1,1,1,1,1
39.252944,21.665278,0,1,0,1,1,1,1,1,1,1,1,0,1,0.416205,0.314558,0.330177,0.319286,0.315292,0.415987,0.358919,0.391859,0.264039,0.310205,1,1,1,1,1,1,1,1,1,1
39.251179,21.650644,0,1,0,1,0,0,1,1,1,1,1,0,1,0.332031,0.279543,0.286707,0.325700,0.313487,0.351515,0.335950,0.327971,0.285961,0.323190,1,1,1,1,1,1,1,1,1,1
39.206087,21.747469,0,1,0,0,0,0,1,1,1,1,1,0,1,0.280132,0.267063,0.295541,0.330610,0.381017,0.548194,0.372366,0.450680,0.283882,0.345946,1,1,1,1,1,1,1,1,1,1
39.218270,21.745828,2,1,0,1,1,1,1,1,1,1,1,0,0,0.323381,0.302095,0.363757,0.301789,0.338775,0.372778,0.449716,0.403824,0.292951,0.054842,1,1,1,1,1,1,1,1,1,1
39.254826,21.745775,15,1,5,1,1,1,1,1,1,1,1,0,1,0.489920,0.356312,0.378513,0.416746,0.392830,0.422007,0.414611,0.378398,0.296633,0.361446,1,1,1,1,1,1,1,1,1,1
39.218269,21.745014,1,2,0,2,2,2,2,2,2,2,2,2,1,0.409268,0.354756,0.374400,0.399117,0.415282,0.430785,0.465805,0.446679,0.325045,0.212719,2,2,2,2,2,2,2,2,2,2
39.254824,21.744962,16,5,1,5,3,4,4,4,5,4,5,1,4,0.400403,0.337471,0.331202,0.349993,0.357548,0.398056,0.340642,0.353281,0.283445,0.328255,5,5,5,5,5,5,5,5,5,5
39.254823,21.744149,21,1,5,1,1,1,1,1,1,1,1,1,1,0.482089,0.401797,0.480255,0.439376,0.482640,0.445387,0.375802,0.429049,0.345109,0.371256,1,1,1,1,1,1,1,1,1,1
39.251340,21.743341,0,3,0,3,3,3,3,3,3,2,2,0,1,0.452517,0.407961,0.373892,0.404910,0.388833,0.458387,0.333859,0.340112,0.262755,0.308096,3,3,3,3,3,3,3,3,3,3
39.253931,21.731954,1,1,0,1,0,0,1,1,1,1,1,0,1,0.323308,0.292271,0.260107,0.328991,0.324577,0.362713,0.338590,0.333015,0.267978,0.314044,1,1,1,1,1,1,1,1,1,1
39.254801,21.731952,1,1,0,1,0,0,1,1,1,1,1,0,1,0.333356,0.257800,0.264969,0.368148,0.324454,0.341306,0.344236,0.327057,0.296615,0.317132,1,1,1,1,1,1,1,1,1,1
39.253928,21.730327,1,1,0,1,1,1,1,1,1,1,1,1,1,0.359108,0.334789,0.308019,0.344114,0.370576,0.466192,0.414638,0.428044,0.308755,0.454354,1,1,1,1,1,1,1,1,1,1
39.254798,21.730326,1,1,0,0,0,0,1,1,1,0,1,0,1,0.286751,0.290007,0.263721,0.347910,0.313703,0.304829,0.295069,0.416837,0.299242,0.343351,1,1,1,1,1,1,1,1,1,1
39.249574,21.728708,1,1,0,1,0,0,1,1,1,1,1,1,1,0.314604,0.279245,0.261588,0.392935,0.356692,0.359732,0.376306,0.430308,0.346592,0.412965,1,1,1,1,1,1,1,1,1,1
39.225204,21.727116,7,1,2,1,1,1,1,1,1,1,1,0,1,0.322172,0.339228,0.346233,0.339079,0.399060,0.491248,0.414238,0.420913,0.287771,0.335355,1,1,1,1,1,1,1,1,1,1
39.226074,21.727115,6,2,0,2,2,2,1,2,2,2,2,0,1,0.333393,0.329739,0.348588,0.321376,0.366809,0.426362,0.384166,0.371109,0.264124,0.301193,2,2,2,2,2,2,2,2,2,2
39.233030,21.723040,7,5,0,4,4,5,5,5,5,5,5,5,5,0.389442,0.321312,0.362391,0.447057,0.515461,0.558511,0.534031,0.535642,0.411981,0.507512,5,5,5,5,5,5,5,5,5,5
39.233900,21.723039,7,4,0,4,0,1,4,4,4,3,4,0,2,0.331795,0.252180,0.289195,0.339167,0.383905,0.460264,0.332448,0.320269,0.257416,0.303145,4,4,4,4,4,4,4,4,4,4
39.232158,21.722228,7,1,1,1,1,0,1,1,1,1,1,1,1,0.376063,0.320018,0.292790,0.419548,0.370725,0.486748,0.463655,0.511046,0.410657,0.516565,1,1,1,1,1,1,1,1,1,1
39.233028,21.722227,11,2,0,2,2,1,2,2,2,2,2,2,2,0.481611,0.363412,0.318342,0.539171,0.519017,0.487813,0.527577,0.607365,0.435343,0.588138,2,2,2,2,2,2,2,2,2,2
39.233897,21.721412,7,1,1,1,1,0,1,1,1,1,1,1,1,0.390790,0.322651,0.292051,0.327563,0.365237,0.558798,0.516026,0.542391,0.420066,0.494446,1,1,1,1,1,1,1,1,1,1
39.233896,21.720599,3,3,0,3,1,0,3,3,3,3,3,3,3,0.377417,0.304923,0.278209,0.326662,0.360047,0.469782,0.467451,0.488837,0.368547,0.434163,3,3,3,3,3,3,3,3,3,3
39.224316,21.715734,0,2,0,2,2,2,2,2,2,2,2,2,2,0.360984,0.381456,0.388495,0.386110,0.443377,0.397128,0.422665,0.460140,0.323764,0.413915,2,2,2,2,2,2,2,2,2,2
39.219091,21.713301,2,2,0,2,2,1,2,2,2,2,2,0,2,0.326477,0.338997,0.331464,0.400407,0.495578,0.407831,0.364857,0.351143,0.254008,0.330305,2,2,2,2,2,2,2,2,2,2
39.251286,21.712442,5,2,0,2,0,1,2,2,2,2,2,2,2,0.307166,0.269690,0.304196,0.328752,0.349234,0.487346,0.408921,0.414669,0.318574,0.379257,2,2,2,2,2,2,2,2,2,2
39.220828,21.710859,0,1,0,1,1,0,0,1,1,1,1,0,1,0.372368,0.305080,0.215161,0.298487,0.397294,0.362678,0.301491,0.338609,0.229751,0.315654,1,1,1,1,1,1,1,1,1,1
39.212995,21.710057,3,1,0,1,0,0,1,1,1,1,1,0,1,0.331156,0.250162,0.277456,0.374229,0.374845,0.342583,0.382453,0.342041,0.240496,0.342423,1,1,1,1,1,1,1,1,1,1
39.213864,21.709242,2,3,0,0,1,2,2,3,3,3,3,2,3,0.291440,0.302807,0.296227,0.301552,0.343311,0.415865,0.382994,0.407492,0.319623,0.352031,3,3,3,3,3,3,3,3,3,3
39.214734,21.709241,3,1,0,1,0,1,1,1,1,1,1,1,1,0.334487,0.277517,0.320789,0.345930,0.331355,0.486186,0.407070,0.476784,0.350913,0.427698,1,1,1,1,1,1,1,1,1,1
39.239967,21.708393,1,1,0,1,1,0,1,1,1,1,1,0,1,0.374945,0.303910,0.297166,0.339945,0.359222,0.406070,0.393315,0.392091,0.274108,0.324017,1,1,1,1,1,1,1,1,1,1
39.240837,21.708392,1,1,0,1,1,0,1,1,1,1,1,1,1,0.370370,0.316361,0.287424,0.333784,0.327620,0.428382,0.382536,0.369715,0.304165,0.328376,1,1,1,1,1,1,1,1,1,1
39.244318,21.708387,11,1,1,1,1,1,1,1,1,1,1,0,1,0.497512,0.415288,0.384504,0.442422,0.429709,0.536464,0.459090,0.437214,0.294486,0.334821,1,1,1,1,1,1,1,1,1,1
39.245188,21.708386,7,5,0,5,5,5,5,5,5,5,5,4,5,0.473468,0.404178,0.462250,0.461851,0.450103,0.462179,0.428842,0.433405,0.317213,0.372021,5,5,5,5,5,5,5,5,5,5
39.247799,21.708382,0,1,1,1,1,1,1,1,1,1,1,0,0,0.327857,0.360398,0.304796,0.346320,0.341280,0.390798,0.316884,0.388291,0.259351,0.288942,1,1,1,1,1,1,1,1,1,1
39.244317,21.707574,9,1,1,1,0,0,1,1,1,1,1,0,0,0.324842,0.292811,0.283106,0.334140,0.327798,0.400434,0.341314,0.341387,0.254611,0.290310,1,1,1,1,1,1,1,1,1,1
39.245187,21.707573,7,3,0,3,3,3,3,3,3,3,3,0,3,0.460608,0.419990,0.443412,0.422733,0.434918,0.415254,0.361867,0.347042,0.257419,0.326399,3,3,3,3,3,3,3,3,3,3
39.254755,21.705932,1,1,0,1,0,0,1,1,1,1,1,1,1,0.307352,0.252715,0.265775,0.487431,0.413255,0.301630,0.370171,0.350373,0.310606,0.342581,1,1,1,1,1,1,1,1,1,1
39.233871,21.705150,6,2,0,1,0,2,1,2,2,1,2,0,2,0.301734,0.286983,0.316211,0.306050,0.380281,0.358507,0.324583,0.350256,0.273010,0.344175,2,2,2,2,2,2,2,2,2,2
39.234741,21.705148,7,1,0,1,1,1,1,1,1,1,1,1,1,0.404467,0.324095,0.363517,0.450819,0.437089,0.421456,0.428486,0.411955,0.360969,0.420327,1,1,1,1,1,1,1,1,1,1
39.253014,21.705122,1,1,0,1,1,1,1,1,1,1,1,0,1,0.417738,0.335871,0.379772,0.423149,0.421414,0.307827,0.409276,0.383239,0.257307,0.333661,1,1,1,1,1,1,1,1,1,1
39.251268,21.701872,1,1,0,1,0,0,1,1,1,1,1,0,0,0.304832,0.266176,0.273804,0.371770,0.361897,0.446786,0.412636,0.300571,0.237461,0.228659,1,1,1,1,1,1,1,1,1,1
39.252137,21.701057,1,1,0,1,1,1,1,1,1,1,1,1,1,0.356359,0.307565,0.304609,0.412548,0.418341,0.376199,0.354173,0.400349,0.303079,0.337433,1,1,1,1,1,1,1,1,1,1
39.253153,21.784808,0,2,0,1,0,2,1,2,1,2,2,1,2,0.264949,0.243055,0.431343,0.317715,0.398058,0.289756,0.365518,0.359455,0.312638,0.410025,2,2,2,2,2,2,2,2,2,2
39.227034,21.784033,0,1,0,1,0,1,1,1,1,1,1,0,1,0.389124,0.268485,0.313048,0.350647,0.346794,0.359266,0.398595,0.394117,0.280413,0.385880,1,1,1,1,1,1,1,1,1,1
39.220922,21.772657,0,1,0,1,1,1,1,1,1,1,1,1,1,0.341554,0.349948,0.317215,0.355232,0.370731,0.468989,0.413998,0.400466,0.308402,0.349065,1,1,1,1,1,1,1,1,1,1
39.228747,21.766142,0,1,0,0,0,1,1,1,0,1,1,1,1,0.256898,0.219807,0.351971,0.330566,0.366766,0.280167,0.359335,0.443376,0.344920,0.378928,1,1,1,1,1,1,1,1,1,1
39.215682,21.761281,0,1,0,1,0,1,1,1,1,1,1,0,1,0.325544,0.298699,0.321817,0.354664,0.416580,0.360308,0.311352,0.303331,0.257316,0.318660,1,1,1,1,1,1,1,1,1,1
39.217421,21.759652,0,1,0,1,1,1,1,1,1,1,0,0,0,0.364171,0.301286,0.360016,0.343592,0.402046,0.383728,0.374455,0.243147,0.277744,0.280155,1,1,1,1,1,1,1,1,1,1
39.250495,21.757979,0,1,0,1,0,0,0,1,1,1,1,0,0,0.344198,0.298851,0.297656,0.292437,0.334091,0.354649,0.312720,0.302788,0.251002,0.282691,1,1,1,1,1,1,1,1,1,1
39.251360,21.754725,5,2,2,2,0,0,2,1,2,2,2,2,2,0.338393,0.290217,0.288304,0.339765,0.321666,0.405090,0.407485,0.411722,0.329135,0.398270,2,2,2,2,2,2,2,2,2,2
39.251358,21.753912,5,3,1,3,3,2,3,3,3,3,3,2,3,0.396477,0.343931,0.324807,0.390471,0.426100,0.449460,0.413293,0.437002,0.341355,0.436406,3,3,3,3,3,3,3,3,3,3
39.252229,21.753911,10,2,2,2,1,1,2,2,2,2,2,2,2,0.334432,0.296569,0.314338,0.373176,0.395390,0.389485,0.342211,0.423862,0.329998,0.370254,2,2,2,2,2,2,2,2,2,2
39.253970,21.753908,4,2,1,2,0,1,2,2,2,2,2,1,2,0.330052,0.266133,0.279881,0.325615,0.362906,0.364604,0.352750,0.364331,0.299850,0.381400,2,2,2,2,2,2,2,2,2,2
39.252227,21.753098,10,1,3,1,0,0,1,1,1,0,1,1,1,0.306314,0.288110,0.299545,0.325273,0.319168,0.334246,0.297145,0.371630,0.304922,0.329279,1,1,1,1,1,1,1,1,1,1
39.253098,21.753096,7,2,2,2,0,0,2,2,2,1,2,0,2,0.303005,0.278802,0.284533,0.317579,0.350854,0.335209,0.295687,0.348591,0.262875,0.310579,2,2,2,2,2,2,2,2,2,2
39.251355,21.752286,1,1,3,1,0,1,1,1,1,1,0,0,1,0.325036,0.259652,0.332022,0.308485,0.322519,0.304627,0.330346,0.296523,0.269437,0.307394,1,1,1,1,1,1,1,1,1,1
39.241777,21.749861,1,1,0,1,0,0,1,1,1,1,1,0,1,0.335696,0.277499,0.294042,0.315307,0.303912,0.398609,0.321209,0.325687,0.258886,0.310486,1,1,1,1,1,1,1,1,1,1
39.260145,21.799434,1,1,0,1,1,1,1,1,1,1,1,1,1,0.326699,0.327224,0.340848,0.324064,0.314291,0.414945,0.300709,0.355045,0.395756,0.362832,1,1,1,1,1,1,1,1,1,1
39.260143,21.798620,1,1,0,1,0,1,1,1,1,1,1,1,1,0.303039,0.258840,0.327688,0.348235,0.320205,0.446127,0.416918,0.493846,0.357002,0.346590,1,1,1,1,1,1,1,1,1,1
39.262749,21.795364,0,2,0,2,1,1,2,2,2,2,2,1,2,0.352509,0.288267,0.292664,0.379657,0.397489,0.450620,0.409123,0.416223,0.303435,0.368798,2,2,2,2,2,2,2,2,2,2
39.256653,21.794560,11,2,0,2,2,2,2,2,2,2,2,2,2,0.491493,0.434321,0.515477,0.478934,0.520481,0.426534,0.458348,0.493455,0.402617,0.461524,2,2,2,2,2,2,2,2,2,2
39.257524,21.794559,12,1,0,1,1,1,1,1,1,1,1,1,1,0.445218,0.434558,0.438919,0.403137,0.412653,0.570775,0.503674,0.582672,0.481687,0.551560,1,1,1,1,1,1,1,1,1,1
39.256652,21.793747,6,7,0,7,6,6,7,7,6,7,7,6,7,0.445599,0.403585,0.437424,0.461264,0.515274,0.453415,0.445858,0.487103,0.390693,0.477752,7,7,7,7,7,7,7,7,7,7
39.257522,21.793746,10,3,0,3,3,3,3,3,3,3,3,3,3,0.424406,0.385915,0.471560,0.448218,0.543318,0.492675,0.573547,0.572341,0.467571,0.574218,3,3,3,3,3,3,3,3,3,3
39.255765,21.784804,0,1,0,1,0,0,0,1,1,1,1,1,1,0.383004,0.287802,0.280613,0.291726,0.309222,0.449027,0.533891,0.467847,0.395717,0.532773,1,1,1,1,1,1,1,1,1,1
39.267074,21.779907,8,3,0,3,3,3,3,2,3,3,3,3,3,0.389605,0.350085,0.360056,0.408496,0.337534,0.417269,0.395029,0.497020,0.405265,0.465368,3,3,3,3,3,3,3,3,3,3
39.267944,21.779906,17,5,0,5,3,4,4,5,5,5,5,4,5,0.381054,0.353416,0.366238,0.395923,0.359209,0.473310,0.484900,0.528888,0.428533,0.524578,5,5,5,5,5,5,5,5,5,5
39.268815,21.779905,19,3,0,3,3,3,3,3,3,3,3,3,3,0.446334,0.401400,0.432566,0.441329,0.368216,0.489872,0.467454,0.554109,0.454734,0.525481,3,3,3,3,3,3,3,3,3,3
39.267943,21.779093,27,3,1,3,3,3,3,3,3,3,3,3,3,0.460244,0.416904,0.448455,0.433105,0.393609,0.554676,0.545561,0.599733,0.491411,0.583589,3,3,3,3,3,3,3,3,3,3
39.268814,21.779092,25,8,0,8,8,8,8,7,8,8,8,8,8,0.488559,0.449313,0.454291,0.464598,0.423791,0.553139,0.529429,0.542178,0.445457,0.550919,8,8,8,8,8,8,8,8,8,8
39.269684,21.779090,21,3,1,1,1,3,3,2,2,2,3,3,3,0.311379,0.303614,0.347931,0.360517,0.338555,0.312447,0.353336,0.383440,0.331997,0.422466,3,3,3,3,3,3,3,3,3,3
39.267071,21.778281,4,1,3,1,0,1,1,1,1,1,1,1,1,0.310131,0.298947,0.329739,0.305864,0.312101,0.516030,0.387595,0.433729,0.382736,0.423068,1,1,1,1,1,1,1,1,1,1
39.267941,21.778280,18,1,3,1,1,0,1,1,1,1,1,1,1,0.302313,0.309432,0.243169,0.354508,0.321267,0.408224,0.402505,0.482655,0.368845,0.488099,1,1,1,1,1,1,1,1,1,1
39.268812,21.778278,20,6,0,6,6,6,5,5,6,6,6,6,6,0.418853,0.391387,0.393918,0.397218,0.343792,0.478560,0.483515,0.571552,0.482709,0.607608,6,6,6,6,6,6,6,6,6,6
39.269683,21.778277,18,4,3,4,4,4,4,4,3,4,4,3,4,0.434919,0.396222,0.426247,0.476117,0.349545,0.383151,0.380607,0.430178,0.373326,0.513304,4,4,4,4,4,4,4,4,4,4
39.269681,21.777464,12,1,6,1,1,1,1,1,1,1,1,1,1,0.504813,0.444020,0.447149,0.518442,0.417379,0.479480,0.490691,0.519397,0.378225,0.621278,1,1,1,1,1,1,1,1,1,1
39.267938,21.776654,0,1,6,1,0,1,1,1,1,1,1,1,1,0.331708,0.264274,0.322711,0.302049,0.337522,0.438892,0.440301,0.420879,0.361879,0.443262,1,1,1,1,1,1,1,1,1,1
39.270550,21.776649,18,2,5,2,1,2,1,2,2,2,2,2,2,0.371721,0.313507,0.342831,0.365514,0.342115,0.398315,0.427562,0.440920,0.397631,0.427944,2,2,2,2,2,2,2,2,2,2
39.271421,21.776648,13,1,3,1,0,1,1,1,1,1,1,1,1,0.316780,0.296599,0.337857,0.359255,0.366285,0.373891,0.377131,0.433356,0.382494,0.405968,1,1,1,1,1,1,1,1,1,1
39.269678,21.775838,13,7,0,7,7,6,7,7,7,7,7,7,7,0.392934,0.346437,0.353837,0.384132,0.398411,0.470460,0.451100,0.483252,0.382592,0.423434,7,7,7,7,7,7,7,7,7,7
39.270549,21.775836,15,8,0,8,8,8,8,8,8,8,8,8,8,0.397932,0.370028,0.387100,0.423333,0.444246,0.487662,0.482720,0.508325,0.418358,0.497517,8,8,8,8,8,8,8,8,8,8
39.272290,21.775833,4,2,2,2,2,2,2,2,2,2,2,1,2,0.375562,0.321076,0.345608,0.351013,0.387075,0.382569,0.334124,0.348530,0.275373,0.330520,2,2,2,2,2,2,2,2,2,2
39.268806,21.775026,11,1,4,1,0,0,1,1,1,1,1,1,1,0.313707,0.293358,0.293881,0.315464,0.323863,0.387240,0.393099,0.415888,0.338526,0.386293,1,1,1,1,1,1,1,1,1,1
39.269676,21.775024,16,2,4,2,1,2,2,2,2,2,2,2,2,0.331421,0.309824,0.307124,0.351077,0.325760,0.384071,0.375783,0.386679,0.322284,0.375840,2,2,2,2,2,2,2,2,2,2
39.271418,21.775022,10,3,2,3,2,2,3,3,3,3,3,2,3,0.411375,0.351392,0.369306,0.398558,0.404943,0.367788,0.322855,0.359685,0.298027,0.356468,3,3,3,3,3,3,3,3,3,3
39.267063,21.774216,2,5,0,5,4,5,5,5,5,5,5,2,5,0.381428,0.330965,0.338773,0.362479,0.390434,0.422504,0.389410,0.377900,0.305881,0.360561,5,5,5,5,5,5,5,5,5,5
39.267934,21.774214,6,2,2,2,2,2,2,2,2,2,2,1,2,0.396916,0.321109,0.340075,0.336473,0.351244,0.420036,0.397386,0.375598,0.308205,0.346237,2,2,2,2,2,2,2,2,2,2
39.262709,21.773409,1,1,0,1,1,1,1,1,1,1,1,0,1,0.486010,0.390551,0.402050,0.388604,0.429002,0.434114,0.401603,0.402139,0.270260,0.378846,1,1,1,1,1,1,1,1,1,1
39.262708,21.772596,1,1,0,1,0,0,0,1,0,1,1,0,1,0.331779,0.257211,0.284535,0.289717,0.349264,0.268829,0.408411,0.375756,0.210564,0.364081,1,1,1,1,1,1,1,1,1,1
39.265313,21.769340,0,1,0,1,0,0,1,1,0,1,1,0,1,0.335868,0.242420,0.279759,0.403941,0.420294,0.292110,0.392881,0.347254,0.255194,0.339465,1,1,1,1,1,1,1,1,1,1
39.270532,21.766892,5,3,0,2,1,2,3,3,3,2,3,1,2,0.328219,0.296990,0.338379,0.380229,0.408148,0.397115,0.313923,0.325060,0.282019,0.309816,3,3,3,3,3,3,3,3,3,3
39.270530,21.766079,13,1,0,1,1,1,1,1,1,1,1,1,1,0.504454,0.400628,0.496571,0.504290,0.482376,0.472999,0.380457,0.387722,0.326899,0.355662,1,1,1,1,1,1,1,1,1,1
39.271401,21.766077,13,4,0,4,4,4,4,4,4,4,4,4,4,0.373720,0.361260,0.407092,0.406509,0.433615,0.448057,0.381425,0.414082,0.344054,0.348280,4,4,4,4,4,4,4,4,4,4
39.272271,21.766076,14,1,1,1,1,1,1,1,1,1,1,1,1,0.391489,0.377936,0.356974,0.449166,0.408419,0.478366,0.373364,0.522086,0.396039,0.368288,1,1,1,1,1,1,1,1,1,1
39.270529,21.765266,13,1,1,1,1,1,1,1,1,1,0,0,1,0.349596,0.323651,0.306784,0.340396,0.398233,0.426436,0.363284,0.294219,0.237615,0.320922,1,1,1,1,1,1,1,1,1,1
39.271399,21.765264,12,5,0,5,5,5,5,5,5,5,5,5,5,0.376880,0.340806,0.360420,0.385724,0.409860,0.450232,0.391987,0.401734,0.351807,0.399884,5,5,5,5,5,5,5,5,5,5
39.273140,21.765261,9,3,0,3,2,2,2,2,3,2,3,2,2,0.382255,0.334447,0.310126,0.339293,0.336498,0.419794,0.345327,0.382772,0.318106,0.323962,3,3,3,3,3,3,3,3,3,3
39.276622,21.765255,3,1,0,1,1,1,1,1,1,1,1,0,1,0.396700,0.324259,0.324837,0.391350,0.388863,0.388347,0.349797,0.330602,0.263908,0.308099,1,1,1,1,1,1,1,1,1,1
39.270527,21.764452,10,1,1,1,1,0,1,1,1,1,1,0,1,0.360551,0.311857,0.283378,0.409662,0.381084,0.366895,0.382721,0.332578,0.249008,0.335680,1,1,1,1,1,1,1,1,1,1
39.271398,21.764451,11,2,0,2,1,2,2,1,2,2,2,2,1,0.362334,0.326386,0.339633,0.355511,0.366612,0.430174,0.347180,0.395309,0.329967,0.334019,2,2,2,2,2,2,2,2,2,2
39.274880,21.764445,9,1,1,1,1,1,1,1,1,1,1,0,1,0.351946,0.340596,0.304144,0.393991,0.389012,0.433423,0.349626,0.346087,0.297340,0.321708,1,1,1,1,1,1,1,1,1,1
39.275750,21.764444,5,3,0,2,2,2,3,3,3,2,3,2,1,0.317436,0.318311,0.307218,0.367719,0.396764,0.406164,0.340343,0.417502,0.321810,0.300815,3,3,3,3,3,3,3,3,3,3
39.271396,21.763638,3,2,0,2,2,2,2,2,2,2,2,0,1,0.379552,0.341072,0.347228,0.360925,0.414811,0.420026,0.390339,0.352305,0.257809,0.308111,2,2,2,2,2,2,2,2,2,2
39.277483,21.760375,1,1,0,1,1,0,1,1,1,1,1,0,1,0.354450,0.307101,0.281444,0.362520,0.330976,0.444507,0.377371,0.377229,0.280587,0.358317,1,1,1,1,1,1,1,1,1,1
39.277482,21.759562,1,1,0,1,1,1,1,1,1,1,1,1,1,0.363584,0.359687,0.336740,0.426899,0.391936,0.436338,0.337878,0.377147,0.313016,0.331021,1,1,1,1,1,1,1,1,1,1
39.280090,21.757931,6,2,0,2,1,1,2,2,2,2,2,2,2,0.334041,0.287694,0.304945,0.356625,0.325445,0.391256,0.347226,0.355335,0.316568,0.347405,2,2,2,2,2,2,2,2,2,2
39.259198,21.757152,4,2,0,2,2,2,2,2,2,2,2,0,2,0.519129,0.407028,0.412845,0.482855,0.486008,0.350236,0.317068,0.333661,0.277857,0.348786,2,2,2,2,2,2,2,2,2,2
39.280088,21.757118,8,3,0,3,3,3,3,3,3,3,3,3,3,0.396215,0.338915,0.360078,0.408946,0.423898,0.481906,0.407657,0.443074,0.351239,0.413415,3,3,3,3,3,3,3,3,3,3
39.280959,21.757117,24,3,0,3,3,3,3,3,3,3,2,2,3,0.430273,0.370971,0.368537,0.437425,0.455964,0.418989,0.414936,0.413980,0.339115,0.414612,3,3,3,3,3,3,3,3,3,3
39.281829,21.757115,17,7,0,7,7,7,7,7,7,7,7,7,7,0.426562,0.373550,0.386877,0.434101,0.461374,0.451663,0.454694,0.477255,0.371023,0.453626,7,7,7,7,7,7,7,7,7,7
39.258326,21.756341,3,3,0,3,3,3,3,3,3,2,3,0,3,0.427004,0.365827,0.383042,0.448316,0.466900,0.338138,0.308994,0.322075,0.260425,0.311585,3,3,3,3,3,3,3,3,3,3
39.281828,21.756302,19,9,0,9,8,9,7,7,9,9,9,9,9,0.388521,0.358070,0.376447,0.371901,0.392222,0.433024,0.443645,0.489489,0.391434,0.471185,9,9,9,9,9,9,9,9,9,9
39.282698,21.756301,19,2,1,2,1,2,1,1,2,1,2,1,2,0.375150,0.317526,0.385956,0.334734,0.348822,0.368725,0.360977,0.376605,0.342501,0.391245,2,2,2,2,2,2,2,2,2,2
39.280956,21.755491,15,1,2,0,1,0,0,1,1,1,1,0,1,0.295841,0.310158,0.285119,0.289124,0.344049,0.321174,0.300329,0.387093,0.280645,0.382833,1,1,1,1,1,1,1,1,1,1
39.283562,21.753047,2,1,0,1,0,1,1,1,1,1,1,0,1,0.375619,0.299225,0.302128,0.408241,0.376265,0.318161,0.392286,0.363849,0.291687,0.364756,1,1,1,1,1,1,1,1,1,1
39.285300,21.751418,20,3,0,3,3,3,3,3,3,3,3,3,3,0.437881,0.388310,0.426848,0.495383,0.511869,0.521230,0.470471,0.510193,0.420088,0.501195,3,3,3,3,3,3,3,3,3,3
39.286170,21.751416,15,5,0,5,5,5,5,5,5,5,5,4,5,0.419767,0.376407,0.416299,0.448900,0.468305,0.483304,0.485570,0.487088,0.371385,0.462130,5,5,5,5,5,5,5,5,5,5
39.284428,21.750606,22,3,0,2,2,2,3,3,3,3,3,2,2,0.348011,0.342522,0.346877,0.418774,0.437354,0.473064,0.425363,0.456981,0.329049,0.403137,3,3,3,3,3,3,3,3,3,3
39.285298,21.750604,24,9,0,8,7,7,9,9,9,9,9,9,9,0.407180,0.367565,0.390869,0.463642,0.476799,0.499034,0.488541,0.510992,0.420976,0.500961,9,9,9,9,9,9,9,9,9,9
39.286168,21.750603,23,3,0,3,2,3,3,3,3,3,3,3,3,0.346450,0.303399,0.350029,0.393816,0.397420,0.394257,0.400257,0.375860,0.327323,0.404306,3,3,3,3,3,3,3,3,3,3
39.256574,21.749838,12,1,2,1,0,1,1,1,1,1,0,0,0,0.350658,0.270631,0.314152,0.327338,0.357472,0.348242,0.345092,0.280138,0.247570,0.292079,1,1,1,1,1,1,1,1,1,1
39.257444,21.749837,8,5,0,5,5,5,5,5,5,5,5,5,5,0.481462,0.421239,0.430743,0.493093,0.518180,0.498223,0.452312,0.495489,0.399389,0.483558,5,5,5,5,5,5,5,5,5,5
39.284426,21.749793,19,4,0,4,3,4,4,4,4,4,4,3,4,0.381693,0.344052,0.392991,0.432323,0.466424,0.532881,0.527967,0.528479,0.421663,0.524083,4,4,4,4,4,4,4,4,4,4
39.285296,21.749791,20,6,0,5,5,5,6,6,6,6,6,6,6,0.375835,0.380528,0.375663,0.446932,0.491580,0.554229,0.496296,0.540341,0.430709,0.523278,6,6,6,6,6,6,6,6,6,6
39.256572,21.749025,21,2,2,2,2,2,2,2,2,2,2,2,2,0.474478,0.417654,0.434130,0.448802,0.492613,0.499936,0.440743,0.460089,0.362115,0.461691,2,2,2,2,2,2,2,2,2,2
39.257442,21.749024,18,5,0,5,4,5,5,5,5,5,5,3,5,0.468098,0.386472,0.412271,0.488619,0.515198,0.440752,0.447280,0.430585,0.338144,0.442114,5,5,5,5,5,5,5,5,5,5
39.284424,21.748980,19,1,1,1,1,1,1,1,1,1,1,0,1,0.393105,0.306280,0.320483,0.374679,0.408151,0.404214,0.400326,0.360311,0.292620,0.397792,1,1,1,1,1,1,1,1,1,1
39.256571,21.748212,12,8,0,8,8,7,8,8,8,8,8,5,8,0.505504,0.434662,0.446579,0.471782,0.499413,0.476505,0.445498,0.448380,0.352348,0.422605,8,8,8,8,8,8,8,8,8,8
39.257441,21.748211,18,2,2,2,1,2,1,2,2,0,1,1,2,0.317450,0.299150,0.312741,0.301964,0.320557,0.364587,0.274164,0.329201,0.294488,0.312972,2,2,2,2,2,2,2,2,2,2
39.283552,21.748168,7,3,0,3,1,1,3,3,3,2,3,3,3,0.345548,0.301259,0.305894,0.353073,0.368401,0.378684,0.376034,0.425471,0.348488,0.430622,3,3,3,3,3,3,3,3,3,3
39.284423,21.748167,8,4,0,4,1,3,4,4,4,4,4,4,4,0.362138,0.310658,0.346513,0.411396,0.409477,0.513221,0.507000,0.532767,0.414048,0.478054,4,4,4,4,4,4,4,4,4,4
39.285293,21.748165,6,2,0,2,2,2,2,2,2,2,2,2,2,0.377707,0.351219,0.431997,0.401595,0.460615,0.477540,0.448743,0.465137,0.395654,0.402737,2,2,2,2,2,2,2,2,2,2
39.256569,21.747399,16,2,4,2,2,2,2,2,2,2,2,1,2,0.432233,0.383981,0.383519,0.435001,0.493421,0.419743,0.386708,0.377800,0.306655,0.411814,2,2,2,2,2,2,2,2,2,2
39.257440,21.747398,17,1,4,1,1,1,1,1,1,1,1,0,1,0.387756,0.324675,0.327547,0.468798,0.497490,0.350260,0.406863,0.384370,0.278629,0.399143,1,1,1,1,1,1,1,1,1,1
39.283551,21.747355,8,1,0,1,0,0,1,1,1,1,1,1,1,0.307946,0.282334,0.296504,0.319570,0.340822,0.443414,0.350777,0.403936,0.319518,0.385974,1,1,1,1,1,1,1,1,1,1
39.284421,21.747353,10,1,0,0,0,0,1,1,1,1,1,1,1,0.299916,0.246719,0.287381,0.353691,0.376906,0.472733,0.545315,0.476223,0.328679,0.464994,1,1,1,1,1,1,1,1,1,1
39.256568,21.746586,15,1,6,1,0,1,0,1,1,1,1,1,1,0.302950,0.284815,0.327124,0.296679,0.322521,0.386315,0.304660,0.333210,0.309402,0.319259,1,1,1,1,1,1,1,1,1,1
39.257438,21.746584,8,4,2,4,4,3,4,4,4,4,4,2,4,0.445990,0.347891,0.352232,0.420980,0.437381,0.373952,0.421486,0.385010,0.293664,0.378469,4,4,4,4,4,4,4,4,4,4
39.255696,21.745774,18,4,4,4,3,3,4,3,4,3,4,0,3,0.383654,0.318799,0.312105,0.334266,0.339258,0.358744,0.312550,0.331396,0.263936,0.307222,4,4,4,4,4,4,4,4,4,4
39.256566,21.745773,20,2,6,2,2,1,2,2,2,2,2,1,2,0.334014,0.320780,0.321823,0.357526,0.368621,0.405406,0.345799,0.358636,0.288701,0.349776,2,2,2,2,2,2,2,2,2,2
39.255695,21.744961,27,6,1,6,6,6,6,6,6,5,6,3,4,0.422185,0.358779,0.366522,0.388958,0.383967,0.383338,0.348571,0.362657,0.281615,0.331912,6,6,6,6,6,6,6,6,6,6
39.256565,21.744960,25,3,4,3,3,3,3,3,3,3,3,2,3,0.410506,0.350430,0.364674,0.417932,0.442074,0.425903,0.379485,0.432434,0.325128,0.390758,3,3,3,3,3,3,3,3,3,3
39.255693,21.744148,37,4,2,4,4,4,4,4,4,4,4,2,4,0.460932,0.418768,0.419130,0.423623,0.461911,0.456845,0.411968,0.443270,0.344052,0.405542,4,4,4,4,4,4,4,4,4,4
39.255692,21.743335,21,6,0,5,5,5,6,6,6,6,6,6,6,0.480586,0.438124,0.445445,0.450614,0.494438,0.591081,0.544263,0.562958,0.447972,0.519943,6,6,6,6,6,6,6,6,6,6
39.256562,21.743333,19,9,0,8,8,8,9,9,9,8,9,8,9,0.486324,0.435438,0.422297,0.456548,0.499035,0.530022,0.489727,0.486183,0.398707,0.494232,9,9,9,9,9,9,9,9,9,9
39.283543,21.743289,0,2,0,2,2,1,2,2,2,2,2,2,2,0.389601,0.331780,0.313540,0.376152,0.398755,0.465668,0.432051,0.468176,0.369855,0.410234,2,2,2,2,2,2,2,2,2,2
39.285284,21.743286,5,1,0,1,1,1,1,1,1,1,1,1,1,0.355874,0.350839,0.355068,0.513963,0.503258,0.380568,0.413939,0.458615,0.314536,0.359971,1,1,1,1,1,1,1,1,1,1
39.286154,21.743285,9,3,0,3,1,2,3,3,3,3,3,2,3,0.341676,0.281619,0.337118,0.432800,0.421205,0.365123,0.449047,0.427705,0.344258,0.343450,3,3,3,3,3,3,3,3,3,3
39.287024,21.743283,9,1,0,1,1,0,1,1,1,1,1,1,1,0.342339,0.331056,0.295731,0.379792,0.317374,0.490554,0.475217,0.494734,0.393543,0.481270,1,1,1,1,1,1,1,1,1,1
39.285282,21.742473,5,1,0,0,0,0,1,1,1,1,1,0,0,0.287736,0.284398,0.280111,0.344760,0.344333,0.406845,0.308178,0.372830,0.263624,0.296912,1,1,1,1,1,1,1,1,1,1
39.286152,21.742472,11,1,0,1,1,1,1,1,1,1,1,1,1,0.405288,0.374502,0.364843,0.386993,0.432724,0.559455,0.503103,0.515139,0.400011,0.502270,1,1,1,1,1,1,1,1,1,1
39.287023,21.742470,5,5,0,5,3,5,5,5,5,5,5,5,5,0.393035,0.350795,0.372582,0.412827,0.396683,0.462758,0.444549,0.500317,0.404333,0.470061,5,5,5,5,5,5,5,5,5,5
39.257429,21.741706,1,3,0,3,3,2,3,3,3,3,3,1,3,0.385795,0.320658,0.334666,0.364735,0.385298,0.421528,0.401153,0.362755,0.314593,0.378714,3,3,3,3,3,3,3,3,3,3
39.278313,21.739233,12,2,0,2,2,2,2,2,1,2,2,0,2,0.431111,0.370504,0.367589,0.402336,0.410595,0.356085,0.365706,0.348004,0.289177,0.368051,2,2,2,2,2,2,2,2,2,2
39.291368,21.739210,10,2,0,2,2,2,2,2,2,2,2,1,2,0.540258,0.432854,0.378175,0.385451,0.455613,0.453053,0.413760,0.419704,0.348360,0.411674,2,2,2,2,2,2,2,2,2,2
39.292238,21.739209,10,2,0,2,2,2,2,2,2,2,2,2,2,0.595785,0.463087,0.430332,0.485093,0.494726,0.518834,0.462364,0.456415,0.378368,0.490808,2,2,2,2,2,2,2,2,2,2
39.278311,21.738419,14,1,0,1,1,1,1,1,1,1,1,1,1,0.525978,0.447937,0.423559,0.492101,0.508035,0.359581,0.446322,0.450645,0.340375,0.450728,1,1,1,1,1,1,1,1,1,1
39.291366,21.738397,9,4,0,4,4,3,2,4,4,4,4,3,4,0.467542,0.386699,0.321918,0.357708,0.404601,0.485541,0.413621,0.449123,0.380218,0.441758,4,4,4,4,4,4,4,4,4,4
39.292236,21.738395,9,4,0,4,4,4,4,4,4,4,4,4,4,0.586254,0.495940,0.466296,0.525601,0.540627,0.599700,0.558545,0.573875,0.456310,0.589025,4,4,4,4,4,4,4,4,4,4
39.275699,21.737611,0,1,0,1,0,1,1,1,1,1,1,0,1,0.353659,0.285093,0.305336,0.327170,0.353314,0.373534,0.353334,0.332916,0.286100,0.325080,1,1,1,1,1,1,1,1,1,1
39.279180,21.737605,11,1,0,1,1,1,1,1,1,1,1,1,1,0.305502,0.312574,0.342682,0.318424,0.326602,0.431241,0.379211,0.446015,0.310717,0.434378,1,1,1,1,1,1,1,1,1,1
39.291364,21.737584,8,1,0,1,0,1,0,0,1,1,1,1,1,0.377551,0.286153,0.372707,0.292019,0.299091,0.475338,0.403129,0.380660,0.346986,0.430990,1,1,1,1,1,1,1,1,1,1
39.273944,21.730295,15,1,2,1,1,1,0,0,1,1,1,1,1,0.417980,0.326196,0.305927,0.295799,0.296172,0.488219,0.523224,0.541336,0.396011,0.499016,1,1,1,1,1,1,1,1,1,1
39.274815,21.730294,9,6,0,6,5,6,4,3,6,6,6,5,6,0.486527,0.393759,0.364216,0.320899,0.310464,0.518914,0.504250,0.501545,0.366450,0.467432,6,6,6,6,6,6,6,6,6,6
39.260889,21.729503,0,1,0,1,1,0,1,1,1,1,1,0,1,0.363365,0.302733,0.292415,0.306647,0.317247,0.501449,0.388615,0.383895,0.297435,0.350078,1,1,1,1,1,1,1,1,1,1
39.273073,21.729484,5,1,2,1,1,1,1,1,1,1,1,1,1,0.312749,0.312846,0.339043,0.318694,0.331084,0.393057,0.316995,0.411457,0.346222,0.351554,1,1,1,1,1,1,1,1,1,1
39.273943,21.729482,17,3,0,3,3,3,3,3,3,3,3,3,3,0.464441,0.421167,0.367950,0.405985,0.409403,0.530356,0.510364,0.593437,0.435079,0.524117,3,3,3,3,3,3,3,3,3,3
39.274813,21.729481,14,5,0,5,4,5,5,5,5,5,5,4,5,0.451355,0.389729,0.381687,0.423237,0.431012,0.471763,0.463238,0.476657,0.387215,0.498496,5,5,5,5,5,5,5,5,5,5
39.274812,21.728668,11,3,0,3,3,1,2,2,3,3,3,1,3,0.367680,0.329216,0.298717,0.348616,0.352910,0.388190,0.358664,0.398775,0.316614,0.348122,3,3,3,3,3,3,3,3,3,3
39.274810,21.727855,4,2,1,2,2,2,2,2,2,2,2,1,1,0.453918,0.353401,0.383950,0.392336,0.431751,0.413300,0.403013,0.346255,0.293657,0.313251,2,2,2,2,2,2,2,2,2,2
39.274804,21.724602,4,1,0,1,1,1,1,1,1,1,1,1,1,0.445105,0.306244,0.349905,0.337734,0.430358,0.520495,0.439771,0.347025,0.305541,0.339243,1,1,1,1,1,1,1,1,1,1
39.275674,21.724601,3,2,0,2,2,1,1,2,2,1,2,1,1,0.405795,0.337891,0.308239,0.355328,0.426841,0.521864,0.370851,0.385889,0.292632,0.321357,2,2,2,2,2,2,2,2,2,2
39.275672,21.723787,3,2,0,2,2,1,2,2,2,2,2,0,2,0.393432,0.327957,0.302500,0.356973,0.402704,0.471169,0.391554,0.396454,0.293088,0.353494,2,2,2,2,2,2,2,2,2,2
39.258240,21.708366,5,1,0,1,1,1,1,1,1,1,1,1,1,0.606654,0.517089,0.525320,0.611753,0.653825,0.605134,0.552342,0.530049,0.384777,0.488785,1,1,1,1,1,1,1,1,1,1
39.258239,21.707553,6,4,0,4,4,3,4,4,4,4,4,2,3,0.464829,0.413493,0.409885,0.431543,0.477957,0.467988,0.419810,0.414067,0.313068,0.374698,4,4,4,4,4,4,4,4,4,4
39.259109,21.707552,13,1,1,1,1,1,1,1,1,1,1,1,1,0.361983,0.344795,0.376887,0.322529,0.341284,0.418178,0.329709,0.383743,0.333810,0.380996,1,1,1,1,1,1,1,1,1,1
39.260849,21.707549,4,2,0,2,2,2,2,2,2,2,2,1,1,0.478531,0.430145,0.526891,0.458810,0.492905,0.473909,0.353582,0.351682,0.292364,0.321982,2,2,2,2,2,2,2,2,2,2
39.258237,21.706740,9,3,0,3,3,3,3,3,3,3,3,0,3,0.408016,0.353941,0.371199,0.411453,0.439617,0.407794,0.386890,0.362052,0.277285,0.356530,3,3,3,3,3,3,3,3,3,3
39.259107,21.706738,17,1,1,1,0,1,1,1,1,1,1,0,1,0.327146,0.288059,0.359954,0.305504,0.358951,0.363895,0.313434,0.321168,0.247966,0.343362,1,1,1,1,1,1,1,1,1,1
39.259978,21.706737,7,4,0,4,4,4,4,4,4,4,4,2,3,0.445861,0.413074,0.395472,0.435827,0.455601,0.410823,0.351230,0.358314,0.288360,0.347503,4,4,4,4,4,4,4,4,4,4
39.257366,21.705928,6,1,1,1,1,1,1,1,1,1,1,0,1,0.431683,0.347968,0.418589,0.421419,0.471769,0.368988,0.398670,0.376145,0.280891,0.383930,1,1,1,1,1,1,1,1,1,1
39.258236,21.705927,6,2,0,2,2,2,2,2,2,2,2,1,2,0.373562,0.330588,0.336831,0.340825,0.375772,0.388701,0.372089,0.399725,0.300241,0.345946,2,2,2,2,2,2,2,2,2,2
39.259976,21.705924,5,3,0,3,3,1,2,1,3,3,3,2,2,0.426274,0.363028,0.338842,0.340726,0.332957,0.440136,0.392612,0.383896,0.290248,0.305258,3,3,3,3,3,3,3,3,3,3
39.257364,21.705115,3,1,0,1,1,1,1,1,1,1,1,1,1,0.419347,0.394106,0.385023,0.419260,0.478839,0.369638,0.334096,0.372437,0.303447,0.357956,1,1,1,1,1,1,1,1,1,1
39.355687,21.347962,42,9,6,9,9,9,9,9,9,9,9,9,9,0.484149,0.409879,0.414422,0.463338,0.491495,0.527651,0.504335,0.547132,0.465623,0.552236,9,9,9,9,9,9,9,9,9,9
39.373915,21.347922,12,4,1,4,3,4,4,4,4,4,4,4,4,0.375351,0.323205,0.369932,0.419504,0.430996,0.537954,0.525288,0.552926,0.452043,0.532587,4,4,4,4,4,4,4,4,4,4
39.374783,21.347920,21,3,3,3,2,3,3,3,3,3,3,3,3,0.349526,0.302088,0.343016,0.385714,0.397689,0.448271,0.432586,0.481832,0.407539,0.468641,3,3,3,3,3,3,3,3,3,3
39.375651,21.347918,11,6,0,5,4,6,6,6,6,6,6,6,6,0.368819,0.333113,0.371245,0.402904,0.420577,0.511927,0.508007,0.531993,0.440471,0.519646,6,6,6,6,6,6,6,6,6,6
39.376519,21.347917,9,1,2,1,0,1,1,1,1,1,1,1,1,0.310596,0.244653,0.369748,0.394274,0.359210,0.493968,0.494947,0.497152,0.371355,0.460766,1,1,1,1,1,1,1,1,1,1
39.379991,21.347909,3,1,1,1,0,0,1,1,1,1,1,1,1,0.302351,0.291945,0.270619,0.304928,0.357884,0.370013,0.375546,0.428456,0.365242,0.444688,1,1,1,1,1,1,1,1,1,1
39.373045,21.347111,8,1,3,1,0,1,1,1,1,1,1,1,1,0.318700,0.269703,0.370395,0.388165,0.336936,0.472071,0.471586,0.467784,0.363831,0.422918,1,1,1,1,1,1,1,1,1,1
39.373913,21.347109,13,2,2,2,2,2,2,2,2,2,2,2,2,0.394453,0.357692,0.331101,0.377732,0.447321,0.466014,0.464232,0.519931,0.448937,0.547170,2,2,2,2,2,2,2,2,2,2
39.374781,21.347107,19,3,0,2,0,2,3,3,3,3,3,3,3,0.317262,0.265791,0.320817,0.351274,0.341300,0.405184,0.384767,0.434794,0.360741,0.410708,3,3,3,3,3,3,3,3,3,3
39.375649,21.347105,13,3,0,3,2,3,3,3,3,3,3,3,3,0.353033,0.328616,0.355623,0.407942,0.448028,0.525440,0.503611,0.552100,0.461766,0.558565,3,3,3,3,3,3,3,3,3,3
39.373043,21.346298,4,1,0,1,0,0,1,1,1,1,1,1,1,0.315283,0.295489,0.284215,0.351661,0.394271,0.401679,0.386872,0.405134,0.331581,0.447185,1,1,1,1,1,1,1,1,1,1
39.373911,21.346296,7,1,1,1,0,0,1,1,1,1,1,1,1,0.322340,0.263968,0.283159,0.322489,0.359869,0.416623,0.417222,0.486935,0.408897,0.483697,1,1,1,1,1,1,1,1,1,1
39.364359,21.344691,6,4,0,4,4,3,4,4,4,4,4,4,4,0.421325,0.393977,0.415287,0.448759,0.515461,0.394918,0.355723,0.399960,0.359835,0.449094,4,4,4,4,4,4,4,4,4,4
39.362619,21.343068,5,2,0,0,0,1,2,2,2,1,2,2,2,0.294703,0.266373,0.296726,0.351701,0.363099,0.378933,0.327293,0.387775,0.339641,0.403367,2,2,2,2,2,2,2,2,2,2
39.355672,21.341457,24,4,0,4,4,3,4,4,4,4,4,4,4,0.448492,0.423157,0.428964,0.428944,0.473822,0.554370,0.406118,0.498852,0.436384,0.529781,4,4,4,4,4,4,4,4,4,4
39.356540,21.341455,30,9,0,9,8,8,9,9,9,9,9,9,9,0.447706,0.409347,0.471355,0.498819,0.550719,0.578573,0.567809,0.583294,0.462433,0.509158,9,9,9,9,9,9,9,9,9,9
39.357408,21.341453,22,3,1,3,3,3,3,3,3,3,3,3,3,0.475373,0.365198,0.464439,0.398703,0.527106,0.541513,0.530919,0.548091,0.443871,0.551869,3,3,3,3,3,3,3,3,3,3
39.355670,21.340643,14,5,0,2,3,4,5,4,5,5,5,5,5,0.357276,0.370003,0.391279,0.441379,0.465629,0.577033,0.526180,0.590120,0.490450,0.578524,5,5,5,5,5,5,5,5,5,5
39.356538,21.340642,32,1,3,1,1,1,1,1,1,1,1,1,1,0.358865,0.302691,0.325483,0.415888,0.447730,0.353728,0.334781,0.392449,0.346053,0.398584,1,1,1,1,1,1,1,1,1,1
39.357406,21.340640,18,7,0,7,7,7,7,7,7,7,7,7,7,0.468743,0.400363,0.463777,0.483027,0.502103,0.495663,0.454763,0.533390,0.418309,0.446977,7,7,7,7,7,7,7,7,7,7
39.358274,21.340638,14,1,2,1,1,1,1,1,1,1,1,0,0,0.369341,0.334482,0.382927,0.350026,0.340734,0.347095,0.325712,0.350697,0.272358,0.281400,1,1,1,1,1,1,1,1,1,1
39.357404,21.339827,10,4,0,4,4,3,2,4,4,4,4,4,4,0.392528,0.324058,0.318572,0.325311,0.392089,0.389909,0.371478,0.413957,0.347450,0.383923,4,4,4,4,4,4,4,4,4,4
39.357402,21.339013,4,1,2,1,0,1,1,1,1,1,1,1,1,0.323697,0.246783,0.425849,0.419496,0.302915,0.399934,0.437896,0.463885,0.382058,0.398286,1,1,1,1,1,1,1,1,1,1
39.366081,21.338995,1,1,0,1,0,1,1,1,1,1,1,1,1,0.318255,0.276762,0.316041,0.329847,0.314687,0.399351,0.350823,0.392173,0.327933,0.373647,1,1,1,1,1,1,1,1,1,1
39.355664,21.338204,9,1,1,1,0,1,1,1,1,1,1,1,1,0.336911,0.254841,0.325247,0.373722,0.385921,0.507076,0.536324,0.499694,0.412473,0.517041,1,1,1,1,1,1,1,1,1,1
39.366947,21.338180,1,1,0,1,0,1,1,1,1,1,1,1,1,0.316262,0.288710,0.325523,0.357745,0.406088,0.418543,0.423186,0.455517,0.363630,0.459391,1,1,1,1,1,1,1,1,1,1
39.355662,21.337391,8,1,0,1,1,1,1,1,1,1,1,1,1,0.400005,0.324212,0.386988,0.451546,0.477004,0.525703,0.565666,0.557969,0.437450,0.561600,1,1,1,1,1,1,1,1,1,1
39.362603,21.336563,1,2,0,2,1,2,2,2,2,2,2,2,2,0.338658,0.304013,0.344010,0.356714,0.356584,0.379295,0.370008,0.413175,0.321139,0.370583,2,2,2,2,2,2,2,2,2,2
39.361733,21.335752,2,1,0,1,0,1,1,1,1,1,1,1,1,0.331992,0.295167,0.351096,0.408861,0.415591,0.434750,0.388664,0.458433,0.357761,0.436705,1,1,1,1,1,1,1,1,1,1
39.360149,21.397555,0,1,0,1,0,1,1,1,1,1,1,1,1,0.334481,0.298061,0.307503,0.354090,0.393413,0.361139,0.338216,0.362085,0.312647,0.351657,1,1,1,1,1,1,1,1,1,1
39.391327,21.367399,0,2,0,2,1,2,2,2,2,2,2,0,2,0.389320,0.295969,0.331400,0.343331,0.393642,0.374706,0.337201,0.352339,0.244807,0.321621,2,2,2,2,2,2,2,2,2,2
39.385246,21.365786,2,1,0,1,0,0,1,1,1,1,1,0,0,0.353520,0.278813,0.293797,0.308900,0.332366,0.341793,0.316283,0.324949,0.243055,0.292824,1,1,1,1,1,1,1,1,1,1
39.386982,21.365782,1,1,0,1,1,1,1,1,1,1,1,0,1,0.419987,0.312573,0.322197,0.359139,0.408210,0.399548,0.356580,0.385694,0.291221,0.348517,1,1,1,1,1,1,1,1,1,1
39.385244,21.364973,2,1,2,1,0,0,1,1,1,1,1,0,0,0.345909,0.281300,0.275406,0.315371,0.343711,0.336590,0.327564,0.325667,0.237071,0.296998,1,1,1,1,1,1,1,1,1,1
39.386112,21.364971,3,1,2,1,0,1,1,1,1,1,1,0,0,0.360768,0.287429,0.318874,0.322436,0.361625,0.318647,0.311979,0.353332,0.253927,0.297123,1,1,1,1,1,1,1,1,1,1
39.385239,21.363347,29,2,3,2,2,2,2,2,2,2,2,2,2,0.419264,0.369973,0.414182,0.406876,0.409482,0.439517,0.449256,0.480021,0.367773,0.431759,2,2,2,2,2,2,2,2,2,2
39.386107,21.363345,28,3,3,3,3,3,3,3,3,3,3,3,3,0.420143,0.382034,0.422978,0.435526,0.451145,0.460135,0.480054,0.527585,0.414689,0.478989,3,3,3,3,3,3,3,3,3,3
39.377425,21.362551,3,5,0,5,3,3,5,5,5,5,5,5,5,0.361857,0.326355,0.343790,0.374636,0.419365,0.534340,0.552091,0.587496,0.437438,0.548280,5,5,5,5,5,5,5,5,5,5
39.378293,21.362549,7,1,1,1,0,1,1,1,1,1,1,1,1,0.333229,0.283711,0.320180,0.372492,0.371205,0.377935,0.390629,0.393691,0.341894,0.398598,1,1,1,1,1,1,1,1,1,1
39.384369,21.362536,21,8,0,8,8,8,8,8,8,8,8,8,8,0.544543,0.489995,0.534734,0.535749,0.558695,0.562522,0.577432,0.611313,0.473183,0.544511,8,8,8,8,8,8,8,8,8,8
39.385237,21.362534,33,9,0,9,8,8,9,9,9,9,9,8,8,0.456600,0.416047,0.447327,0.462727,0.475125,0.468750,0.473020,0.506175,0.407105,0.463483,9,9,9,9,9,9,9,9,9,9
39.386105,21.362532,31,9,0,9,9,9,9,9,9,9,9,9,9,0.558647,0.494889,0.549946,0.554198,0.592373,0.552291,0.569930,0.619630,0.480314,0.548778,9,9,9,9,9,9,9,9,9,9
39.386973,21.362530,20,7,0,7,7,7,7,7,7,7,7,7,7,0.500887,0.461163,0.523450,0.528008,0.560300,0.508977,0.535144,0.587831,0.463322,0.522203,7,7,7,7,7,7,7,7,7,7
39.378291,21.361736,6,2,1,2,1,1,2,2,2,2,2,2,2,0.341565,0.298315,0.310708,0.349366,0.393140,0.453690,0.443257,0.474828,0.364560,0.449409,2,2,2,2,2,2,2,2,2,2
39.395650,21.360883,7,1,0,1,1,1,1,1,1,1,1,1,1,0.521300,0.469404,0.519307,0.461358,0.488323,0.460098,0.416556,0.417422,0.361656,0.431457,1,1,1,1,1,1,1,1,1,1
39.396518,21.360881,6,2,0,2,2,2,2,2,2,2,1,1,2,0.541932,0.496535,0.578006,0.422531,0.465903,0.395878,0.366971,0.354821,0.292375,0.350262,2,2,2,2,2,2,2,2,2,2
39.393911,21.360074,5,3,0,3,3,3,3,3,3,3,3,2,3,0.528539,0.484446,0.551261,0.508418,0.531635,0.452773,0.411658,0.418330,0.329447,0.376449,3,3,3,3,3,3,3,3,3,3
39.396516,21.360068,3,1,0,1,1,1,1,1,1,1,1,0,1,0.524159,0.483264,0.526010,0.485520,0.532457,0.424873,0.354156,0.319917,0.289743,0.339784,1,1,1,1,1,1,1,1,1,1
39.373076,21.359308,4,1,4,1,0,1,1,1,1,1,1,0,1,0.333059,0.280490,0.313167,0.356197,0.341017,0.348258,0.305501,0.321443,0.280413,0.330180,1,1,1,1,1,1,1,1,1,1
39.373072,21.357682,18,8,0,8,7,7,8,8,8,8,8,8,8,0.476626,0.401800,0.441419,0.469707,0.486517,0.488812,0.445646,0.448051,0.368777,0.436976,8,8,8,8,8,8,8,8,8,8
39.367856,21.354441,21,8,0,8,8,8,8,8,8,8,8,8,8,0.460545,0.406828,0.446026,0.485199,0.517721,0.541198,0.502143,0.554810,0.439009,0.532003,8,8,8,8,8,8,8,8,8,8
39.367854,21.353628,47,7,0,7,6,7,7,6,7,7,7,6,7,0.366364,0.335574,0.351200,0.382272,0.390303,0.483289,0.423272,0.437553,0.380095,0.467679,7,7,7,7,7,7,7,7,7,7
39.368722,21.353626,46,6,1,6,6,5,6,6,6,6,6,5,6,0.432646,0.381310,0.395174,0.405673,0.460082,0.499632,0.445056,0.430423,0.366994,0.430648,6,6,6,6,6,6,6,6,6,6
39.366115,21.352818,12,1,3,1,1,1,1,1,1,1,1,1,1,0.383486,0.361806,0.479796,0.497915,0.431023,0.449860,0.454687,0.527100,0.377964,0.395105,1,1,1,1,1,1,1,1,1,1
39.366983,21.352817,23,9,0,8,8,9,9,9,9,9,9,9,9,0.439439,0.405220,0.433986,0.451775,0.485354,0.517405,0.505849,0.537887,0.445528,0.519258,9,9,9,9,9,9,9,9,9,9
39.367851,21.352815,36,9,0,9,9,9,9,9,9,9,9,9,9,0.495019,0.440781,0.504464,0.506413,0.552545,0.528291,0.513617,0.555284,0.460677,0.563946,9,9,9,9,9,9,9,9,9,9
39.368719,21.352813,32,9,0,9,9,9,9,9,9,9,9,9,9,0.448123,0.437056,0.486134,0.494089,0.541380,0.530371,0.529158,0.550824,0.437602,0.568146,9,9,9,9,9,9,9,9,9,9
39.382608,21.352782,10,2,0,2,2,2,2,2,2,2,2,2,2,0.396374,0.349178,0.401785,0.373355,0.399523,0.468806,0.472523,0.511798,0.424394,0.364199,2,2,2,2,2,2,2,2,2,2
39.360037,21.352018,8,3,3,3,3,3,3,3,3,3,3,2,3,0.362092,0.325186,0.340071,0.357578,0.360675,0.367940,0.350867,0.381508,0.324829,0.367019,3,3,3,3,3,3,3,3,3,3
39.360905,21.352017,8,4,1,4,3,3,3,3,4,4,4,2,3,0.363783,0.336088,0.343177,0.363064,0.355296,0.397451,0.365521,0.377576,0.320838,0.360127,4,4,4,4,4,4,4,4,4,4
39.382606,21.351969,5,5,0,5,5,5,5,5,5,5,5,5,4,0.416069,0.368277,0.403150,0.402964,0.439408,0.539823,0.527861,0.556377,0.449288,0.409946,5,5,5,5,5,5,5,5,5,5
39.383474,21.351967,7,2,0,2,2,2,2,2,2,2,2,2,2,0.366529,0.320688,0.365075,0.358786,0.394018,0.504950,0.486169,0.505212,0.404069,0.484992,2,2,2,2,2,2,2,2,2,2
39.360035,21.351205,31,2,5,2,1,1,1,2,2,1,2,2,2,0.333467,0.316965,0.282126,0.308619,0.357910,0.335385,0.347860,0.394531,0.316998,0.398772,2,2,2,2,2,2,2,2,2,2
39.360903,21.351203,26,2,4,2,2,2,2,2,2,2,2,2,2,0.437684,0.417216,0.449717,0.460147,0.450399,0.500739,0.509772,0.533753,0.410781,0.510537,2,2,2,2,2,2,2,2,2,2
39.361771,21.351202,13,1,4,0,0,1,1,1,1,1,1,1,1,0.296316,0.289990,0.306111,0.350170,0.317771,0.414249,0.409471,0.441192,0.360427,0.406233,1,1,1,1,1,1,1,1,1,1
39.370451,21.351183,17,9,0,9,9,8,9,9,9,9,9,9,9,0.527743,0.466718,0.495031,0.542218,0.582535,0.557506,0.550229,0.570793,0.463411,0.580773,9,9,9,9,9,9,9,9,9,9
39.377395,21.351167,10,6,0,6,6,6,6,6,6,6,6,6,6,0.427308,0.399473,0.427248,0.461615,0.487387,0.490719,0.497913,0.550447,0.437432,0.528080,6,6,6,6,6,6,6,6,6,6
39.378263,21.351165,9,3,0,3,2,2,3,3,3,3,3,2,3,0.362829,0.322757,0.355089,0.426543,0.446672,0.435501,0.418671,0.441486,0.378302,0.470357,3,3,3,3,3,3,3,3,3,3
39.379999,21.351161,0,2,0,1,1,2,2,2,2,2,2,2,2,0.378610,0.342261,0.359238,0.372812,0.406453,0.433118,0.437962,0.448283,0.360296,0.440090,2,2,2,2,2,2,2,2,2,2
39.395624,21.351125,2,1,0,1,0,1,0,1,1,1,1,1,1,0.335436,0.257197,0.307509,0.299059,0.310908,0.419550,0.409741,0.416658,0.309870,0.353059,1,1,1,1,1,1,1,1,1,1
39.355693,21.350401,26,6,6,6,5,5,6,6,6,6,6,6,6,0.372205,0.338651,0.410061,0.408706,0.394883,0.425126,0.393891,0.419916,0.346278,0.399147,6,6,6,6,6,6,6,6,6,6
39.356561,21.350400,27,1,14,1,0,0,1,1,1,0,1,0,1,0.347997,0.289462,0.277862,0.371001,0.359870,0.354763,0.292261,0.307404,0.293280,0.332289,1,1,1,1,1,1,1,1,1,1
39.358297,21.350396,26,1,12,1,1,1,1,1,1,1,1,1,1,0.328943,0.309725,0.310095,0.356316,0.364824,0.385339,0.371997,0.400088,0.325062,0.389757,1,1,1,1,1,1,1,1,1,1
39.359165,21.350394,26,8,3,8,7,7,8,8,8,8,8,8,8,0.449227,0.407625,0.433917,0.460444,0.458038,0.511355,0.504133,0.545257,0.438265,0.543463,8,8,8,8,8,8,8,8,8,8
39.360033,21.350392,27,9,0,9,8,8,9,9,9,9,9,9,9,0.491935,0.433738,0.450628,0.499096,0.505818,0.530644,0.479198,0.536417,0.437351,0.515812,9,9,9,9,9,9,9,9,9,9
39.375657,21.350358,9,6,0,6,5,6,6,6,6,6,6,6,6,0.415837,0.389031,0.412068,0.461810,0.485321,0.479664,0.475654,0.502652,0.422225,0.511439,6,6,6,6,6,6,6,6,6,6
39.376525,21.350356,18,2,2,2,2,2,2,2,2,2,2,2,2,0.398533,0.376075,0.405143,0.457445,0.475087,0.409523,0.418037,0.425225,0.370825,0.451877,2,2,2,2,2,2,2,2,2,2
39.377393,21.350354,13,3,0,2,2,2,3,3,3,3,3,3,3,0.351339,0.323134,0.334679,0.397789,0.436468,0.465326,0.449191,0.463529,0.398909,0.493252,3,3,3,3,3,3,3,3,3,3
39.355691,21.349588,40,9,6,9,9,9,9,9,9,9,9,9,9,0.462254,0.419510,0.466920,0.481859,0.508481,0.519786,0.484902,0.507336,0.404770,0.480119,9,9,9,9,9,9,9,9,9,9
39.356559,21.349586,46,6,10,6,6,6,6,6,6,6,6,6,6,0.467419,0.394367,0.427858,0.467444,0.498835,0.463241,0.413850,0.429483,0.353165,0.415597,6,6,6,6,6,6,6,6,6,6
39.357427,21.349585,37,6,10,6,6,4,6,6,6,5,6,4,6,0.363155,0.329865,0.341156,0.374762,0.380449,0.395026,0.358454,0.377158,0.328255,0.375371,6,6,6,6,6,6,6,6,6,6
39.358295,21.349583,39,4,11,4,3,3,4,4,4,4,4,4,4,0.408598,0.375012,0.375714,0.416473,0.417771,0.478384,0.447071,0.409146,0.395222,0.453903,4,4,4,4,4,4,4,4,4,4
39.373919,21.349549,9,3,3,3,3,3,3,3,3,3,3,3,3,0.426894,0.370951,0.415812,0.465180,0.495832,0.542574,0.537108,0.604708,0.512125,0.591573,3,3,3,3,3,3,3,3,3,3
39.374787,21.349547,15,1,5,1,0,1,1,1,1,1,1,1,1,0.306170,0.252419,0.337405,0.411268,0.353782,0.503752,0.445005,0.439538,0.395182,0.442324,1,1,1,1,1,1,1,1,1,1
39.379995,21.349535,5,1,0,1,1,1,1,1,1,1,1,1,1,0.406080,0.326677,0.405932,0.419067,0.426657,0.470079,0.422581,0.462622,0.353595,0.431006,1,1,1,1,1,1,1,1,1,1
39.355689,21.348775,57,6,10,6,6,6,6,6,6,6,6,6,6,0.443187,0.405792,0.433616,0.463618,0.490352,0.543294,0.512992,0.556202,0.454517,0.535906,6,6,6,6,6,6,6,6,6,6
39.356557,21.348773,58,9,7,9,9,9,9,9,9,9,9,9,9,0.521127,0.482102,0.518179,0.561816,0.603177,0.548174,0.515143,0.545760,0.453470,0.543867,9,9,9,9,9,9,9,9,9,9
39.357425,21.348771,45,9,7,9,9,9,9,9,9,9,9,9,9,0.535976,0.481514,0.508676,0.566073,0.571333,0.571875,0.525071,0.550126,0.446044,0.540853,9,9,9,9,9,9,9,9,9,9
39.373917,21.348735,14,2,4,1,1,1,2,2,2,2,2,2,2,0.313789,0.280946,0.287167,0.387552,0.417987,0.489900,0.455348,0.471360,0.432186,0.529710,2,2,2,2,2,2,2,2,2,2
39.374785,21.348734,19,1,5,0,0,0,1,1,1,1,1,1,1,0.259250,0.269741,0.297610,0.352768,0.335177,0.437125,0.479139,0.416312,0.320605,0.442360,1,1,1,1,1,1,1,1,1,1
39.379993,21.348722,6,1,1,1,1,1,1,1,1,1,1,1,1,0.358308,0.322307,0.321447,0.336283,0.361334,0.383477,0.395971,0.393055,0.345522,0.414741,1,1,1,1,1,1,1,1,1,1
39.380861,21.348720,5,2,0,2,1,2,2,2,2,2,2,2,2,0.372848,0.340384,0.365649,0.371609,0.401509,0.385566,0.385115,0.443351,0.338765,0.393127,2,2,2,2,2,2,2,2,2,2
39.351425,21.380497,0,1,0,1,0,1,1,1,1,1,1,0,1,0.367531,0.299102,0.309893,0.308782,0.340095,0.340203,0.322593,0.387520,0.294484,0.336747,1,1,1,1,1,1,1,1,1,1
39.300194,21.376531,13,3,0,3,3,3,3,3,3,3,3,2,3,0.356889,0.344171,0.392720,0.417224,0.425352,0.416404,0.377789,0.407023,0.312254,0.362947,3,3,3,3,3,3,3,3,3,3
39.300192,21.375718,14,3,0,3,2,2,3,3,3,3,3,2,3,0.326348,0.301219,0.305955,0.362945,0.410842,0.411028,0.353598,0.360444,0.308348,0.365649,3,3,3,3,3,3,3,3,3,3
39.301061,21.375716,13,5,0,4,1,2,5,5,5,5,5,2,5,0.332563,0.293066,0.314199,0.355336,0.370489,0.377304,0.344102,0.370605,0.296244,0.341167,5,5,5,5,5,5,5,5,5,5
39.301929,21.375715,10,4,0,4,2,2,3,4,4,4,4,2,4,0.353406,0.321948,0.341941,0.352972,0.379145,0.396825,0.364488,0.397166,0.307899,0.350724,4,4,4,4,4,4,4,4,4,4
39.302797,21.375713,7,1,0,1,1,1,1,1,1,1,1,1,1,0.477461,0.417454,0.462527,0.454932,0.504745,0.508756,0.453858,0.509639,0.392151,0.466458,1,1,1,1,1,1,1,1,1,1
39.301059,21.374903,14,1,0,1,0,0,1,1,1,1,1,1,1,0.316269,0.259845,0.296925,0.332744,0.313730,0.373868,0.396929,0.461631,0.334433,0.404661,1,1,1,1,1,1,1,1,1,1
39.301927,21.374902,12,2,0,2,1,2,2,2,2,2,2,2,2,0.346812,0.313264,0.325204,0.388371,0.430446,0.419632,0.384651,0.429874,0.345948,0.435860,2,2,2,2,2,2,2,2,2,2
39.302795,21.374900,7,1,0,1,0,0,1,1,1,1,1,1,1,0.314473,0.267667,0.272740,0.322151,0.373559,0.358461,0.312029,0.327797,0.301434,0.348036,1,1,1,1,1,1,1,1,1,1
39.347057,21.369122,0,1,0,1,1,0,1,1,1,1,1,0,1,0.357268,0.308665,0.284316,0.318602,0.396287,0.396490,0.330147,0.314052,0.253912,0.324431,1,1,1,1,1,1,1,1,1,1
39.351380,21.361795,0,1,0,1,1,0,0,1,1,1,1,1,1,0.351197,0.321799,0.287146,0.282092,0.310526,0.398927,0.342712,0.391111,0.315948,0.326070,1,1,1,1,1,1,1,1,1,1
39.350507,21.359357,0,1,0,1,0,1,1,0,1,1,1,1,1,0.315750,0.285932,0.304343,0.307795,0.297717,0.405667,0.431364,0.442795,0.330055,0.383982,1,1,1,1,1,1,1,1,1,1
39.352225,21.352035,0,1,0,1,1,1,1,1,1,1,1,0,0,0.496086,0.362848,0.385504,0.553318,0.519465,0.420601,0.355423,0.326263,0.271472,0.297631,1,1,1,1,1,1,1,1,1,1
39.354825,21.350403,23,2,7,2,0,1,2,1,2,2,2,1,2,0.312628,0.277171,0.330322,0.351440,0.318382,0.382416,0.384293,0.391701,0.310201,0.367964,2,2,2,2,2,2,2,2,2,2
39.354823,21.349590,27,8,5,8,8,8,8,8,8,8,8,8,8,0.504608,0.446158,0.482726,0.515547,0.530121,0.653191,0.623020,0.673783,0.529705,0.629808,8,8,8,8,8,8,8,8,8,8
39.353953,21.348779,28,2,10,1,1,2,2,2,2,2,2,2,2,0.299548,0.292323,0.319111,0.342776,0.309097,0.429850,0.447003,0.455464,0.371083,0.433199,2,2,2,2,2,2,2,2,2,2
39.354821,21.348777,46,2,13,1,1,1,2,2,2,2,2,2,2,0.296600,0.289958,0.296750,0.337597,0.364767,0.459728,0.440605,0.465945,0.379201,0.450578,2,2,2,2,2,2,2,2,2,2
39.351348,21.347971,7,2,0,2,2,2,2,2,2,2,2,0,0,0.371361,0.324793,0.343752,0.369381,0.403351,0.382638,0.342168,0.348818,0.263295,0.295963,2,2,2,2,2,2,2,2,2,2
39.352216,21.347969,8,7,0,7,6,5,7,7,7,7,7,6,6,0.395474,0.345712,0.341752,0.377722,0.393021,0.466765,0.405387,0.419930,0.354750,0.407812,7,7,7,7,7,7,7,7,7,7
39.353084,21.347967,18,6,1,6,5,6,6,5,5,5,6,6,6,0.396678,0.356081,0.378719,0.425857,0.414277,0.448809,0.411691,0.443231,0.377756,0.435503,6,6,6,6,6,6,6,6,6,6
39.353952,21.347966,28,6,4,6,6,6,6,6,6,6,6,6,6,0.425591,0.385888,0.415288,0.481777,0.457135,0.450751,0.433120,0.459413,0.396175,0.459495,6,6,6,6,6,6,6,6,6,6
39.354819,21.347964,39,6,8,6,6,6,6,6,6,6,6,6,6,0.445234,0.408446,0.438434,0.521747,0.518495,0.568711,0.538032,0.579462,0.476336,0.558651,6,6,6,6,6,6,6,6,6,6
39.353950,21.347152,30,3,5,3,3,3,3,3,3,3,3,3,3,0.372303,0.337387,0.350444,0.417901,0.402092,0.407597,0.420709,0.389222,0.337918,0.395380,3,3,3,3,3,3,3,3,3,3
39.354818,21.347151,29,9,2,9,9,9,9,9,9,9,9,9,9,0.462180,0.392077,0.459455,0.522889,0.512925,0.503097,0.497782,0.544851,0.459021,0.516687,9,9,9,9,9,9,9,9,9,9
39.353942,21.343900,16,9,0,9,9,9,9,9,9,9,7,8,9,0.486160,0.466130,0.487249,0.527177,0.556075,0.524938,0.513053,0.375672,0.389764,0.519052,9,9,9,9,9,9,9,9,9,9
39.351336,21.343092,13,3,2,3,3,3,3,3,3,3,3,3,3,0.471601,0.434742,0.444800,0.444628,0.499134,0.395820,0.367970,0.412345,0.358890,0.439134,3,3,3,3,3,3,3,3,3,3
39.352204,21.343090,17,1,4,1,1,1,1,1,1,1,1,1,1,0.387149,0.370672,0.374828,0.397630,0.415788,0.427409,0.422354,0.362078,0.326628,0.390464,1,1,1,1,1,1,1,1,1,1
39.353072,21.343088,18,4,1,4,3,4,2,2,3,4,4,2,4,0.343510,0.334983,0.356852,0.317199,0.349665,0.362064,0.397155,0.362424,0.301006,0.369147,4,4,4,4,4,4,4,4,4,4
39.353940,21.343087,20,2,2,2,2,2,2,2,2,2,2,2,2,0.486121,0.418203,0.450138,0.387135,0.388589,0.354934,0.376955,0.402006,0.350527,0.447099,2,2,2,2,2,2,2,2,2,2
39.341786,21.342299,7,1,2,1,1,1,1,1,1,1,1,1,1,0.367753,0.353271,0.392909,0.398283,0.390552,0.390987,0.407731,0.439472,0.357221,0.412266,1,1,1,1,1,1,1,1,1,1
39.349598,21.342283,23,7,1,7,7,7,7,7,7,7,7,6,7,0.523502,0.484635,0.506797,0.524161,0.553214,0.432433,0.441461,0.462567,0.397725,0.480376,7,7,7,7,7,7,7,7,7,7
39.350466,21.342281,21,4,3,4,3,3,4,4,3,3,4,4,4,0.475373,0.401119,0.411536,0.445903,0.458348,0.434101,0.387748,0.462434,0.401091,0.489678,4,4,4,4,4,4,4,4,4,4
39.351334,21.342279,10,4,1,4,3,4,4,4,4,4,4,4,4,0.374814,0.337236,0.367958,0.375764,0.383067,0.389021,0.378212,0.390013,0.358484,0.428594,4,4,4,4,4,4,4,4,4,4
39.339181,21.341491,17,2,1,2,2,2,2,2,2,2,2,2,2,0.499863,0.438651,0.504434,0.497831,0.536094,0.566636,0.538082,0.591402,0.467148,0.532068,2,2,2,2,2,2,2,2,2,2
39.349596,21.341469,29,5,3,3,3,4,5,5,5,5,5,5,5,0.358999,0.353848,0.358026,0.423186,0.493191,0.453470,0.428746,0.449408,0.394906,0.443511,5,5,5,5,5,5,5,5,5,5
39.338311,21.340679,12,2,1,2,2,2,2,2,2,2,2,2,2,0.480638,0.448308,0.459085,0.424395,0.468943,0.542984,0.480132,0.553860,0.439313,0.473035,2,2,2,2,2,2,2,2,2,2
39.347858,21.340660,15,7,4,7,7,7,7,7,7,7,7,7,7,0.468316,0.418238,0.430302,0.434396,0.503179,0.528172,0.482214,0.504072,0.422816,0.495276,7,7,7,7,7,7,7,7,7,7
39.348726,21.340658,23,5,5,5,5,4,5,5,5,5,5,5,5,0.380393,0.380429,0.345844,0.389754,0.448331,0.517383,0.490069,0.536675,0.431909,0.482783,5,5,5,5,5,5,5,5,5,5
39.349594,21.340656,18,1,9,0,0,1,1,1,1,1,1,1,1,0.248056,0.244941,0.300891,0.413468,0.429734,0.435501,0.374800,0.396496,0.381203,0.452257,1,1,1,1,1,1,1,1,1,1
39.353064,21.339836,9,2,3,2,1,2,2,2,2,2,2,2,2,0.354272,0.322018,0.354848,0.385726,0.398494,0.446969,0.436938,0.458749,0.366840,0.491472,2,2,2,2,2,2,2,2,2,2
39.346987,21.339035,9,1,13,1,1,1,1,1,1,1,1,1,1,0.352988,0.333722,0.327731,0.353835,0.350851,0.375184,0.361908,0.376946,0.330041,0.382104,1,1,1,1,1,1,1,1,1,1
39.347854,21.339034,15,2,12,2,2,2,1,1,2,2,2,2,2,0.347143,0.329182,0.342171,0.317871,0.306228,0.369391,0.362250,0.415916,0.344686,0.391730,2,2,2,2,2,2,2,2,2,2
39.348722,21.339032,20,1,11,1,1,1,1,1,1,1,1,1,1,0.364067,0.327347,0.344084,0.361261,0.333234,0.415420,0.380371,0.460073,0.424731,0.448248,1,1,1,1,1,1,1,1,1,1
39.350458,21.339028,33,4,7,4,4,4,4,3,4,4,4,4,4,0.485769,0.416959,0.477881,0.452380,0.413008,0.420056,0.453449,0.433890,0.371685,0.468112,4,4,4,4,4,4,4,4,4,4
39.352194,21.339024,28,6,3,6,6,6,6,6,6,6,6,6,6,0.504026,0.429208,0.501953,0.464412,0.456723,0.475170,0.437036,0.435902,0.373716,0.430429,6,6,6,6,6,6,6,6,6,6
39.353062,21.339023,23,2,5,2,2,2,2,2,2,2,2,1,2,0.455691,0.384913,0.423533,0.465049,0.459890,0.433946,0.379029,0.385782,0.313280,0.404602,2,2,2,2,2,2,2,2,2,2
39.353930,21.339021,16,1,4,1,1,1,1,1,1,1,1,1,1,0.438138,0.368289,0.477545,0.461328,0.447666,0.564908,0.624648,0.672939,0.516500,0.618322,1,1,1,1,1,1,1,1,1,1
39.354798,21.339019,9,2,2,2,2,1,2,2,2,2,2,2,2,0.366500,0.325196,0.338011,0.350251,0.378440,0.522680,0.486075,0.494482,0.444954,0.506850,2,2,2,2,2,2,2,2,2,2
39.344381,21.338228,15,1,12,0,0,1,1,1,1,1,1,0,1,0.295259,0.279192,0.336101,0.322784,0.307776,0.313320,0.363519,0.337887,0.253501,0.336028,1,1,1,1,1,1,1,1,1,1
39.346985,21.338222,23,6,8,6,5,5,5,5,6,6,6,6,6,0.360537,0.329769,0.330482,0.343438,0.357571,0.394949,0.349485,0.365708,0.332525,0.403847,6,6,6,6,6,6,6,6,6,6
39.347853,21.338220,36,1,13,1,1,1,1,1,1,1,1,1,1,0.349533,0.368664,0.330266,0.316154,0.333268,0.416744,0.425443,0.439255,0.366195,0.481631,1,1,1,1,1,1,1,1,1,1
39.348720,21.338219,31,6,10,6,5,5,6,6,6,6,6,6,6,0.424869,0.390110,0.394915,0.412003,0.455769,0.527862,0.505746,0.528097,0.435263,0.543575,6,6,6,6,6,6,6,6,6,6
39.350456,21.338215,51,9,2,9,9,9,9,9,9,9,9,9,9,0.525013,0.463466,0.518107,0.535756,0.503279,0.489690,0.463052,0.462373,0.413038,0.508462,9,9,9,9,9,9,9,9,9,9
39.351324,21.338213,59,8,2,8,8,8,8,8,8,8,7,7,8,0.497086,0.428345,0.471343,0.454150,0.463603,0.474221,0.424483,0.444072,0.395422,0.448542,8,8,8,8,8,8,8,8,8,8
39.352192,21.338211,45,8,3,8,8,8,8,8,8,8,8,8,8,0.559199,0.461966,0.538187,0.528017,0.529028,0.520448,0.490412,0.500308,0.418134,0.502981,8,8,8,8,8,8,8,8,8,8
39.353060,21.338209,33,3,6,3,3,3,3,3,3,3,3,3,3,0.501164,0.409437,0.504887,0.527188,0.536677,0.509074,0.427620,0.494754,0.427829,0.449256,3,3,3,3,3,3,3,3,3,3
39.353928,21.338208,18,3,4,3,2,3,3,3,3,3,3,3,3,0.386476,0.352406,0.379923,0.391681,0.433628,0.516883,0.503873,0.527994,0.437576,0.538089,3,3,3,3,3,3,3,3,3,3
39.354796,21.338206,11,4,0,3,4,2,2,4,4,4,4,4,4,0.381159,0.342496,0.358248,0.366608,0.440280,0.549227,0.473723,0.546401,0.461614,0.545358,4,4,4,4,4,4,4,4,4,4
39.344379,21.337414,25,4,11,4,4,4,4,4,4,4,4,4,4,0.388837,0.362907,0.382302,0.396551,0.422567,0.425898,0.384030,0.435578,0.378936,0.424449,4,4,4,4,4,4,4,4,4,4
39.346115,21.337411,28,4,12,4,2,4,4,3,4,4,4,3,4,0.358360,0.312993,0.361297,0.357096,0.334625,0.371421,0.375971,0.382125,0.332633,0.384848,4,4,4,4,4,4,4,4,4,4
39.346983,21.337409,28,9,6,9,6,7,8,8,9,9,9,9,9,0.356766,0.329102,0.339048,0.362401,0.343096,0.418680,0.385956,0.421807,0.374558,0.448215,9,9,9,9,9,9,9,9,9,9
39.347851,21.337407,36,6,9,6,4,5,6,4,6,6,6,6,6,0.388047,0.347699,0.383086,0.367056,0.364293,0.456506,0.433724,0.471130,0.418231,0.481936,6,6,6,6,6,6,6,6,6,6
39.348719,21.337405,29,5,10,5,5,5,5,5,5,5,5,5,5,0.450256,0.397746,0.447936,0.461817,0.448754,0.537926,0.524402,0.544571,0.463514,0.540144,5,5,5,5,5,5,5,5,5,5
39.350454,21.337402,46,9,2,9,9,9,9,9,9,9,9,9,9,0.551142,0.473001,0.520227,0.533679,0.516879,0.482561,0.454182,0.424188,0.385686,0.481519,9,9,9,9,9,9,9,9,9,9
39.351322,21.337400,50,9,2,9,9,9,9,9,9,9,9,9,9,0.525116,0.428576,0.488076,0.502923,0.532569,0.464359,0.431892,0.406963,0.375019,0.410276,9,9,9,9,9,9,9,9,9,9
39.352190,21.337398,31,9,2,9,9,9,9,9,9,9,9,9,9,0.610812,0.481426,0.570547,0.566842,0.628330,0.523387,0.478496,0.493604,0.413833,0.468136,9,9,9,9,9,9,9,9,9,9
39.353058,21.337396,26,3,7,3,3,3,3,3,3,3,3,3,3,0.405936,0.355787,0.386038,0.404382,0.443634,0.466235,0.470583,0.451041,0.358603,0.438337,3,3,3,3,3,3,3,3,3,3
39.353926,21.337395,18,1,6,1,1,1,1,1,1,1,1,1,1,0.472887,0.448183,0.439230,0.407441,0.468857,0.582909,0.500002,0.578214,0.486949,0.551579,1,1,1,1,1,1,1,1,1,1
39.354794,21.337393,13,2,2,2,0,1,2,2,2,2,2,2,2,0.318649,0.284676,0.300673,0.317562,0.365119,0.434319,0.435665,0.419026,0.337364,0.452855,2,2,2,2,2,2,2,2,2,2
39.343509,21.336603,38,9,7,9,9,9,9,9,9,9,9,9,9,0.560428,0.512478,0.543879,0.527068,0.563970,0.572515,0.520113,0.565224,0.482152,0.586048,9,9,9,9,9,9,9,9,9,9
39.344377,21.336601,38,3,15,3,1,2,3,3,3,3,3,3,3,0.335953,0.298321,0.309346,0.349076,0.372839,0.377794,0.349848,0.372347,0.328284,0.401814,3,3,3,3,3,3,3,3,3,3
39.345245,21.336599,27,4,14,4,2,3,3,3,4,4,4,4,3,0.341903,0.317489,0.319611,0.334581,0.367586,0.426856,0.392365,0.403923,0.361653,0.388503,4,4,4,4,4,4,4,4,4,4
39.346113,21.336598,41,3,13,3,1,2,3,3,3,3,3,3,3,0.340211,0.299977,0.323993,0.329745,0.344442,0.396926,0.391759,0.405271,0.352844,0.419922,3,3,3,3,3,3,3,3,3,3
39.346981,21.336596,44,6,8,6,5,6,6,6,6,6,6,6,6,0.390412,0.346651,0.381214,0.393532,0.393365,0.453989,0.448222,0.453548,0.392639,0.469006,6,6,6,6,6,6,6,6,6,6
39.347849,21.336594,46,2,14,2,2,2,2,2,2,2,2,2,2,0.402920,0.361655,0.383220,0.403555,0.439546,0.535221,0.487763,0.528255,0.471344,0.549827,2,2,2,2,2,2,2,2,2,2
39.348717,21.336592,34,1,15,1,1,1,1,1,1,1,1,1,1,0.426102,0.394508,0.359335,0.348054,0.478406,0.566838,0.464693,0.514771,0.431767,0.556083,1,1,1,1,1,1,1,1,1,1
39.353924,21.336581,14,2,3,2,2,2,2,2,2,2,2,2,2,0.381992,0.348210,0.392732,0.391883,0.441796,0.487789,0.494090,0.503675,0.390664,0.511639,2,2,2,2,2,2,2,2,2,2
39.354792,21.336580,9,1,2,1,0,1,1,1,1,1,1,1,1,0.327938,0.264245,0.316299,0.321802,0.343148,0.473496,0.524694,0.442519,0.351451,0.456864,1,1,1,1,1,1,1,1,1,1
39.343507,21.335790,38,8,11,8,7,7,8,8,8,8,8,8,8,0.524719,0.472851,0.512904,0.508280,0.538036,0.564065,0.519297,0.560210,0.472495,0.573597,8,8,8,8,8,8,8,8,8,8
39.346111,21.335784,39,8,8,8,7,8,8,8,8,8,8,8,8,0.404882,0.354202,0.398696,0.397937,0.420728,0.498864,0.466841,0.476159,0.416037,0.488271,8,8,8,8,8,8,8,8,8,8
39.346979,21.335783,44,5,7,5,4,4,4,5,5,5,5,5,5,0.371227,0.329320,0.366889,0.348219,0.382906,0.465420,0.445700,0.458410,0.377277,0.448661,5,5,5,5,5,5,5,5,5,5
39.347847,21.335781,31,7,6,7,6,6,6,7,7,7,7,7,7,0.395128,0.357301,0.382596,0.367046,0.417589,0.525435,0.459831,0.498275,0.418197,0.495714,7,7,7,7,7,7,7,7,7,7
39.348715,21.335779,15,7,5,7,7,7,7,7,7,7,7,7,7,0.464383,0.400075,0.464806,0.440619,0.472187,0.552346,0.545346,0.571231,0.459481,0.549508,7,7,7,7,7,7,7,7,7,7
39.349583,21.335777,16,1,10,1,1,1,1,1,1,1,1,1,1,0.360496,0.343000,0.395730,0.385027,0.408973,0.509415,0.506627,0.549340,0.425293,0.530686,1,1,1,1,1,1,1,1,1,1
39.353054,21.335770,6,4,3,4,4,4,4,4,4,4,4,4,4,0.429887,0.359301,0.394688,0.425728,0.434010,0.510035,0.465652,0.505792,0.419677,0.478527,4,4,4,4,4,4,4,4,4,4
39.353922,21.335768,8,3,1,2,1,1,3,3,3,3,3,3,3,0.351159,0.305551,0.324955,0.347935,0.377136,0.445648,0.411396,0.438963,0.371406,0.442177,3,3,3,3,3,3,3,3,3,3
39.327883,21.335008,17,3,2,3,3,3,3,3,3,3,3,3,3,0.499560,0.473925,0.523655,0.557181,0.547475,0.461638,0.474861,0.533816,0.426397,0.454993,3,3,3,3,3,3,3,3,3,3
39.343505,21.334977,38,9,11,9,9,9,9,9,9,9,9,9,9,0.598402,0.524871,0.557030,0.561818,0.598965,0.617151,0.552687,0.595544,0.496161,0.618348,9,9,9,9,9,9,9,9,9,9
39.344373,21.334975,33,1,18,1,1,1,1,1,1,1,1,1,1,0.366469,0.321652,0.343176,0.348561,0.318273,0.387679,0.368527,0.400149,0.352224,0.394942,1,1,1,1,1,1,1,1,1,1
39.346109,21.334971,26,8,6,8,6,7,8,8,8,8,8,8,8,0.396362,0.341550,0.388373,0.394555,0.430550,0.516477,0.484871,0.488951,0.410943,0.512262,8,8,8,8,8,8,8,8,8,8
39.346977,21.334970,32,7,5,7,7,6,6,7,7,7,7,7,7,0.399970,0.349524,0.394868,0.395645,0.423621,0.521256,0.487102,0.503597,0.444360,0.520699,7,7,7,7,7,7,7,7,7,7
39.347845,21.334968,27,3,8,3,3,3,3,3,3,3,3,3,3,0.416549,0.368533,0.408585,0.404178,0.442389,0.537035,0.522534,0.540983,0.475279,0.552065,3,3,3,3,3,3,3,3,3,3
39.353052,21.334957,8,1,2,1,1,1,1,1,1,1,1,1,1,0.416414,0.345096,0.443674,0.465334,0.440134,0.425518,0.465633,0.503976,0.381358,0.449076,1,1,1,1,1,1,1,1,1,1
39.327013,21.334196,17,2,4,2,2,2,2,2,2,2,2,2,2,0.415820,0.393147,0.439206,0.461381,0.482435,0.380545,0.420144,0.423705,0.321183,0.394915,2,2,2,2,2,2,2,2,2,2
39.343503,21.334163,49,9,7,9,9,9,9,9,9,9,9,9,9,0.522806,0.447251,0.463822,0.460287,0.488556,0.521912,0.455240,0.480819,0.421865,0.498333,9,9,9,9,9,9,9,9,9,9
39.344371,21.334162,36,1,14,1,1,1,1,1,1,1,1,1,1,0.387335,0.317936,0.334872,0.359888,0.354368,0.435392,0.379391,0.389605,0.358155,0.414538,1,1,1,1,1,1,1,1,1,1
39.347843,21.334155,10,1,8,1,1,1,1,1,1,1,1,1,1,0.321488,0.322141,0.316302,0.347375,0.428425,0.527949,0.487363,0.529648,0.435182,0.564104,1,1,1,1,1,1,1,1,1,1
39.326143,21.333385,10,4,0,3,3,4,4,4,3,4,4,3,4,0.365151,0.359909,0.398082,0.441178,0.444389,0.446058,0.455569,0.500091,0.397732,0.452714,4,4,4,4,4,4,4,4,4,4
39.343502,21.333350,37,9,3,9,9,9,9,9,9,9,9,8,9,0.430353,0.367316,0.377807,0.365591,0.405234,0.445782,0.384520,0.406008,0.354122,0.419825,9,9,9,9,9,9,9,9,9,9
39.344369,21.333349,21,7,5,7,5,6,7,7,7,7,7,7,6,0.399378,0.345079,0.362696,0.361359,0.400125,0.476944,0.429871,0.456128,0.387262,0.413061,7,7,7,7,7,7,7,7,7,7
39.340896,21.332542,30,8,2,8,8,8,8,7,7,8,8,8,7,0.514679,0.492216,0.539034,0.508471,0.525809,0.547386,0.550140,0.575808,0.472433,0.468515,8,8,8,8,8,8,8,8,8,8
39.341764,21.332541,40,2,11,2,2,2,2,2,2,2,2,2,2,0.372149,0.342174,0.403964,0.373101,0.329054,0.379869,0.390622,0.431869,0.385978,0.352970,2,2,2,2,2,2,2,2,2,2
39.342632,21.332539,29,2,11,2,2,2,2,2,2,2,2,2,2,0.423202,0.386161,0.397689,0.368991,0.424470,0.434579,0.390041,0.394345,0.361579,0.418973,2,2,2,2,2,2,2,2,2,2
39.344368,21.332535,16,2,5,2,1,0,1,2,2,2,2,2,2,0.322807,0.297381,0.282313,0.297630,0.373507,0.445409,0.358654,0.372244,0.354747,0.394798,2,2,2,2,2,2,2,2,2,2
39.347839,21.332528,1,2,2,2,0,1,2,2,2,2,2,2,2,0.313476,0.275914,0.294638,0.336922,0.366592,0.465290,0.441815,0.419851,0.371792,0.468555,2,2,2,2,2,2,2,2,2,2
39.348707,21.332526,6,1,2,1,0,1,1,1,1,1,1,0,1,0.313216,0.282418,0.327346,0.358654,0.382932,0.364933,0.327681,0.321223,0.296904,0.345264,1,1,1,1,1,1,1,1,1,1
39.349575,21.332525,5,4,0,4,4,4,4,4,4,4,4,4,4,0.402119,0.354293,0.380700,0.403457,0.459040,0.466653,0.397793,0.428406,0.341246,0.421996,4,4,4,4,4,4,4,4,4,4
39.350443,21.332523,6,2,2,2,0,0,1,2,2,2,2,2,2,0.314141,0.275987,0.283285,0.312066,0.383400,0.443104,0.401037,0.397861,0.312855,0.419253,2,2,2,2,2,2,2,2,2,2
39.340894,21.331729,25,5,4,5,5,5,5,5,5,5,5,5,5,0.567672,0.532529,0.585352,0.552720,0.609078,0.576176,0.561969,0.613725,0.498088,0.523933,5,5,5,5,5,5,5,5,5,5
39.341762,21.331728,20,3,7,2,2,3,3,2,3,3,3,2,3,0.414947,0.391580,0.382671,0.393435,0.417380,0.443084,0.436139,0.436552,0.381708,0.411255,3,3,3,3,3,3,3,3,3,3
39.342630,21.331726,8,2,10,2,2,1,1,2,2,1,1,2,2,0.371184,0.333017,0.293627,0.323287,0.363160,0.421274,0.352036,0.337536,0.340993,0.354238,2,2,2,2,2,2,2,2,2,2
39.350441,21.331710,6,2,1,1,1,0,2,2,2,2,2,2,2,0.309070,0.297278,0.288612,0.314778,0.368014,0.433763,0.344782,0.371233,0.313999,0.393031,2,2,2,2,2,2,2,2,2,2
39.329610,21.330939,36,9,5,9,9,9,9,9,9,9,9,3,6,0.668068,0.632987,0.670761,0.679676,0.716915,0.612622,0.618440,0.478643,0.277292,0.344471,9,9,9,9,9,9,9,9,9,9
39.330478,21.330937,31,9,3,9,9,9,9,9,9,9,9,8,8,0.590687,0.531296,0.554284,0.565347,0.626117,0.595690,0.578081,0.587644,0.445587,0.516809,9,9,9,9,9,9,9,9,9,9
39.340024,21.330918,16,5,2,5,5,4,5,5,5,5,5,5,5,0.426131,0.399775,0.437565,0.424971,0.461206,0.465749,0.465513,0.490439,0.416445,0.490189,5,5,5,5,5,5,5,5,5,5
39.341760,21.330914,10,1,7,0,0,1,1,1,1,1,1,1,1,0.266436,0.259144,0.334091,0.361047,0.318766,0.400775,0.448650,0.476777,0.390818,0.472012,1,1,1,1,1,1,1,1,1,1
39.329608,21.330125,58,8,8,8,8,8,8,8,8,8,8,5,4,0.729929,0.666284,0.710096,0.707884,0.745422,0.534750,0.518226,0.499112,0.350076,0.410227,8,8,8,8,8,8,8,8,8,8
39.330476,21.330124,54,9,6,9,9,9,9,9,9,9,9,9,9,0.734040,0.650693,0.694370,0.672993,0.747153,0.745300,0.705951,0.759183,0.565393,0.716328,9,9,9,9,9,9,9,9,9,9
39.339155,21.330106,12,5,3,5,5,5,5,5,5,5,5,5,5,0.439718,0.408548,0.452122,0.441338,0.461392,0.522615,0.535906,0.566095,0.454429,0.556247,5,5,5,5,5,5,5,5,5,5
39.324399,21.329322,2,2,0,2,2,2,2,2,2,2,2,0,0,0.433843,0.413412,0.440685,0.454206,0.449705,0.525171,0.532149,0.411780,0.253088,0.191216,2,2,2,2,2,2,2,2,2,2
39.329606,21.329312,57,9,7,9,9,9,9,9,9,9,9,9,9,0.734419,0.657802,0.701612,0.703906,0.757946,0.732678,0.689254,0.730569,0.535825,0.685241,9,9,9,9,9,9,9,9,9,9
39.337417,21.329297,23,6,1,6,6,6,6,6,6,6,6,6,6,0.490605,0.453875,0.489231,0.481351,0.510270,0.538583,0.526517,0.555208,0.475667,0.568744,6,6,6,6,6,6,6,6,6,6
39.338285,21.329295,24,1,7,1,1,1,1,1,1,1,1,1,1,0.339817,0.365727,0.385472,0.373500,0.393415,0.466546,0.499544,0.542252,0.444929,0.505206,1,1,1,1,1,1,1,1,1,1
39.339153,21.329293,13,2,6,2,2,1,2,2,2,2,2,2,2,0.338633,0.331628,0.315231,0.344080,0.401337,0.468323,0.411162,0.432738,0.413935,0.479106,2,2,2,2,2,2,2,2,2,2
39.335679,21.328487,20,6,3,6,6,6,6,6,6,6,6,6,6,0.653768,0.570246,0.617364,0.580058,0.660980,0.688412,0.650632,0.695401,0.550579,0.651370,6,6,6,6,6,6,6,6,6,6
39.336547,21.328485,29,7,0,7,7,7,7,7,7,7,7,7,7,0.649008,0.567545,0.640705,0.626085,0.661295,0.688652,0.656702,0.704392,0.572695,0.667414,7,7,7,7,7,7,7,7,7,7
39.338283,21.328482,18,4,3,4,4,4,4,4,4,4,4,4,4,0.461576,0.412338,0.446375,0.444873,0.492951,0.543596,0.547416,0.587240,0.478078,0.574851,4,4,4,4,4,4,4,4,4,4
39.339151,21.328480,10,2,5,2,2,2,2,2,2,2,2,2,2,0.355577,0.330935,0.339245,0.342103,0.369854,0.438562,0.414367,0.492458,0.444447,0.495619,2,2,2,2,2,2,2,2,2,2
39.333942,21.327677,28,6,1,6,6,6,6,6,6,6,6,6,6,0.614452,0.528436,0.571669,0.557573,0.613006,0.624613,0.615391,0.644005,0.498633,0.547396,6,6,6,6,6,6,6,6,6,6
39.335677,21.327674,17,2,7,2,2,2,2,2,2,2,2,2,2,0.454892,0.392813,0.448755,0.458220,0.485792,0.542666,0.537032,0.593003,0.477164,0.562199,2,2,2,2,2,2,2,2,2,2
39.336545,21.327672,19,4,3,4,3,3,4,4,4,4,4,4,4,0.436585,0.377017,0.414143,0.454775,0.482640,0.576311,0.568401,0.589588,0.491388,0.584327,4,4,4,4,4,4,4,4,4,4
39.337413,21.327670,18,4,2,3,3,3,4,4,4,4,4,4,4,0.337602,0.319943,0.333187,0.386527,0.436641,0.505650,0.508006,0.550047,0.448377,0.547569,4,4,4,4,4,4,4,4,4,4
39.338281,21.327669,10,3,4,2,2,2,3,3,3,3,3,3,3,0.390740,0.350427,0.368299,0.427770,0.480773,0.533214,0.539663,0.573092,0.456749,0.576659,3,3,3,3,3,3,3,3,3,3
39.340885,21.327663,4,2,0,2,2,2,2,2,2,2,2,1,2,0.388530,0.339234,0.360975,0.352604,0.372940,0.424271,0.370989,0.385876,0.339489,0.393066,2,2,2,2,2,2,2,2,2,2
39.325261,21.326881,20,9,0,9,9,9,9,9,9,9,9,3,4,0.508899,0.427622,0.502088,0.514759,0.568759,0.592609,0.589085,0.619395,0.257172,0.272876,9,9,9,9,9,9,9,9,9,9
39.333940,21.326864,19,2,5,2,2,2,2,2,2,2,2,2,2,0.542257,0.450965,0.471971,0.480258,0.558548,0.521442,0.520134,0.543562,0.425873,0.541776,2,2,2,2,2,2,2,2,2,2
39.340015,21.326852,5,1,0,1,0,1,1,1,1,1,1,1,1,0.303535,0.285202,0.311050,0.328459,0.323631,0.400651,0.409587,0.385816,0.358210,0.400867,1,1,1,1,1,1,1,1,1,1
39.340883,21.326850,3,3,0,2,2,2,3,3,3,3,3,2,3,0.394840,0.362046,0.397564,0.405786,0.439554,0.473589,0.447618,0.474213,0.385000,0.474266,3,3,3,3,3,3,3,3,3,3
39.320052,21.326078,10,5,2,5,5,5,5,5,5,5,5,3,1,0.598419,0.539584,0.585466,0.609308,0.620899,0.615378,0.607862,0.517072,0.362284,0.246639,5,5,5,5,5,5,5,5,5,5
39.326995,21.326065,36,8,5,8,7,6,6,8,8,8,8,0,0,0.444465,0.378729,0.377835,0.375215,0.434404,0.548864,0.479138,0.530352,0.199498,0.194702,8,8,8,8,8,8,8,8,8,8
39.327863,21.326063,35,9,6,9,9,9,9,9,9,9,9,0,0,0.503893,0.431636,0.421511,0.420688,0.478691,0.587643,0.546111,0.581532,0.213955,0.187105,9,9,9,9,9,9,9,9,9,9
39.331334,21.326056,22,9,2,9,8,8,9,9,9,9,9,6,5,0.494974,0.425676,0.480353,0.480702,0.530201,0.590402,0.571017,0.607334,0.388870,0.319771,9,9,9,9,9,9,9,9,9,9
39.333070,21.326053,9,1,6,1,0,1,1,1,1,1,1,0,0,0.340156,0.285609,0.362595,0.391324,0.352312,0.436034,0.493050,0.504514,0.181556,0.196162,1,1,1,1,1,1,1,1,1,1
39.316579,21.325271,24,3,8,3,3,3,3,3,3,3,3,0,0,0.417660,0.405405,0.448357,0.458283,0.432359,0.426062,0.455612,0.368284,0.190314,0.174250,3,3,3,3,3,3,3,3,3,3
39.317447,21.325270,31,3,8,3,3,3,3,3,3,3,3,2,2,0.613634,0.554437,0.609496,0.623674,0.625440,0.546262,0.550656,0.590079,0.341199,0.387873,3,3,3,3,3,3,3,3,3,3
39.318315,21.325268,17,8,3,8,8,8,8,8,8,8,8,6,4,0.586496,0.539216,0.579738,0.601983,0.604043,0.545834,0.555775,0.592804,0.395113,0.332650,8,8,8,8,8,8,8,8,8,8
39.325258,21.325255,12,3,7,3,1,1,2,3,3,3,3,0,0,0.323453,0.287184,0.281600,0.319480,0.358231,0.484598,0.460538,0.477307,0.130766,0.117658,3,3,3,3,3,3,3,3,3,3
39.326125,21.325253,33,1,12,1,1,0,1,1,1,1,1,0,0,0.376212,0.317153,0.294398,0.326804,0.350705,0.482725,0.501894,0.474119,0.195393,0.173327,1,1,1,1,1,1,1,1,1,1
39.326993,21.325252,36,6,8,6,6,4,5,6,6,6,6,6,6,0.410746,0.368803,0.330479,0.354560,0.403393,0.606287,0.551408,0.594381,0.453974,0.582466,6,6,6,6,6,6,6,6,6,6
39.331333,21.325243,25,1,10,1,1,1,1,1,1,1,1,0,0,0.358204,0.310185,0.308126,0.323654,0.410940,0.483149,0.452441,0.444270,0.136067,0.100181,1,1,1,1,1,1,1,1,1,1
39.313106,21.324465,18,1,9,1,1,1,1,1,1,1,1,1,1,0.430263,0.416667,0.404044,0.397004,0.435747,0.506229,0.437292,0.459936,0.348209,0.431585,1,1,1,1,1,1,1,1,1,1
39.320917,21.324450,24,8,2,3,4,7,8,8,7,8,8,8,8,0.336360,0.327763,0.369291,0.402416,0.446786,0.429441,0.441054,0.473182,0.390831,0.475007,8,8,8,8,8,8,8,8,8,8
39.326124,21.324440,26,4,8,4,4,2,3,4,4,4,4,4,4,0.353133,0.314464,0.292832,0.312731,0.329026,0.502701,0.494846,0.517672,0.408064,0.465850,4,4,4,4,4,4,4,4,4,4
39.329595,21.324433,45,9,2,9,9,9,9,9,9,9,9,9,9,0.634745,0.517832,0.554413,0.524230,0.622436,0.693498,0.659468,0.706465,0.526745,0.654236,9,9,9,9,9,9,9,9,9,9
39.330463,21.324432,35,7,4,7,6,7,7,7,5,6,6,6,7,0.421060,0.366659,0.392640,0.402362,0.465945,0.373424,0.385776,0.412460,0.346354,0.432745,7,7,7,7,7,7,7,7,7,7
39.300086,21.323675,21,1,7,1,1,1,1,1,1,1,1,0,0,0.556305,0.438898,0.448544,0.440742,0.462339,0.636092,0.574322,0.331339,0.270993,0.286399,1,1,1,1,1,1,1,1,1,1
39.304426,21.323668,3,1,3,1,1,0,1,1,1,1,1,0,1,0.333243,0.300828,0.293981,0.319914,0.320026,0.386197,0.346305,0.341652,0.288474,0.313215,1,1,1,1,1,1,1,1,1,1
39.308765,21.323660,11,3,6,3,3,2,3,3,3,3,3,2,3,0.365110,0.338592,0.335819,0.357130,0.331634,0.370650,0.356899,0.364659,0.302476,0.345248,3,3,3,3,3,3,3,3,3,3
39.309633,21.323658,16,4,6,4,4,4,4,3,4,4,4,2,3,0.395462,0.365832,0.402581,0.421606,0.374636,0.398779,0.382916,0.411873,0.308589,0.362699,4,4,4,4,4,4,4,4,4,4
39.312236,21.323653,17,7,5,7,7,7,7,7,7,5,7,2,7,0.619274,0.559382,0.596343,0.579809,0.594944,0.613725,0.338487,0.404094,0.277608,0.344951,7,7,7,7,7,7,7,7,7,7
39.316576,21.323645,55,9,13,9,9,9,9,9,9,9,9,9,9,0.639423,0.594520,0.669242,0.667286,0.696327,0.646410,0.546792,0.701930,0.550986,0.646096,9,9,9,9,9,9,9,9,9,9
39.320915,21.323637,26,5,7,5,3,3,4,5,5,5,5,5,5,0.448850,0.396977,0.418211,0.453838,0.517365,0.440496,0.435046,0.431422,0.370492,0.438121,5,5,5,5,5,5,5,5,5,5
39.325254,21.323629,21,2,8,2,2,1,2,2,2,2,2,2,2,0.392895,0.332002,0.328218,0.366675,0.389788,0.526770,0.507531,0.539893,0.408284,0.467937,2,2,2,2,2,2,2,2,2,2
39.326122,21.323627,32,6,5,6,4,4,6,6,6,6,6,6,6,0.378660,0.317019,0.318775,0.350509,0.339126,0.491603,0.495439,0.514239,0.419473,0.467237,6,6,6,6,6,6,6,6,6,6
39.329593,21.323620,44,9,3,9,9,9,9,9,9,9,9,9,9,0.599362,0.514199,0.542839,0.546382,0.617694,0.603608,0.564849,0.606995,0.473627,0.578502,9,9,9,9,9,9,9,9,9,9
39.330461,21.323618,38,5,6,5,5,5,5,5,5,5,5,5,5,0.461193,0.394525,0.442805,0.450262,0.476662,0.532761,0.516676,0.548870,0.444309,0.523743,5,5,5,5,5,5,5,5,5,5
39.333065,21.323613,0,2,1,2,1,1,1,2,2,2,2,1,2,0.446146,0.307071,0.308794,0.306951,0.348807,0.389831,0.413548,0.387340,0.310214,0.409876,2,2,2,2,2,2,2,2,2,2
39.301820,21.322859,12,1,5,1,1,1,1,1,1,1,1,0,1,0.443179,0.383712,0.415068,0.415170,0.389371,0.457279,0.417588,0.370726,0.279960,0.349524,1,1,1,1,1,1,1,1,1,1
39.304424,21.322854,7,3,5,3,1,1,3,3,3,1,2,1,2,0.336572,0.305526,0.308035,0.354538,0.349118,0.353243,0.308461,0.333545,0.296505,0.329654,3,3,3,3,3,3,3,3,3,3
39.314838,21.322835,51,9,16,9,9,9,9,9,9,9,9,9,9,0.609031,0.575695,0.606240,0.645155,0.671295,0.618052,0.534398,0.655845,0.516980,0.624051,9,9,9,9,9,9,9,9,9,9
39.315706,21.322834,63,9,17,9,9,9,9,9,9,9,9,9,9,0.562458,0.532265,0.565871,0.620172,0.614748,0.590426,0.510001,0.614498,0.489463,0.592571,9,9,9,9,9,9,9,9,9,9
39.320913,21.322824,28,1,11,1,0,0,1,1,1,1,1,1,1,0.341805,0.298232,0.290452,0.331916,0.370518,0.369724,0.324867,0.312722,0.307875,0.357427,1,1,1,1,1,1,1,1,1,1
39.324384,21.322817,8,1,8,1,1,0,0,1,1,1,1,1,1,0.347836,0.300124,0.264960,0.288850,0.328860,0.430194,0.382683,0.392832,0.300214,0.310252,1,1,1,1,1,1,1,1,1,1
39.325252,21.322815,32,1,9,1,1,1,1,1,1,1,1,1,1,0.406679,0.328290,0.324602,0.332898,0.322194,0.493435,0.461955,0.493991,0.406711,0.401065,1,1,1,1,1,1,1,1,1,1
39.326120,21.322814,37,9,3,9,9,7,9,9,9,9,9,9,9,0.431197,0.356200,0.334147,0.360063,0.368494,0.586040,0.570276,0.608087,0.481649,0.586974,9,9,9,9,9,9,9,9,9,9
39.329591,21.322807,33,8,4,8,8,8,8,8,8,8,8,8,8,0.477857,0.434356,0.442901,0.477506,0.525470,0.555376,0.520631,0.551577,0.449375,0.543694,8,8,8,8,8,8,8,8,8,8
39.330459,21.322805,28,5,6,4,4,4,5,5,5,5,5,5,5,0.532215,0.454709,0.475124,0.506386,0.545810,0.470677,0.429943,0.466141,0.415340,0.461719,5,5,5,5,5,5,5,5,5,5
39.306158,21.322038,30,6,10,6,6,6,6,6,6,4,5,3,4,0.616220,0.563040,0.611370,0.632981,0.606880,0.556046,0.374604,0.451617,0.342846,0.408640,6,6,6,6,6,6,6,6,6,6
39.307026,21.322037,38,8,11,8,8,8,8,8,8,8,8,5,8,0.536064,0.487659,0.530521,0.564108,0.550265,0.523644,0.422822,0.506225,0.378568,0.460287,8,8,8,8,8,8,8,8,8,8
39.309629,21.322032,51,9,11,9,9,9,9,9,9,9,9,9,9,0.613873,0.556674,0.640787,0.623941,0.666787,0.652635,0.521951,0.712439,0.557534,0.687616,9,9,9,9,9,9,9,9,9,9
39.312233,21.322027,28,9,15,7,7,7,9,9,9,8,8,9,9,0.499813,0.478236,0.504906,0.571465,0.582588,0.556742,0.441479,0.556722,0.444646,0.555863,9,9,9,9,9,9,9,9,9,9
39.313101,21.322025,33,5,20,5,5,5,5,5,5,4,5,5,5,0.512134,0.495582,0.500184,0.572144,0.602022,0.541377,0.416494,0.519899,0.416229,0.501069,5,5,5,5,5,5,5,5,5,5
39.313969,21.322024,48,4,23,3,4,3,4,4,4,4,4,4,4,0.345022,0.345503,0.358214,0.414973,0.440043,0.411547,0.379133,0.445635,0.355153,0.412682,4,4,4,4,4,4,4,4,4,4
39.314836,21.322022,59,8,20,8,8,8,8,8,8,8,8,8,8,0.416361,0.421894,0.445450,0.493856,0.491025,0.457310,0.410797,0.495381,0.396160,0.472963,8,8,8,8,8,8,8,8,8,8
39.315704,21.322020,65,9,23,9,9,9,9,9,9,9,9,9,9,0.654756,0.621234,0.652255,0.689319,0.705693,0.672297,0.570035,0.723105,0.553210,0.679085,9,9,9,9,9,9,9,9,9,9
39.317440,21.322017,54,9,23,9,9,9,9,9,9,9,9,9,9,0.564498,0.535272,0.571406,0.577297,0.617467,0.568169,0.537158,0.588452,0.484965,0.596279,9,9,9,9,9,9,9,9,9,9
39.318308,21.322016,61,7,20,7,7,7,7,7,7,7,7,6,6,0.528303,0.484714,0.520495,0.529923,0.563768,0.481947,0.480534,0.502341,0.418393,0.391831,7,7,7,7,7,7,7,7,7,7
39.319176,21.322014,57,9,13,9,9,9,9,9,9,9,9,9,9,0.544387,0.482945,0.520970,0.534195,0.577853,0.643914,0.611634,0.646652,0.497438,0.628894,9,9,9,9,9,9,9,9,9,9
39.320043,21.322012,40,7,10,7,6,6,7,7,7,7,7,7,7,0.439444,0.370826,0.388133,0.383782,0.416397,0.532848,0.500449,0.524191,0.413559,0.482622,7,7,7,7,7,7,7,7,7,7
39.324383,21.322004,18,2,9,2,1,1,1,2,2,2,2,2,2,0.355369,0.297457,0.290928,0.310439,0.332794,0.465002,0.428568,0.438437,0.344789,0.329703,2,2,2,2,2,2,2,2,2,2
39.325250,21.322002,43,3,10,3,2,2,3,3,3,3,3,3,3,0.384197,0.311250,0.317128,0.339740,0.340571,0.483276,0.461455,0.474013,0.380534,0.376539,3,3,3,3,3,3,3,3,3,3
39.326118,21.322001,47,9,5,9,9,9,9,9,9,9,9,9,9,0.513039,0.425265,0.398490,0.436719,0.460273,0.641680,0.598463,0.637624,0.513392,0.645834,9,9,9,9,9,9,9,9,9,9
39.329590,21.321994,38,5,9,5,4,3,5,5,5,5,5,5,5,0.369246,0.336754,0.347567,0.392568,0.402321,0.474191,0.439835,0.481770,0.405327,0.457234,5,5,5,5,5,5,5,5,5,5
39.330457,21.321992,31,1,10,1,1,1,1,1,1,1,1,1,1,0.394884,0.381583,0.389522,0.437700,0.477465,0.536540,0.585694,0.607944,0.452425,0.546689,1,1,1,1,1,1,1,1,1,1
39.306156,21.321225,51,9,11,9,9,9,9,9,9,8,9,9,9,0.649253,0.608823,0.656092,0.684085,0.694868,0.681453,0.402185,0.578731,0.455314,0.582075,9,9,9,9,9,9,9,9,9,9
39.307024,21.321223,64,9,13,9,9,9,9,9,9,8,9,9,9,0.552398,0.510043,0.579341,0.613210,0.628532,0.584674,0.470526,0.583403,0.462376,0.568848,9,9,9,9,9,9,9,9,9,9
39.307892,21.321222,63,9,16,9,9,9,9,9,9,8,9,9,9,0.600990,0.555092,0.616818,0.631142,0.636748,0.623863,0.477863,0.644722,0.501539,0.585260,9,9,9,9,9,9,9,9,9,9
39.308760,21.321220,64,9,17,9,9,9,9,9,9,9,9,9,9,0.604116,0.537338,0.590558,0.626056,0.639849,0.632862,0.491773,0.653085,0.517947,0.618683,9,9,9,9,9,9,9,9,9,9
39.309628,21.321219,66,9,16,9,9,9,9,9,9,9,9,9,9,0.496735,0.460440,0.512525,0.549364,0.585971,0.520673,0.451608,0.568453,0.468646,0.565283,9,9,9,9,9,9,9,9,9,9
39.310495,21.321217,61,9,17,9,9,9,9,9,9,9,9,9,9,0.561138,0.521079,0.576329,0.623893,0.626362,0.596900,0.473883,0.617349,0.486703,0.591778,9,9,9,9,9,9,9,9,9,9
39.311363,21.321215,60,4,24,4,4,4,4,4,4,3,4,4,4,0.498262,0.458606,0.464012,0.494204,0.508824,0.473577,0.378075,0.459456,0.405773,0.469671,4,4,4,4,4,4,4,4,4,4
39.312231,21.321214,55,3,26,3,3,3,3,3,3,3,3,3,3,0.599223,0.543509,0.592766,0.614682,0.603676,0.585871,0.411340,0.533590,0.382724,0.505399,3,3,3,3,3,3,3,3,3,3
39.313099,21.321212,55,5,24,5,4,4,5,5,5,4,5,4,5,0.531966,0.466324,0.525677,0.551595,0.524247,0.554700,0.382950,0.523222,0.374584,0.489597,5,5,5,5,5,5,5,5,5,5
39.313967,21.321211,58,7,22,7,7,7,7,7,7,7,7,7,7,0.564646,0.492645,0.522768,0.581748,0.574657,0.586807,0.437572,0.575642,0.410047,0.515186,7,7,7,7,7,7,7,7,7,7
39.314835,21.321209,64,9,23,9,9,9,9,9,9,9,9,9,9,0.581417,0.553874,0.567673,0.636739,0.657344,0.659824,0.506187,0.658399,0.487347,0.610325,9,9,9,9,9,9,9,9,9,9
39.315703,21.321207,66,9,25,9,9,9,9,9,9,9,9,9,9,0.638193,0.600510,0.647528,0.666987,0.699804,0.673857,0.540788,0.699700,0.533664,0.669153,9,9,9,9,9,9,9,9,9,9
39.317438,21.321204,57,9,22,9,9,9,9,9,9,9,9,9,9,0.395154,0.377507,0.397307,0.414864,0.435747,0.507360,0.508620,0.560304,0.456364,0.561904,9,9,9,9,9,9,9,9,9,9
39.319174,21.321201,46,9,11,9,9,9,9,9,9,9,9,9,9,0.448432,0.401619,0.399454,0.427661,0.460860,0.554635,0.535586,0.564365,0.454116,0.538291,9,9,9,9,9,9,9,9,9,9
39.320042,21.321199,33,5,12,5,5,5,5,5,5,5,5,5,5,0.438476,0.386513,0.358828,0.369081,0.408836,0.533134,0.489116,0.497628,0.389286,0.441815,5,5,5,5,5,5,5,5,5,5
39.323513,21.321192,19,1,9,1,0,0,0,0,1,1,1,0,0,0.340109,0.293676,0.291100,0.298222,0.298493,0.344387,0.340138,0.341538,0.273853,0.256187,1,1,1,1,1,1,1,1,1,1
39.324381,21.321191,34,5,8,5,5,4,5,5,5,5,5,5,5,0.411509,0.334375,0.311479,0.322397,0.354946,0.540500,0.489358,0.502541,0.380408,0.381927,5,5,5,5,5,5,5,5,5,5
39.325249,21.321189,53,7,10,7,7,6,7,7,7,7,7,7,7,0.418235,0.348661,0.322128,0.339032,0.362643,0.571246,0.534144,0.544442,0.419907,0.434402,7,7,7,7,7,7,7,7,7,7
39.326117,21.321187,56,9,11,9,8,7,9,9,9,9,9,9,9,0.408893,0.356824,0.333990,0.369879,0.384738,0.566851,0.564725,0.589084,0.472931,0.568636,9,9,9,9,9,9,9,9,9,9
39.329588,21.321181,38,6,9,6,5,6,6,6,6,6,6,6,6,0.370682,0.354699,0.377618,0.404961,0.413357,0.556592,0.542963,0.572109,0.445689,0.507898,6,6,6,6,6,6,6,6,6,6
39.331324,21.321177,14,1,7,1,1,1,1,1,1,1,1,1,1,0.344828,0.316647,0.327469,0.349762,0.351874,0.426208,0.423739,0.421366,0.337072,0.386012,1,1,1,1,1,1,1,1,1,1
39.333927,21.321172,5,1,2,1,1,1,1,1,1,1,1,1,1,0.351136,0.353816,0.304742,0.320740,0.403742,0.483768,0.425727,0.446551,0.348685,0.440396,1,1,1,1,1,1,1,1,1,1
39.334795,21.321170,1,5,0,5,4,5,5,4,5,5,5,5,5,0.406455,0.353972,0.382025,0.394109,0.412634,0.460326,0.435275,0.484698,0.395091,0.440689,5,5,5,5,5,5,5,5,5,5
39.300948,21.320421,8,2,4,2,2,2,2,2,2,1,1,1,2,0.420650,0.403721,0.442498,0.442971,0.455524,0.485758,0.286933,0.351313,0.310964,0.377076,2,2,2,2,2,2,2,2,2,2
39.306155,21.320412,57,9,12,9,9,9,9,9,9,9,9,9,9,0.654926,0.588974,0.641651,0.664674,0.694965,0.672025,0.494500,0.681476,0.525266,0.654074,9,9,9,9,9,9,9,9,9,9
39.307022,21.320410,72,9,16,9,9,9,9,9,9,9,9,9,9,0.647647,0.576106,0.642543,0.674874,0.695076,0.677042,0.547252,0.729591,0.562235,0.680435,9,9,9,9,9,9,9,9,9,9
39.307890,21.320409,71,9,20,9,9,9,9,9,9,9,9,9,9,0.676540,0.609473,0.661047,0.711720,0.717624,0.693582,0.564815,0.760865,0.590331,0.709015,9,9,9,9,9,9,9,9,9,9
39.309626,21.320405,64,9,20,9,9,9,9,9,9,9,9,9,9,0.628881,0.548493,0.620595,0.622539,0.659648,0.634185,0.495304,0.647662,0.505156,0.627625,9,9,9,9,9,9,9,9,9,9
39.310494,21.320404,60,9,21,9,9,9,9,9,9,9,9,8,9,0.650615,0.576120,0.639614,0.667416,0.687332,0.660419,0.469480,0.652763,0.520380,0.640271,9,9,9,9,9,9,9,9,9,9
39.311362,21.320402,58,9,21,9,9,9,9,9,9,9,9,9,9,0.685863,0.607539,0.662288,0.689087,0.712163,0.658508,0.535754,0.699966,0.540457,0.661315,9,9,9,9,9,9,9,9,9,9
39.312229,21.320401,57,9,21,9,9,9,9,9,9,9,9,9,9,0.624582,0.572200,0.615866,0.663339,0.682262,0.615613,0.491984,0.649019,0.493932,0.633152,9,9,9,9,9,9,9,9,9,9
39.313097,21.320399,60,9,22,9,9,9,9,9,9,9,9,9,9,0.640015,0.565757,0.641064,0.659200,0.683941,0.628532,0.491209,0.628802,0.467074,0.600287,9,9,9,9,9,9,9,9,9,9
39.313965,21.320397,66,9,23,9,9,9,9,9,9,9,9,9,9,0.562299,0.495057,0.578018,0.597982,0.597786,0.566897,0.437771,0.563071,0.420578,0.528065,9,9,9,9,9,9,9,9,9,9
39.314833,21.320396,68,9,25,9,9,9,9,9,9,9,9,9,9,0.636826,0.587675,0.632850,0.677522,0.687888,0.660642,0.503601,0.678063,0.509673,0.644028,9,9,9,9,9,9,9,9,9,9
39.315701,21.320394,66,9,26,9,9,9,9,9,9,9,9,8,9,0.605063,0.558071,0.596561,0.623831,0.681239,0.596806,0.422781,0.558037,0.433753,0.553472,9,9,9,9,9,9,9,9,9,9
39.316569,21.320393,66,9,23,9,9,9,9,9,9,9,9,9,9,0.524127,0.478646,0.518856,0.509660,0.555811,0.586136,0.560741,0.631369,0.496543,0.616343,9,9,9,9,9,9,9,9,9,9
39.317436,21.320391,53,9,22,8,9,8,8,9,9,9,9,9,9,0.393916,0.370983,0.388671,0.386258,0.399894,0.556206,0.549650,0.614573,0.486089,0.614523,9,9,9,9,9,9,9,9,9,9
39.318304,21.320389,53,4,22,4,2,3,4,2,4,4,4,4,4,0.340378,0.318113,0.321582,0.327066,0.332342,0.428246,0.433160,0.479557,0.393260,0.485545,4,4,4,4,4,4,4,4,4,4
39.319172,21.320388,42,4,17,4,4,3,3,3,4,4,4,3,4,0.351505,0.318328,0.315840,0.328856,0.325600,0.423519,0.428801,0.437062,0.351992,0.379473,4,4,4,4,4,4,4,4,4,4
39.320040,21.320386,30,4,11,4,2,2,2,4,4,4,4,4,4,0.383202,0.324921,0.296883,0.328004,0.347748,0.477901,0.444588,0.423519,0.357058,0.392241,4,4,4,4,4,4,4,4,4,4
39.323511,21.320379,21,5,6,5,4,2,5,5,5,5,5,4,4,0.426741,0.328686,0.305276,0.316907,0.353108,0.492297,0.452259,0.466991,0.347352,0.362300,5,5,5,5,5,5,5,5,5,5
39.324379,21.320378,42,7,8,7,6,5,5,7,7,7,7,4,4,0.405581,0.323308,0.303859,0.319999,0.346300,0.430260,0.410767,0.424788,0.329315,0.332390,7,7,7,7,7,7,7,7,7,7
39.325247,21.320376,57,9,11,9,9,8,8,9,9,9,9,9,9,0.482328,0.398485,0.367257,0.395433,0.422150,0.608010,0.551435,0.557622,0.411793,0.421229,9,9,9,9,9,9,9,9,9,9
39.326115,21.320374,61,9,17,9,8,8,9,8,9,9,9,9,9,0.440321,0.368339,0.349361,0.372369,0.382368,0.587965,0.568390,0.587280,0.459783,0.523674,9,9,9,9,9,9,9,9,9,9
39.326983,21.320373,57,9,18,9,9,9,9,9,9,9,9,9,9,0.503468,0.406650,0.389846,0.417824,0.443783,0.698457,0.659093,0.684263,0.533580,0.660048,9,9,9,9,9,9,9,9,9,9
39.327850,21.320371,57,9,16,9,9,8,9,9,9,9,9,9,9,0.413131,0.364372,0.346727,0.400792,0.435212,0.650222,0.630153,0.686816,0.524356,0.635685,9,9,9,9,9,9,9,9,9,9
39.328718,21.320369,50,9,12,9,9,9,9,9,9,9,9,9,9,0.524688,0.465722,0.472704,0.517265,0.578891,0.749748,0.699368,0.740722,0.547827,0.667963,9,9,9,9,9,9,9,9,9,9
39.329586,21.320367,44,5,13,4,4,4,5,5,5,5,5,5,5,0.348593,0.314625,0.324239,0.365488,0.372003,0.540777,0.544242,0.575261,0.432610,0.499177,5,5,5,5,5,5,5,5,5,5
39.330454,21.320366,27,3,11,3,3,3,3,3,3,3,3,3,3,0.405904,0.384845,0.368710,0.400014,0.456889,0.517770,0.491663,0.523175,0.414066,0.491975,3,3,3,3,3,3,3,3,3,3
39.331322,21.320364,10,4,5,4,4,3,4,4,4,4,4,4,4,0.374408,0.327519,0.338771,0.370594,0.391992,0.455231,0.449489,0.464445,0.370547,0.435691,4,4,4,4,4,4,4,4,4,4
39.305285,21.319600,46,2,16,2,2,2,2,2,2,2,2,0,2,0.466733,0.426015,0.391600,0.404205,0.434965,0.470500,0.350847,0.337613,0.281981,0.366744,2,2,2,2,2,2,2,2,2,2
39.306153,21.319599,52,9,14,9,7,9,9,8,8,9,9,9,8,0.571635,0.458935,0.509940,0.538765,0.550518,0.468705,0.418856,0.499058,0.406652,0.497688,9,9,9,9,9,9,9,9,9,9
39.307021,21.319597,66,9,16,9,9,9,9,9,9,9,9,9,9,0.645161,0.578254,0.656899,0.688603,0.688933,0.671937,0.571207,0.717912,0.554534,0.685318,9,9,9,9,9,9,9,9,9,9
39.307889,21.319595,71,9,20,9,9,9,9,9,9,9,9,9,9,0.639520,0.575533,0.645477,0.690572,0.697159,0.683784,0.526094,0.709804,0.551712,0.673349,9,9,9,9,9,9,9,9,9,9
39.308756,21.319594,64,9,22,9,9,9,9,9,9,9,9,9,9,0.549396,0.498638,0.558113,0.578192,0.586480,0.572455,0.494949,0.616413,0.495330,0.614993,9,9,9,9,9,9,9,9,9,9
39.309624,21.319592,56,5,27,3,4,3,5,5,3,1,5,4,5,0.333416,0.333903,0.338654,0.379303,0.401685,0.339601,0.289333,0.337273,0.315558,0.369281,5,5,5,5,5,5,5,5,5,5
39.310492,21.319591,54,6,25,6,6,6,6,6,6,2,5,4,6,0.486728,0.442897,0.482008,0.530795,0.553071,0.416101,0.282590,0.348425,0.301131,0.377461,6,6,6,6,6,6,6,6,6,6
39.311360,21.319589,58,9,23,9,9,9,9,9,9,8,9,8,9,0.492882,0.463426,0.487106,0.532678,0.576271,0.512546,0.441699,0.496148,0.394417,0.472283,9,9,9,9,9,9,9,9,9,9
39.312228,21.319587,70,9,23,9,9,9,9,9,9,9,9,9,9,0.511423,0.472313,0.503964,0.555763,0.591691,0.514243,0.504140,0.571691,0.416266,0.519922,9,9,9,9,9,9,9,9,9,9
39.313096,21.319586,72,9,24,9,9,9,9,9,9,9,9,9,9,0.591875,0.537726,0.591732,0.623302,0.657532,0.491532,0.462885,0.510246,0.395226,0.500361,9,9,9,9,9,9,9,9,9,9
39.313963,21.319584,69,9,26,9,9,9,9,9,9,9,9,9,9,0.620276,0.535307,0.595863,0.647199,0.645291,0.504624,0.435138,0.513701,0.399515,0.515822,9,9,9,9,9,9,9,9,9,9
39.314831,21.319583,67,9,27,9,9,9,9,9,9,9,9,8,9,0.663785,0.592674,0.659676,0.689598,0.698062,0.658161,0.450846,0.586264,0.446085,0.600746,9,9,9,9,9,9,9,9,9,9
39.315699,21.319581,67,7,27,7,7,7,7,7,7,6,7,6,7,0.490114,0.473744,0.505298,0.528748,0.548376,0.480539,0.366249,0.423591,0.350275,0.453961,7,7,7,7,7,7,7,7,7,7
39.316567,21.319579,70,7,25,7,7,7,7,7,7,7,7,7,7,0.511977,0.484378,0.484756,0.490766,0.544032,0.636907,0.575631,0.637508,0.501223,0.636502,7,7,7,7,7,7,7,7,7,7
39.317435,21.319578,50,9,19,9,9,9,9,9,9,9,9,9,9,0.529591,0.466757,0.477700,0.478897,0.505826,0.615297,0.588965,0.653795,0.513577,0.621371,9,9,9,9,9,9,9,9,9,9
39.318303,21.319576,42,2,22,2,1,1,0,2,2,2,2,2,2,0.325150,0.293916,0.295655,0.284330,0.303530,0.448953,0.432852,0.492154,0.387823,0.481351,2,2,2,2,2,2,2,2,2,2
39.320038,21.319573,17,7,6,7,5,5,4,6,7,7,7,7,7,0.376715,0.317253,0.307970,0.319222,0.334592,0.496957,0.450892,0.450163,0.363344,0.401956,7,7,7,7,7,7,7,7,7,7
39.323509,21.319566,27,1,12,1,1,0,0,1,1,1,1,1,1,0.368902,0.309821,0.286356,0.296621,0.311433,0.491168,0.435006,0.442771,0.341010,0.335117,1,1,1,1,1,1,1,1,1,1
39.324377,21.319564,44,7,11,7,7,6,7,7,7,7,7,7,7,0.499016,0.402277,0.380037,0.397555,0.426546,0.594860,0.524565,0.542013,0.389421,0.397113,7,7,7,7,7,7,7,7,7,7
39.325245,21.319563,60,7,16,7,6,6,7,7,7,7,7,6,5,0.468165,0.368153,0.357601,0.386538,0.409557,0.509300,0.434837,0.434181,0.331330,0.325845,7,7,7,7,7,7,7,7,7,7
39.326113,21.319561,67,6,21,6,4,4,5,6,6,6,6,6,6,0.391433,0.319479,0.316840,0.332847,0.346500,0.534155,0.509494,0.535490,0.414899,0.470307,6,6,6,6,6,6,6,6,6,6
39.326981,21.319559,65,9,20,9,9,9,9,9,9,9,9,9,9,0.496273,0.407726,0.383445,0.413321,0.448581,0.731901,0.673580,0.709467,0.531243,0.669346,9,9,9,9,9,9,9,9,9,9
39.327849,21.319558,71,7,19,7,6,5,7,7,7,7,7,7,7,0.391439,0.351061,0.330383,0.370639,0.398972,0.663817,0.605159,0.639661,0.489537,0.589293,7,7,7,7,7,7,7,7,7,7
39.328716,21.319556,58,9,14,9,9,9,9,9,9,9,9,9,9,0.567229,0.491632,0.507645,0.545406,0.594961,0.747919,0.701210,0.747639,0.561290,0.671055,9,9,9,9,9,9,9,9,9,9
39.329584,21.319554,41,5,14,5,5,5,5,5,5,5,5,5,5,0.513405,0.433784,0.405311,0.455624,0.491884,0.661601,0.637432,0.666645,0.488579,0.609630,5,5,5,5,5,5,5,5,5,5
39.302680,21.318792,19,3,4,3,3,2,2,3,3,3,3,3,3,0.375753,0.346831,0.356081,0.358375,0.340840,0.427334,0.407011,0.430356,0.363803,0.420622,3,3,3,3,3,3,3,3,3,3
39.303548,21.318790,27,7,3,7,7,7,7,7,7,7,7,7,7,0.423760,0.386250,0.430616,0.438229,0.420685,0.498284,0.499309,0.511330,0.411723,0.498091,7,7,7,7,7,7,7,7,7,7
39.304416,21.318789,28,9,3,9,9,9,9,9,9,9,9,9,9,0.457557,0.424450,0.465254,0.467711,0.467166,0.544313,0.539582,0.534972,0.423963,0.482693,9,9,9,9,9,9,9,9,9,9
39.305283,21.318787,34,5,12,5,5,5,5,5,5,5,5,5,4,0.420881,0.414401,0.431300,0.439661,0.453711,0.521136,0.483221,0.516568,0.409370,0.440099,5,5,5,5,5,5,5,5,5,5
39.306151,21.318785,43,3,16,3,3,3,3,3,3,3,3,3,3,0.335551,0.342001,0.358106,0.395193,0.405218,0.462249,0.433340,0.482175,0.402213,0.467865,3,3,3,3,3,3,3,3,3,3
39.307019,21.318784,50,9,15,9,9,9,9,9,9,9,9,9,9,0.551063,0.512442,0.569655,0.592579,0.612496,0.630597,0.618734,0.671951,0.526848,0.650253,9,9,9,9,9,9,9,9,9,9
39.307887,21.318782,62,9,17,9,9,9,9,9,9,9,9,9,9,0.617115,0.561736,0.632867,0.663140,0.676771,0.664755,0.605910,0.714059,0.553163,0.682384,9,9,9,9,9,9,9,9,9,9
39.308755,21.318781,59,9,20,9,9,9,9,9,9,9,9,9,9,0.631075,0.560463,0.627051,0.650854,0.658729,0.623376,0.540124,0.659477,0.515074,0.632516,9,9,9,9,9,9,9,9,9,9
39.309623,21.318779,51,6,26,6,5,5,6,6,6,5,5,5,6,0.416903,0.399086,0.432796,0.468753,0.461749,0.440667,0.448281,0.496040,0.406719,0.469822,6,6,6,6,6,6,6,6,6,6
39.311358,21.318776,58,7,23,7,7,7,7,7,7,7,7,7,7,0.435335,0.411661,0.450948,0.466214,0.468225,0.522245,0.522226,0.587128,0.453844,0.555053,7,7,7,7,7,7,7,7,7,7
39.312226,21.318774,70,9,21,9,9,8,9,9,9,9,9,9,9,0.507001,0.470952,0.511201,0.543750,0.568333,0.539688,0.516884,0.556980,0.428879,0.534149,9,9,9,9,9,9,9,9,9,9
39.313094,21.318773,72,9,24,9,9,9,9,9,9,9,9,9,9,0.554167,0.498519,0.546711,0.595949,0.610568,0.531677,0.523817,0.575863,0.439499,0.561097,9,9,9,9,9,9,9,9,9,9
39.313962,21.318771,69,9,26,9,9,9,9,9,9,9,9,9,9,0.684852,0.603835,0.687403,0.716081,0.695990,0.632473,0.490122,0.625346,0.493144,0.623690,9,9,9,9,9,9,9,9,9,9
39.314829,21.318769,70,6,29,5,6,6,6,6,6,5,6,6,6,0.512446,0.470459,0.527938,0.574027,0.572384,0.523233,0.410337,0.450852,0.366347,0.476024,6,6,6,6,6,6,6,6,6,6
39.315697,21.318768,65,9,24,9,9,9,9,9,9,9,9,9,9,0.511387,0.489481,0.548756,0.574381,0.561373,0.601100,0.550827,0.615289,0.462211,0.582724,9,9,9,9,9,9,9,9,9,9
39.316565,21.318766,68,9,22,9,9,9,9,9,9,9,9,9,9,0.517934,0.485349,0.517441,0.526950,0.557499,0.643136,0.588337,0.654114,0.505414,0.642106,9,9,9,9,9,9,9,9,9,9
39.317433,21.318765,51,9,17,9,9,9,9,9,9,9,9,9,9,0.530499,0.455206,0.481286,0.455550,0.511450,0.631912,0.568958,0.640290,0.501607,0.604296,9,9,9,9,9,9,9,9,9,9
39.318301,21.318763,40,1,20,1,0,1,1,1,1,1,1,1,1,0.336994,0.285545,0.306792,0.303792,0.308914,0.498566,0.485813,0.527427,0.431946,0.500342,1,1,1,1,1,1,1,1,1,1
39.319169,21.318761,20,1,15,1,0,0,0,1,1,1,1,1,1,0.345828,0.296858,0.278969,0.297932,0.332771,0.613571,0.558112,0.612543,0.449709,0.550326,1,1,1,1,1,1,1,1,1,1
39.320904,21.318758,13,3,4,3,3,2,2,3,3,3,3,1,2,0.400685,0.323182,0.309858,0.312086,0.353363,0.430436,0.364388,0.366222,0.295138,0.313864,3,3,3,3,3,3,3,3,3,3
39.321772,21.318756,7,5,3,5,4,3,3,5,5,5,5,5,5,0.398373,0.312025,0.302727,0.314659,0.346444,0.447202,0.400121,0.410685,0.318118,0.336829,5,5,5,5,5,5,5,5,5,5
39.323508,21.318753,23,1,14,1,1,0,0,1,1,1,1,1,1,0.357902,0.301196,0.270597,0.292518,0.327676,0.469756,0.409069,0.415303,0.333588,0.321229,1,1,1,1,1,1,1,1,1,1
39.324375,21.318751,37,7,15,7,7,6,6,7,7,7,7,7,7,0.434594,0.349518,0.329582,0.344468,0.380520,0.586334,0.491670,0.498417,0.366004,0.367694,7,7,7,7,7,7,7,7,7,7
39.325243,21.318750,57,7,18,7,5,5,6,7,7,7,7,7,7,0.405844,0.324766,0.317844,0.329767,0.351990,0.583955,0.529640,0.536822,0.391464,0.405780,7,7,7,7,7,7,7,7,7,7
39.326111,21.318748,65,8,19,8,6,5,5,8,8,8,8,8,8,0.398421,0.328085,0.311226,0.332169,0.351872,0.653502,0.606678,0.657004,0.504610,0.609010,8,8,8,8,8,8,8,8,8,8
39.326979,21.318746,65,9,22,9,9,9,9,9,9,9,9,9,9,0.571160,0.456371,0.436693,0.470186,0.499413,0.778277,0.719600,0.763824,0.568626,0.719821,9,9,9,9,9,9,9,9,9,9
39.327847,21.318745,70,8,18,8,8,8,8,8,8,8,8,8,8,0.418455,0.361444,0.357616,0.392000,0.407525,0.701177,0.649576,0.680579,0.510455,0.638955,8,8,8,8,8,8,8,8,8,8
39.328715,21.318743,58,9,13,9,9,9,9,9,9,9,9,9,9,0.458022,0.388834,0.382135,0.420331,0.468172,0.717081,0.679107,0.708317,0.521549,0.659139,9,9,9,9,9,9,9,9,9,9
39.329582,21.318741,37,6,14,6,5,4,6,6,6,6,6,6,6,0.441190,0.352230,0.351338,0.381754,0.398626,0.647400,0.617583,0.639542,0.468766,0.583047,6,6,6,6,6,6,6,6,6,6
39.300075,21.317983,4,1,3,1,1,1,1,1,1,1,1,1,1,0.357836,0.316884,0.331678,0.350399,0.347055,0.350928,0.356210,0.396050,0.316792,0.357016,1,1,1,1,1,1,1,1,1,1
39.300943,21.317982,9,2,4,2,2,2,2,1,2,2,2,2,2,0.381148,0.307044,0.353630,0.346443,0.310704,0.382428,0.367822,0.412341,0.364315,0.381391,2,2,2,2,2,2,2,2,2,2
39.301810,21.317980,15,4,1,4,3,4,4,4,4,4,4,3,4,0.395559,0.333725,0.341487,0.363080,0.368803,0.365995,0.368710,0.380916,0.330267,0.376966,4,4,4,4,4,4,4,4,4,4
39.302678,21.317979,21,5,1,5,3,3,4,5,5,5,5,3,5,0.360733,0.318213,0.352502,0.356298,0.333766,0.388516,0.391851,0.415771,0.336661,0.403000,5,5,5,5,5,5,5,5,5,5
39.303546,21.317977,30,3,2,3,3,3,3,3,3,3,3,3,3,0.402919,0.386322,0.398416,0.419005,0.429906,0.489830,0.481112,0.521033,0.406584,0.522495,3,3,3,3,3,3,3,3,3,3
39.304414,21.317975,28,5,4,4,3,5,5,5,5,5,5,5,5,0.345751,0.318108,0.352128,0.386500,0.378772,0.474257,0.476466,0.513367,0.407709,0.509721,5,5,5,5,5,5,5,5,5,5
39.307885,21.317969,47,6,15,6,6,5,6,6,6,6,6,6,6,0.396971,0.373160,0.391949,0.446592,0.455786,0.521253,0.498678,0.546920,0.443892,0.548007,6,6,6,6,6,6,6,6,6,6
39.308753,21.317968,49,6,18,6,5,6,6,6,6,6,6,6,6,0.494517,0.455467,0.495953,0.530542,0.554834,0.555418,0.546536,0.587890,0.478973,0.584943,6,6,6,6,6,6,6,6,6,6
39.309621,21.317966,40,9,19,9,9,9,9,9,9,9,9,9,9,0.619007,0.543632,0.609117,0.635438,0.651981,0.673293,0.651742,0.712565,0.541426,0.643885,9,9,9,9,9,9,9,9,9,9
39.310489,21.317964,47,7,21,7,7,7,7,7,7,7,7,7,7,0.620134,0.528670,0.576902,0.577397,0.580432,0.638308,0.630821,0.691146,0.529297,0.621406,7,7,7,7,7,7,7,7,7,7
39.311356,21.317963,55,9,20,9,9,9,9,9,9,9,9,9,9,0.539014,0.479355,0.533987,0.539985,0.544952,0.576789,0.609345,0.691881,0.526863,0.636941,9,9,9,9,9,9,9,9,9,9
39.312224,21.317961,69,9,21,9,9,9,9,9,9,9,9,9,9,0.596982,0.531111,0.607887,0.643753,0.628892,0.594000,0.541563,0.663477,0.513241,0.610256,9,9,9,9,9,9,9,9,9,9
39.313092,21.317960,71,9,22,9,9,9,9,9,9,9,9,9,9,0.648751,0.582788,0.650159,0.670575,0.687261,0.571390,0.481507,0.616268,0.492919,0.607350,9,9,9,9,9,9,9,9,9,9
39.313960,21.317958,69,9,24,9,9,9,9,9,9,9,9,8,9,0.441296,0.426278,0.473903,0.520500,0.506196,0.481072,0.412611,0.469544,0.390367,0.460446,9,9,9,9,9,9,9,9,9,9
39.314828,21.317956,67,9,25,8,9,9,9,9,9,9,9,9,9,0.504724,0.467454,0.515281,0.519208,0.549084,0.555950,0.526830,0.583169,0.431923,0.548883,9,9,9,9,9,9,9,9,9,9
39.315696,21.317955,67,9,22,9,9,9,9,9,9,9,9,9,9,0.600971,0.541308,0.613944,0.619433,0.652800,0.661155,0.613404,0.684282,0.512504,0.641670,9,9,9,9,9,9,9,9,9,9
39.316563,21.317953,68,9,17,9,9,9,9,9,9,9,9,9,9,0.567089,0.508790,0.563992,0.551253,0.610244,0.668212,0.613395,0.680576,0.518479,0.653671,9,9,9,9,9,9,9,9,9,9
39.317431,21.317951,50,9,13,9,9,9,9,9,9,9,9,9,9,0.471509,0.409960,0.436444,0.412211,0.472896,0.591506,0.555575,0.609360,0.479009,0.574525,9,9,9,9,9,9,9,9,9,9
39.318299,21.317950,28,5,13,5,5,5,5,5,5,5,5,5,5,0.423136,0.357801,0.374357,0.349046,0.390222,0.506725,0.472818,0.528180,0.426160,0.505002,5,5,5,5,5,5,5,5,5,5
39.321770,21.317943,17,1,5,1,0,0,0,1,1,1,1,0,0,0.347696,0.272885,0.266837,0.297169,0.318088,0.386717,0.349546,0.352470,0.276138,0.297039,1,1,1,1,1,1,1,1,1,1
39.322638,21.317941,15,3,9,3,2,0,1,3,3,3,3,0,1,0.375016,0.299356,0.290802,0.292917,0.325030,0.417549,0.376434,0.361710,0.286774,0.295494,3,3,3,3,3,3,3,3,3,3
39.323506,21.317940,26,1,17,1,1,0,1,1,1,1,1,0,0,0.371934,0.312067,0.271983,0.306928,0.326657,0.409171,0.330095,0.314091,0.276315,0.260332,1,1,1,1,1,1,1,1,1,1
39.324374,21.317938,39,4,18,4,0,0,2,4,4,4,4,4,4,0.366226,0.291897,0.285211,0.301261,0.329774,0.526568,0.447311,0.418189,0.325820,0.333519,4,4,4,4,4,4,4,4,4,4
39.325242,21.317936,57,9,16,9,6,5,6,8,9,9,9,9,9,0.405170,0.327769,0.319985,0.340566,0.352702,0.555993,0.498817,0.501661,0.385850,0.399569,9,9,9,9,9,9,9,9,9,9
39.326109,21.317935,66,9,20,9,9,9,9,9,9,9,9,9,9,0.476735,0.378230,0.364862,0.386950,0.419719,0.704897,0.645150,0.688597,0.503708,0.606825,9,9,9,9,9,9,9,9,9,9
39.326977,21.317933,67,9,21,9,9,9,9,9,9,9,9,9,9,0.538008,0.431568,0.431207,0.460403,0.500651,0.772944,0.691949,0.730517,0.542424,0.706769,9,9,9,9,9,9,9,9,9,9
39.327845,21.317931,66,9,19,9,8,7,9,9,9,9,9,9,9,0.394576,0.332157,0.336414,0.374694,0.390343,0.691001,0.595664,0.624828,0.474848,0.620401,9,9,9,9,9,9,9,9,9,9
39.328713,21.317930,56,9,13,9,9,9,9,9,9,9,9,9,9,0.478752,0.366739,0.373167,0.383527,0.437534,0.718771,0.652403,0.694297,0.489885,0.581061,9,9,9,9,9,9,9,9,9,9
39.329581,21.317928,34,5,11,5,3,5,4,5,5,5,5,5,5,0.385260,0.301653,0.317211,0.317148,0.349396,0.573547,0.516193,0.544988,0.390707,0.416129,5,5,5,5,5,5,5,5,5,5
39.300941,21.317169,11,1,3,1,0,1,1,0,1,1,1,1,1,0.324534,0.278581,0.338673,0.358514,0.266254,0.367842,0.393757,0.377665,0.323005,0.347952,1,1,1,1,1,1,1,1,1,1
39.307884,21.317156,34,4,13,4,4,4,4,4,4,4,4,4,4,0.500118,0.440359,0.505554,0.506037,0.494631,0.555391,0.538854,0.597693,0.481426,0.567702,4,4,4,4,4,4,4,4,4,4
39.309619,21.317153,46,1,20,0,0,0,1,1,1,1,1,1,1,0.288322,0.284155,0.279333,0.347432,0.339016,0.397171,0.341253,0.366572,0.347347,0.421250,1,1,1,1,1,1,1,1,1,1
39.310487,21.317151,51,6,17,5,6,5,6,6,6,6,6,6,6,0.459312,0.436635,0.463232,0.498230,0.485969,0.515954,0.517306,0.574656,0.450790,0.566216,6,6,6,6,6,6,6,6,6,6
39.311355,21.317150,57,9,17,9,9,9,9,9,9,9,9,9,9,0.578497,0.529094,0.590765,0.625009,0.577104,0.535749,0.516856,0.586282,0.476769,0.572752,9,9,9,9,9,9,9,9,9,9
39.312223,21.317148,63,8,19,8,8,8,8,8,8,8,8,8,8,0.630989,0.575211,0.646825,0.661537,0.666744,0.517844,0.497011,0.576730,0.459285,0.567403,8,8,8,8,8,8,8,8,8,8
39.313090,21.317146,62,9,19,9,9,9,9,9,9,9,9,9,9,0.518561,0.496281,0.542777,0.581633,0.572472,0.588072,0.572846,0.627934,0.483697,0.604448,9,9,9,9,9,9,9,9,9,9
39.313958,21.317145,65,9,21,9,9,9,9,9,9,9,9,9,9,0.456136,0.454506,0.499367,0.536139,0.540478,0.615435,0.592213,0.655095,0.499387,0.613499,9,9,9,9,9,9,9,9,9,9
39.314826,21.317143,63,9,20,9,9,9,9,9,9,9,9,9,9,0.582089,0.526722,0.584497,0.596157,0.636692,0.632837,0.589129,0.663522,0.488283,0.615171,9,9,9,9,9,9,9,9,9,9
39.315694,21.317141,63,7,20,7,7,7,7,7,7,7,7,7,7,0.474026,0.428276,0.456913,0.481176,0.522135,0.493467,0.463581,0.501125,0.401049,0.494971,7,7,7,7,7,7,7,7,7,7
39.316562,21.317140,59,9,13,9,9,9,9,9,9,9,9,9,9,0.411345,0.377355,0.389648,0.414451,0.451621,0.501309,0.458206,0.498291,0.400644,0.486768,9,9,9,9,9,9,9,9,9,9
39.317429,21.317138,44,7,11,7,5,5,7,7,7,7,7,7,7,0.351244,0.316436,0.322276,0.336474,0.370248,0.457160,0.444489,0.479344,0.390595,0.467302,7,7,7,7,7,7,7,7,7,7
39.318297,21.317137,26,1,13,0,0,0,0,1,1,1,1,1,1,0.298249,0.297812,0.281076,0.289857,0.348001,0.383475,0.357880,0.375634,0.302629,0.348864,1,1,1,1,1,1,1,1,1,1
39.322636,21.317128,14,6,6,6,5,4,4,6,6,6,6,4,3,0.392554,0.310360,0.300248,0.300821,0.332979,0.456688,0.391105,0.381270,0.300626,0.295634,6,6,6,6,6,6,6,6,6,6
39.323504,21.317127,29,1,18,1,0,0,0,1,1,1,1,0,1,0.358918,0.296559,0.260541,0.275618,0.308833,0.477383,0.437434,0.397114,0.288769,0.303730,1,1,1,1,1,1,1,1,1,1
39.324372,21.317125,43,4,19,4,3,4,4,4,4,4,4,4,4,0.395193,0.314722,0.313735,0.333434,0.338270,0.510278,0.479307,0.474496,0.366202,0.384003,4,4,4,4,4,4,4,4,4,4
39.325240,21.317123,57,9,18,9,9,7,8,9,9,9,9,9,9,0.425393,0.350032,0.322751,0.358963,0.376988,0.617750,0.553095,0.577197,0.442781,0.496778,9,9,9,9,9,9,9,9,9,9
39.326108,21.317122,64,9,19,9,9,9,9,9,9,9,9,9,9,0.488885,0.387438,0.376061,0.405733,0.442026,0.716647,0.659059,0.701152,0.526233,0.673310,9,9,9,9,9,9,9,9,9,9
39.326975,21.317120,68,6,21,6,5,5,6,6,6,6,6,6,6,0.392204,0.341430,0.339092,0.375888,0.399910,0.671248,0.600048,0.631623,0.486719,0.628989,6,6,6,6,6,6,6,6,6,6
39.327843,21.317118,58,9,16,9,9,9,9,9,9,9,9,9,9,0.450581,0.351252,0.357128,0.369145,0.403692,0.690040,0.625198,0.670607,0.488020,0.595656,9,9,9,9,9,9,9,9,9,9
39.328711,21.317117,47,7,13,7,5,5,5,7,7,7,7,7,7,0.392529,0.311387,0.308806,0.314361,0.374111,0.566502,0.514786,0.538065,0.377178,0.390403,7,7,7,7,7,7,7,7,7,7
39.329579,21.317115,24,3,11,3,0,2,2,3,3,3,3,2,2,0.358742,0.282422,0.311476,0.315651,0.327547,0.450153,0.405957,0.405076,0.315647,0.298654,3,3,3,3,3,3,3,3,3,3
39.302675,21.316352,5,1,5,1,1,0,1,1,1,1,1,1,1,0.359228,0.327438,0.285578,0.317679,0.334840,0.493701,0.432238,0.424472,0.344675,0.415323,1,1,1,1,1,1,1,1,1,1
39.307882,21.316343,14,7,5,7,7,7,7,7,7,7,7,7,7,0.451156,0.411233,0.436785,0.452734,0.460396,0.519297,0.500764,0.542016,0.426254,0.524344,7,7,7,7,7,7,7,7,7,7
39.313956,21.316332,49,8,15,7,7,8,8,8,8,8,8,8,8,0.468548,0.454628,0.507531,0.528050,0.549152,0.591447,0.561849,0.616112,0.467547,0.581865,8,8,8,8,8,8,8,8,8,8
39.314824,21.316330,49,5,18,5,4,5,5,5,5,5,5,5,5,0.378120,0.349893,0.383801,0.422513,0.427344,0.432485,0.400200,0.438335,0.363484,0.438246,5,5,5,5,5,5,5,5,5,5
39.315692,21.316328,41,7,14,7,7,7,7,7,7,6,7,3,7,0.405044,0.366134,0.385712,0.394681,0.400908,0.415666,0.401957,0.425012,0.333444,0.403662,7,7,7,7,7,7,7,7,7,7
39.316560,21.316327,40,6,13,6,4,6,6,6,6,6,6,4,6,0.391091,0.346693,0.370974,0.403306,0.411673,0.478762,0.453565,0.488938,0.377972,0.460655,6,6,6,6,6,6,6,6,6,6
39.317428,21.316325,24,5,9,4,4,3,4,5,5,5,5,5,5,0.345070,0.306403,0.314080,0.334601,0.374651,0.486161,0.460709,0.489030,0.387775,0.475853,5,5,5,5,5,5,5,5,5,5
39.320899,21.316318,5,1,4,1,0,0,0,1,1,1,1,0,0,0.355362,0.293256,0.273949,0.279682,0.326163,0.456185,0.370946,0.377480,0.283072,0.286964,1,1,1,1,1,1,1,1,1,1
39.321767,21.316317,9,3,5,3,2,0,1,3,3,3,3,0,0,0.380713,0.302631,0.286371,0.296127,0.321473,0.467433,0.397416,0.380157,0.281373,0.270559,3,3,3,3,3,3,3,3,3,3
39.323502,21.316313,32,5,12,5,5,4,4,5,5,5,5,5,5,0.407675,0.316453,0.310040,0.316969,0.347830,0.554786,0.532552,0.558370,0.412672,0.447451,5,5,5,5,5,5,5,5,5,5
39.324370,21.316312,48,6,16,6,6,6,6,6,6,6,6,6,6,0.424754,0.333261,0.332659,0.351238,0.382140,0.599520,0.579892,0.606852,0.455356,0.560679,6,6,6,6,6,6,6,6,6,6
39.325238,21.316310,57,8,18,8,8,6,8,8,8,8,8,8,8,0.414552,0.333630,0.316866,0.358406,0.375702,0.662268,0.600472,0.642986,0.495270,0.613203,8,8,8,8,8,8,8,8,8,8
39.326106,21.316308,56,8,19,8,8,7,8,8,8,8,8,8,8,0.450151,0.376793,0.359501,0.396210,0.426332,0.683742,0.612143,0.646623,0.488939,0.641014,8,8,8,8,8,8,8,8,8,8
39.326974,21.316307,58,6,18,6,3,4,6,6,6,6,6,6,6,0.393403,0.320647,0.327650,0.348867,0.358611,0.606972,0.574127,0.609517,0.470084,0.605888,6,6,6,6,6,6,6,6,6,6
39.327841,21.316305,46,9,12,9,9,9,9,9,9,9,9,9,9,0.479928,0.361270,0.374311,0.364938,0.421847,0.676220,0.627756,0.673748,0.476183,0.529972,9,9,9,9,9,9,9,9,9,9
39.328709,21.316303,38,3,13,3,2,3,2,3,3,3,3,3,3,0.414243,0.310595,0.345886,0.332527,0.357624,0.506784,0.446423,0.451604,0.332226,0.307769,3,3,3,3,3,3,3,3,3,3
39.313955,21.315518,28,5,12,4,3,4,5,5,3,4,5,4,5,0.410606,0.398308,0.439913,0.477190,0.485568,0.434886,0.436470,0.464772,0.377272,0.482891,5,5,5,5,5,5,5,5,5,5
39.315690,21.315515,19,4,14,4,4,4,4,4,4,4,4,4,4,0.470317,0.406585,0.416651,0.426198,0.449343,0.506694,0.474742,0.521356,0.395068,0.504002,4,4,4,4,4,4,4,4,4,4
39.316558,21.315514,23,1,13,1,0,0,1,1,1,1,1,1,1,0.320155,0.297184,0.296309,0.318865,0.339493,0.398577,0.358903,0.397638,0.331683,0.420345,1,1,1,1,1,1,1,1,1,1
39.321765,21.315504,6,2,9,2,2,1,1,2,2,2,2,2,2,0.388811,0.317441,0.290815,0.304958,0.337336,0.534848,0.498428,0.513184,0.376387,0.384805,2,2,2,2,2,2,2,2,2,2
39.323501,21.315500,34,7,11,7,6,6,6,7,7,7,7,7,7,0.447845,0.347032,0.346761,0.354055,0.390421,0.659120,0.617027,0.671071,0.490681,0.574312,7,7,7,7,7,7,7,7,7,7
39.324368,21.315499,54,8,12,8,7,7,8,8,8,8,8,8,8,0.452026,0.370028,0.356100,0.390495,0.410617,0.664296,0.610124,0.649066,0.501286,0.630578,8,8,8,8,8,8,8,8,8,8
39.325236,21.315497,59,6,14,6,6,6,6,6,6,6,6,6,6,0.439610,0.375524,0.360356,0.400851,0.422645,0.681852,0.619302,0.659687,0.492929,0.638280,6,6,6,6,6,6,6,6,6,6
39.326104,21.315495,46,7,16,7,7,7,7,7,7,7,7,7,7,0.490974,0.384390,0.378037,0.397812,0.428280,0.688910,0.655051,0.696374,0.524057,0.667314,7,7,7,7,7,7,7,7,7,7
39.326972,21.315494,41,5,16,5,3,4,5,5,5,5,5,5,5,0.435303,0.330411,0.341020,0.359521,0.391888,0.618759,0.615159,0.652595,0.508390,0.636178,5,5,5,5,5,5,5,5,5,5
39.327840,21.315492,28,5,11,5,4,5,5,5,5,5,5,5,5,0.415848,0.319980,0.348675,0.337388,0.384940,0.642144,0.598384,0.629550,0.428598,0.466285,5,5,5,5,5,5,5,5,5,5
39.328707,21.315490,17,5,7,5,4,5,4,4,5,5,5,5,3,0.395404,0.310076,0.338994,0.321864,0.347052,0.504225,0.421601,0.423449,0.309940,0.302526,5,5,5,5,5,5,5,5,5,5
39.313085,21.314707,12,3,7,3,1,3,3,3,3,3,3,3,3,0.324968,0.298923,0.341152,0.373886,0.355128,0.378438,0.397587,0.430529,0.360678,0.431277,3,3,3,3,3,3,3,3,3,3
39.321763,21.314690,3,2,11,2,1,0,2,2,2,2,2,2,2,0.358789,0.288389,0.288252,0.314347,0.333357,0.569962,0.559220,0.602990,0.445489,0.529849,2,2,2,2,2,2,2,2,2,2
39.324367,21.314685,47,9,8,9,9,9,9,9,9,9,9,9,9,0.449443,0.366746,0.361894,0.394922,0.426055,0.688241,0.640111,0.668671,0.502709,0.637359,9,9,9,9,9,9,9,9,9,9
39.325234,21.314684,45,7,11,7,7,7,7,7,7,7,7,7,7,0.433132,0.360018,0.345001,0.380217,0.402385,0.668491,0.613502,0.656996,0.498467,0.627691,7,7,7,7,7,7,7,7,7,7
39.326102,21.314682,29,6,12,6,4,4,6,6,6,6,6,6,6,0.421851,0.335402,0.338440,0.375931,0.379501,0.616885,0.572086,0.621687,0.478552,0.581581,6,6,6,6,6,6,6,6,6,6
39.302670,21.313913,8,5,0,5,4,4,5,5,5,5,5,4,5,0.433850,0.377798,0.396684,0.419089,0.410682,0.498192,0.484363,0.498958,0.394306,0.478503,5,5,5,5,5,5,5,5,5,5
39.316555,21.313887,2,1,4,1,0,0,1,1,1,1,1,1,1,0.369790,0.279680,0.285025,0.312904,0.309203,0.435005,0.402518,0.427771,0.369014,0.376677,1,1,1,1,1,1,1,1,1,1
39.323497,21.313874,33,5,10,5,5,4,4,5,5,5,5,5,5,0.425030,0.354626,0.344156,0.360845,0.417358,0.655312,0.592288,0.627326,0.477234,0.630976,5,5,5,5,5,5,5,5,5,5
39.324365,21.313872,35,5,10,5,4,3,5,5,5,5,5,5,5,0.393842,0.324118,0.313653,0.334037,0.362248,0.628518,0.583160,0.609543,0.467130,0.581814,5,5,5,5,5,5,5,5,5,5
39.325233,21.313871,30,3,12,3,3,2,2,3,3,3,3,3,3,0.391790,0.324429,0.313022,0.332628,0.367207,0.624276,0.570450,0.592686,0.436811,0.519265,3,3,3,3,3,3,3,3,3,3
39.326100,21.313869,16,1,12,1,0,1,1,1,1,1,1,1,1,0.356343,0.291625,0.307360,0.302460,0.323612,0.537813,0.471343,0.513225,0.367067,0.410380,1,1,1,1,1,1,1,1,1,1
39.302668,21.313100,9,1,2,1,1,1,1,1,1,1,1,1,1,0.364835,0.303668,0.381869,0.403983,0.335388,0.401530,0.391542,0.403913,0.341910,0.362072,1,1,1,1,1,1,1,1,1,1
39.303536,21.313098,9,1,2,1,0,0,1,1,1,1,1,1,1,0.310555,0.280068,0.260075,0.305467,0.343942,0.393874,0.318935,0.355640,0.337846,0.396938,1,1,1,1,1,1,1,1,1,1
39.315685,21.313076,1,1,1,1,1,1,1,1,1,1,1,1,1,0.393504,0.316108,0.322152,0.320589,0.313444,0.503295,0.486186,0.510057,0.381773,0.382320,1,1,1,1,1,1,1,1,1,1
39.320892,21.313066,34,6,5,6,6,4,5,6,6,6,6,6,6,0.389303,0.324988,0.320327,0.329345,0.342217,0.612585,0.564482,0.594753,0.447812,0.573359,6,6,6,6,6,6,6,6,6,6
39.321760,21.313064,32,9,1,9,9,7,9,8,9,9,9,9,9,0.418693,0.354021,0.352582,0.353967,0.365702,0.612397,0.585007,0.623974,0.474219,0.595649,9,9,9,9,9,9,9,9,9,9
39.322627,21.313062,27,7,5,7,7,6,7,7,7,7,7,7,7,0.446192,0.355011,0.364514,0.368169,0.401421,0.609336,0.584153,0.590476,0.450883,0.585925,7,7,7,7,7,7,7,7,7,7
39.324363,21.313059,16,2,10,2,1,1,1,2,2,2,2,2,2,0.347360,0.290026,0.292899,0.303461,0.341132,0.506952,0.489114,0.501260,0.391900,0.481084,2,2,2,2,2,2,2,2,2,2
39.319155,21.312256,27,1,10,1,1,0,1,1,1,1,1,1,1,0.353046,0.309589,0.295503,0.311382,0.314477,0.525329,0.512745,0.524054,0.390318,0.507301,1,1,1,1,1,1,1,1,1,1
39.320022,21.312254,39,7,5,7,7,7,7,7,7,7,7,7,7,0.450248,0.379767,0.393879,0.386458,0.393150,0.640456,0.574670,0.615619,0.460388,0.596943,7,7,7,7,7,7,7,7,7,7
39.320890,21.312253,45,9,3,9,9,9,9,9,9,9,9,9,9,0.522549,0.420182,0.441156,0.424388,0.456411,0.717418,0.658748,0.711924,0.513877,0.665134,9,9,9,9,9,9,9,9,9,9
39.321758,21.312251,37,8,3,8,7,6,7,8,8,8,8,8,8,0.441397,0.363292,0.374353,0.368559,0.403476,0.621043,0.570894,0.600041,0.448617,0.592882,8,8,8,8,8,8,8,8,8,8
39.318285,21.311444,29,2,7,2,2,1,1,2,2,2,2,2,2,0.444804,0.395088,0.354201,0.354410,0.398314,0.682525,0.583033,0.625786,0.444243,0.606468,2,2,2,2,2,2,2,2,2,2
39.319153,21.311443,41,8,2,8,8,8,8,8,8,8,8,8,8,0.475946,0.398446,0.407886,0.398868,0.410748,0.668012,0.595753,0.621514,0.455704,0.608211,8,8,8,8,8,8,8,8,8,8
39.320021,21.311441,43,9,2,9,9,9,9,9,9,9,9,9,9,0.543282,0.440688,0.480054,0.433318,0.468077,0.700501,0.639205,0.689794,0.491446,0.659545,9,9,9,9,9,9,9,9,9,9
39.320888,21.311439,37,5,7,5,3,4,5,4,5,5,5,5,5,0.433704,0.352795,0.365361,0.355599,0.382535,0.603056,0.536348,0.568933,0.428057,0.552774,5,5,5,5,5,5,5,5,5,5
39.314812,21.310638,5,4,2,4,0,2,3,4,4,4,4,4,4,0.345638,0.285904,0.290228,0.311973,0.343756,0.480336,0.445296,0.492813,0.379939,0.417638,4,4,4,4,4,4,4,4,4,4
39.318283,21.310631,28,9,0,9,9,9,8,8,9,9,9,9,9,0.492994,0.415597,0.425123,0.410135,0.427998,0.678027,0.610721,0.666843,0.481734,0.624621,9,9,9,9,9,9,9,9,9,9
39.319151,21.310630,35,9,0,9,9,9,9,9,9,9,9,9,9,0.512777,0.423658,0.456654,0.428501,0.458403,0.664405,0.606278,0.637609,0.465932,0.614847,9,9,9,9,9,9,9,9,9,9
39.314810,21.309825,15,3,3,3,1,3,3,3,3,3,3,2,3,0.396462,0.295021,0.324017,0.324077,0.348969,0.528739,0.522128,0.503692,0.372893,0.511192,3,3,3,3,3,3,3,3,3,3
39.315678,21.309823,25,2,4,2,1,2,2,2,2,2,2,2,2,0.414718,0.321889,0.340586,0.329188,0.348806,0.610825,0.537902,0.579452,0.444841,0.561298,2,2,2,2,2,2,2,2,2,2
39.316546,21.309821,16,7,0,7,7,7,7,7,7,7,7,7,7,0.513350,0.411393,0.438998,0.410459,0.434485,0.686345,0.630526,0.694820,0.505415,0.638730,7,7,7,7,7,7,7,7,7,7
39.317414,21.309820,23,4,4,4,4,4,4,4,4,4,4,3,4,0.521474,0.424528,0.431559,0.417524,0.441208,0.464359,0.427998,0.450883,0.352408,0.456790,4,4,4,4,4,4,4,4,4,4
39.318281,21.309818,25,2,5,2,1,2,2,2,2,2,2,2,2,0.382978,0.318475,0.345164,0.368810,0.375111,0.557644,0.505117,0.528750,0.397948,0.545704,2,2,2,2,2,2,2,2,2,2
39.319149,21.309816,24,1,7,1,1,1,1,1,1,1,1,1,1,0.372258,0.343458,0.342052,0.325884,0.364570,0.557962,0.498708,0.538768,0.393461,0.507929,1,1,1,1,1,1,1,1,1,1
39.313941,21.309013,17,1,5,1,1,1,1,1,1,1,1,1,1,0.454087,0.346918,0.370472,0.359043,0.366298,0.642662,0.614993,0.642273,0.448657,0.594423,1,1,1,1,1,1,1,1,1,1
39.314809,21.309011,26,3,3,3,2,3,3,3,3,3,3,3,3,0.418865,0.330392,0.332915,0.341189,0.366293,0.586446,0.549996,0.573165,0.420474,0.558697,3,3,3,3,3,3,3,3,3,3
39.315676,21.309010,25,5,1,5,4,5,5,5,5,5,5,5,5,0.429756,0.350809,0.355837,0.356041,0.387872,0.533304,0.515204,0.531068,0.398127,0.514227,5,5,5,5,5,5,5,5,5,5
39.316544,21.309008,23,3,3,3,3,3,3,3,3,3,3,3,3,0.470475,0.382673,0.410689,0.398034,0.425314,0.603045,0.548639,0.582164,0.440420,0.569170,3,3,3,3,3,3,3,3,3,3
39.313071,21.308202,18,1,4,1,0,1,1,1,1,1,1,1,1,0.354726,0.271594,0.321339,0.319655,0.301852,0.559677,0.493807,0.567460,0.446098,0.525305,1,1,1,1,1,1,1,1,1,1
39.313939,21.308200,18,8,0,8,7,7,7,8,8,8,8,8,8,0.422145,0.328026,0.349088,0.354009,0.368719,0.619746,0.568428,0.606714,0.451944,0.576261,8,8,8,8,8,8,8,8,8,8
39.315675,21.308197,16,5,1,5,4,5,5,5,5,5,5,4,5,0.404860,0.342347,0.375572,0.378342,0.377821,0.445567,0.416093,0.455307,0.373134,0.415682,5,5,5,5,5,5,5,5,5,5
39.313937,21.307387,16,7,0,7,5,7,7,7,7,7,7,7,7,0.415028,0.313639,0.342102,0.357709,0.363092,0.647243,0.600995,0.642579,0.466899,0.586851,7,7,7,7,7,7,7,7,7,7
39.315673,21.307383,10,1,5,1,0,0,1,1,1,1,1,0,1,0.337284,0.299327,0.296758,0.326499,0.333782,0.372053,0.368799,0.351997,0.287741,0.340340,1,1,1,1,1,1,1,1,1,1
39.314803,21.306572,10,1,4,1,1,1,1,1,1,1,1,1,1,0.423336,0.313217,0.390431,0.457553,0.370658,0.521666,0.520452,0.570746,0.414911,0.474508,1,1,1,1,1,1,1,1,1,1
39.333463,21.499255,6,1,2,1,0,0,1,1,1,1,1,1,1,0.343476,0.297724,0.286990,0.323412,0.361397,0.344755,0.342342,0.378487,0.317051,0.354961,1,1,1,1,1,1,1,1,1,1
39.334332,21.499253,5,1,1,1,1,0,1,1,1,1,1,0,1,0.320612,0.310282,0.238906,0.303051,0.447427,0.306745,0.366066,0.356692,0.259362,0.354591,1,1,1,1,1,1,1,1,1,1
39.341283,21.499239,0,1,0,1,1,1,1,1,1,1,1,0,1,0.395799,0.330781,0.312227,0.354963,0.390291,0.420472,0.363103,0.370277,0.276229,0.321351,1,1,1,1,1,1,1,1,1,1
39.345627,21.499230,0,2,0,2,1,1,2,2,2,1,1,0,2,0.351002,0.289095,0.299971,0.381969,0.429714,0.367322,0.300303,0.306748,0.257741,0.342442,2,2,2,2,2,2,2,2,2,2
39.334330,21.498440,4,3,0,3,3,2,3,3,3,3,3,2,3,0.379325,0.331818,0.343779,0.380689,0.434905,0.369777,0.372214,0.368115,0.303771,0.378481,3,3,3,3,3,3,3,3,3,3
39.332590,21.497630,11,6,0,6,5,6,6,6,6,6,6,5,6,0.414447,0.363123,0.377973,0.391536,0.459585,0.396408,0.392811,0.423903,0.348059,0.403931,6,6,6,6,6,6,6,6,6,6
39.346492,21.497602,0,4,0,4,2,2,4,4,4,3,2,0,4,0.372311,0.296472,0.294375,0.378643,0.422968,0.395745,0.327236,0.324806,0.249845,0.368236,4,4,4,4,4,4,4,4,4,4
39.311736,21.496857,3,1,1,1,1,1,0,1,1,1,1,0,0,0.352994,0.301353,0.349304,0.291379,0.313157,0.324209,0.302487,0.351917,0.244962,0.291521,1,1,1,1,1,1,1,1,1,1
39.332589,21.496817,12,2,1,2,1,1,1,2,2,2,2,2,2,0.335876,0.293983,0.307676,0.310312,0.348724,0.355274,0.355500,0.393450,0.314975,0.348927,2,2,2,2,2,2,2,2,2,2
39.349097,21.496783,0,4,0,4,3,4,4,4,4,4,4,3,4,0.449581,0.397964,0.455082,0.425409,0.437757,0.441934,0.441263,0.492662,0.386619,0.444369,4,4,4,4,4,4,4,4,4,4
39.321290,21.495213,0,3,0,3,2,1,3,3,3,3,3,1,3,0.351528,0.302397,0.305670,0.347575,0.419792,0.375711,0.345938,0.333134,0.305297,0.364875,3,3,3,3,3,3,3,3,3,3
39.324761,21.493580,0,3,0,3,3,3,3,3,3,3,3,1,3,0.410697,0.327707,0.374696,0.374028,0.399101,0.399743,0.387815,0.420768,0.293514,0.352722,3,3,3,3,3,3,3,3,3,3
39.324758,21.491954,0,1,1,1,0,1,1,1,1,1,1,0,0,0.379954,0.271957,0.310478,0.329080,0.352432,0.356452,0.317048,0.311465,0.253906,0.298620,1,1,1,1,1,1,1,1,1,1
39.326496,21.491950,3,1,3,1,0,1,1,1,1,1,1,0,0,0.345776,0.272483,0.314613,0.316665,0.326140,0.359423,0.339003,0.356947,0.257566,0.294473,1,1,1,1,1,1,1,1,1,1
39.326494,21.491137,3,3,0,3,0,2,2,3,3,3,3,1,2,0.323325,0.279379,0.303790,0.321928,0.336602,0.359680,0.345146,0.364992,0.277931,0.326135,3,3,3,3,3,3,3,3,3,3
39.327359,21.489509,11,4,0,4,3,4,3,4,4,4,4,0,4,0.355176,0.304721,0.326497,0.324653,0.345201,0.373522,0.356167,0.362925,0.272994,0.325551,4,4,4,4,4,4,4,4,4,4
39.327357,21.488696,12,3,1,3,3,3,3,3,3,3,3,3,3,0.430637,0.378896,0.414164,0.442358,0.467634,0.468474,0.470072,0.515775,0.413066,0.490115,3,3,3,3,3,3,3,3,3,3
39.328226,21.488694,13,6,0,6,5,5,6,6,6,6,6,3,6,0.438781,0.376750,0.410651,0.409674,0.439434,0.448686,0.430863,0.441795,0.336376,0.414384,6,6,6,6,6,6,6,6,6,6
39.328224,21.487881,13,2,1,2,2,2,2,2,2,1,2,1,2,0.398917,0.363722,0.368701,0.388813,0.440923,0.377472,0.378583,0.406979,0.317997,0.371162,2,2,2,2,2,2,2,2,2,2
39.329093,21.487879,9,4,0,3,2,4,4,4,4,4,4,4,4,0.360602,0.316250,0.358309,0.408393,0.417340,0.414662,0.399548,0.400606,0.336411,0.389233,4,4,4,4,4,4,4,4,4,4
39.329962,21.487878,4,1,0,1,0,1,1,1,1,1,1,0,1,0.308346,0.267585,0.316412,0.345260,0.318356,0.330604,0.338939,0.356653,0.285866,0.349834,1,1,1,1,1,1,1,1,1,1
39.332563,21.485433,9,4,0,4,2,3,3,4,4,4,4,2,4,0.409318,0.297618,0.308419,0.341230,0.384015,0.355095,0.366887,0.365993,0.301734,0.378642,4,4,4,4,4,4,4,4,4,4
39.334300,21.485430,5,3,0,3,3,3,3,3,3,3,3,3,3,0.401958,0.358320,0.363167,0.383290,0.436107,0.418991,0.411633,0.424148,0.360140,0.443796,3,3,3,3,3,3,3,3,3,3
39.306490,21.481417,1,2,0,2,2,2,2,2,2,2,2,2,2,0.482264,0.451433,0.449560,0.394831,0.479499,0.409912,0.402612,0.470885,0.359674,0.398767,2,2,2,2,2,2,2,2,2,2
39.334287,21.479738,0,2,0,1,0,2,2,2,1,1,2,0,2,0.301196,0.256443,0.329207,0.352082,0.360685,0.333116,0.315450,0.343447,0.290106,0.329083,2,2,2,2,2,2,2,2,2,2
39.316908,21.478145,0,1,0,1,0,0,1,0,1,1,1,1,1,0.354553,0.268142,0.279379,0.314798,0.292340,0.348327,0.332126,0.392779,0.312777,0.350561,1,1,1,1,1,1,1,1,1,1
39.300399,21.476549,3,1,0,1,0,1,1,1,1,1,1,0,1,0.341261,0.278662,0.343576,0.356700,0.325560,0.399395,0.360862,0.362203,0.290600,0.310789,1,1,1,1,1,1,1,1,1,1
39.353383,21.472380,0,1,0,1,0,1,1,1,1,1,1,0,1,0.318037,0.238421,0.312830,0.354243,0.332158,0.314828,0.309337,0.315852,0.273604,0.315291,1,1,1,1,1,1,1,1,1,1
39.308204,21.470030,0,2,1,2,0,1,2,1,2,2,2,1,2,0.318028,0.267389,0.319150,0.352908,0.338605,0.355738,0.347692,0.398857,0.318719,0.352560,2,2,2,2,2,2,2,2,2,2
39.318626,21.469197,4,1,0,1,0,1,1,1,1,0,1,0,1,0.315639,0.252446,0.335083,0.342926,0.320623,0.306565,0.287162,0.329791,0.277379,0.302160,1,1,1,1,1,1,1,1,1,1
39.353375,21.469127,4,2,0,2,2,2,2,2,2,2,2,2,0,0.477363,0.434546,0.424315,0.449449,0.362002,0.526794,0.500919,0.479635,0.358340,0.251074,2,2,2,2,2,2,2,2,2,2
39.308200,21.468403,10,4,0,4,4,4,4,4,4,4,4,3,4,0.398625,0.342451,0.387530,0.394948,0.401015,0.416710,0.389956,0.427372,0.330139,0.353817,4,4,4,4,4,4,4,4,4,4
39.309938,21.468400,0,1,2,1,1,0,0,1,1,1,1,1,1,0.313675,0.335115,0.275293,0.298124,0.331620,0.383590,0.409385,0.442449,0.315849,0.372703,1,1,1,1,1,1,1,1,1,1
39.316887,21.468387,4,1,0,1,0,1,1,1,1,1,1,0,1,0.325005,0.282489,0.350591,0.383655,0.409284,0.389253,0.341390,0.348904,0.262078,0.341190,1,1,1,1,1,1,1,1,1,1
39.317756,21.468386,2,4,0,4,2,3,4,4,4,4,4,1,4,0.348623,0.295297,0.332810,0.375840,0.397338,0.359456,0.324889,0.353077,0.286271,0.336399,4,4,4,4,4,4,4,4,4,4
39.341211,21.468339,14,2,1,2,0,0,1,2,2,2,2,0,2,0.325838,0.266812,0.292697,0.301505,0.346745,0.388999,0.388495,0.368383,0.259100,0.353691,2,2,2,2,2,2,2,2,2,2
39.342080,21.468338,10,6,0,6,5,6,6,6,6,6,6,6,6,0.426504,0.344882,0.398952,0.384373,0.423280,0.458283,0.439799,0.470185,0.338322,0.395827,6,6,6,6,6,6,6,6,6,6
39.307330,21.467592,12,5,0,4,3,4,5,5,5,5,5,3,5,0.379218,0.330772,0.377796,0.386557,0.375667,0.390472,0.370470,0.406333,0.332981,0.366108,5,5,5,5,5,5,5,5,5,5
39.353367,21.465875,0,1,0,1,0,1,1,1,1,1,1,0,0,0.334278,0.273654,0.319115,0.307020,0.322099,0.316721,0.301118,0.340870,0.256378,0.286820,1,1,1,1,1,1,1,1,1,1
39.340331,21.463462,4,1,0,1,1,1,1,1,1,1,1,1,1,0.404707,0.395396,0.446714,0.441796,0.459294,0.303869,0.326213,0.401376,0.306946,0.353592,1,1,1,1,1,1,1,1,1,1
39.392532,21.493434,1,1,0,1,1,1,1,1,1,1,1,1,1,0.321894,0.313677,0.414817,0.454571,0.523709,0.421496,0.453699,0.460044,0.319333,0.418904,1,1,1,1,1,1,1,1,1,1
39.393400,21.493432,1,1,0,1,1,1,1,1,1,1,1,1,1,0.363810,0.339993,0.456651,0.408747,0.449898,0.394763,0.369050,0.463607,0.375010,0.406819,1,1,1,1,1,1,1,1,1,1
39.374273,21.488597,0,3,0,3,3,3,2,2,3,3,3,0,2,0.379335,0.331362,0.328353,0.319210,0.345107,0.386685,0.352055,0.375390,0.273156,0.308767,3,3,3,3,3,3,3,3,3,3
39.374263,21.484532,0,1,0,1,0,1,1,0,1,1,1,1,1,0.306671,0.274943,0.355935,0.301505,0.298878,0.356529,0.338244,0.391687,0.330869,0.312562,1,1,1,1,1,1,1,1,1,1
39.368177,21.482919,0,1,0,0,0,1,1,1,1,1,1,0,1,0.299481,0.258595,0.362441,0.389357,0.352764,0.348699,0.385185,0.354490,0.256082,0.316703,1,1,1,1,1,1,1,1,1,1
39.362082,21.477240,2,1,0,1,1,1,1,1,1,1,1,0,1,0.330714,0.336905,0.305331,0.307242,0.489465,0.336583,0.367215,0.371073,0.258853,0.331834,1,1,1,1,1,1,1,1,1,1
39.362951,21.477238,2,1,0,0,0,1,1,1,0,1,1,0,1,0.280444,0.278584,0.378423,0.314380,0.376639,0.271529,0.309308,0.367094,0.256562,0.317311,1,1,1,1,1,1,1,1,1,1
39.362949,21.476425,2,1,0,1,0,1,1,1,1,1,1,0,1,0.317576,0.268403,0.301518,0.345714,0.381996,0.339386,0.302283,0.322256,0.274526,0.329524,1,1,1,1,1,1,1,1,1,1
39.376844,21.474768,0,1,0,1,1,1,1,1,1,1,1,0,1,0.369698,0.344278,0.321231,0.346937,0.428449,0.380528,0.358086,0.355065,0.253554,0.312463,1,1,1,1,1,1,1,1,1,1
39.313341,21.435055,0,2,0,2,1,2,2,2,2,2,2,1,2,0.338212,0.310546,0.325785,0.331356,0.327582,0.348509,0.336900,0.380151,0.304413,0.347734,2,2,2,2,2,2,2,2,2,2
39.341958,21.416296,0,1,0,1,0,1,1,1,1,1,1,0,0,0.368922,0.293356,0.355485,0.356845,0.386597,0.358497,0.332410,0.341871,0.231032,0.282185,1,1,1,1,1,1,1,1,1,1
39.361117,21.438211,0,1,0,1,1,1,1,1,1,1,1,0,1,0.356500,0.339374,0.321895,0.307463,0.355624,0.331847,0.323759,0.364635,0.253803,0.316400,1,1,1,1,1,1,1,1,1,1
39.363712,21.434140,0,1,0,1,0,1,0,1,1,0,1,0,0,0.331766,0.287488,0.330353,0.283703,0.303719,0.332643,0.299651,0.368780,0.270117,0.284560,1,1,1,1,1,1,1,1,1,1
39.358480,21.425206,0,2,0,1,1,2,2,2,2,2,2,2,2,0.328474,0.306874,0.352956,0.391328,0.388633,0.376216,0.365926,0.371954,0.335544,0.363328,2,2,2,2,2,2,2,2,2,2
39.380184,21.422719,0,2,0,2,1,0,2,2,2,2,2,0,2,0.366786,0.301656,0.269002,0.379215,0.470117,0.428468,0.342647,0.321940,0.247654,0.398988,2,2,2,2,2,2,2,2,2,2
39.380178,21.420279,3,2,0,2,0,1,1,2,2,2,2,2,2,0.344152,0.276877,0.300030,0.312684,0.342707,0.396669,0.348688,0.393660,0.313251,0.388495,2,2,2,2,2,2,2,2,2,2
39.381046,21.420277,7,1,1,1,0,0,0,1,1,1,1,1,1,0.318666,0.269357,0.292394,0.295647,0.324030,0.363427,0.314325,0.352314,0.324654,0.361284,1,1,1,1,1,1,1,1,1,1
39.382783,21.420273,3,1,0,1,1,1,1,1,1,1,1,1,1,0.351027,0.330804,0.381809,0.389814,0.395329,0.316162,0.399602,0.463695,0.314696,0.342953,1,1,1,1,1,1,1,1,1,1
39.381044,21.419464,6,2,0,2,2,2,2,2,2,2,0,0,0,0.370498,0.339318,0.364537,0.403215,0.458043,0.482665,0.447005,0.229262,0.214971,0.229321,2,2,2,2,2,2,2,2,2,2
39.381913,21.419462,4,3,0,3,3,3,3,2,3,3,2,0,2,0.429387,0.372583,0.405371,0.463903,0.408970,0.443698,0.416307,0.321818,0.277162,0.318347,3,3,3,3,3,3,3,3,3,3
39.363648,21.408119,1,3,0,3,2,3,3,3,3,3,3,2,3,0.364062,0.300986,0.355336,0.347641,0.391184,0.350933,0.356829,0.415959,0.307646,0.361165,3,3,3,3,3,3,3,3,3,3
39.363636,21.403240,3,2,0,2,0,1,1,2,2,2,2,0,2,0.339911,0.287384,0.288285,0.296738,0.345455,0.374246,0.332693,0.355505,0.278943,0.322149,2,2,2,2,2,2,2,2,2,2
39.362766,21.402429,2,3,0,3,1,2,2,3,3,3,3,1,2,0.343482,0.291809,0.307401,0.329989,0.371950,0.380200,0.348906,0.359762,0.278421,0.340619,3,3,3,3,3,3,3,3,3,3
39.324102,21.587906,0,1,0,1,0,0,1,1,1,1,1,0,1,0.323946,0.259471,0.287707,0.337131,0.318775,0.398864,0.362327,0.339021,0.292629,0.334355,1,1,1,1,1,1,1,1,1,1
39.309312,21.583055,1,1,0,1,1,1,0,1,1,1,0,0,1,0.368889,0.301963,0.330527,0.285954,0.319688,0.457357,0.356351,0.291940,0.265103,0.343762,1,1,1,1,1,1,1,1,1,1
39.311050,21.583052,1,1,0,0,0,0,1,1,1,1,1,0,1,0.299871,0.289921,0.298810,0.307126,0.330748,0.365129,0.343718,0.369593,0.273422,0.342376,1,1,1,1,1,1,1,1,1,1
39.337111,21.574057,0,1,0,1,1,1,1,1,1,1,1,1,1,0.425866,0.348995,0.386025,0.407824,0.376103,0.435758,0.409412,0.380825,0.316565,0.372338,1,1,1,1,1,1,1,1,1,1
39.319659,21.544005,1,1,0,1,1,1,1,1,1,1,1,1,1,0.479083,0.401745,0.403863,0.447818,0.511072,0.554709,0.472685,0.454438,0.384088,0.448092,1,1,1,1,1,1,1,1,1,1
39.353492,21.517916,1,1,0,1,0,1,1,1,1,1,1,0,0,0.346691,0.280097,0.319675,0.304814,0.311867,0.357348,0.308303,0.306802,0.267556,0.275844,1,1,1,1,1,1,1,1,1,1
39.305696,21.517197,0,1,0,1,1,1,1,1,1,1,1,0,1,0.355820,0.311951,0.345977,0.346135,0.353487,0.371241,0.353471,0.336308,0.294656,0.312592,1,1,1,1,1,1,1,1,1,1
39.353491,21.517103,1,1,0,1,0,0,1,1,1,1,0,0,1,0.321218,0.265605,0.292164,0.345658,0.376741,0.369819,0.349374,0.299911,0.250614,0.303840,1,1,1,1,1,1,1,1,1,1
39.314384,21.516368,0,1,0,1,0,1,1,1,1,1,1,1,1,0.330148,0.270214,0.331356,0.328082,0.351966,0.366837,0.339525,0.362950,0.324875,0.342752,1,1,1,1,1,1,1,1,1,1
39.317858,21.515548,1,1,0,1,0,1,1,1,1,1,1,1,1,0.344457,0.267864,0.323498,0.384876,0.389117,0.455134,0.395756,0.353933,0.340156,0.370306,1,1,1,1,1,1,1,1,1,1
39.318727,21.515547,1,1,0,1,0,0,1,1,1,1,1,1,1,0.343216,0.280689,0.297569,0.332275,0.377628,0.444562,0.404454,0.392477,0.355042,0.381034,1,1,1,1,1,1,1,1,1,1
39.309158,21.510686,0,1,0,1,0,1,1,1,1,1,1,1,1,0.327952,0.286369,0.301381,0.346527,0.414249,0.374883,0.447945,0.472048,0.335444,0.440513,1,1,1,1,1,1,1,1,1,1
39.343913,21.508991,2,1,0,1,1,0,0,1,1,1,1,0,1,0.312583,0.346357,0.296270,0.275663,0.380489,0.310111,0.343408,0.370272,0.267977,0.324201,1,1,1,1,1,1,1,1,1,1
39.344781,21.508990,1,2,0,2,0,2,2,2,2,2,2,2,1,0.313410,0.287313,0.333656,0.374728,0.388407,0.439625,0.395652,0.418265,0.354826,0.329814,2,2,2,2,2,2,2,2,2,2
39.343040,21.507367,3,1,2,1,1,1,1,1,1,1,1,1,1,0.368245,0.354584,0.413018,0.370327,0.391765,0.319791,0.353842,0.445124,0.325750,0.356554,1,1,1,1,1,1,1,1,1,1
39.340431,21.506559,2,1,2,1,0,1,1,1,1,1,1,1,1,0.327220,0.268091,0.314150,0.364072,0.345523,0.386819,0.339202,0.351621,0.328407,0.388803,1,1,1,1,1,1,1,1,1,1
39.342169,21.506556,9,2,1,2,1,1,2,2,2,2,2,0,2,0.339544,0.308183,0.300628,0.313756,0.398774,0.379949,0.356672,0.362197,0.289962,0.343106,2,2,2,2,2,2,2,2,2,2
39.343038,21.506554,9,1,2,1,0,1,1,1,1,1,1,1,1,0.343874,0.288748,0.337633,0.327297,0.351514,0.366382,0.305971,0.354722,0.340466,0.368697,1,1,1,1,1,1,1,1,1,1
39.341298,21.505744,5,2,1,2,1,2,1,1,2,2,2,1,2,0.341636,0.307023,0.344568,0.306327,0.298526,0.380814,0.365785,0.388436,0.301640,0.342482,2,2,2,2,2,2,2,2,2,2
39.343036,21.505741,10,5,0,5,3,3,4,5,5,5,5,3,4,0.374129,0.326252,0.329664,0.330696,0.378806,0.378949,0.363353,0.389719,0.297955,0.335749,5,5,5,5,5,5,5,5,5,5
39.343905,21.505739,12,1,1,1,1,1,1,1,1,1,1,1,1,0.389513,0.339057,0.394031,0.379174,0.409540,0.384352,0.374404,0.437581,0.309733,0.353834,1,1,1,1,1,1,1,1,1,1
39.338689,21.504936,12,1,3,1,0,1,1,1,1,1,1,1,1,0.321597,0.294123,0.343395,0.335124,0.340564,0.375083,0.368764,0.417885,0.327303,0.342111,1,1,1,1,1,1,1,1,1,1
39.339558,21.504935,11,4,0,4,3,2,3,4,4,4,4,4,4,0.383376,0.353241,0.353348,0.356713,0.397680,0.412063,0.421288,0.457673,0.346360,0.409381,4,4,4,4,4,4,4,4,4,4
39.340427,21.504933,8,2,2,1,1,1,2,2,2,2,2,2,2,0.315685,0.284044,0.339496,0.358104,0.372230,0.464128,0.464561,0.486164,0.385804,0.447423,2,2,2,2,2,2,2,2,2,2
39.343034,21.504927,8,4,0,4,4,4,4,4,4,4,4,4,4,0.414268,0.358329,0.367112,0.385926,0.381163,0.423535,0.384298,0.402052,0.330056,0.384800,4,4,4,4,4,4,4,4,4,4
39.343903,21.504926,10,2,0,2,2,2,2,2,2,2,2,2,2,0.417275,0.372734,0.378774,0.390411,0.423398,0.429692,0.395405,0.402988,0.337020,0.392672,2,2,2,2,2,2,2,2,2,2
39.345641,21.504922,0,3,0,3,2,3,3,3,3,3,3,3,3,0.500235,0.408662,0.407385,0.455730,0.507006,0.500301,0.463434,0.487512,0.418011,0.500680,3,3,3,3,3,3,3,3,3,3
39.338688,21.504123,14,6,0,6,6,6,6,6,6,6,6,6,6,0.455554,0.404754,0.440013,0.457258,0.515303,0.487579,0.469171,0.498744,0.385441,0.449345,6,6,6,6,6,6,6,6,6,6
39.339556,21.504121,14,2,2,2,1,1,2,2,2,2,2,2,2,0.374825,0.335102,0.356221,0.394865,0.445558,0.430994,0.422513,0.433336,0.356558,0.429400,2,2,2,2,2,2,2,2,2,2
39.347377,21.504105,3,1,0,1,1,0,0,1,1,1,1,0,1,0.485911,0.365663,0.244087,0.286807,0.364026,0.412830,0.446756,0.402914,0.295658,0.395150,1,1,1,1,1,1,1,1,1,1
39.348246,21.504104,2,3,0,3,2,2,3,3,3,3,3,3,3,0.395719,0.308025,0.341960,0.376173,0.422895,0.463826,0.446841,0.507542,0.409259,0.459076,3,3,3,3,3,3,3,3,3,3
39.349115,21.504102,3,1,0,1,0,0,1,1,1,0,1,0,1,0.319965,0.285376,0.281162,0.307032,0.373398,0.320555,0.288138,0.349781,0.275616,0.305725,1,1,1,1,1,1,1,1,1,1
39.316963,21.503353,2,1,0,1,1,0,1,1,1,1,1,0,0,0.386016,0.313193,0.295342,0.343502,0.361867,0.388501,0.376779,0.305784,0.248524,0.296007,1,1,1,1,1,1,1,1,1,1
39.336948,21.503314,9,1,2,1,1,1,1,1,1,1,1,1,1,0.395894,0.327744,0.345262,0.327077,0.353528,0.410813,0.365024,0.408187,0.318122,0.341959,1,1,1,1,1,1,1,1,1,1
39.337817,21.503312,11,6,0,6,5,5,6,6,6,6,6,4,6,0.403462,0.353259,0.368473,0.391016,0.458383,0.414656,0.408820,0.424948,0.331854,0.406738,6,6,6,6,6,6,6,6,6,6
39.338686,21.503310,15,1,1,1,1,1,1,1,1,1,1,0,1,0.406160,0.368158,0.364428,0.389207,0.489705,0.326497,0.339018,0.337984,0.254691,0.327294,1,1,1,1,1,1,1,1,1,1
39.336946,21.502500,10,2,1,2,0,2,2,2,2,2,2,1,2,0.322259,0.269885,0.302997,0.323709,0.367775,0.403290,0.358299,0.382230,0.315672,0.359095,2,2,2,2,2,2,2,2,2,2
39.337815,21.502499,12,1,2,1,0,0,1,1,1,1,1,1,1,0.382313,0.299937,0.296855,0.345801,0.421495,0.472554,0.461926,0.399967,0.302254,0.389177,1,1,1,1,1,1,1,1,1,1
39.336944,21.501687,8,2,0,1,1,1,2,2,2,2,2,1,2,0.331751,0.305131,0.305265,0.328109,0.376688,0.360002,0.359205,0.379015,0.310813,0.369505,2,2,2,2,2,2,2,2,2,2
39.310875,21.500925,6,2,0,2,2,2,2,2,2,2,2,0,2,0.409853,0.331690,0.356188,0.362195,0.389224,0.367063,0.344404,0.356268,0.290931,0.318855,2,2,2,2,2,2,2,2,2,2
39.311744,21.500923,7,1,1,1,1,1,1,1,1,1,1,1,1,0.472432,0.349860,0.406779,0.419166,0.410530,0.439373,0.389361,0.397355,0.336059,0.363860,1,1,1,1,1,1,1,1,1,1
39.311743,21.500110,3,5,0,5,5,5,5,5,5,5,5,2,3,0.454037,0.371709,0.389344,0.388771,0.426865,0.394371,0.368070,0.384385,0.292557,0.337630,5,5,5,5,5,5,5,5,5,5
39.338678,21.500057,2,4,0,4,4,3,4,4,2,2,4,2,4,0.347987,0.323566,0.308168,0.340267,0.366581,0.345717,0.328022,0.348238,0.300799,0.345304,4,4,4,4,4,4,4,4,4,4
39.361273,21.501636,0,1,0,1,1,0,1,1,1,1,1,1,1,0.353178,0.338158,0.288588,0.330311,0.435878,0.357462,0.358345,0.390122,0.300472,0.351089,1,1,1,1,1,1,1,1,1,1
39.359877,21.639873,1,1,0,1,1,1,1,1,1,1,1,0,0,0.511850,0.396237,0.378790,0.318761,0.310559,0.436698,0.420655,0.341915,0.248679,0.270912,1,1,1,1,1,1,1,1,1,1
39.359003,21.638249,2,3,0,3,3,3,1,2,3,3,3,2,3,0.414641,0.359834,0.372485,0.345615,0.381567,0.458228,0.403808,0.416559,0.331802,0.355743,3,3,3,3,3,3,3,3,3,3
39.388549,21.629238,6,2,0,2,2,2,2,2,2,2,2,0,0,0.457498,0.409841,0.430419,0.404958,0.408837,0.436295,0.357378,0.315572,0.239065,0.254366,2,2,2,2,2,2,2,2,2,2
39.386808,21.628429,4,1,0,1,1,1,1,1,1,1,1,0,0,0.383021,0.403928,0.342714,0.356054,0.404642,0.406222,0.369586,0.391359,0.249533,0.292509,1,1,1,1,1,1,1,1,1,1
39.387677,21.628427,5,4,0,4,4,4,4,4,4,4,3,3,4,0.467885,0.412845,0.446474,0.470751,0.490828,0.529836,0.421579,0.376056,0.298476,0.343730,4,4,4,4,4,4,4,4,4,4
39.388547,21.628425,6,2,0,2,2,2,2,2,2,2,2,0,0,0.496945,0.439470,0.462000,0.481645,0.515292,0.500627,0.339579,0.317172,0.247568,0.276543,2,2,2,2,2,2,2,2,2,2
39.363325,21.627669,4,5,0,5,3,3,5,5,5,5,3,0,3,0.416837,0.332393,0.330478,0.357285,0.367595,0.513972,0.377452,0.342322,0.257993,0.296948,5,5,5,5,5,5,5,5,5,5
39.314647,21.638339,10,1,0,1,1,0,1,1,1,1,1,1,1,0.344727,0.310822,0.283584,0.311825,0.330719,0.456415,0.392219,0.406070,0.306640,0.357306,1,1,1,1,1,1,1,1,1,1
39.313776,21.637528,8,1,1,1,1,1,1,1,1,1,1,1,1,0.359013,0.307398,0.313065,0.341583,0.343056,0.439516,0.374894,0.352745,0.302160,0.344768,1,1,1,1,1,1,1,1,1,1
39.314642,21.635900,10,1,1,1,1,1,1,1,1,1,1,1,1,0.348292,0.317346,0.337006,0.358992,0.320264,0.429335,0.415599,0.420467,0.331963,0.372592,1,1,1,1,1,1,1,1,1,1
39.315512,21.635898,14,3,0,3,3,3,3,3,3,3,3,3,3,0.478333,0.412603,0.433227,0.454757,0.443829,0.490089,0.462695,0.435931,0.335741,0.408905,3,3,3,3,3,3,3,3,3,3
39.316382,21.635896,10,3,0,3,3,3,3,3,3,3,3,3,3,0.476638,0.415320,0.438518,0.454989,0.477115,0.516996,0.498917,0.520495,0.381186,0.456657,3,3,3,3,3,3,3,3,3,3
39.317251,21.635895,8,1,0,1,1,1,1,1,1,1,1,0,1,0.383804,0.346631,0.344632,0.374008,0.395509,0.365423,0.346733,0.335688,0.270709,0.340696,1,1,1,1,1,1,1,1,1,1
39.314640,21.635086,6,6,0,6,6,6,6,6,6,6,6,5,6,0.462728,0.411329,0.455810,0.459385,0.452951,0.509374,0.478800,0.464469,0.338435,0.391570,6,6,6,6,6,6,6,6,6,6
39.315510,21.635085,16,1,1,1,1,1,1,1,1,1,1,0,1,0.513452,0.428648,0.442387,0.443437,0.415408,0.445961,0.409048,0.403868,0.255007,0.310627,1,1,1,1,1,1,1,1,1,1
39.316380,21.635083,10,3,0,3,3,3,3,3,3,3,3,2,3,0.406726,0.362338,0.368889,0.394145,0.424625,0.421427,0.402425,0.406550,0.301078,0.382009,3,3,3,3,3,3,3,3,3,3
39.313769,21.634275,6,1,1,1,1,0,1,1,1,1,1,0,1,0.347371,0.318886,0.270192,0.304954,0.350253,0.349853,0.365006,0.429101,0.296141,0.358484,1,1,1,1,1,1,1,1,1,1
39.311151,21.630214,4,1,0,1,1,1,1,1,1,1,1,1,1,0.497223,0.435587,0.401837,0.433950,0.515540,0.510273,0.460529,0.517668,0.341730,0.509018,1,1,1,1,1,1,1,1,1,1
39.301583,21.629419,6,1,0,1,1,1,1,1,1,1,1,1,1,0.421902,0.375495,0.418977,0.445160,0.460635,0.474095,0.447899,0.411634,0.356559,0.422678,1,1,1,1,1,1,1,1,1,1
39.301581,21.628606,7,2,0,2,1,1,2,2,2,2,2,1,2,0.337292,0.307107,0.332719,0.454718,0.469804,0.445751,0.394732,0.394395,0.301364,0.392873,2,2,2,2,2,2,2,2,2,2
39.309407,21.627778,5,8,0,8,8,8,6,8,8,8,8,6,8,0.454115,0.399190,0.416686,0.422256,0.483780,0.461443,0.426504,0.411786,0.327776,0.416087,8,8,8,8,8,8,8,8,8,8
39.304185,21.626161,7,2,0,2,1,1,1,2,2,2,1,0,2,0.354991,0.295502,0.312258,0.378910,0.371174,0.420645,0.375950,0.322368,0.225053,0.335043,2,2,2,2,2,2,2,2,2,2
39.309403,21.626152,19,3,2,3,3,3,3,3,3,3,3,3,3,0.443498,0.374331,0.387734,0.442683,0.476282,0.493648,0.451492,0.462817,0.371159,0.517039,3,3,3,3,3,3,3,3,3,3
39.303314,21.625350,10,1,2,1,1,1,1,1,1,1,1,0,1,0.379395,0.313234,0.358615,0.347002,0.345460,0.372849,0.348923,0.366208,0.276738,0.360530,1,1,1,1,1,1,1,1,1,1
39.308532,21.625340,15,7,0,7,7,7,7,7,7,6,6,4,6,0.429520,0.389264,0.413078,0.423108,0.467582,0.466714,0.396700,0.404024,0.304554,0.389830,7,7,7,7,7,7,7,7,7,7
39.309401,21.625339,17,1,4,0,0,0,1,1,1,1,0,0,1,0.286405,0.261563,0.299061,0.391203,0.378856,0.362287,0.322789,0.288155,0.266357,0.382912,1,1,1,1,1,1,1,1,1,1
39.303312,21.624537,11,1,4,1,1,1,1,1,1,1,1,1,1,0.458909,0.368385,0.407184,0.399581,0.427586,0.455031,0.431382,0.448113,0.346154,0.408541,1,1,1,1,1,1,1,1,1,1
39.303311,21.623724,13,2,4,2,1,1,2,2,2,2,1,0,2,0.463514,0.344735,0.362864,0.418370,0.425293,0.433937,0.325628,0.300338,0.272740,0.367287,2,2,2,2,2,2,2,2,2,2
39.303309,21.622910,19,4,4,4,4,4,4,4,4,4,4,4,4,0.405583,0.370442,0.380072,0.433443,0.487931,0.505892,0.470794,0.496446,0.395729,0.493089,4,4,4,4,4,4,4,4,4,4
39.303307,21.622097,23,6,1,6,6,6,6,6,6,6,6,5,6,0.503489,0.427949,0.430887,0.507195,0.512476,0.530047,0.471929,0.481476,0.388697,0.493336,6,6,6,6,6,6,6,6,6,6
39.305045,21.621281,12,1,4,1,0,0,1,1,1,1,1,0,1,0.323890,0.279893,0.270485,0.325776,0.345113,0.359770,0.319421,0.344504,0.287969,0.353044,1,1,1,1,1,1,1,1,1,1
39.304173,21.620469,12,9,0,9,8,9,9,9,9,9,9,7,9,0.472551,0.396140,0.405171,0.464788,0.502955,0.475933,0.416806,0.430950,0.333651,0.449915,9,9,9,9,9,9,9,9,9,9
39.316346,21.619634,0,2,0,2,1,2,2,2,2,2,2,2,2,0.329503,0.317162,0.326930,0.396122,0.388005,0.429546,0.399203,0.401158,0.329109,0.452803,2,2,2,2,2,2,2,2,2,2
39.313732,21.617199,0,1,0,1,1,1,1,1,1,1,1,1,1,0.447610,0.407109,0.427000,0.532576,0.542370,0.402590,0.359300,0.396367,0.301638,0.365687,1,1,1,1,1,1,1,1,1,1
39.310562,21.761130,0,1,0,1,1,1,1,1,1,1,1,0,1,0.365716,0.330173,0.327034,0.341229,0.365830,0.416214,0.370166,0.431256,0.272940,0.350904,1,1,1,1,1,1,1,1,1,1
39.312303,21.761126,0,1,0,1,1,1,1,1,1,1,1,1,1,0.357616,0.326017,0.326664,0.323323,0.333971,0.382239,0.338059,0.396761,0.302813,0.342409,1,1,1,1,1,1,1,1,1,1
