Exponent,Alpha,Beta,w0,Numerical_Maximum_Scenario (%),Numerical_Maximum_NEGI
0.5,0.4,0.4,50.0,99.0,0.300501256289338
0.5,0.4,0.4,100.0,99.0,0.20100251257867602
0.5,0.4,0.4,150.0,99.0,0.10150376886801399
0.5,0.4,0.4,200.0,99.0,0.002005025157352014
0.5,0.4,0.4,250.0,0.0,0.0
0.5,0.4,0.4,300.0,0.0,0.0
0.5,0.4,0.4,350.0,0.0,0.0
0.5,0.4,0.4,400.0,0.0,0.0
0.5,0.4,0.6000000000000001,50.0,99.0,0.250751884434007
0.5,0.4,0.6000000000000001,100.0,99.0,0.10150376886801399
0.5,0.4,0.6000000000000001,150.0,0.0,0.0
0.5,0.4,0.6000000000000001,200.0,0.0,0.0
0.5,0.4,0.6000000000000001,250.0,0.0,0.0
0.5,0.4,0.6000000000000001,300.0,0.0,0.0
0.5,0.4,0.6000000000000001,350.0,0.0,0.0
0.5,0.4,0.6000000000000001,400.0,0.0,0.0
0.5,0.4,0.8000000000000002,50.0,99.0,0.201002512578676
0.5,0.4,0.8000000000000002,100.0,99.0,0.0020050251573519584
0.5,0.4,0.8000000000000002,150.0,0.0,0.0
0.5,0.4,0.8000000000000002,200.0,0.0,0.0
0.5,0.4,0.8000000000000002,250.0,0.0,0.0
0.5,0.4,0.8000000000000002,300.0,0.0,0.0
0.5,0.4,0.8000000000000002,350.0,0.0,0.0
0.5,0.4,0.8000000000000002,400.0,0.0,0.0
0.5,0.4,1.0000000000000002,50.0,99.0,0.15125314072334498
0.5,0.4,1.0000000000000002,100.0,0.0,0.0
0.5,0.4,1.0000000000000002,150.0,0.0,0.0
0.5,0.4,1.0000000000000002,200.0,0.0,0.0
0.5,0.4,1.0000000000000002,250.0,0.0,0.0
0.5,0.4,1.0000000000000002,300.0,0.0,0.0
0.5,0.4,1.0000000000000002,350.0,0.0,0.0
0.5,0.4,1.0000000000000002,400.0,0.0,0.0
0.5,0.4,1.2000000000000002,50.0,99.0,0.10150376886801399
0.5,0.4,1.2000000000000002,100.0,0.0,0.0
0.5,0.4,1.2000000000000002,150.0,0.0,0.0
0.5,0.4,1.2000000000000002,200.0,0.0,0.0
0.5,0.4,1.2000000000000002,250.0,0.0,0.0
0.5,0.4,1.2000000000000002,300.0,0.0,0.0
0.5,0.4,1.2000000000000002,350.0,0.0,0.0
0.5,0.4,1.2000000000000002,400.0,0.0,0.0
0.5,0.4,1.4000000000000004,50.0,99.0,0.05175439701268297
0.5,0.4,1.4000000000000004,100.0,0.0,0.0
0.5,0.4,1.4000000000000004,150.0,0.0,0.0
0.5,0.4,1.4000000000000004,200.0,0.0,0.0
0.5,0.4,1.4000000000000004,250.0,0.0,0.0
0.5,0.4,1.4000000000000004,300.0,0.0,0.0
0.5,0.4,1.4000000000000004,350.0,0.0,0.0
0.5,0.4,1.4000000000000004,400.0,0.0,0.0
0.5,0.4,1.6000000000000005,50.0,99.0,0.002005025157351903
0.5,0.4,1.6000000000000005,100.0,0.0,0.0
0.5,0.4,1.6000000000000005,150.0,0.0,0.0
0.5,0.4,1.6000000000000005,200.0,0.0,0.0
0.5,0.4,1.6000000000000005,250.0,0.0,0.0
0.5,0.4,1.6000000000000005,300.0,0.0,0.0
0.5,0.4,1.6000000000000005,350.0,0.0,0.0
0.5,0.4,1.6000000000000005,400.0,0.0,0.0
0.5,0.4,1.8000000000000003,50.0,0.0,0.0
0.5,0.4,1.8000000000000003,100.0,0.0,0.0
0.5,0.4,1.8000000000000003,150.0,0.0,0.0
0.5,0.4,1.8000000000000003,200.0,0.0,0.0
0.5,0.4,1.8000000000000003,250.0,0.0,0.0
0.5,0.4,1.8000000000000003,300.0,0.0,0.0
0.5,0.4,1.8000000000000003,350.0,0.0,0.0
0.5,0.4,1.8000000000000003,400.0,0.0,0.0
0.5,0.4,2.0000000000000004,50.0,0.0,0.0
0.5,0.4,2.0000000000000004,100.0,0.0,0.0
0.5,0.4,2.0000000000000004,150.0,0.0,0.0
0.5,0.4,2.0000000000000004,200.0,0.0,0.0
0.5,0.4,2.0000000000000004,250.0,0.0,0.0
0.5,0.4,2.0000000000000004,300.0,0.0,0.0
0.5,0.4,2.0000000000000004,350.0,0.0,0.0
0.5,0.4,2.0000000000000004,400.0,0.0,0.0
0.5,0.4,2.2000000000000006,50.0,0.0,0.0
0.5,0.4,2.2000000000000006,100.0,0.0,0.0
0.5,0.4,2.2000000000000006,150.0,0.0,0.0
0.5,0.4,2.2000000000000006,200.0,0.0,0.0
0.5,0.4,2.2000000000000006,250.0,0.0,0.0
0.5,0.4,2.2000000000000006,300.0,0.0,0.0
0.5,0.4,2.2000000000000006,350.0,0.0,0.0
0.5,0.4,2.2000000000000006,400.0,0.0,0.0
0.5,0.6000000000000001,0.4,50.0,99.0,0.5005012562893381
0.5,0.6000000000000001,0.4,100.0,99.0,0.4010025125786761
0.5,0.6000000000000001,0.4,150.0,99.0,0.30150376886801405
0.5,0.6000000000000001,0.4,200.0,99.0,0.20200502515735208
0.5,0.6000000000000001,0.4,250.0,99.0,0.1025062814466901
0.5,0.6000000000000001,0.4,300.0,99.0,0.003007537736028021
0.5,0.6000000000000001,0.4,350.0,0.0,0.0
0.5,0.6000000000000001,0.4,400.0,0.0,0.0
0.5,0.6000000000000001,0.6000000000000001,50.0,99.0,0.45075188443400704
0.5,0.6000000000000001,0.6000000000000001,100.0,99.0,0.30150376886801405
0.5,0.6000000000000001,0.6000000000000001,150.0,99.0,0.152255653302021
0.5,0.6000000000000001,0.6000000000000001,200.0,99.0,0.003007537736028021
0.5,0.6000000000000001,0.6000000000000001,250.0,0.0,0.0
0.5,0.6000000000000001,0.6000000000000001,300.0,0.0,0.0
0.5,0.6000000000000001,0.6000000000000001,350.0,0.0,0.0
0.5,0.6000000000000001,0.6000000000000001,400.0,0.0,0.0
0.5,0.6000000000000001,0.8000000000000002,50.0,99.0,0.40100251257867603
0.5,0.6000000000000001,0.8000000000000002,100.0,99.0,0.20200502515735203
0.5,0.6000000000000001,0.8000000000000002,150.0,99.0,0.003007537736028021
0.5,0.6000000000000001,0.8000000000000002,200.0,0.0,0.0
0.5,0.6000000000000001,0.8000000000000002,250.0,0.0,0.0
0.5,0.6000000000000001,0.8000000000000002,300.0,0.0,0.0
0.5,0.6000000000000001,0.8000000000000002,350.0,0.0,0.0
0.5,0.6000000000000001,0.8000000000000002,400.0,0.0,0.0
0.5,0.6000000000000001,1.0000000000000002,50.0,99.0,0.351253140723345
0.5,0.6000000000000001,1.0000000000000002,100.0,99.0,0.10250628144669
0.5,0.6000000000000001,1.0000000000000002,150.0,0.0,0.0
0.5,0.6000000000000001,1.0000000000000002,200.0,0.0,0.0
0.5,0.6000000000000001,1.0000000000000002,250.0,0.0,0.0
0.5,0.6000000000000001,1.0000000000000002,300.0,0.0,0.0
0.5,0.6000000000000001,1.0000000000000002,350.0,0.0,0.0
0.5,0.6000000000000001,1.0000000000000002,400.0,0.0,0.0
0.5,0.6000000000000001,1.2000000000000002,50.0,99.0,0.30150376886801405
0.5,0.6000000000000001,1.2000000000000002,100.0,99.0,0.003007537736028021
0.5,0.6000000000000001,1.2000000000000002,150.0,0.0,0.0
0.5,0.6000000000000001,1.2000000000000002,200.0,0.0,0.0
0.5,0.6000000000000001,1.2000000000000002,250.0,0.0,0.0
0.5,0.6000000000000001,1.2000000000000002,300.0,0.0,0.0
0.5,0.6000000000000001,1.2000000000000002,350.0,0.0,0.0
0.5,0.6000000000000001,1.2000000000000002,400.0,0.0,0.0
0.5,0.6000000000000001,1.4000000000000004,50.0,99.0,0.25175439701268304
0.5,0.6000000000000001,1.4000000000000004,100.0,0.0,0.0
0.5,0.6000000000000001,1.4000000000000004,150.0,0.0,0.0
0.5,0.6000000000000001,1.4000000000000004,200.0,0.0,0.0
0.5,0.6000000000000001,1.4000000000000004,250.0,0.0,0.0
0.5,0.6000000000000001,1.4000000000000004,300.0,0.0,0.0
0.5,0.6000000000000001,1.4000000000000004,350.0,0.0,0.0
0.5,0.6000000000000001,1.4000000000000004,400.0,0.0,0.0
0.5,0.6000000000000001,1.6000000000000005,50.0,99.0,0.20200502515735197
0.5,0.6000000000000001,1.6000000000000005,100.0,0.0,0.0
0.5,0.6000000000000001,1.6000000000000005,150.0,0.0,0.0
0.5,0.6000000000000001,1.6000000000000005,200.0,0.0,0.0
0.5,0.6000000000000001,1.6000000000000005,250.0,0.0,0.0
0.5,0.6000000000000001,1.6000000000000005,300.0,0.0,0.0
0.5,0.6000000000000001,1.6000000000000005,350.0,0.0,0.0
0.5,0.6000000000000001,1.6000000000000005,400.0,0.0,0.0
0.5,0.6000000000000001,1.8000000000000003,50.0,99.0,0.15225565330202107
0.5,0.6000000000000001,1.8000000000000003,100.0,0.0,0.0
0.5,0.6000000000000001,1.8000000000000003,150.0,0.0,0.0
0.5,0.6000000000000001,1.8000000000000003,200.0,0.0,0.0
0.5,0.6000000000000001,1.8000000000000003,250.0,0.0,0.0
0.5,0.6000000000000001,1.8000000000000003,300.0,0.0,0.0
0.5,0.6000000000000001,1.8000000000000003,350.0,0.0,0.0
0.5,0.6000000000000001,1.8000000000000003,400.0,0.0,0.0
0.5,0.6000000000000001,2.0000000000000004,50.0,99.0,0.10250628144669
0.5,0.6000000000000001,2.0000000000000004,100.0,0.0,0.0
0.5,0.6000000000000001,2.0000000000000004,150.0,0.0,0.0
0.5,0.6000000000000001,2.0000000000000004,200.0,0.0,0.0
0.5,0.6000000000000001,2.0000000000000004,250.0,0.0,0.0
0.5,0.6000000000000001,2.0000000000000004,300.0,0.0,0.0
0.5,0.6000000000000001,2.0000000000000004,350.0,0.0,0.0
0.5,0.6000000000000001,2.0000000000000004,400.0,0.0,0.0
0.5,0.6000000000000001,2.2000000000000006,50.0,99.0,0.052756909591358925
0.5,0.6000000000000001,2.2000000000000006,100.0,0.0,0.0
0.5,0.6000000000000001,2.2000000000000006,150.0,0.0,0.0
0.5,0.6000000000000001,2.2000000000000006,200.0,0.0,0.0
0.5,0.6000000000000001,2.2000000000000006,250.0,0.0,0.0
0.5,0.6000000000000001,2.2000000000000006,300.0,0.0,0.0
0.5,0.6000000000000001,2.2000000000000006,350.0,0.0,0.0
0.5,0.6000000000000001,2.2000000000000006,400.0,0.0,0.0
0.5,0.8000000000000002,0.4,50.0,99.0,0.7005012562893381
0.5,0.8000000000000002,0.4,100.0,99.0,0.6010025125786762
0.5,0.8000000000000002,0.4,150.0,99.0,0.5015037688680142
0.5,0.8000000000000002,0.4,200.0,99.0,0.40200502515735215
0.5,0.8000000000000002,0.4,250.0,99.0,0.3025062814466902
0.5,0.8000000000000002,0.4,300.0,99.0,0.2030075377360281
0.5,0.8000000000000002,0.4,350.0,99.0,0.10350879402536606
0.5,0.8000000000000002,0.4,400.0,99.0,0.004010050314704139
0.5,0.8000000000000002,0.6000000000000001,50.0,99.0,0.6507518844340071
0.5,0.8000000000000002,0.6000000000000001,100.0,99.0,0.5015037688680142
0.5,0.8000000000000002,0.6000000000000001,150.0,99.0,0.3522556533020211
0.5,0.8000000000000002,0.6000000000000001,200.0,99.0,0.2030075377360281
0.5,0.8000000000000002,0.6000000000000001,250.0,99.0,0.05375942217003504
0.5,0.8000000000000002,0.6000000000000001,300.0,0.0,0.0
0.5,0.8000000000000002,0.6000000000000001,350.0,0.0,0.0
0.5,0.8000000000000002,0.6000000000000001,400.0,0.0,0.0
0.5,0.8000000000000002,0.8000000000000002,50.0,99.0,0.6010025125786761
0.5,0.8000000000000002,0.8000000000000002,100.0,99.0,0.4020050251573521
0.5,0.8000000000000002,0.8000000000000002,150.0,99.0,0.2030075377360281
0.5,0.8000000000000002,0.8000000000000002,200.0,99.0,0.004010050314704028
0.5,0.8000000000000002,0.8000000000000002,250.0,0.0,0.0
0.5,0.8000000000000002,0.8000000000000002,300.0,0.0,0.0
0.5,0.8000000000000002,0.8000000000000002,350.0,0.0,0.0
0.5,0.8000000000000002,0.8000000000000002,400.0,0.0,0.0
0.5,0.8000000000000002,1.0000000000000002,50.0,99.0,0.5512531407233451
0.5,0.8000000000000002,1.0000000000000002,100.0,99.0,0.30250628144669006
0.5,0.8000000000000002,1.0000000000000002,150.0,99.0,0.05375942217003504
0.5,0.8000000000000002,1.0000000000000002,200.0,0.0,0.0
0.5,0.8000000000000002,1.0000000000000002,250.0,0.0,0.0
0.5,0.8000000000000002,1.0000000000000002,300.0,0.0,0.0
0.5,0.8000000000000002,1.0000000000000002,350.0,0.0,0.0
0.5,0.8000000000000002,1.0000000000000002,400.0,0.0,0.0
0.5,0.8000000000000002,1.2000000000000002,50.0,99.0,0.5015037688680142
0.5,0.8000000000000002,1.2000000000000002,100.0,99.0,0.2030075377360281
0.5,0.8000000000000002,1.2000000000000002,150.0,0.0,0.0
0.5,0.8000000000000002,1.2000000000000002,200.0,0.0,0.0
0.5,0.8000000000000002,1.2000000000000002,250.0,0.0,0.0
0.5,0.8000000000000002,1.2000000000000002,300.0,0.0,0.0
0.5,0.8000000000000002,1.2000000000000002,350.0,0.0,0.0
0.5,0.8000000000000002,1.2000000000000002,400.0,0.0,0.0
0.5,0.8000000000000002,1.4000000000000004,50.0,99.0,0.4517543970126831
0.5,0.8000000000000002,1.4000000000000004,100.0,99.0,0.10350879402536606
0.5,0.8000000000000002,1.4000000000000004,150.0,0.0,0.0
0.5,0.8000000000000002,1.4000000000000004,200.0,0.0,0.0
0.5,0.8000000000000002,1.4000000000000004,250.0,0.0,0.0
0.5,0.8000000000000002,1.4000000000000004,300.0,0.0,0.0
0.5,0.8000000000000002,1.4000000000000004,350.0,0.0,0.0
0.5,0.8000000000000002,1.4000000000000004,400.0,0.0,0.0
0.5,0.8000000000000002,1.6000000000000005,50.0,99.0,0.40200502515735204
0.5,0.8000000000000002,1.6000000000000005,100.0,99.0,0.004010050314703917
0.5,0.8000000000000002,1.6000000000000005,150.0,0.0,0.0
0.5,0.8000000000000002,1.6000000000000005,200.0,0.0,0.0
0.5,0.8000000000000002,1.6000000000000005,250.0,0.0,0.0
0.5,0.8000000000000002,1.6000000000000005,300.0,0.0,0.0
0.5,0.8000000000000002,1.6000000000000005,350.0,0.0,0.0
0.5,0.8000000000000002,1.6000000000000005,400.0,0.0,0.0
0.5,0.8000000000000002,1.8000000000000003,50.0,99.0,0.35225565330202113
0.5,0.8000000000000002,1.8000000000000003,100.0,0.0,0.0
0.5,0.8000000000000002,1.8000000000000003,150.0,0.0,0.0
0.5,0.8000000000000002,1.8000000000000003,200.0,0.0,0.0
0.5,0.8000000000000002,1.8000000000000003,250.0,0.0,0.0
0.5,0.8000000000000002,1.8000000000000003,300.0,0.0,0.0
0.5,0.8000000000000002,1.8000000000000003,350.0,0.0,0.0
0.5,0.8000000000000002,1.8000000000000003,400.0,0.0,0.0
0.5,0.8000000000000002,2.0000000000000004,50.0,99.0,0.30250628144669006
0.5,0.8000000000000002,2.0000000000000004,100.0,0.0,0.0
0.5,0.8000000000000002,2.0000000000000004,150.0,0.0,0.0
0.5,0.8000000000000002,2.0000000000000004,200.0,0.0,0.0
0.5,0.8000000000000002,2.0000000000000004,250.0,0.0,0.0
0.5,0.8000000000000002,2.0000000000000004,300.0,0.0,0.0
0.5,0.8000000000000002,2.0000000000000004,350.0,0.0,0.0
0.5,0.8000000000000002,2.0000000000000004,400.0,0.0,0.0
0.5,0.8000000000000002,2.2000000000000006,50.0,99.0,0.252756909591359
0.5,0.8000000000000002,2.2000000000000006,100.0,0.0,0.0
0.5,0.8000000000000002,2.2000000000000006,150.0,0.0,0.0
0.5,0.8000000000000002,2.2000000000000006,200.0,0.0,0.0
0.5,0.8000000000000002,2.2000000000000006,250.0,0.0,0.0
0.5,0.8000000000000002,2.2000000000000006,300.0,0.0,0.0
0.5,0.8000000000000002,2.2000000000000006,350.0,0.0,0.0
0.5,0.8000000000000002,2.2000000000000006,400.0,0.0,0.0
0.5,1.0000000000000002,0.4,50.0,99.0,0.9005012562893382
0.5,1.0000000000000002,0.4,100.0,99.0,0.8010025125786762
0.5,1.0000000000000002,0.4,150.0,99.0,0.7015037688680141
0.5,1.0000000000000002,0.4,200.0,99.0,0.6020050251573522
0.5,1.0000000000000002,0.4,250.0,99.0,0.5025062814466903
0.5,1.0000000000000002,0.4,300.0,99.0,0.40300753773602815
0.5,1.0000000000000002,0.4,350.0,99.0,0.3035087940253661
0.5,1.0000000000000002,0.4,400.0,99.0,0.2040100503147042
0.5,1.0000000000000002,0.6000000000000001,50.0,99.0,0.8507518844340072
0.5,1.0000000000000002,0.6000000000000001,100.0,99.0,0.7015037688680141
0.5,1.0000000000000002,0.6000000000000001,150.0,99.0,0.5522556533020211
0.5,1.0000000000000002,0.6000000000000001,200.0,99.0,0.40300753773602815
0.5,1.0000000000000002,0.6000000000000001,250.0,99.0,0.2537594221700351
0.5,1.0000000000000002,0.6000000000000001,300.0,99.0,0.10451130660404206
0.5,1.0000000000000002,0.6000000000000001,350.0,0.0,0.0
0.5,1.0000000000000002,0.6000000000000001,400.0,0.0,0.0
0.5,1.0000000000000002,0.8000000000000002,50.0,99.0,0.8010025125786762
0.5,1.0000000000000002,0.8000000000000002,100.0,99.0,0.6020050251573521
0.5,1.0000000000000002,0.8000000000000002,150.0,99.0,0.40300753773602815
0.5,1.0000000000000002,0.8000000000000002,200.0,99.0,0.2040100503147041
0.5,1.0000000000000002,0.8000000000000002,250.0,99.0,0.005012562893380035
0.5,1.0000000000000002,0.8000000000000002,300.0,0.0,0.0
0.5,1.0000000000000002,0.8000000000000002,350.0,0.0,0.0
0.5,1.0000000000000002,0.8000000000000002,400.0,0.0,0.0
0.5,1.0000000000000002,1.0000000000000002,50.0,99.0,0.7512531407233451
0.5,1.0000000000000002,1.0000000000000002,100.0,99.0,0.5025062814466901
0.5,1.0000000000000002,1.0000000000000002,150.0,99.0,0.2537594221700351
0.5,1.0000000000000002,1.0000000000000002,200.0,99.0,0.005012562893380035
0.5,1.0000000000000002,1.0000000000000002,250.0,0.0,0.0
0.5,1.0000000000000002,1.0000000000000002,300.0,0.0,0.0
0.5,1.0000000000000002,1.0000000000000002,350.0,0.0,0.0
0.5,1.0000000000000002,1.0000000000000002,400.0,0.0,0.0
0.5,1.0000000000000002,1.2000000000000002,50.0,99.0,0.7015037688680141
0.5,1.0000000000000002,1.2000000000000002,100.0,99.0,0.40300753773602815
0.5,1.0000000000000002,1.2000000000000002,150.0,99.0,0.10451130660404206
0.5,1.0000000000000002,1.2000000000000002,200.0,0.0,0.0
0.5,1.0000000000000002,1.2000000000000002,250.0,0.0,0.0
0.5,1.0000000000000002,1.2000000000000002,300.0,0.0,0.0
0.5,1.0000000000000002,1.2000000000000002,350.0,0.0,0.0
0.5,1.0000000000000002,1.2000000000000002,400.0,0.0,0.0
0.5,1.0000000000000002,1.4000000000000004,50.0,99.0,0.6517543970126831
0.5,1.0000000000000002,1.4000000000000004,100.0,99.0,0.3035087940253661
0.5,1.0000000000000002,1.4000000000000004,150.0,0.0,0.0
0.5,1.0000000000000002,1.4000000000000004,200.0,0.0,0.0
0.5,1.0000000000000002,1.4000000000000004,250.0,0.0,0.0
0.5,1.0000000000000002,1.4000000000000004,300.0,0.0,0.0
0.5,1.0000000000000002,1.4000000000000004,350.0,0.0,0.0
0.5,1.0000000000000002,1.4000000000000004,400.0,0.0,0.0
0.5,1.0000000000000002,1.6000000000000005,50.0,99.0,0.6020050251573521
0.5,1.0000000000000002,1.6000000000000005,100.0,99.0,0.20401005031470398
0.5,1.0000000000000002,1.6000000000000005,150.0,0.0,0.0
0.5,1.0000000000000002,1.6000000000000005,200.0,0.0,0.0
0.5,1.0000000000000002,1.6000000000000005,250.0,0.0,0.0
0.5,1.0000000000000002,1.6000000000000005,300.0,0.0,0.0
0.5,1.0000000000000002,1.6000000000000005,350.0,0.0,0.0
0.5,1.0000000000000002,1.6000000000000005,400.0,0.0,0.0
0.5,1.0000000000000002,1.8000000000000003,50.0,99.0,0.5522556533020212
0.5,1.0000000000000002,1.8000000000000003,100.0,99.0,0.10451130660404218
0.5,1.0000000000000002,1.8000000000000003,150.0,0.0,0.0
0.5,1.0000000000000002,1.8000000000000003,200.0,0.0,0.0
0.5,1.0000000000000002,1.8000000000000003,250.0,0.0,0.0
0.5,1.0000000000000002,1.8000000000000003,300.0,0.0,0.0
0.5,1.0000000000000002,1.8000000000000003,350.0,0.0,0.0
0.5,1.0000000000000002,1.8000000000000003,400.0,0.0,0.0
0.5,1.0000000000000002,2.0000000000000004,50.0,99.0,0.5025062814466901
0.5,1.0000000000000002,2.0000000000000004,100.0,99.0,0.005012562893380035
0.5,1.0000000000000002,2.0000000000000004,150.0,0.0,0.0
0.5,1.0000000000000002,2.0000000000000004,200.0,0.0,0.0
0.5,1.0000000000000002,2.0000000000000004,250.0,0.0,0.0
0.5,1.0000000000000002,2.0000000000000004,300.0,0.0,0.0
0.5,1.0000000000000002,2.0000000000000004,350.0,0.0,0.0
0.5,1.0000000000000002,2.0000000000000004,400.0,0.0,0.0
0.5,1.0000000000000002,2.2000000000000006,50.0,99.0,0.45275690959135906
0.5,1.0000000000000002,2.2000000000000006,100.0,0.0,0.0
0.5,1.0000000000000002,2.2000000000000006,150.0,0.0,0.0
0.5,1.0000000000000002,2.2000000000000006,200.0,0.0,0.0
0.5,1.0000000000000002,2.2000000000000006,250.0,0.0,0.0
0.5,1.0000000000000002,2.2000000000000006,300.0,0.0,0.0
0.5,1.0000000000000002,2.2000000000000006,350.0,0.0,0.0
0.5,1.0000000000000002,2.2000000000000006,400.0,0.0,0.0
0.5,1.2000000000000002,0.4,50.0,99.0,1.1005012562893381
0.5,1.2000000000000002,0.4,100.0,99.0,1.0010025125786761
0.5,1.2000000000000002,0.4,150.0,99.0,0.9015037688680141
0.5,1.2000000000000002,0.4,200.0,99.0,0.8020050251573522
0.5,1.2000000000000002,0.4,250.0,99.0,0.7025062814466903
0.5,1.2000000000000002,0.4,300.0,99.0,0.6030075377360281
0.5,1.2000000000000002,0.4,350.0,99.0,0.5035087940253661
0.5,1.2000000000000002,0.4,400.0,99.0,0.40401005031470416
0.5,1.2000000000000002,0.6000000000000001,50.0,99.0,1.0507518844340071
0.5,1.2000000000000002,0.6000000000000001,100.0,99.0,0.9015037688680141
0.5,1.2000000000000002,0.6000000000000001,150.0,99.0,0.752255653302021
0.5,1.2000000000000002,0.6000000000000001,200.0,99.0,0.6030075377360281
0.5,1.2000000000000002,0.6000000000000001,250.0,99.0,0.45375942217003506
0.5,1.2000000000000002,0.6000000000000001,300.0,99.0,0.304511306604042
0.5,1.2000000000000002,0.6000000000000001,350.0,99.0,0.1552631910380491
0.5,1.2000000000000002,0.6000000000000001,400.0,99.0,0.006015075472056042
0.5,1.2000000000000002,0.8000000000000002,50.0,99.0,1.0010025125786761
0.5,1.2000000000000002,0.8000000000000002,100.0,99.0,0.8020050251573521
0.5,1.2000000000000002,0.8000000000000002,150.0,99.0,0.6030075377360281
0.5,1.2000000000000002,0.8000000000000002,200.0,99.0,0.40401005031470405
0.5,1.2000000000000002,0.8000000000000002,250.0,99.0,0.20501256289338
0.5,1.2000000000000002,0.8000000000000002,300.0,99.0,0.006015075472056042
0.5,1.2000000000000002,0.8000000000000002,350.0,0.0,0.0
0.5,1.2000000000000002,0.8000000000000002,400.0,0.0,0.0
0.5,1.2000000000000002,1.0000000000000002,50.0,99.0,0.9512531407233451
0.5,1.2000000000000002,1.0000000000000002,100.0,99.0,0.70250628144669
0.5,1.2000000000000002,1.0000000000000002,150.0,99.0,0.45375942217003506
0.5,1.2000000000000002,1.0000000000000002,200.0,99.0,0.20501256289338
0.5,1.2000000000000002,1.0000000000000002,250.0,0.0,0.0
0.5,1.2000000000000002,1.0000000000000002,300.0,0.0,0.0
0.5,1.2000000000000002,1.0000000000000002,350.0,0.0,0.0
0.5,1.2000000000000002,1.0000000000000002,400.0,0.0,0.0
0.5,1.2000000000000002,1.2000000000000002,50.0,99.0,0.9015037688680141
0.5,1.2000000000000002,1.2000000000000002,100.0,99.0,0.6030075377360281
0.5,1.2000000000000002,1.2000000000000002,150.0,99.0,0.304511306604042
0.5,1.2000000000000002,1.2000000000000002,200.0,99.0,0.006015075472056042
0.5,1.2000000000000002,1.2000000000000002,250.0,0.0,0.0
0.5,1.2000000000000002,1.2000000000000002,300.0,0.0,0.0
0.5,1.2000000000000002,1.2000000000000002,350.0,0.0,0.0
0.5,1.2000000000000002,1.2000000000000002,400.0,0.0,0.0
0.5,1.2000000000000002,1.4000000000000004,50.0,99.0,0.8517543970126831
0.5,1.2000000000000002,1.4000000000000004,100.0,99.0,0.5035087940253661
0.5,1.2000000000000002,1.4000000000000004,150.0,99.0,0.15526319103804886
0.5,1.2000000000000002,1.4000000000000004,200.0,0.0,0.0
0.5,1.2000000000000002,1.4000000000000004,250.0,0.0,0.0
0.5,1.2000000000000002,1.4000000000000004,300.0,0.0,0.0
0.5,1.2000000000000002,1.4000000000000004,350.0,0.0,0.0
0.5,1.2000000000000002,1.4000000000000004,400.0,0.0,0.0
0.5,1.2000000000000002,1.6000000000000005,50.0,99.0,0.8020050251573521
0.5,1.2000000000000002,1.6000000000000005,100.0,99.0,0.40401005031470394
0.5,1.2000000000000002,1.6000000000000005,150.0,99.0,0.00601507547205582
0.5,1.2000000000000002,1.6000000000000005,200.0,0.0,0.0
0.5,1.2000000000000002,1.6000000000000005,250.0,0.0,0.0
0.5,1.2000000000000002,1.6000000000000005,300.0,0.0,0.0
0.5,1.2000000000000002,1.6000000000000005,350.0,0.0,0.0
0.5,1.2000000000000002,1.6000000000000005,400.0,0.0,0.0
0.5,1.2000000000000002,1.8000000000000003,50.0,99.0,0.7522556533020212
0.5,1.2000000000000002,1.8000000000000003,100.0,99.0,0.30451130660404213
0.5,1.2000000000000002,1.8000000000000003,150.0,0.0,0.0
0.5,1.2000000000000002,1.8000000000000003,200.0,0.0,0.0
0.5,1.2000000000000002,1.8000000000000003,250.0,0.0,0.0
0.5,1.2000000000000002,1.8000000000000003,300.0,0.0,0.0
0.5,1.2000000000000002,1.8000000000000003,350.0,0.0,0.0
0.5,1.2000000000000002,1.8000000000000003,400.0,0.0,0.0
0.5,1.2000000000000002,2.0000000000000004,50.0,99.0,0.70250628144669
0.5,1.2000000000000002,2.0000000000000004,100.0,99.0,0.20501256289338
0.5,1.2000000000000002,2.0000000000000004,150.0,0.0,0.0
0.5,1.2000000000000002,2.0000000000000004,200.0,0.0,0.0
0.5,1.2000000000000002,2.0000000000000004,250.0,0.0,0.0
0.5,1.2000000000000002,2.0000000000000004,300.0,0.0,0.0
0.5,1.2000000000000002,2.0000000000000004,350.0,0.0,0.0
0.5,1.2000000000000002,2.0000000000000004,400.0,0.0,0.0
0.5,1.2000000000000002,2.2000000000000006,50.0,99.0,0.652756909591359
0.5,1.2000000000000002,2.2000000000000006,100.0,99.0,0.10551381918271785
0.5,1.2000000000000002,2.2000000000000006,150.0,0.0,0.0
0.5,1.2000000000000002,2.2000000000000006,200.0,0.0,0.0
0.5,1.2000000000000002,2.2000000000000006,250.0,0.0,0.0
0.5,1.2000000000000002,2.2000000000000006,300.0,0.0,0.0
0.5,1.2000000000000002,2.2000000000000006,350.0,0.0,0.0
0.5,1.2000000000000002,2.2000000000000006,400.0,0.0,0.0
0.5,1.4000000000000004,0.4,50.0,99.0,1.3005012562893383
0.5,1.4000000000000004,0.4,100.0,99.0,1.2010025125786763
0.5,1.4000000000000004,0.4,150.0,99.0,1.1015037688680143
0.5,1.4000000000000004,0.4,200.0,99.0,1.0020050251573522
0.5,1.4000000000000004,0.4,250.0,99.0,0.9025062814466904
0.5,1.4000000000000004,0.4,300.0,99.0,0.8030075377360283
0.5,1.4000000000000004,0.4,350.0,99.0,0.7035087940253663
0.5,1.4000000000000004,0.4,400.0,99.0,0.6040100503147043
0.5,1.4000000000000004,0.6000000000000001,50.0,99.0,1.2507518844340073
0.5,1.4000000000000004,0.6000000000000001,100.0,99.0,1.1015037688680143
0.5,1.4000000000000004,0.6000000000000001,150.0,99.0,0.9522556533020212
0.5,1.4000000000000004,0.6000000000000001,200.0,99.0,0.8030075377360283
0.5,1.4000000000000004,0.6000000000000001,250.0,99.0,0.6537594221700352
0.5,1.4000000000000004,0.6000000000000001,300.0,99.0,0.5045113066040422
0.5,1.4000000000000004,0.6000000000000001,350.0,99.0,0.35526319103804926
0.5,1.4000000000000004,0.6000000000000001,400.0,99.0,0.20601507547205622
0.5,1.4000000000000004,0.8000000000000002,50.0,99.0,1.2010025125786763
0.5,1.4000000000000004,0.8000000000000002,100.0,99.0,1.0020050251573522
0.5,1.4000000000000004,0.8000000000000002,150.0,99.0,0.8030075377360283
0.5,1.4000000000000004,0.8000000000000002,200.0,99.0,0.6040100503147042
0.5,1.4000000000000004,0.8000000000000002,250.0,99.0,0.40501256289338017
0.5,1.4000000000000004,0.8000000000000002,300.0,99.0,0.20601507547205622
0.5,1.4000000000000004,0.8000000000000002,350.0,99.0,0.007017588050731938
0.5,1.4000000000000004,0.8000000000000002,400.0,0.0,0.0
0.5,1.4000000000000004,1.0000000000000002,50.0,99.0,1.1512531407233453
0.5,1.4000000000000004,1.0000000000000002,100.0,99.0,0.9025062814466902
0.5,1.4000000000000004,1.0000000000000002,150.0,99.0,0.6537594221700352
0.5,1.4000000000000004,1.0000000000000002,200.0,99.0,0.40501256289338017
0.5,1.4000000000000004,1.0000000000000002,250.0,99.0,0.1562657036167252
0.5,1.4000000000000004,1.0000000000000002,300.0,0.0,0.0
0.5,1.4000000000000004,1.0000000000000002,350.0,0.0,0.0
0.5,1.4000000000000004,1.0000000000000002,400.0,0.0,0.0
0.5,1.4000000000000004,1.2000000000000002,50.0,99.0,1.1015037688680143
0.5,1.4000000000000004,1.2000000000000002,100.0,99.0,0.8030075377360283
0.5,1.4000000000000004,1.2000000000000002,150.0,99.0,0.5045113066040422
0.5,1.4000000000000004,1.2000000000000002,200.0,99.0,0.20601507547205622
0.5,1.4000000000000004,1.2000000000000002,250.0,0.0,0.0
0.5,1.4000000000000004,1.2000000000000002,300.0,0.0,0.0
0.5,1.4000000000000004,1.2000000000000002,350.0,0.0,0.0
0.5,1.4000000000000004,1.2000000000000002,400.0,0.0,0.0
0.5,1.4000000000000004,1.4000000000000004,50.0,99.0,1.0517543970126833
0.5,1.4000000000000004,1.4000000000000004,100.0,99.0,0.7035087940253663
0.5,1.4000000000000004,1.4000000000000004,150.0,99.0,0.35526319103804904
0.5,1.4000000000000004,1.4000000000000004,200.0,99.0,0.00701758805073216
0.5,1.4000000000000004,1.4000000000000004,250.0,0.0,0.0
0.5,1.4000000000000004,1.4000000000000004,300.0,0.0,0.0
0.5,1.4000000000000004,1.4000000000000004,350.0,0.0,0.0
0.5,1.4000000000000004,1.4000000000000004,400.0,0.0,0.0
0.5,1.4000000000000004,1.6000000000000005,50.0,99.0,1.0020050251573522
0.5,1.4000000000000004,1.6000000000000005,100.0,99.0,0.6040100503147041
0.5,1.4000000000000004,1.6000000000000005,150.0,99.0,0.206015075472056
0.5,1.4000000000000004,1.6000000000000005,200.0,0.0,0.0
0.5,1.4000000000000004,1.6000000000000005,250.0,0.0,0.0
0.5,1.4000000000000004,1.6000000000000005,300.0,0.0,0.0
0.5,1.4000000000000004,1.6000000000000005,350.0,0.0,0.0
0.5,1.4000000000000004,1.6000000000000005,400.0,0.0,0.0
0.5,1.4000000000000004,1.8000000000000003,50.0,99.0,0.9522556533020213
0.5,1.4000000000000004,1.8000000000000003,100.0,99.0,0.5045113066040423
0.5,1.4000000000000004,1.8000000000000003,150.0,99.0,0.056766959906063175
0.5,1.4000000000000004,1.8000000000000003,200.0,0.0,0.0
0.5,1.4000000000000004,1.8000000000000003,250.0,0.0,0.0
0.5,1.4000000000000004,1.8000000000000003,300.0,0.0,0.0
0.5,1.4000000000000004,1.8000000000000003,350.0,0.0,0.0
0.5,1.4000000000000004,1.8000000000000003,400.0,0.0,0.0
0.5,1.4000000000000004,2.0000000000000004,50.0,99.0,0.9025062814466902
0.5,1.4000000000000004,2.0000000000000004,100.0,99.0,0.40501256289338017
0.5,1.4000000000000004,2.0000000000000004,150.0,0.0,0.0
0.5,1.4000000000000004,2.0000000000000004,200.0,0.0,0.0
0.5,1.4000000000000004,2.0000000000000004,250.0,0.0,0.0
0.5,1.4000000000000004,2.0000000000000004,300.0,0.0,0.0
0.5,1.4000000000000004,2.0000000000000004,350.0,0.0,0.0
0.5,1.4000000000000004,2.0000000000000004,400.0,0.0,0.0
0.5,1.4000000000000004,2.2000000000000006,50.0,99.0,0.8527569095913592
0.5,1.4000000000000004,2.2000000000000006,100.0,99.0,0.305513819182718
0.5,1.4000000000000004,2.2000000000000006,150.0,0.0,0.0
0.5,1.4000000000000004,2.2000000000000006,200.0,0.0,0.0
0.5,1.4000000000000004,2.2000000000000006,250.0,0.0,0.0
0.5,1.4000000000000004,2.2000000000000006,300.0,0.0,0.0
0.5,1.4000000000000004,2.2000000000000006,350.0,0.0,0.0
0.5,1.4000000000000004,2.2000000000000006,400.0,0.0,0.0
0.5,1.6000000000000005,0.4,50.0,99.0,1.5005012562893385
0.5,1.6000000000000005,0.4,100.0,99.0,1.4010025125786765
0.5,1.6000000000000005,0.4,150.0,99.0,1.3015037688680144
0.5,1.6000000000000005,0.4,200.0,99.0,1.2020050251573524
0.5,1.6000000000000005,0.4,250.0,99.0,1.1025062814466906
0.5,1.6000000000000005,0.4,300.0,99.0,1.0030075377360284
0.5,1.6000000000000005,0.4,350.0,99.0,0.9035087940253664
0.5,1.6000000000000005,0.4,400.0,99.0,0.8040100503147045
0.5,1.6000000000000005,0.6000000000000001,50.0,99.0,1.4507518844340075
0.5,1.6000000000000005,0.6000000000000001,100.0,99.0,1.3015037688680144
0.5,1.6000000000000005,0.6000000000000001,150.0,99.0,1.1522556533020214
0.5,1.6000000000000005,0.6000000000000001,200.0,99.0,1.0030075377360284
0.5,1.6000000000000005,0.6000000000000001,250.0,99.0,0.8537594221700354
0.5,1.6000000000000005,0.6000000000000001,300.0,99.0,0.7045113066040424
0.5,1.6000000000000005,0.6000000000000001,350.0,99.0,0.5552631910380494
0.5,1.6000000000000005,0.6000000000000001,400.0,99.0,0.4060150754720564
0.5,1.6000000000000005,0.8000000000000002,50.0,99.0,1.4010025125786765
0.5,1.6000000000000005,0.8000000000000002,100.0,99.0,1.2020050251573524
0.5,1.6000000000000005,0.8000000000000002,150.0,99.0,1.0030075377360284
0.5,1.6000000000000005,0.8000000000000002,200.0,99.0,0.8040100503147044
0.5,1.6000000000000005,0.8000000000000002,250.0,99.0,0.6050125628933803
0.5,1.6000000000000005,0.8000000000000002,300.0,99.0,0.4060150754720564
0.5,1.6000000000000005,0.8000000000000002,350.0,99.0,0.20701758805073212
0.5,1.6000000000000005,0.8000000000000002,400.0,99.0,0.008020100629408278
0.5,1.6000000000000005,1.0000000000000002,50.0,99.0,1.3512531407233455
0.5,1.6000000000000005,1.0000000000000002,100.0,99.0,1.1025062814466904
0.5,1.6000000000000005,1.0000000000000002,150.0,99.0,0.8537594221700354
0.5,1.6000000000000005,1.0000000000000002,200.0,99.0,0.6050125628933803
0.5,1.6000000000000005,1.0000000000000002,250.0,99.0,0.3562657036167254
0.5,1.6000000000000005,1.0000000000000002,300.0,99.0,0.10751884434007031
0.5,1.6000000000000005,1.0000000000000002,350.0,0.0,0.0
0.5,1.6000000000000005,1.0000000000000002,400.0,0.0,0.0
0.5,1.6000000000000005,1.2000000000000002,50.0,99.0,1.3015037688680144
0.5,1.6000000000000005,1.2000000000000002,100.0,99.0,1.0030075377360284
0.5,1.6000000000000005,1.2000000000000002,150.0,99.0,0.7045113066040424
0.5,1.6000000000000005,1.2000000000000002,200.0,99.0,0.4060150754720564
0.5,1.6000000000000005,1.2000000000000002,250.0,99.0,0.10751884434007031
0.5,1.6000000000000005,1.2000000000000002,300.0,0.0,0.0
0.5,1.6000000000000005,1.2000000000000002,350.0,0.0,0.0
0.5,1.6000000000000005,1.2000000000000002,400.0,0.0,0.0
0.5,1.6000000000000005,1.4000000000000004,50.0,99.0,1.2517543970126834
0.5,1.6000000000000005,1.4000000000000004,100.0,99.0,0.9035087940253664
0.5,1.6000000000000005,1.4000000000000004,150.0,99.0,0.5552631910380492
0.5,1.6000000000000005,1.4000000000000004,200.0,99.0,0.20701758805073234
0.5,1.6000000000000005,1.4000000000000004,250.0,0.0,0.0
0.5,1.6000000000000005,1.4000000000000004,300.0,0.0,0.0
0.5,1.6000000000000005,1.4000000000000004,350.0,0.0,0.0
0.5,1.6000000000000005,1.4000000000000004,400.0,0.0,0.0
0.5,1.6000000000000005,1.6000000000000005,50.0,99.0,1.2020050251573524
0.5,1.6000000000000005,1.6000000000000005,100.0,99.0,0.8040100503147043
0.5,1.6000000000000005,1.6000000000000005,150.0,99.0,0.4060150754720562
0.5,1.6000000000000005,1.6000000000000005,200.0,99.0,0.008020100629408056
0.5,1.6000000000000005,1.6000000000000005,250.0,0.0,0.0
0.5,1.6000000000000005,1.6000000000000005,300.0,0.0,0.0
0.5,1.6000000000000005,1.6000000000000005,350.0,0.0,0.0
0.5,1.6000000000000005,1.6000000000000005,400.0,0.0,0.0
0.5,1.6000000000000005,1.8000000000000003,50.0,99.0,1.1522556533020216
0.5,1.6000000000000005,1.8000000000000003,100.0,99.0,0.7045113066040425
0.5,1.6000000000000005,1.8000000000000003,150.0,99.0,0.25676695990606335
0.5,1.6000000000000005,1.8000000000000003,200.0,0.0,0.0
0.5,1.6000000000000005,1.8000000000000003,250.0,0.0,0.0
0.5,1.6000000000000005,1.8000000000000003,300.0,0.0,0.0
0.5,1.6000000000000005,1.8000000000000003,350.0,0.0,0.0
0.5,1.6000000000000005,1.8000000000000003,400.0,0.0,0.0
0.5,1.6000000000000005,2.0000000000000004,50.0,99.0,1.1025062814466904
0.5,1.6000000000000005,2.0000000000000004,100.0,99.0,0.6050125628933803
0.5,1.6000000000000005,2.0000000000000004,150.0,99.0,0.10751884434007031
0.5,1.6000000000000005,2.0000000000000004,200.0,0.0,0.0
0.5,1.6000000000000005,2.0000000000000004,250.0,0.0,0.0
0.5,1.6000000000000005,2.0000000000000004,300.0,0.0,0.0
0.5,1.6000000000000005,2.0000000000000004,350.0,0.0,0.0
0.5,1.6000000000000005,2.0000000000000004,400.0,0.0,0.0
0.5,1.6000000000000005,2.2000000000000006,50.0,99.0,1.0527569095913594
0.5,1.6000000000000005,2.2000000000000006,100.0,99.0,0.5055138191827182
0.5,1.6000000000000005,2.2000000000000006,150.0,0.0,0.0
0.5,1.6000000000000005,2.2000000000000006,200.0,0.0,0.0
0.5,1.6000000000000005,2.2000000000000006,250.0,0.0,0.0
0.5,1.6000000000000005,2.2000000000000006,300.0,0.0,0.0
0.5,1.6000000000000005,2.2000000000000006,350.0,0.0,0.0
0.5,1.6000000000000005,2.2000000000000006,400.0,0.0,0.0
0.5,1.8000000000000003,0.4,50.0,99.0,1.7005012562893382
0.5,1.8000000000000003,0.4,100.0,99.0,1.6010025125786762
0.5,1.8000000000000003,0.4,150.0,99.0,1.5015037688680142
0.5,1.8000000000000003,0.4,200.0,99.0,1.4020050251573521
0.5,1.8000000000000003,0.4,250.0,99.0,1.3025062814466903
0.5,1.8000000000000003,0.4,300.0,99.0,1.203007537736028
0.5,1.8000000000000003,0.4,350.0,99.0,1.103508794025366
0.5,1.8000000000000003,0.4,400.0,99.0,1.0040100503147042
0.5,1.8000000000000003,0.6000000000000001,50.0,99.0,1.6507518844340072
0.5,1.8000000000000003,0.6000000000000001,100.0,99.0,1.5015037688680142
0.5,1.8000000000000003,0.6000000000000001,150.0,99.0,1.3522556533020211
0.5,1.8000000000000003,0.6000000000000001,200.0,99.0,1.203007537736028
0.5,1.8000000000000003,0.6000000000000001,250.0,99.0,1.0537594221700353
0.5,1.8000000000000003,0.6000000000000001,300.0,99.0,0.9045113066040421
0.5,1.8000000000000003,0.6000000000000001,350.0,99.0,0.7552631910380492
0.5,1.8000000000000003,0.6000000000000001,400.0,99.0,0.6060150754720561
0.5,1.8000000000000003,0.8000000000000002,50.0,99.0,1.6010025125786762
0.5,1.8000000000000003,0.8000000000000002,100.0,99.0,1.4020050251573521
0.5,1.8000000000000003,0.8000000000000002,150.0,99.0,1.203007537736028
0.5,1.8000000000000003,0.8000000000000002,200.0,99.0,1.004010050314704
0.5,1.8000000000000003,0.8000000000000002,250.0,99.0,0.8050125628933801
0.5,1.8000000000000003,0.8000000000000002,300.0,99.0,0.6060150754720561
0.5,1.8000000000000003,0.8000000000000002,350.0,99.0,0.40701758805073185
0.5,1.8000000000000003,0.8000000000000002,400.0,99.0,0.208020100629408
0.5,1.8000000000000003,1.0000000000000002,50.0,99.0,1.5512531407233452
0.5,1.8000000000000003,1.0000000000000002,100.0,99.0,1.3025062814466901
0.5,1.8000000000000003,1.0000000000000002,150.0,99.0,1.0537594221700353
0.5,1.8000000000000003,1.0000000000000002,200.0,99.0,0.8050125628933801
0.5,1.8000000000000003,1.0000000000000002,250.0,99.0,0.5562657036167251
0.5,1.8000000000000003,1.0000000000000002,300.0,99.0,0.30751884434007004
0.5,1.8000000000000003,1.0000000000000002,350.0,99.0,0.058771985063414744
0.5,1.8000000000000003,1.0000000000000002,400.0,0.0,0.0
0.5,1.8000000000000003,1.2000000000000002,50.0,99.0,1.5015037688680142
0.5,1.8000000000000003,1.2000000000000002,100.0,99.0,1.203007537736028
0.5,1.8000000000000003,1.2000000000000002,150.0,99.0,0.9045113066040421
0.5,1.8000000000000003,1.2000000000000002,200.0,99.0,0.6060150754720561
0.5,1.8000000000000003,1.2000000000000002,250.0,99.0,0.30751884434007004
0.5,1.8000000000000003,1.2000000000000002,300.0,99.0,0.009022613208083952
0.5,1.8000000000000003,1.2000000000000002,350.0,0.0,0.0
0.5,1.8000000000000003,1.2000000000000002,400.0,0.0,0.0
0.5,1.8000000000000003,1.4000000000000004,50.0,99.0,1.4517543970126832
0.5,1.8000000000000003,1.4000000000000004,100.0,99.0,1.103508794025366
0.5,1.8000000000000003,1.4000000000000004,150.0,99.0,0.755263191038049
0.5,1.8000000000000003,1.4000000000000004,200.0,99.0,0.40701758805073207
0.5,1.8000000000000003,1.4000000000000004,250.0,99.0,0.05877198506341497
0.5,1.8000000000000003,1.4000000000000004,300.0,0.0,0.0
0.5,1.8000000000000003,1.4000000000000004,350.0,0.0,0.0
0.5,1.8000000000000003,1.4000000000000004,400.0,0.0,0.0
0.5,1.8000000000000003,1.6000000000000005,50.0,99.0,1.4020050251573521
0.5,1.8000000000000003,1.6000000000000005,100.0,99.0,1.004010050314704
0.5,1.8000000000000003,1.6000000000000005,150.0,99.0,0.6060150754720559
0.5,1.8000000000000003,1.6000000000000005,200.0,99.0,0.2080201006294078
0.5,1.8000000000000003,1.6000000000000005,250.0,0.0,0.0
0.5,1.8000000000000003,1.6000000000000005,300.0,0.0,0.0
0.5,1.8000000000000003,1.6000000000000005,350.0,0.0,0.0
0.5,1.8000000000000003,1.6000000000000005,400.0,0.0,0.0
0.5,1.8000000000000003,1.8000000000000003,50.0,99.0,1.3522556533020214
0.5,1.8000000000000003,1.8000000000000003,100.0,99.0,0.9045113066040422
0.5,1.8000000000000003,1.8000000000000003,150.0,99.0,0.4567669599060631
0.5,1.8000000000000003,1.8000000000000003,200.0,99.0,0.009022613208084174
0.5,1.8000000000000003,1.8000000000000003,250.0,0.0,0.0
0.5,1.8000000000000003,1.8000000000000003,300.0,0.0,0.0
0.5,1.8000000000000003,1.8000000000000003,350.0,0.0,0.0
0.5,1.8000000000000003,1.8000000000000003,400.0,0.0,0.0
0.5,1.8000000000000003,2.0000000000000004,50.0,99.0,1.3025062814466901
0.5,1.8000000000000003,2.0000000000000004,100.0,99.0,0.8050125628933801
0.5,1.8000000000000003,2.0000000000000004,150.0,99.0,0.30751884434007004
0.5,1.8000000000000003,2.0000000000000004,200.0,0.0,0.0
0.5,1.8000000000000003,2.0000000000000004,250.0,0.0,0.0
0.5,1.8000000000000003,2.0000000000000004,300.0,0.0,0.0
0.5,1.8000000000000003,2.0000000000000004,350.0,0.0,0.0
0.5,1.8000000000000003,2.0000000000000004,400.0,0.0,0.0
0.5,1.8000000000000003,2.2000000000000006,50.0,99.0,1.252756909591359
0.5,1.8000000000000003,2.2000000000000006,100.0,99.0,0.7055138191827179
0.5,1.8000000000000003,2.2000000000000006,150.0,99.0,0.15827072877407677
0.5,1.8000000000000003,2.2000000000000006,200.0,0.0,0.0
0.5,1.8000000000000003,2.2000000000000006,250.0,0.0,0.0
0.5,1.8000000000000003,2.2000000000000006,300.0,0.0,0.0
0.5,1.8000000000000003,2.2000000000000006,350.0,0.0,0.0
0.5,1.8000000000000003,2.2000000000000006,400.0,0.0,0.0
0.5,2.0000000000000004,0.4,50.0,99.0,1.9005012562893384
0.5,2.0000000000000004,0.4,100.0,99.0,1.8010025125786764
0.5,2.0000000000000004,0.4,150.0,99.0,1.7015037688680144
0.5,2.0000000000000004,0.4,200.0,99.0,1.6020050251573523
0.5,2.0000000000000004,0.4,250.0,99.0,1.5025062814466905
0.5,2.0000000000000004,0.4,300.0,99.0,1.4030075377360283
0.5,2.0000000000000004,0.4,350.0,99.0,1.3035087940253662
0.5,2.0000000000000004,0.4,400.0,99.0,1.2040100503147044
0.5,2.0000000000000004,0.6000000000000001,50.0,99.0,1.8507518844340074
0.5,2.0000000000000004,0.6000000000000001,100.0,99.0,1.7015037688680144
0.5,2.0000000000000004,0.6000000000000001,150.0,99.0,1.5522556533020213
0.5,2.0000000000000004,0.6000000000000001,200.0,99.0,1.4030075377360283
0.5,2.0000000000000004,0.6000000000000001,250.0,99.0,1.2537594221700354
0.5,2.0000000000000004,0.6000000000000001,300.0,99.0,1.1045113066040422
0.5,2.0000000000000004,0.6000000000000001,350.0,99.0,0.9552631910380494
0.5,2.0000000000000004,0.6000000000000001,400.0,99.0,0.8060150754720563
0.5,2.0000000000000004,0.8000000000000002,50.0,99.0,1.8010025125786764
0.5,2.0000000000000004,0.8000000000000002,100.0,99.0,1.6020050251573523
0.5,2.0000000000000004,0.8000000000000002,150.0,99.0,1.4030075377360283
0.5,2.0000000000000004,0.8000000000000002,200.0,99.0,1.2040100503147042
0.5,2.0000000000000004,0.8000000000000002,250.0,99.0,1.0050125628933801
0.5,2.0000000000000004,0.8000000000000002,300.0,99.0,0.8060150754720563
0.5,2.0000000000000004,0.8000000000000002,350.0,99.0,0.607017588050732
0.5,2.0000000000000004,0.8000000000000002,400.0,99.0,0.4080201006294082
0.5,2.0000000000000004,1.0000000000000002,50.0,99.0,1.7512531407233454
0.5,2.0000000000000004,1.0000000000000002,100.0,99.0,1.5025062814466903
0.5,2.0000000000000004,1.0000000000000002,150.0,99.0,1.2537594221700354
0.5,2.0000000000000004,1.0000000000000002,200.0,99.0,1.0050125628933801
0.5,2.0000000000000004,1.0000000000000002,250.0,99.0,0.7562657036167253
0.5,2.0000000000000004,1.0000000000000002,300.0,99.0,0.5075188443400702
0.5,2.0000000000000004,1.0000000000000002,350.0,99.0,0.2587719850634149
0.5,2.0000000000000004,1.0000000000000002,400.0,99.0,0.01002512578676007
0.5,2.0000000000000004,1.2000000000000002,50.0,99.0,1.7015037688680144
0.5,2.0000000000000004,1.2000000000000002,100.0,99.0,1.4030075377360283
0.5,2.0000000000000004,1.2000000000000002,150.0,99.0,1.1045113066040422
0.5,2.0000000000000004,1.2000000000000002,200.0,99.0,0.8060150754720563
0.5,2.0000000000000004,1.2000000000000002,250.0,99.0,0.5075188443400702
0.5,2.0000000000000004,1.2000000000000002,300.0,99.0,0.20902261320808413
0.5,2.0000000000000004,1.2000000000000002,350.0,0.0,0.0
0.5,2.0000000000000004,1.2000000000000002,400.0,0.0,0.0
0.5,2.0000000000000004,1.4000000000000004,50.0,99.0,1.6517543970126833
0.5,2.0000000000000004,1.4000000000000004,100.0,99.0,1.3035087940253662
0.5,2.0000000000000004,1.4000000000000004,150.0,99.0,0.9552631910380491
0.5,2.0000000000000004,1.4000000000000004,200.0,99.0,0.6070175880507322
0.5,2.0000000000000004,1.4000000000000004,250.0,99.0,0.25877198506341514
0.5,2.0000000000000004,1.4000000000000004,300.0,0.0,0.0
0.5,2.0000000000000004,1.4000000000000004,350.0,0.0,0.0
0.5,2.0000000000000004,1.4000000000000004,400.0,0.0,0.0
0.5,2.0000000000000004,1.6000000000000005,50.0,99.0,1.6020050251573523
0.5,2.0000000000000004,1.6000000000000005,100.0,99.0,1.2040100503147042
0.5,2.0000000000000004,1.6000000000000005,150.0,99.0,0.8060150754720561
0.5,2.0000000000000004,1.6000000000000005,200.0,99.0,0.40802010062940797
0.5,2.0000000000000004,1.6000000000000005,250.0,99.0,0.010025125786759848
0.5,2.0000000000000004,1.6000000000000005,300.0,0.0,0.0
0.5,2.0000000000000004,1.6000000000000005,350.0,0.0,0.0
0.5,2.0000000000000004,1.6000000000000005,400.0,0.0,0.0
0.5,2.0000000000000004,1.8000000000000003,50.0,99.0,1.5522556533020215
0.5,2.0000000000000004,1.8000000000000003,100.0,99.0,1.1045113066040424
0.5,2.0000000000000004,1.8000000000000003,150.0,99.0,0.6567669599060633
0.5,2.0000000000000004,1.8000000000000003,200.0,99.0,0.20902261320808435
0.5,2.0000000000000004,1.8000000000000003,250.0,0.0,0.0
0.5,2.0000000000000004,1.8000000000000003,300.0,0.0,0.0
0.5,2.0000000000000004,1.8000000000000003,350.0,0.0,0.0
0.5,2.0000000000000004,1.8000000000000003,400.0,0.0,0.0
0.5,2.0000000000000004,2.0000000000000004,50.0,99.0,1.5025062814466903
0.5,2.0000000000000004,2.0000000000000004,100.0,99.0,1.0050125628933801
0.5,2.0000000000000004,2.0000000000000004,150.0,99.0,0.5075188443400702
0.5,2.0000000000000004,2.0000000000000004,200.0,99.0,0.01002512578676007
0.5,2.0000000000000004,2.0000000000000004,250.0,0.0,0.0
0.5,2.0000000000000004,2.0000000000000004,300.0,0.0,0.0
0.5,2.0000000000000004,2.0000000000000004,350.0,0.0,0.0
0.5,2.0000000000000004,2.0000000000000004,400.0,0.0,0.0
0.5,2.0000000000000004,2.2000000000000006,50.0,99.0,1.4527569095913593
0.5,2.0000000000000004,2.2000000000000006,100.0,99.0,0.9055138191827181
0.5,2.0000000000000004,2.2000000000000006,150.0,99.0,0.35827072877407695
0.5,2.0000000000000004,2.2000000000000006,200.0,0.0,0.0
0.5,2.0000000000000004,2.2000000000000006,250.0,0.0,0.0
0.5,2.0000000000000004,2.2000000000000006,300.0,0.0,0.0
0.5,2.0000000000000004,2.2000000000000006,350.0,0.0,0.0
0.5,2.0000000000000004,2.2000000000000006,400.0,0.0,0.0
0.5,2.2000000000000006,0.4,50.0,99.0,2.1005012562893386
0.5,2.2000000000000006,0.4,100.0,99.0,2.0010025125786766
0.5,2.2000000000000006,0.4,150.0,99.0,1.9015037688680145
0.5,2.2000000000000006,0.4,200.0,99.0,1.8020050251573525
0.5,2.2000000000000006,0.4,250.0,99.0,1.7025062814466907
0.5,2.2000000000000006,0.4,300.0,99.0,1.6030075377360284
0.5,2.2000000000000006,0.4,350.0,99.0,1.5035087940253664
0.5,2.2000000000000006,0.4,400.0,99.0,1.4040100503147046
0.5,2.2000000000000006,0.6000000000000001,50.0,99.0,2.050751884434008
0.5,2.2000000000000006,0.6000000000000001,100.0,99.0,1.9015037688680145
0.5,2.2000000000000006,0.6000000000000001,150.0,99.0,1.7522556533020215
0.5,2.2000000000000006,0.6000000000000001,200.0,99.0,1.6030075377360284
0.5,2.2000000000000006,0.6000000000000001,250.0,99.0,1.4537594221700356
0.5,2.2000000000000006,0.6000000000000001,300.0,99.0,1.3045113066040424
0.5,2.2000000000000006,0.6000000000000001,350.0,99.0,1.1552631910380495
0.5,2.2000000000000006,0.6000000000000001,400.0,99.0,1.0060150754720565
0.5,2.2000000000000006,0.8000000000000002,50.0,99.0,2.0010025125786766
0.5,2.2000000000000006,0.8000000000000002,100.0,99.0,1.8020050251573525
0.5,2.2000000000000006,0.8000000000000002,150.0,99.0,1.6030075377360284
0.5,2.2000000000000006,0.8000000000000002,200.0,99.0,1.4040100503147044
0.5,2.2000000000000006,0.8000000000000002,250.0,99.0,1.2050125628933803
0.5,2.2000000000000006,0.8000000000000002,300.0,99.0,1.0060150754720565
0.5,2.2000000000000006,0.8000000000000002,350.0,99.0,0.8070175880507322
0.5,2.2000000000000006,0.8000000000000002,400.0,99.0,0.6080201006294084
0.5,2.2000000000000006,1.0000000000000002,50.0,99.0,1.9512531407233455
0.5,2.2000000000000006,1.0000000000000002,100.0,99.0,1.7025062814466905
0.5,2.2000000000000006,1.0000000000000002,150.0,99.0,1.4537594221700356
0.5,2.2000000000000006,1.0000000000000002,200.0,99.0,1.2050125628933803
0.5,2.2000000000000006,1.0000000000000002,250.0,99.0,0.9562657036167255
0.5,2.2000000000000006,1.0000000000000002,300.0,99.0,0.7075188443400704
0.5,2.2000000000000006,1.0000000000000002,350.0,99.0,0.4587719850634151
0.5,2.2000000000000006,1.0000000000000002,400.0,99.0,0.21002512578676025
0.5,2.2000000000000006,1.2000000000000002,50.0,99.0,1.9015037688680145
0.5,2.2000000000000006,1.2000000000000002,100.0,99.0,1.6030075377360284
0.5,2.2000000000000006,1.2000000000000002,150.0,99.0,1.3045113066040424
0.5,2.2000000000000006,1.2000000000000002,200.0,99.0,1.0060150754720565
0.5,2.2000000000000006,1.2000000000000002,250.0,99.0,0.7075188443400704
0.5,2.2000000000000006,1.2000000000000002,300.0,99.0,0.4090226132080843
0.5,2.2000000000000006,1.2000000000000002,350.0,99.0,0.11052638207609844
0.5,2.2000000000000006,1.2000000000000002,400.0,0.0,0.0
0.5,2.2000000000000006,1.4000000000000004,50.0,99.0,1.8517543970126835
0.5,2.2000000000000006,1.4000000000000004,100.0,99.0,1.5035087940253664
0.5,2.2000000000000006,1.4000000000000004,150.0,99.0,1.1552631910380493
0.5,2.2000000000000006,1.4000000000000004,200.0,99.0,0.8070175880507324
0.5,2.2000000000000006,1.4000000000000004,250.0,99.0,0.4587719850634153
0.5,2.2000000000000006,1.4000000000000004,300.0,99.0,0.110526382076098
0.5,2.2000000000000006,1.4000000000000004,350.0,0.0,0.0
0.5,2.2000000000000006,1.4000000000000004,400.0,0.0,0.0
0.5,2.2000000000000006,1.6000000000000005,50.0,99.0,1.8020050251573525
0.5,2.2000000000000006,1.6000000000000005,100.0,99.0,1.4040100503147044
0.5,2.2000000000000006,1.6000000000000005,150.0,99.0,1.0060150754720563
0.5,2.2000000000000006,1.6000000000000005,200.0,99.0,0.6080201006294081
0.5,2.2000000000000006,1.6000000000000005,250.0,99.0,0.21002512578676003
0.5,2.2000000000000006,1.6000000000000005,300.0,0.0,0.0
0.5,2.2000000000000006,1.6000000000000005,350.0,0.0,0.0
0.5,2.2000000000000006,1.6000000000000005,400.0,0.0,0.0
0.5,2.2000000000000006,1.8000000000000003,50.0,99.0,1.7522556533020217
0.5,2.2000000000000006,1.8000000000000003,100.0,99.0,1.3045113066040426
0.5,2.2000000000000006,1.8000000000000003,150.0,99.0,0.8567669599060634
0.5,2.2000000000000006,1.8000000000000003,200.0,99.0,0.40902261320808453
0.5,2.2000000000000006,1.8000000000000003,250.0,0.0,0.0
0.5,2.2000000000000006,1.8000000000000003,300.0,0.0,0.0
0.5,2.2000000000000006,1.8000000000000003,350.0,0.0,0.0
0.5,2.2000000000000006,1.8000000000000003,400.0,0.0,0.0
0.5,2.2000000000000006,2.0000000000000004,50.0,99.0,1.7025062814466905
0.5,2.2000000000000006,2.0000000000000004,100.0,99.0,1.2050125628933803
0.5,2.2000000000000006,2.0000000000000004,150.0,99.0,0.7075188443400704
0.5,2.2000000000000006,2.0000000000000004,200.0,99.0,0.21002512578676025
0.5,2.2000000000000006,2.0000000000000004,250.0,0.0,0.0
0.5,2.2000000000000006,2.0000000000000004,300.0,0.0,0.0
0.5,2.2000000000000006,2.0000000000000004,350.0,0.0,0.0
0.5,2.2000000000000006,2.0000000000000004,400.0,0.0,0.0
0.5,2.2000000000000006,2.2000000000000006,50.0,99.0,1.6527569095913595
0.5,2.2000000000000006,2.2000000000000006,100.0,99.0,1.1055138191827183
0.5,2.2000000000000006,2.2000000000000006,150.0,99.0,0.5582707287740771
0.5,2.2000000000000006,2.2000000000000006,200.0,99.0,0.011027638365435966
0.5,2.2000000000000006,2.2000000000000006,250.0,0.0,0.0
0.5,2.2000000000000006,2.2000000000000006,300.0,0.0,0.0
0.5,2.2000000000000006,2.2000000000000006,350.0,0.0,0.0
0.5,2.2000000000000006,2.2000000000000006,400.0,0.0,0.0
1.0,0.4,0.4,50.0,99.0,0.30100000000000005
1.0,0.4,0.4,100.0,99.0,0.202
1.0,0.4,0.4,150.0,99.0,0.10299999999999998
1.0,0.4,0.4,200.0,99.0,0.0040000000000000036
1.0,0.4,0.4,250.0,0.0,0.0
1.0,0.4,0.4,300.0,0.0,0.0
1.0,0.4,0.4,350.0,0.0,0.0
1.0,0.4,0.4,400.0,0.0,0.0
1.0,0.4,0.6000000000000001,50.0,99.0,0.2515
1.0,0.4,0.6000000000000001,100.0,99.0,0.10299999999999998
1.0,0.4,0.6000000000000001,150.0,0.0,0.0
1.0,0.4,0.6000000000000001,200.0,0.0,0.0
1.0,0.4,0.6000000000000001,250.0,0.0,0.0
1.0,0.4,0.6000000000000001,300.0,0.0,0.0
1.0,0.4,0.6000000000000001,350.0,0.0,0.0
1.0,0.4,0.6000000000000001,400.0,0.0,0.0
1.0,0.4,0.8000000000000002,50.0,99.0,0.20199999999999999
1.0,0.4,0.8000000000000002,100.0,99.0,0.003999999999999948
1.0,0.4,0.8000000000000002,150.0,0.0,0.0
1.0,0.4,0.8000000000000002,200.0,0.0,0.0
1.0,0.4,0.8000000000000002,250.0,0.0,0.0
1.0,0.4,0.8000000000000002,300.0,0.0,0.0
1.0,0.4,0.8000000000000002,350.0,0.0,0.0
1.0,0.4,0.8000000000000002,400.0,0.0,0.0
1.0,0.4,1.0000000000000002,50.0,99.0,0.15249999999999997
1.0,0.4,1.0000000000000002,100.0,0.0,0.0
1.0,0.4,1.0000000000000002,150.0,0.0,0.0
1.0,0.4,1.0000000000000002,200.0,0.0,0.0
1.0,0.4,1.0000000000000002,250.0,0.0,0.0
1.0,0.4,1.0000000000000002,300.0,0.0,0.0
1.0,0.4,1.0000000000000002,350.0,0.0,0.0
1.0,0.4,1.0000000000000002,400.0,0.0,0.0
1.0,0.4,1.2000000000000002,50.0,99.0,0.10299999999999998
1.0,0.4,1.2000000000000002,100.0,0.0,0.0
1.0,0.4,1.2000000000000002,150.0,0.0,0.0
1.0,0.4,1.2000000000000002,200.0,0.0,0.0
1.0,0.4,1.2000000000000002,250.0,0.0,0.0
1.0,0.4,1.2000000000000002,300.0,0.0,0.0
1.0,0.4,1.2000000000000002,350.0,0.0,0.0
1.0,0.4,1.2000000000000002,400.0,0.0,0.0
1.0,0.4,1.4000000000000004,50.0,99.0,0.053499999999999936
1.0,0.4,1.4000000000000004,100.0,0.0,0.0
1.0,0.4,1.4000000000000004,150.0,0.0,0.0
1.0,0.4,1.4000000000000004,200.0,0.0,0.0
1.0,0.4,1.4000000000000004,250.0,0.0,0.0
1.0,0.4,1.4000000000000004,300.0,0.0,0.0
1.0,0.4,1.4000000000000004,350.0,0.0,0.0
1.0,0.4,1.4000000000000004,400.0,0.0,0.0
1.0,0.4,1.6000000000000005,50.0,99.0,0.0039999999999998925
1.0,0.4,1.6000000000000005,100.0,0.0,0.0
1.0,0.4,1.6000000000000005,150.0,0.0,0.0
1.0,0.4,1.6000000000000005,200.0,0.0,0.0
1.0,0.4,1.6000000000000005,250.0,0.0,0.0
1.0,0.4,1.6000000000000005,300.0,0.0,0.0
1.0,0.4,1.6000000000000005,350.0,0.0,0.0
1.0,0.4,1.6000000000000005,400.0,0.0,0.0
1.0,0.4,1.8000000000000003,50.0,0.0,0.0
1.0,0.4,1.8000000000000003,100.0,0.0,0.0
1.0,0.4,1.8000000000000003,150.0,0.0,0.0
1.0,0.4,1.8000000000000003,200.0,0.0,0.0
1.0,0.4,1.8000000000000003,250.0,0.0,0.0
1.0,0.4,1.8000000000000003,300.0,0.0,0.0
1.0,0.4,1.8000000000000003,350.0,0.0,0.0
1.0,0.4,1.8000000000000003,400.0,0.0,0.0
1.0,0.4,2.0000000000000004,50.0,0.0,0.0
1.0,0.4,2.0000000000000004,100.0,0.0,0.0
1.0,0.4,2.0000000000000004,150.0,0.0,0.0
1.0,0.4,2.0000000000000004,200.0,0.0,0.0
1.0,0.4,2.0000000000000004,250.0,0.0,0.0
1.0,0.4,2.0000000000000004,300.0,0.0,0.0
1.0,0.4,2.0000000000000004,350.0,0.0,0.0
1.0,0.4,2.0000000000000004,400.0,0.0,0.0
1.0,0.4,2.2000000000000006,50.0,0.0,0.0
1.0,0.4,2.2000000000000006,100.0,0.0,0.0
1.0,0.4,2.2000000000000006,150.0,0.0,0.0
1.0,0.4,2.2000000000000006,200.0,0.0,0.0
1.0,0.4,2.2000000000000006,250.0,0.0,0.0
1.0,0.4,2.2000000000000006,300.0,0.0,0.0
1.0,0.4,2.2000000000000006,350.0,0.0,0.0
1.0,0.4,2.2000000000000006,400.0,0.0,0.0
1.0,0.6000000000000001,0.4,50.0,99.0,0.5010000000000001
1.0,0.6000000000000001,0.4,100.0,99.0,0.4020000000000001
1.0,0.6000000000000001,0.4,150.0,99.0,0.30300000000000005
1.0,0.6000000000000001,0.4,200.0,99.0,0.20400000000000007
1.0,0.6000000000000001,0.4,250.0,99.0,0.10500000000000004
1.0,0.6000000000000001,0.4,300.0,99.0,0.006000000000000005
1.0,0.6000000000000001,0.4,350.0,0.0,0.0
1.0,0.6000000000000001,0.4,400.0,0.0,0.0
1.0,0.6000000000000001,0.6000000000000001,50.0,99.0,0.45150000000000007
1.0,0.6000000000000001,0.6000000000000001,100.0,99.0,0.30300000000000005
1.0,0.6000000000000001,0.6000000000000001,150.0,99.0,0.15449999999999997
1.0,0.6000000000000001,0.6000000000000001,200.0,99.0,0.006000000000000005
1.0,0.6000000000000001,0.6000000000000001,250.0,0.0,0.0
1.0,0.6000000000000001,0.6000000000000001,300.0,0.0,0.0
1.0,0.6000000000000001,0.6000000000000001,350.0,0.0,0.0
1.0,0.6000000000000001,0.6000000000000001,400.0,0.0,0.0
1.0,0.6000000000000001,0.8000000000000002,50.0,99.0,0.402
1.0,0.6000000000000001,0.8000000000000002,100.0,99.0,0.20400000000000001
1.0,0.6000000000000001,0.8000000000000002,150.0,99.0,0.005999999999999894
1.0,0.6000000000000001,0.8000000000000002,200.0,0.0,0.0
1.0,0.6000000000000001,0.8000000000000002,250.0,0.0,0.0
1.0,0.6000000000000001,0.8000000000000002,300.0,0.0,0.0
1.0,0.6000000000000001,0.8000000000000002,350.0,0.0,0.0
1.0,0.6000000000000001,0.8000000000000002,400.0,0.0,0.0
1.0,0.6000000000000001,1.0000000000000002,50.0,99.0,0.35250000000000004
1.0,0.6000000000000001,1.0000000000000002,100.0,99.0,0.10499999999999998
1.0,0.6000000000000001,1.0000000000000002,150.0,0.0,0.0
1.0,0.6000000000000001,1.0000000000000002,200.0,0.0,0.0
1.0,0.6000000000000001,1.0000000000000002,250.0,0.0,0.0
1.0,0.6000000000000001,1.0000000000000002,300.0,0.0,0.0
1.0,0.6000000000000001,1.0000000000000002,350.0,0.0,0.0
1.0,0.6000000000000001,1.0000000000000002,400.0,0.0,0.0
1.0,0.6000000000000001,1.2000000000000002,50.0,99.0,0.30300000000000005
1.0,0.6000000000000001,1.2000000000000002,100.0,99.0,0.006000000000000005
1.0,0.6000000000000001,1.2000000000000002,150.0,0.0,0.0
1.0,0.6000000000000001,1.2000000000000002,200.0,0.0,0.0
1.0,0.6000000000000001,1.2000000000000002,250.0,0.0,0.0
1.0,0.6000000000000001,1.2000000000000002,300.0,0.0,0.0
1.0,0.6000000000000001,1.2000000000000002,350.0,0.0,0.0
1.0,0.6000000000000001,1.2000000000000002,400.0,0.0,0.0
1.0,0.6000000000000001,1.4000000000000004,50.0,99.0,0.2535
1.0,0.6000000000000001,1.4000000000000004,100.0,0.0,0.0
1.0,0.6000000000000001,1.4000000000000004,150.0,0.0,0.0
1.0,0.6000000000000001,1.4000000000000004,200.0,0.0,0.0
1.0,0.6000000000000001,1.4000000000000004,250.0,0.0,0.0
1.0,0.6000000000000001,1.4000000000000004,300.0,0.0,0.0
1.0,0.6000000000000001,1.4000000000000004,350.0,0.0,0.0
1.0,0.6000000000000001,1.4000000000000004,400.0,0.0,0.0
1.0,0.6000000000000001,1.6000000000000005,50.0,99.0,0.20399999999999996
1.0,0.6000000000000001,1.6000000000000005,100.0,0.0,0.0
1.0,0.6000000000000001,1.6000000000000005,150.0,0.0,0.0
1.0,0.6000000000000001,1.6000000000000005,200.0,0.0,0.0
1.0,0.6000000000000001,1.6000000000000005,250.0,0.0,0.0
1.0,0.6000000000000001,1.6000000000000005,300.0,0.0,0.0
1.0,0.6000000000000001,1.6000000000000005,350.0,0.0,0.0
1.0,0.6000000000000001,1.6000000000000005,400.0,0.0,0.0
1.0,0.6000000000000001,1.8000000000000003,50.0,99.0,0.15450000000000003
1.0,0.6000000000000001,1.8000000000000003,100.0,0.0,0.0
1.0,0.6000000000000001,1.8000000000000003,150.0,0.0,0.0
1.0,0.6000000000000001,1.8000000000000003,200.0,0.0,0.0
1.0,0.6000000000000001,1.8000000000000003,250.0,0.0,0.0
1.0,0.6000000000000001,1.8000000000000003,300.0,0.0,0.0
1.0,0.6000000000000001,1.8000000000000003,350.0,0.0,0.0
1.0,0.6000000000000001,1.8000000000000003,400.0,0.0,0.0
1.0,0.6000000000000001,2.0000000000000004,50.0,99.0,0.10499999999999998
1.0,0.6000000000000001,2.0000000000000004,100.0,0.0,0.0
1.0,0.6000000000000001,2.0000000000000004,150.0,0.0,0.0
1.0,0.6000000000000001,2.0000000000000004,200.0,0.0,0.0
1.0,0.6000000000000001,2.0000000000000004,250.0,0.0,0.0
1.0,0.6000000000000001,2.0000000000000004,300.0,0.0,0.0
1.0,0.6000000000000001,2.0000000000000004,350.0,0.0,0.0
1.0,0.6000000000000001,2.0000000000000004,400.0,0.0,0.0
1.0,0.6000000000000001,2.2000000000000006,50.0,99.0,0.055499999999999994
1.0,0.6000000000000001,2.2000000000000006,100.0,0.0,0.0
1.0,0.6000000000000001,2.2000000000000006,150.0,0.0,0.0
1.0,0.6000000000000001,2.2000000000000006,200.0,0.0,0.0
1.0,0.6000000000000001,2.2000000000000006,250.0,0.0,0.0
1.0,0.6000000000000001,2.2000000000000006,300.0,0.0,0.0
1.0,0.6000000000000001,2.2000000000000006,350.0,0.0,0.0
1.0,0.6000000000000001,2.2000000000000006,400.0,0.0,0.0
1.0,0.8000000000000002,0.4,50.0,99.0,0.7010000000000002
1.0,0.8000000000000002,0.4,100.0,99.0,0.6020000000000001
1.0,0.8000000000000002,0.4,150.0,99.0,0.5030000000000001
1.0,0.8000000000000002,0.4,200.0,99.0,0.40400000000000014
1.0,0.8000000000000002,0.4,250.0,99.0,0.3050000000000001
1.0,0.8000000000000002,0.4,300.0,99.0,0.20600000000000007
1.0,0.8000000000000002,0.4,350.0,99.0,0.1070000000000001
1.0,0.8000000000000002,0.4,400.0,99.0,0.008000000000000118
1.0,0.8000000000000002,0.6000000000000001,50.0,99.0,0.6515000000000002
1.0,0.8000000000000002,0.6000000000000001,100.0,99.0,0.5030000000000001
1.0,0.8000000000000002,0.6000000000000001,150.0,99.0,0.35450000000000004
1.0,0.8000000000000002,0.6000000000000001,200.0,99.0,0.20600000000000007
1.0,0.8000000000000002,0.6000000000000001,250.0,99.0,0.057499999999999996
1.0,0.8000000000000002,0.6000000000000001,300.0,0.0,0.0
1.0,0.8000000000000002,0.6000000000000001,350.0,0.0,0.0
1.0,0.8000000000000002,0.6000000000000001,400.0,0.0,0.0
1.0,0.8000000000000002,0.8000000000000002,50.0,99.0,0.6020000000000001
1.0,0.8000000000000002,0.8000000000000002,100.0,99.0,0.4040000000000001
1.0,0.8000000000000002,0.8000000000000002,150.0,99.0,0.20599999999999996
1.0,0.8000000000000002,0.8000000000000002,200.0,99.0,0.008000000000000007
1.0,0.8000000000000002,0.8000000000000002,250.0,0.0,0.0
1.0,0.8000000000000002,0.8000000000000002,300.0,0.0,0.0
1.0,0.8000000000000002,0.8000000000000002,350.0,0.0,0.0
1.0,0.8000000000000002,0.8000000000000002,400.0,0.0,0.0
1.0,0.8000000000000002,1.0000000000000002,50.0,99.0,0.5525000000000001
1.0,0.8000000000000002,1.0000000000000002,100.0,99.0,0.30500000000000005
1.0,0.8000000000000002,1.0000000000000002,150.0,99.0,0.057499999999999996
1.0,0.8000000000000002,1.0000000000000002,200.0,0.0,0.0
1.0,0.8000000000000002,1.0000000000000002,250.0,0.0,0.0
1.0,0.8000000000000002,1.0000000000000002,300.0,0.0,0.0
1.0,0.8000000000000002,1.0000000000000002,350.0,0.0,0.0
1.0,0.8000000000000002,1.0000000000000002,400.0,0.0,0.0
1.0,0.8000000000000002,1.2000000000000002,50.0,99.0,0.5030000000000001
1.0,0.8000000000000002,1.2000000000000002,100.0,99.0,0.20600000000000007
1.0,0.8000000000000002,1.2000000000000002,150.0,0.0,0.0
1.0,0.8000000000000002,1.2000000000000002,200.0,0.0,0.0
1.0,0.8000000000000002,1.2000000000000002,250.0,0.0,0.0
1.0,0.8000000000000002,1.2000000000000002,300.0,0.0,0.0
1.0,0.8000000000000002,1.2000000000000002,350.0,0.0,0.0
1.0,0.8000000000000002,1.2000000000000002,400.0,0.0,0.0
1.0,0.8000000000000002,1.4000000000000004,50.0,99.0,0.45350000000000007
1.0,0.8000000000000002,1.4000000000000004,100.0,99.0,0.10699999999999998
1.0,0.8000000000000002,1.4000000000000004,150.0,0.0,0.0
1.0,0.8000000000000002,1.4000000000000004,200.0,0.0,0.0
1.0,0.8000000000000002,1.4000000000000004,250.0,0.0,0.0
1.0,0.8000000000000002,1.4000000000000004,300.0,0.0,0.0
1.0,0.8000000000000002,1.4000000000000004,350.0,0.0,0.0
1.0,0.8000000000000002,1.4000000000000004,400.0,0.0,0.0
1.0,0.8000000000000002,1.6000000000000005,50.0,99.0,0.404
1.0,0.8000000000000002,1.6000000000000005,100.0,99.0,0.007999999999999896
1.0,0.8000000000000002,1.6000000000000005,150.0,0.0,0.0
1.0,0.8000000000000002,1.6000000000000005,200.0,0.0,0.0
1.0,0.8000000000000002,1.6000000000000005,250.0,0.0,0.0
1.0,0.8000000000000002,1.6000000000000005,300.0,0.0,0.0
1.0,0.8000000000000002,1.6000000000000005,350.0,0.0,0.0
1.0,0.8000000000000002,1.6000000000000005,400.0,0.0,0.0
1.0,0.8000000000000002,1.8000000000000003,50.0,99.0,0.3545000000000001
1.0,0.8000000000000002,1.8000000000000003,100.0,0.0,0.0
1.0,0.8000000000000002,1.8000000000000003,150.0,0.0,0.0
1.0,0.8000000000000002,1.8000000000000003,200.0,0.0,0.0
1.0,0.8000000000000002,1.8000000000000003,250.0,0.0,0.0
1.0,0.8000000000000002,1.8000000000000003,300.0,0.0,0.0
1.0,0.8000000000000002,1.8000000000000003,350.0,0.0,0.0
1.0,0.8000000000000002,1.8000000000000003,400.0,0.0,0.0
1.0,0.8000000000000002,2.0000000000000004,50.0,99.0,0.30500000000000005
1.0,0.8000000000000002,2.0000000000000004,100.0,0.0,0.0
1.0,0.8000000000000002,2.0000000000000004,150.0,0.0,0.0
1.0,0.8000000000000002,2.0000000000000004,200.0,0.0,0.0
1.0,0.8000000000000002,2.0000000000000004,250.0,0.0,0.0
1.0,0.8000000000000002,2.0000000000000004,300.0,0.0,0.0
1.0,0.8000000000000002,2.0000000000000004,350.0,0.0,0.0
1.0,0.8000000000000002,2.0000000000000004,400.0,0.0,0.0
1.0,0.8000000000000002,2.2000000000000006,50.0,99.0,0.25550000000000006
1.0,0.8000000000000002,2.2000000000000006,100.0,0.0,0.0
1.0,0.8000000000000002,2.2000000000000006,150.0,0.0,0.0
1.0,0.8000000000000002,2.2000000000000006,200.0,0.0,0.0
1.0,0.8000000000000002,2.2000000000000006,250.0,0.0,0.0
1.0,0.8000000000000002,2.2000000000000006,300.0,0.0,0.0
1.0,0.8000000000000002,2.2000000000000006,350.0,0.0,0.0
1.0,0.8000000000000002,2.2000000000000006,400.0,0.0,0.0
1.0,1.0000000000000002,0.4,50.0,99.0,0.9010000000000002
1.0,1.0000000000000002,0.4,100.0,99.0,0.8020000000000003
1.0,1.0000000000000002,0.4,150.0,99.0,0.7030000000000002
1.0,1.0000000000000002,0.4,200.0,99.0,0.6040000000000002
1.0,1.0000000000000002,0.4,250.0,99.0,0.5050000000000001
1.0,1.0000000000000002,0.4,300.0,99.0,0.40600000000000014
1.0,1.0000000000000002,0.4,350.0,99.0,0.30700000000000016
1.0,1.0000000000000002,0.4,400.0,99.0,0.20800000000000018
1.0,1.0000000000000002,0.6000000000000001,50.0,99.0,0.8515000000000001
1.0,1.0000000000000002,0.6000000000000001,100.0,99.0,0.7030000000000002
1.0,1.0000000000000002,0.6000000000000001,150.0,99.0,0.5545000000000001
1.0,1.0000000000000002,0.6000000000000001,200.0,99.0,0.40600000000000014
1.0,1.0000000000000002,0.6000000000000001,250.0,99.0,0.25750000000000006
1.0,1.0000000000000002,0.6000000000000001,300.0,99.0,0.10899999999999999
1.0,1.0000000000000002,0.6000000000000001,350.0,0.0,0.0
1.0,1.0000000000000002,0.6000000000000001,400.0,0.0,0.0
1.0,1.0000000000000002,0.8000000000000002,50.0,99.0,0.8020000000000002
1.0,1.0000000000000002,0.8000000000000002,100.0,99.0,0.6040000000000001
1.0,1.0000000000000002,0.8000000000000002,150.0,99.0,0.406
1.0,1.0000000000000002,0.8000000000000002,200.0,99.0,0.20800000000000007
1.0,1.0000000000000002,0.8000000000000002,250.0,99.0,0.010000000000000009
1.0,1.0000000000000002,0.8000000000000002,300.0,0.0,0.0
1.0,1.0000000000000002,0.8000000000000002,350.0,0.0,0.0
1.0,1.0000000000000002,0.8000000000000002,400.0,0.0,0.0
1.0,1.0000000000000002,1.0000000000000002,50.0,99.0,0.7525000000000002
1.0,1.0000000000000002,1.0000000000000002,100.0,99.0,0.5050000000000001
1.0,1.0000000000000002,1.0000000000000002,150.0,99.0,0.25750000000000006
1.0,1.0000000000000002,1.0000000000000002,200.0,99.0,0.010000000000000009
1.0,1.0000000000000002,1.0000000000000002,250.0,0.0,0.0
1.0,1.0000000000000002,1.0000000000000002,300.0,0.0,0.0
1.0,1.0000000000000002,1.0000000000000002,350.0,0.0,0.0
1.0,1.0000000000000002,1.0000000000000002,400.0,0.0,0.0
1.0,1.0000000000000002,1.2000000000000002,50.0,99.0,0.7030000000000002
1.0,1.0000000000000002,1.2000000000000002,100.0,99.0,0.40600000000000014
1.0,1.0000000000000002,1.2000000000000002,150.0,99.0,0.10899999999999999
1.0,1.0000000000000002,1.2000000000000002,200.0,0.0,0.0
1.0,1.0000000000000002,1.2000000000000002,250.0,0.0,0.0
1.0,1.0000000000000002,1.2000000000000002,300.0,0.0,0.0
1.0,1.0000000000000002,1.2000000000000002,350.0,0.0,0.0
1.0,1.0000000000000002,1.2000000000000002,400.0,0.0,0.0
1.0,1.0000000000000002,1.4000000000000004,50.0,99.0,0.6535000000000002
1.0,1.0000000000000002,1.4000000000000004,100.0,99.0,0.30700000000000005
1.0,1.0000000000000002,1.4000000000000004,150.0,0.0,0.0
1.0,1.0000000000000002,1.4000000000000004,200.0,0.0,0.0
1.0,1.0000000000000002,1.4000000000000004,250.0,0.0,0.0
1.0,1.0000000000000002,1.4000000000000004,300.0,0.0,0.0
1.0,1.0000000000000002,1.4000000000000004,350.0,0.0,0.0
1.0,1.0000000000000002,1.4000000000000004,400.0,0.0,0.0
1.0,1.0000000000000002,1.6000000000000005,50.0,99.0,0.6040000000000001
1.0,1.0000000000000002,1.6000000000000005,100.0,99.0,0.20799999999999996
1.0,1.0000000000000002,1.6000000000000005,150.0,0.0,0.0
1.0,1.0000000000000002,1.6000000000000005,200.0,0.0,0.0
1.0,1.0000000000000002,1.6000000000000005,250.0,0.0,0.0
1.0,1.0000000000000002,1.6000000000000005,300.0,0.0,0.0
1.0,1.0000000000000002,1.6000000000000005,350.0,0.0,0.0
1.0,1.0000000000000002,1.6000000000000005,400.0,0.0,0.0
1.0,1.0000000000000002,1.8000000000000003,50.0,99.0,0.5545000000000002
1.0,1.0000000000000002,1.8000000000000003,100.0,99.0,0.1090000000000001
1.0,1.0000000000000002,1.8000000000000003,150.0,0.0,0.0
1.0,1.0000000000000002,1.8000000000000003,200.0,0.0,0.0
1.0,1.0000000000000002,1.8000000000000003,250.0,0.0,0.0
1.0,1.0000000000000002,1.8000000000000003,300.0,0.0,0.0
1.0,1.0000000000000002,1.8000000000000003,350.0,0.0,0.0
1.0,1.0000000000000002,1.8000000000000003,400.0,0.0,0.0
1.0,1.0000000000000002,2.0000000000000004,50.0,99.0,0.5050000000000001
1.0,1.0000000000000002,2.0000000000000004,100.0,99.0,0.010000000000000009
1.0,1.0000000000000002,2.0000000000000004,150.0,0.0,0.0
1.0,1.0000000000000002,2.0000000000000004,200.0,0.0,0.0
1.0,1.0000000000000002,2.0000000000000004,250.0,0.0,0.0
1.0,1.0000000000000002,2.0000000000000004,300.0,0.0,0.0
1.0,1.0000000000000002,2.0000000000000004,350.0,0.0,0.0
1.0,1.0000000000000002,2.0000000000000004,400.0,0.0,0.0
1.0,1.0000000000000002,2.2000000000000006,50.0,99.0,0.4555000000000001
1.0,1.0000000000000002,2.2000000000000006,100.0,0.0,0.0
1.0,1.0000000000000002,2.2000000000000006,150.0,0.0,0.0
1.0,1.0000000000000002,2.2000000000000006,200.0,0.0,0.0
1.0,1.0000000000000002,2.2000000000000006,250.0,0.0,0.0
1.0,1.0000000000000002,2.2000000000000006,300.0,0.0,0.0
1.0,1.0000000000000002,2.2000000000000006,350.0,0.0,0.0
1.0,1.0000000000000002,2.2000000000000006,400.0,0.0,0.0
1.0,1.2000000000000002,0.4,50.0,99.0,1.1010000000000002
1.0,1.2000000000000002,0.4,100.0,99.0,1.0020000000000002
1.0,1.2000000000000002,0.4,150.0,99.0,0.9030000000000001
1.0,1.2000000000000002,0.4,200.0,99.0,0.8040000000000002
1.0,1.2000000000000002,0.4,250.0,99.0,0.7050000000000001
1.0,1.2000000000000002,0.4,300.0,99.0,0.6060000000000001
1.0,1.2000000000000002,0.4,350.0,99.0,0.5070000000000001
1.0,1.2000000000000002,0.4,400.0,99.0,0.40800000000000014
1.0,1.2000000000000002,0.6000000000000001,50.0,99.0,1.0515
1.0,1.2000000000000002,0.6000000000000001,100.0,99.0,0.9030000000000001
1.0,1.2000000000000002,0.6000000000000001,150.0,99.0,0.7545000000000001
1.0,1.2000000000000002,0.6000000000000001,200.0,99.0,0.6060000000000001
1.0,1.2000000000000002,0.6000000000000001,250.0,99.0,0.4575
1.0,1.2000000000000002,0.6000000000000001,300.0,99.0,0.30899999999999994
1.0,1.2000000000000002,0.6000000000000001,350.0,99.0,0.1605000000000001
1.0,1.2000000000000002,0.6000000000000001,400.0,99.0,0.01200000000000001
1.0,1.2000000000000002,0.8000000000000002,50.0,99.0,1.0020000000000002
1.0,1.2000000000000002,0.8000000000000002,100.0,99.0,0.804
1.0,1.2000000000000002,0.8000000000000002,150.0,99.0,0.606
1.0,1.2000000000000002,0.8000000000000002,200.0,99.0,0.40800000000000003
1.0,1.2000000000000002,0.8000000000000002,250.0,99.0,0.20999999999999996
1.0,1.2000000000000002,0.8000000000000002,300.0,99.0,0.011999999999999789
1.0,1.2000000000000002,0.8000000000000002,350.0,0.0,0.0
1.0,1.2000000000000002,0.8000000000000002,400.0,0.0,0.0
1.0,1.2000000000000002,1.0000000000000002,50.0,99.0,0.9525000000000001
1.0,1.2000000000000002,1.0000000000000002,100.0,99.0,0.7050000000000001
1.0,1.2000000000000002,1.0000000000000002,150.0,99.0,0.4575
1.0,1.2000000000000002,1.0000000000000002,200.0,99.0,0.20999999999999996
1.0,1.2000000000000002,1.0000000000000002,250.0,0.0,0.0
1.0,1.2000000000000002,1.0000000000000002,300.0,0.0,0.0
1.0,1.2000000000000002,1.0000000000000002,350.0,0.0,0.0
1.0,1.2000000000000002,1.0000000000000002,400.0,0.0,0.0
1.0,1.2000000000000002,1.2000000000000002,50.0,99.0,0.9030000000000001
1.0,1.2000000000000002,1.2000000000000002,100.0,99.0,0.6060000000000001
1.0,1.2000000000000002,1.2000000000000002,150.0,99.0,0.30899999999999994
1.0,1.2000000000000002,1.2000000000000002,200.0,99.0,0.01200000000000001
1.0,1.2000000000000002,1.2000000000000002,250.0,0.0,0.0
1.0,1.2000000000000002,1.2000000000000002,300.0,0.0,0.0
1.0,1.2000000000000002,1.2000000000000002,350.0,0.0,0.0
1.0,1.2000000000000002,1.2000000000000002,400.0,0.0,0.0
1.0,1.2000000000000002,1.4000000000000004,50.0,99.0,0.8535000000000001
1.0,1.2000000000000002,1.4000000000000004,100.0,99.0,0.507
1.0,1.2000000000000002,1.4000000000000004,150.0,99.0,0.16049999999999986
1.0,1.2000000000000002,1.4000000000000004,200.0,0.0,0.0
1.0,1.2000000000000002,1.4000000000000004,250.0,0.0,0.0
1.0,1.2000000000000002,1.4000000000000004,300.0,0.0,0.0
1.0,1.2000000000000002,1.4000000000000004,350.0,0.0,0.0
1.0,1.2000000000000002,1.4000000000000004,400.0,0.0,0.0
1.0,1.2000000000000002,1.6000000000000005,50.0,99.0,0.804
1.0,1.2000000000000002,1.6000000000000005,100.0,99.0,0.4079999999999999
1.0,1.2000000000000002,1.6000000000000005,150.0,99.0,0.011999999999999789
1.0,1.2000000000000002,1.6000000000000005,200.0,0.0,0.0
1.0,1.2000000000000002,1.6000000000000005,250.0,0.0,0.0
1.0,1.2000000000000002,1.6000000000000005,300.0,0.0,0.0
1.0,1.2000000000000002,1.6000000000000005,350.0,0.0,0.0
1.0,1.2000000000000002,1.6000000000000005,400.0,0.0,0.0
1.0,1.2000000000000002,1.8000000000000003,50.0,99.0,0.7545000000000002
1.0,1.2000000000000002,1.8000000000000003,100.0,99.0,0.30900000000000005
1.0,1.2000000000000002,1.8000000000000003,150.0,0.0,0.0
1.0,1.2000000000000002,1.8000000000000003,200.0,0.0,0.0
1.0,1.2000000000000002,1.8000000000000003,250.0,0.0,0.0
1.0,1.2000000000000002,1.8000000000000003,300.0,0.0,0.0
1.0,1.2000000000000002,1.8000000000000003,350.0,0.0,0.0
1.0,1.2000000000000002,1.8000000000000003,400.0,0.0,0.0
1.0,1.2000000000000002,2.0000000000000004,50.0,99.0,0.7050000000000001
1.0,1.2000000000000002,2.0000000000000004,100.0,99.0,0.20999999999999996
1.0,1.2000000000000002,2.0000000000000004,150.0,0.0,0.0
1.0,1.2000000000000002,2.0000000000000004,200.0,0.0,0.0
1.0,1.2000000000000002,2.0000000000000004,250.0,0.0,0.0
1.0,1.2000000000000002,2.0000000000000004,300.0,0.0,0.0
1.0,1.2000000000000002,2.0000000000000004,350.0,0.0,0.0
1.0,1.2000000000000002,2.0000000000000004,400.0,0.0,0.0
1.0,1.2000000000000002,2.2000000000000006,50.0,99.0,0.6555000000000001
1.0,1.2000000000000002,2.2000000000000006,100.0,99.0,0.11099999999999999
1.0,1.2000000000000002,2.2000000000000006,150.0,0.0,0.0
1.0,1.2000000000000002,2.2000000000000006,200.0,0.0,0.0
1.0,1.2000000000000002,2.2000000000000006,250.0,0.0,0.0
1.0,1.2000000000000002,2.2000000000000006,300.0,0.0,0.0
1.0,1.2000000000000002,2.2000000000000006,350.0,0.0,0.0
1.0,1.2000000000000002,2.2000000000000006,400.0,0.0,0.0
1.0,1.4000000000000004,0.4,50.0,99.0,1.3010000000000004
1.0,1.4000000000000004,0.4,100.0,99.0,1.2020000000000004
1.0,1.4000000000000004,0.4,150.0,99.0,1.1030000000000002
1.0,1.4000000000000004,0.4,200.0,99.0,1.0040000000000004
1.0,1.4000000000000004,0.4,250.0,99.0,0.9050000000000002
1.0,1.4000000000000004,0.4,300.0,99.0,0.8060000000000003
1.0,1.4000000000000004,0.4,350.0,99.0,0.7070000000000003
1.0,1.4000000000000004,0.4,400.0,99.0,0.6080000000000003
1.0,1.4000000000000004,0.6000000000000001,50.0,99.0,1.2515000000000003
1.0,1.4000000000000004,0.6000000000000001,100.0,99.0,1.1030000000000002
1.0,1.4000000000000004,0.6000000000000001,150.0,99.0,0.9545000000000002
1.0,1.4000000000000004,0.6000000000000001,200.0,99.0,0.8060000000000003
1.0,1.4000000000000004,0.6000000000000001,250.0,99.0,0.6575000000000002
1.0,1.4000000000000004,0.6000000000000001,300.0,99.0,0.5090000000000001
1.0,1.4000000000000004,0.6000000000000001,350.0,99.0,0.36050000000000026
1.0,1.4000000000000004,0.6000000000000001,400.0,99.0,0.2120000000000002
1.0,1.4000000000000004,0.8000000000000002,50.0,99.0,1.2020000000000004
1.0,1.4000000000000004,0.8000000000000002,100.0,99.0,1.0040000000000002
1.0,1.4000000000000004,0.8000000000000002,150.0,99.0,0.8060000000000002
1.0,1.4000000000000004,0.8000000000000002,200.0,99.0,0.6080000000000002
1.0,1.4000000000000004,0.8000000000000002,250.0,99.0,0.41000000000000014
1.0,1.4000000000000004,0.8000000000000002,300.0,99.0,0.21199999999999997
1.0,1.4000000000000004,0.8000000000000002,350.0,99.0,0.014000000000000234
1.0,1.4000000000000004,0.8000000000000002,400.0,0.0,0.0
1.0,1.4000000000000004,1.0000000000000002,50.0,99.0,1.1525000000000003
1.0,1.4000000000000004,1.0000000000000002,100.0,99.0,0.9050000000000002
1.0,1.4000000000000004,1.0000000000000002,150.0,99.0,0.6575000000000002
1.0,1.4000000000000004,1.0000000000000002,200.0,99.0,0.41000000000000014
1.0,1.4000000000000004,1.0000000000000002,250.0,99.0,0.1625000000000001
1.0,1.4000000000000004,1.0000000000000002,300.0,0.0,0.0
1.0,1.4000000000000004,1.0000000000000002,350.0,0.0,0.0
1.0,1.4000000000000004,1.0000000000000002,400.0,0.0,0.0
1.0,1.4000000000000004,1.2000000000000002,50.0,99.0,1.1030000000000002
1.0,1.4000000000000004,1.2000000000000002,100.0,99.0,0.8060000000000003
1.0,1.4000000000000004,1.2000000000000002,150.0,99.0,0.5090000000000001
1.0,1.4000000000000004,1.2000000000000002,200.0,99.0,0.2120000000000002
1.0,1.4000000000000004,1.2000000000000002,250.0,0.0,0.0
1.0,1.4000000000000004,1.2000000000000002,300.0,0.0,0.0
1.0,1.4000000000000004,1.2000000000000002,350.0,0.0,0.0
1.0,1.4000000000000004,1.2000000000000002,400.0,0.0,0.0
1.0,1.4000000000000004,1.4000000000000004,50.0,99.0,1.0535000000000003
1.0,1.4000000000000004,1.4000000000000004,100.0,99.0,0.7070000000000002
1.0,1.4000000000000004,1.4000000000000004,150.0,99.0,0.36050000000000004
1.0,1.4000000000000004,1.4000000000000004,200.0,99.0,0.014000000000000012
1.0,1.4000000000000004,1.4000000000000004,250.0,0.0,0.0
1.0,1.4000000000000004,1.4000000000000004,300.0,0.0,0.0
1.0,1.4000000000000004,1.4000000000000004,350.0,0.0,0.0
1.0,1.4000000000000004,1.4000000000000004,400.0,0.0,0.0
1.0,1.4000000000000004,1.6000000000000005,50.0,99.0,1.0040000000000002
1.0,1.4000000000000004,1.6000000000000005,100.0,99.0,0.6080000000000001
1.0,1.4000000000000004,1.6000000000000005,150.0,99.0,0.21199999999999997
1.0,1.4000000000000004,1.6000000000000005,200.0,0.0,0.0
1.0,1.4000000000000004,1.6000000000000005,250.0,0.0,0.0
1.0,1.4000000000000004,1.6000000000000005,300.0,0.0,0.0
1.0,1.4000000000000004,1.6000000000000005,350.0,0.0,0.0
1.0,1.4000000000000004,1.6000000000000005,400.0,0.0,0.0
1.0,1.4000000000000004,1.8000000000000003,50.0,99.0,0.9545000000000003
1.0,1.4000000000000004,1.8000000000000003,100.0,99.0,0.5090000000000002
1.0,1.4000000000000004,1.8000000000000003,150.0,99.0,0.06350000000000011
1.0,1.4000000000000004,1.8000000000000003,200.0,0.0,0.0
1.0,1.4000000000000004,1.8000000000000003,250.0,0.0,0.0
1.0,1.4000000000000004,1.8000000000000003,300.0,0.0,0.0
1.0,1.4000000000000004,1.8000000000000003,350.0,0.0,0.0
1.0,1.4000000000000004,1.8000000000000003,400.0,0.0,0.0
1.0,1.4000000000000004,2.0000000000000004,50.0,99.0,0.9050000000000002
1.0,1.4000000000000004,2.0000000000000004,100.0,99.0,0.41000000000000014
1.0,1.4000000000000004,2.0000000000000004,150.0,0.0,0.0
1.0,1.4000000000000004,2.0000000000000004,200.0,0.0,0.0
1.0,1.4000000000000004,2.0000000000000004,250.0,0.0,0.0
1.0,1.4000000000000004,2.0000000000000004,300.0,0.0,0.0
1.0,1.4000000000000004,2.0000000000000004,350.0,0.0,0.0
1.0,1.4000000000000004,2.0000000000000004,400.0,0.0,0.0
1.0,1.4000000000000004,2.2000000000000006,50.0,99.0,0.8555000000000003
1.0,1.4000000000000004,2.2000000000000006,100.0,99.0,0.31100000000000017
1.0,1.4000000000000004,2.2000000000000006,150.0,0.0,0.0
1.0,1.4000000000000004,2.2000000000000006,200.0,0.0,0.0
1.0,1.4000000000000004,2.2000000000000006,250.0,0.0,0.0
1.0,1.4000000000000004,2.2000000000000006,300.0,0.0,0.0
1.0,1.4000000000000004,2.2000000000000006,350.0,0.0,0.0
1.0,1.4000000000000004,2.2000000000000006,400.0,0.0,0.0
1.0,1.6000000000000005,0.4,50.0,99.0,1.5010000000000006
1.0,1.6000000000000005,0.4,100.0,99.0,1.4020000000000006
1.0,1.6000000000000005,0.4,150.0,99.0,1.3030000000000004
1.0,1.6000000000000005,0.4,200.0,99.0,1.2040000000000006
1.0,1.6000000000000005,0.4,250.0,99.0,1.1050000000000004
1.0,1.6000000000000005,0.4,300.0,99.0,1.0060000000000004
1.0,1.6000000000000005,0.4,350.0,99.0,0.9070000000000005
1.0,1.6000000000000005,0.4,400.0,99.0,0.8080000000000005
1.0,1.6000000000000005,0.6000000000000001,50.0,99.0,1.4515000000000005
1.0,1.6000000000000005,0.6000000000000001,100.0,99.0,1.3030000000000004
1.0,1.6000000000000005,0.6000000000000001,150.0,99.0,1.1545000000000005
1.0,1.6000000000000005,0.6000000000000001,200.0,99.0,1.0060000000000004
1.0,1.6000000000000005,0.6000000000000001,250.0,99.0,0.8575000000000004
1.0,1.6000000000000005,0.6000000000000001,300.0,99.0,0.7090000000000003
1.0,1.6000000000000005,0.6000000000000001,350.0,99.0,0.5605000000000004
1.0,1.6000000000000005,0.6000000000000001,400.0,99.0,0.41200000000000037
1.0,1.6000000000000005,0.8000000000000002,50.0,99.0,1.4020000000000006
1.0,1.6000000000000005,0.8000000000000002,100.0,99.0,1.2040000000000004
1.0,1.6000000000000005,0.8000000000000002,150.0,99.0,1.0060000000000002
1.0,1.6000000000000005,0.8000000000000002,200.0,99.0,0.8080000000000004
1.0,1.6000000000000005,0.8000000000000002,250.0,99.0,0.6100000000000003
1.0,1.6000000000000005,0.8000000000000002,300.0,99.0,0.41200000000000014
1.0,1.6000000000000005,0.8000000000000002,350.0,99.0,0.2140000000000004
1.0,1.6000000000000005,0.8000000000000002,400.0,99.0,0.016000000000000236
1.0,1.6000000000000005,1.0000000000000002,50.0,99.0,1.3525000000000005
1.0,1.6000000000000005,1.0000000000000002,100.0,99.0,1.1050000000000004
1.0,1.6000000000000005,1.0000000000000002,150.0,99.0,0.8575000000000004
1.0,1.6000000000000005,1.0000000000000002,200.0,99.0,0.6100000000000003
1.0,1.6000000000000005,1.0000000000000002,250.0,99.0,0.36250000000000027
1.0,1.6000000000000005,1.0000000000000002,300.0,99.0,0.11500000000000021
1.0,1.6000000000000005,1.0000000000000002,350.0,0.0,0.0
1.0,1.6000000000000005,1.0000000000000002,400.0,0.0,0.0
1.0,1.6000000000000005,1.2000000000000002,50.0,99.0,1.3030000000000004
1.0,1.6000000000000005,1.2000000000000002,100.0,99.0,1.0060000000000004
1.0,1.6000000000000005,1.2000000000000002,150.0,99.0,0.7090000000000003
1.0,1.6000000000000005,1.2000000000000002,200.0,99.0,0.41200000000000037
1.0,1.6000000000000005,1.2000000000000002,250.0,99.0,0.11500000000000021
1.0,1.6000000000000005,1.2000000000000002,300.0,0.0,0.0
1.0,1.6000000000000005,1.2000000000000002,350.0,0.0,0.0
1.0,1.6000000000000005,1.2000000000000002,400.0,0.0,0.0
1.0,1.6000000000000005,1.4000000000000004,50.0,99.0,1.2535000000000005
1.0,1.6000000000000005,1.4000000000000004,100.0,99.0,0.9070000000000004
1.0,1.6000000000000005,1.4000000000000004,150.0,99.0,0.5605000000000002
1.0,1.6000000000000005,1.4000000000000004,200.0,99.0,0.2140000000000002
1.0,1.6000000000000005,1.4000000000000004,250.0,0.0,0.0
1.0,1.6000000000000005,1.4000000000000004,300.0,0.0,0.0
1.0,1.6000000000000005,1.4000000000000004,350.0,0.0,0.0
1.0,1.6000000000000005,1.4000000000000004,400.0,0.0,0.0
1.0,1.6000000000000005,1.6000000000000005,50.0,99.0,1.2040000000000004
1.0,1.6000000000000005,1.6000000000000005,100.0,99.0,0.8080000000000003
1.0,1.6000000000000005,1.6000000000000005,150.0,99.0,0.41200000000000014
1.0,1.6000000000000005,1.6000000000000005,200.0,99.0,0.016000000000000014
1.0,1.6000000000000005,1.6000000000000005,250.0,0.0,0.0
1.0,1.6000000000000005,1.6000000000000005,300.0,0.0,0.0
1.0,1.6000000000000005,1.6000000000000005,350.0,0.0,0.0
1.0,1.6000000000000005,1.6000000000000005,400.0,0.0,0.0
1.0,1.6000000000000005,1.8000000000000003,50.0,99.0,1.1545000000000005
1.0,1.6000000000000005,1.8000000000000003,100.0,99.0,0.7090000000000004
1.0,1.6000000000000005,1.8000000000000003,150.0,99.0,0.2635000000000003
1.0,1.6000000000000005,1.8000000000000003,200.0,0.0,0.0
1.0,1.6000000000000005,1.8000000000000003,250.0,0.0,0.0
1.0,1.6000000000000005,1.8000000000000003,300.0,0.0,0.0
1.0,1.6000000000000005,1.8000000000000003,350.0,0.0,0.0
1.0,1.6000000000000005,1.8000000000000003,400.0,0.0,0.0
1.0,1.6000000000000005,2.0000000000000004,50.0,99.0,1.1050000000000004
1.0,1.6000000000000005,2.0000000000000004,100.0,99.0,0.6100000000000003
1.0,1.6000000000000005,2.0000000000000004,150.0,99.0,0.11500000000000021
1.0,1.6000000000000005,2.0000000000000004,200.0,0.0,0.0
1.0,1.6000000000000005,2.0000000000000004,250.0,0.0,0.0
1.0,1.6000000000000005,2.0000000000000004,300.0,0.0,0.0
1.0,1.6000000000000005,2.0000000000000004,350.0,0.0,0.0
1.0,1.6000000000000005,2.0000000000000004,400.0,0.0,0.0
1.0,1.6000000000000005,2.2000000000000006,50.0,99.0,1.0555000000000003
1.0,1.6000000000000005,2.2000000000000006,100.0,99.0,0.5110000000000003
1.0,1.6000000000000005,2.2000000000000006,150.0,0.0,0.0
1.0,1.6000000000000005,2.2000000000000006,200.0,0.0,0.0
1.0,1.6000000000000005,2.2000000000000006,250.0,0.0,0.0
1.0,1.6000000000000005,2.2000000000000006,300.0,0.0,0.0
1.0,1.6000000000000005,2.2000000000000006,350.0,0.0,0.0
1.0,1.6000000000000005,2.2000000000000006,400.0,0.0,0.0
1.0,1.8000000000000003,0.4,50.0,99.0,1.7010000000000003
1.0,1.8000000000000003,0.4,100.0,99.0,1.6020000000000003
1.0,1.8000000000000003,0.4,150.0,99.0,1.5030000000000001
1.0,1.8000000000000003,0.4,200.0,99.0,1.4040000000000004
1.0,1.8000000000000003,0.4,250.0,99.0,1.3050000000000002
1.0,1.8000000000000003,0.4,300.0,99.0,1.2060000000000002
1.0,1.8000000000000003,0.4,350.0,99.0,1.1070000000000002
1.0,1.8000000000000003,0.4,400.0,99.0,1.0080000000000002
1.0,1.8000000000000003,0.6000000000000001,50.0,99.0,1.6515000000000002
1.0,1.8000000000000003,0.6000000000000001,100.0,99.0,1.5030000000000001
1.0,1.8000000000000003,0.6000000000000001,150.0,99.0,1.3545000000000003
1.0,1.8000000000000003,0.6000000000000001,200.0,99.0,1.2060000000000002
1.0,1.8000000000000003,0.6000000000000001,250.0,99.0,1.0575
1.0,1.8000000000000003,0.6000000000000001,300.0,99.0,0.909
1.0,1.8000000000000003,0.6000000000000001,350.0,99.0,0.7605000000000002
1.0,1.8000000000000003,0.6000000000000001,400.0,99.0,0.6120000000000001
1.0,1.8000000000000003,0.8000000000000002,50.0,99.0,1.6020000000000003
1.0,1.8000000000000003,0.8000000000000002,100.0,99.0,1.4040000000000001
1.0,1.8000000000000003,0.8000000000000002,150.0,99.0,1.206
1.0,1.8000000000000003,0.8000000000000002,200.0,99.0,1.008
1.0,1.8000000000000003,0.8000000000000002,250.0,99.0,0.81
1.0,1.8000000000000003,0.8000000000000002,300.0,99.0,0.6119999999999999
1.0,1.8000000000000003,0.8000000000000002,350.0,99.0,0.41400000000000015
1.0,1.8000000000000003,0.8000000000000002,400.0,99.0,0.21599999999999997
1.0,1.8000000000000003,1.0000000000000002,50.0,99.0,1.5525000000000002
1.0,1.8000000000000003,1.0000000000000002,100.0,99.0,1.3050000000000002
1.0,1.8000000000000003,1.0000000000000002,150.0,99.0,1.0575
1.0,1.8000000000000003,1.0000000000000002,200.0,99.0,0.81
1.0,1.8000000000000003,1.0000000000000002,250.0,99.0,0.5625
1.0,1.8000000000000003,1.0000000000000002,300.0,99.0,0.31499999999999995
1.0,1.8000000000000003,1.0000000000000002,350.0,99.0,0.0674999999999999
1.0,1.8000000000000003,1.0000000000000002,400.0,0.0,0.0
1.0,1.8000000000000003,1.2000000000000002,50.0,99.0,1.5030000000000001
1.0,1.8000000000000003,1.2000000000000002,100.0,99.0,1.2060000000000002
1.0,1.8000000000000003,1.2000000000000002,150.0,99.0,0.909
1.0,1.8000000000000003,1.2000000000000002,200.0,99.0,0.6120000000000001
1.0,1.8000000000000003,1.2000000000000002,250.0,99.0,0.31499999999999995
1.0,1.8000000000000003,1.2000000000000002,300.0,99.0,0.017999999999999794
1.0,1.8000000000000003,1.2000000000000002,350.0,0.0,0.0
1.0,1.8000000000000003,1.2000000000000002,400.0,0.0,0.0
1.0,1.8000000000000003,1.4000000000000004,50.0,99.0,1.4535000000000002
1.0,1.8000000000000003,1.4000000000000004,100.0,99.0,1.1070000000000002
1.0,1.8000000000000003,1.4000000000000004,150.0,99.0,0.7605
1.0,1.8000000000000003,1.4000000000000004,200.0,99.0,0.4139999999999999
1.0,1.8000000000000003,1.4000000000000004,250.0,99.0,0.06749999999999967
1.0,1.8000000000000003,1.4000000000000004,300.0,0.0,0.0
1.0,1.8000000000000003,1.4000000000000004,350.0,0.0,0.0
1.0,1.8000000000000003,1.4000000000000004,400.0,0.0,0.0
1.0,1.8000000000000003,1.6000000000000005,50.0,99.0,1.4040000000000001
1.0,1.8000000000000003,1.6000000000000005,100.0,99.0,1.008
1.0,1.8000000000000003,1.6000000000000005,150.0,99.0,0.6119999999999999
1.0,1.8000000000000003,1.6000000000000005,200.0,99.0,0.21599999999999975
1.0,1.8000000000000003,1.6000000000000005,250.0,0.0,0.0
1.0,1.8000000000000003,1.6000000000000005,300.0,0.0,0.0
1.0,1.8000000000000003,1.6000000000000005,350.0,0.0,0.0
1.0,1.8000000000000003,1.6000000000000005,400.0,0.0,0.0
1.0,1.8000000000000003,1.8000000000000003,50.0,99.0,1.3545000000000003
1.0,1.8000000000000003,1.8000000000000003,100.0,99.0,0.9090000000000001
1.0,1.8000000000000003,1.8000000000000003,150.0,99.0,0.4635
1.0,1.8000000000000003,1.8000000000000003,200.0,99.0,0.018000000000000016
1.0,1.8000000000000003,1.8000000000000003,250.0,0.0,0.0
1.0,1.8000000000000003,1.8000000000000003,300.0,0.0,0.0
1.0,1.8000000000000003,1.8000000000000003,350.0,0.0,0.0
1.0,1.8000000000000003,1.8000000000000003,400.0,0.0,0.0
1.0,1.8000000000000003,2.0000000000000004,50.0,99.0,1.3050000000000002
1.0,1.8000000000000003,2.0000000000000004,100.0,99.0,0.81
1.0,1.8000000000000003,2.0000000000000004,150.0,99.0,0.31499999999999995
1.0,1.8000000000000003,2.0000000000000004,200.0,0.0,0.0
1.0,1.8000000000000003,2.0000000000000004,250.0,0.0,0.0
1.0,1.8000000000000003,2.0000000000000004,300.0,0.0,0.0
1.0,1.8000000000000003,2.0000000000000004,350.0,0.0,0.0
1.0,1.8000000000000003,2.0000000000000004,400.0,0.0,0.0
1.0,1.8000000000000003,2.2000000000000006,50.0,99.0,1.2555
1.0,1.8000000000000003,2.2000000000000006,100.0,99.0,0.7110000000000001
1.0,1.8000000000000003,2.2000000000000006,150.0,99.0,0.16649999999999965
1.0,1.8000000000000003,2.2000000000000006,200.0,0.0,0.0
1.0,1.8000000000000003,2.2000000000000006,250.0,0.0,0.0
1.0,1.8000000000000003,2.2000000000000006,300.0,0.0,0.0
1.0,1.8000000000000003,2.2000000000000006,350.0,0.0,0.0
1.0,1.8000000000000003,2.2000000000000006,400.0,0.0,0.0
1.0,2.0000000000000004,0.4,50.0,99.0,1.9010000000000005
1.0,2.0000000000000004,0.4,100.0,99.0,1.8020000000000005
1.0,2.0000000000000004,0.4,150.0,99.0,1.7030000000000003
1.0,2.0000000000000004,0.4,200.0,99.0,1.6040000000000005
1.0,2.0000000000000004,0.4,250.0,99.0,1.5050000000000003
1.0,2.0000000000000004,0.4,300.0,99.0,1.4060000000000004
1.0,2.0000000000000004,0.4,350.0,99.0,1.3070000000000004
1.0,2.0000000000000004,0.4,400.0,99.0,1.2080000000000004
1.0,2.0000000000000004,0.6000000000000001,50.0,99.0,1.8515000000000004
1.0,2.0000000000000004,0.6000000000000001,100.0,99.0,1.7030000000000003
1.0,2.0000000000000004,0.6000000000000001,150.0,99.0,1.5545000000000004
1.0,2.0000000000000004,0.6000000000000001,200.0,99.0,1.4060000000000004
1.0,2.0000000000000004,0.6000000000000001,250.0,99.0,1.2575000000000003
1.0,2.0000000000000004,0.6000000000000001,300.0,99.0,1.1090000000000002
1.0,2.0000000000000004,0.6000000000000001,350.0,99.0,0.9605000000000004
1.0,2.0000000000000004,0.6000000000000001,400.0,99.0,0.8120000000000003
1.0,2.0000000000000004,0.8000000000000002,50.0,99.0,1.8020000000000005
1.0,2.0000000000000004,0.8000000000000002,100.0,99.0,1.6040000000000003
1.0,2.0000000000000004,0.8000000000000002,150.0,99.0,1.4060000000000001
1.0,2.0000000000000004,0.8000000000000002,200.0,99.0,1.2080000000000002
1.0,2.0000000000000004,0.8000000000000002,250.0,99.0,1.0100000000000002
1.0,2.0000000000000004,0.8000000000000002,300.0,99.0,0.812
1.0,2.0000000000000004,0.8000000000000002,350.0,99.0,0.6140000000000003
1.0,2.0000000000000004,0.8000000000000002,400.0,99.0,0.41600000000000015
1.0,2.0000000000000004,1.0000000000000002,50.0,99.0,1.7525000000000004
1.0,2.0000000000000004,1.0000000000000002,100.0,99.0,1.5050000000000003
1.0,2.0000000000000004,1.0000000000000002,150.0,99.0,1.2575000000000003
1.0,2.0000000000000004,1.0000000000000002,200.0,99.0,1.0100000000000002
1.0,2.0000000000000004,1.0000000000000002,250.0,99.0,0.7625000000000002
1.0,2.0000000000000004,1.0000000000000002,300.0,99.0,0.5150000000000001
1.0,2.0000000000000004,1.0000000000000002,350.0,99.0,0.26750000000000007
1.0,2.0000000000000004,1.0000000000000002,400.0,99.0,0.020000000000000018
1.0,2.0000000000000004,1.2000000000000002,50.0,99.0,1.7030000000000003
1.0,2.0000000000000004,1.2000000000000002,100.0,99.0,1.4060000000000004
1.0,2.0000000000000004,1.2000000000000002,150.0,99.0,1.1090000000000002
1.0,2.0000000000000004,1.2000000000000002,200.0,99.0,0.8120000000000003
1.0,2.0000000000000004,1.2000000000000002,250.0,99.0,0.5150000000000001
1.0,2.0000000000000004,1.2000000000000002,300.0,99.0,0.21799999999999997
1.0,2.0000000000000004,1.2000000000000002,350.0,0.0,0.0
1.0,2.0000000000000004,1.2000000000000002,400.0,0.0,0.0
1.0,2.0000000000000004,1.4000000000000004,50.0,99.0,1.6535000000000004
1.0,2.0000000000000004,1.4000000000000004,100.0,99.0,1.3070000000000004
1.0,2.0000000000000004,1.4000000000000004,150.0,99.0,0.9605000000000001
1.0,2.0000000000000004,1.4000000000000004,200.0,99.0,0.6140000000000001
1.0,2.0000000000000004,1.4000000000000004,250.0,99.0,0.26749999999999985
1.0,2.0000000000000004,1.4000000000000004,300.0,0.0,0.0
1.0,2.0000000000000004,1.4000000000000004,350.0,0.0,0.0
1.0,2.0000000000000004,1.4000000000000004,400.0,0.0,0.0
1.0,2.0000000000000004,1.6000000000000005,50.0,99.0,1.6040000000000003
1.0,2.0000000000000004,1.6000000000000005,100.0,99.0,1.2080000000000002
1.0,2.0000000000000004,1.6000000000000005,150.0,99.0,0.812
1.0,2.0000000000000004,1.6000000000000005,200.0,99.0,0.4159999999999999
1.0,2.0000000000000004,1.6000000000000005,250.0,99.0,0.019999999999999796
1.0,2.0000000000000004,1.6000000000000005,300.0,0.0,0.0
1.0,2.0000000000000004,1.6000000000000005,350.0,0.0,0.0
1.0,2.0000000000000004,1.6000000000000005,400.0,0.0,0.0
1.0,2.0000000000000004,1.8000000000000003,50.0,99.0,1.5545000000000004
1.0,2.0000000000000004,1.8000000000000003,100.0,99.0,1.1090000000000004
1.0,2.0000000000000004,1.8000000000000003,150.0,99.0,0.6635000000000002
1.0,2.0000000000000004,1.8000000000000003,200.0,99.0,0.2180000000000002
1.0,2.0000000000000004,1.8000000000000003,250.0,0.0,0.0
1.0,2.0000000000000004,1.8000000000000003,300.0,0.0,0.0
1.0,2.0000000000000004,1.8000000000000003,350.0,0.0,0.0
1.0,2.0000000000000004,1.8000000000000003,400.0,0.0,0.0
1.0,2.0000000000000004,2.0000000000000004,50.0,99.0,1.5050000000000003
1.0,2.0000000000000004,2.0000000000000004,100.0,99.0,1.0100000000000002
1.0,2.0000000000000004,2.0000000000000004,150.0,99.0,0.5150000000000001
1.0,2.0000000000000004,2.0000000000000004,200.0,99.0,0.020000000000000018
1.0,2.0000000000000004,2.0000000000000004,250.0,0.0,0.0
1.0,2.0000000000000004,2.0000000000000004,300.0,0.0,0.0
1.0,2.0000000000000004,2.0000000000000004,350.0,0.0,0.0
1.0,2.0000000000000004,2.0000000000000004,400.0,0.0,0.0
1.0,2.0000000000000004,2.2000000000000006,50.0,99.0,1.4555000000000002
1.0,2.0000000000000004,2.2000000000000006,100.0,99.0,0.9110000000000003
1.0,2.0000000000000004,2.2000000000000006,150.0,99.0,0.3664999999999998
1.0,2.0000000000000004,2.2000000000000006,200.0,0.0,0.0
1.0,2.0000000000000004,2.2000000000000006,250.0,0.0,0.0
1.0,2.0000000000000004,2.2000000000000006,300.0,0.0,0.0
1.0,2.0000000000000004,2.2000000000000006,350.0,0.0,0.0
1.0,2.0000000000000004,2.2000000000000006,400.0,0.0,0.0
1.0,2.2000000000000006,0.4,50.0,99.0,2.1010000000000004
1.0,2.2000000000000006,0.4,100.0,99.0,2.0020000000000007
1.0,2.2000000000000006,0.4,150.0,99.0,1.9030000000000005
1.0,2.2000000000000006,0.4,200.0,99.0,1.8040000000000007
1.0,2.2000000000000006,0.4,250.0,99.0,1.7050000000000005
1.0,2.2000000000000006,0.4,300.0,99.0,1.6060000000000005
1.0,2.2000000000000006,0.4,350.0,99.0,1.5070000000000006
1.0,2.2000000000000006,0.4,400.0,99.0,1.4080000000000006
1.0,2.2000000000000006,0.6000000000000001,50.0,99.0,2.0515000000000008
1.0,2.2000000000000006,0.6000000000000001,100.0,99.0,1.9030000000000005
1.0,2.2000000000000006,0.6000000000000001,150.0,99.0,1.7545000000000006
1.0,2.2000000000000006,0.6000000000000001,200.0,99.0,1.6060000000000005
1.0,2.2000000000000006,0.6000000000000001,250.0,99.0,1.4575000000000005
1.0,2.2000000000000006,0.6000000000000001,300.0,99.0,1.3090000000000004
1.0,2.2000000000000006,0.6000000000000001,350.0,99.0,1.1605000000000005
1.0,2.2000000000000006,0.6000000000000001,400.0,99.0,1.0120000000000005
1.0,2.2000000000000006,0.8000000000000002,50.0,99.0,2.0020000000000007
1.0,2.2000000000000006,0.8000000000000002,100.0,99.0,1.8040000000000005
1.0,2.2000000000000006,0.8000000000000002,150.0,99.0,1.6060000000000003
1.0,2.2000000000000006,0.8000000000000002,200.0,99.0,1.4080000000000004
1.0,2.2000000000000006,0.8000000000000002,250.0,99.0,1.2100000000000004
1.0,2.2000000000000006,0.8000000000000002,300.0,99.0,1.0120000000000002
1.0,2.2000000000000006,0.8000000000000002,350.0,99.0,0.8140000000000005
1.0,2.2000000000000006,0.8000000000000002,400.0,99.0,0.6160000000000003
1.0,2.2000000000000006,1.0000000000000002,50.0,99.0,1.9525000000000006
1.0,2.2000000000000006,1.0000000000000002,100.0,99.0,1.7050000000000005
1.0,2.2000000000000006,1.0000000000000002,150.0,99.0,1.4575000000000005
1.0,2.2000000000000006,1.0000000000000002,200.0,99.0,1.2100000000000004
1.0,2.2000000000000006,1.0000000000000002,250.0,99.0,0.9625000000000004
1.0,2.2000000000000006,1.0000000000000002,300.0,99.0,0.7150000000000003
1.0,2.2000000000000006,1.0000000000000002,350.0,99.0,0.46750000000000025
1.0,2.2000000000000006,1.0000000000000002,400.0,99.0,0.2200000000000002
1.0,2.2000000000000006,1.2000000000000002,50.0,99.0,1.9030000000000005
1.0,2.2000000000000006,1.2000000000000002,100.0,99.0,1.6060000000000005
1.0,2.2000000000000006,1.2000000000000002,150.0,99.0,1.3090000000000004
1.0,2.2000000000000006,1.2000000000000002,200.0,99.0,1.0120000000000005
1.0,2.2000000000000006,1.2000000000000002,250.0,99.0,0.7150000000000003
1.0,2.2000000000000006,1.2000000000000002,300.0,99.0,0.41800000000000015
1.0,2.2000000000000006,1.2000000000000002,350.0,99.0,0.12100000000000044
1.0,2.2000000000000006,1.2000000000000002,400.0,0.0,0.0
1.0,2.2000000000000006,1.4000000000000004,50.0,99.0,1.8535000000000006
1.0,2.2000000000000006,1.4000000000000004,100.0,99.0,1.5070000000000006
1.0,2.2000000000000006,1.4000000000000004,150.0,99.0,1.1605000000000003
1.0,2.2000000000000006,1.4000000000000004,200.0,99.0,0.8140000000000003
1.0,2.2000000000000006,1.4000000000000004,250.0,99.0,0.4675
1.0,2.2000000000000006,1.4000000000000004,300.0,99.0,0.121
1.0,2.2000000000000006,1.4000000000000004,350.0,0.0,0.0
1.0,2.2000000000000006,1.4000000000000004,400.0,0.0,0.0
1.0,2.2000000000000006,1.6000000000000005,50.0,99.0,1.8040000000000005
1.0,2.2000000000000006,1.6000000000000005,100.0,99.0,1.4080000000000004
1.0,2.2000000000000006,1.6000000000000005,150.0,99.0,1.0120000000000002
1.0,2.2000000000000006,1.6000000000000005,200.0,99.0,0.6160000000000001
1.0,2.2000000000000006,1.6000000000000005,250.0,99.0,0.21999999999999997
1.0,2.2000000000000006,1.6000000000000005,300.0,0.0,0.0
1.0,2.2000000000000006,1.6000000000000005,350.0,0.0,0.0
1.0,2.2000000000000006,1.6000000000000005,400.0,0.0,0.0
1.0,2.2000000000000006,1.8000000000000003,50.0,99.0,1.7545000000000006
1.0,2.2000000000000006,1.8000000000000003,100.0,99.0,1.3090000000000006
1.0,2.2000000000000006,1.8000000000000003,150.0,99.0,0.8635000000000004
1.0,2.2000000000000006,1.8000000000000003,200.0,99.0,0.41800000000000037
1.0,2.2000000000000006,1.8000000000000003,250.0,0.0,0.0
1.0,2.2000000000000006,1.8000000000000003,300.0,0.0,0.0
1.0,2.2000000000000006,1.8000000000000003,350.0,0.0,0.0
1.0,2.2000000000000006,1.8000000000000003,400.0,0.0,0.0
1.0,2.2000000000000006,2.0000000000000004,50.0,99.0,1.7050000000000005
1.0,2.2000000000000006,2.0000000000000004,100.0,99.0,1.2100000000000004
1.0,2.2000000000000006,2.0000000000000004,150.0,99.0,0.7150000000000003
1.0,2.2000000000000006,2.0000000000000004,200.0,99.0,0.2200000000000002
1.0,2.2000000000000006,2.0000000000000004,250.0,0.0,0.0
1.0,2.2000000000000006,2.0000000000000004,300.0,0.0,0.0
1.0,2.2000000000000006,2.0000000000000004,350.0,0.0,0.0
1.0,2.2000000000000006,2.0000000000000004,400.0,0.0,0.0
1.0,2.2000000000000006,2.2000000000000006,50.0,99.0,1.6555000000000004
1.0,2.2000000000000006,2.2000000000000006,100.0,99.0,1.1110000000000004
1.0,2.2000000000000006,2.2000000000000006,150.0,99.0,0.5665
1.0,2.2000000000000006,2.2000000000000006,200.0,99.0,0.02200000000000024
1.0,2.2000000000000006,2.2000000000000006,250.0,0.0,0.0
1.0,2.2000000000000006,2.2000000000000006,300.0,0.0,0.0
1.0,2.2000000000000006,2.2000000000000006,350.0,0.0,0.0
1.0,2.2000000000000006,2.2000000000000006,400.0,0.0,0.0
1.25,0.4,0.4,50.0,99.0,0.3012484335765656
1.25,0.4,0.4,100.0,99.0,0.20249686715313114
1.25,0.4,0.4,150.0,99.0,0.10374530072969668
1.25,0.4,0.4,200.0,99.0,0.004993734306262265
1.25,0.4,0.4,250.0,0.0,0.0
1.25,0.4,0.4,300.0,0.0,0.0
1.25,0.4,0.4,350.0,0.0,0.0
1.25,0.4,0.4,400.0,0.0,0.0
1.25,0.4,0.6000000000000001,50.0,99.0,0.25187265036484835
1.25,0.4,0.6000000000000001,100.0,99.0,0.10374530072969668
1.25,0.4,0.6000000000000001,150.0,0.0,0.0
1.25,0.4,0.6000000000000001,200.0,0.0,0.0
1.25,0.4,0.6000000000000001,250.0,0.0,0.0
1.25,0.4,0.6000000000000001,300.0,0.0,0.0
1.25,0.4,0.6000000000000001,350.0,0.0,0.0
1.25,0.4,0.6000000000000001,400.0,0.0,0.0
1.25,0.4,0.8000000000000002,50.0,99.0,0.20249686715313112
1.25,0.4,0.8000000000000002,100.0,99.0,0.00499373430626221
1.25,0.4,0.8000000000000002,150.0,0.0,0.0
1.25,0.4,0.8000000000000002,200.0,0.0,0.0
1.25,0.4,0.8000000000000002,250.0,0.0,0.0
1.25,0.4,0.8000000000000002,300.0,0.0,0.0
1.25,0.4,0.8000000000000002,350.0,0.0,0.0
1.25,0.4,0.8000000000000002,400.0,0.0,0.0
1.25,0.4,1.0000000000000002,50.0,99.0,0.15312108394141388
1.25,0.4,1.0000000000000002,100.0,0.0,0.0
1.25,0.4,1.0000000000000002,150.0,0.0,0.0
1.25,0.4,1.0000000000000002,200.0,0.0,0.0
1.25,0.4,1.0000000000000002,250.0,0.0,0.0
1.25,0.4,1.0000000000000002,300.0,0.0,0.0
1.25,0.4,1.0000000000000002,350.0,0.0,0.0
1.25,0.4,1.0000000000000002,400.0,0.0,0.0
1.25,0.4,1.2000000000000002,50.0,99.0,0.10374530072969668
1.25,0.4,1.2000000000000002,100.0,0.0,0.0
1.25,0.4,1.2000000000000002,150.0,0.0,0.0
1.25,0.4,1.2000000000000002,200.0,0.0,0.0
1.25,0.4,1.2000000000000002,250.0,0.0,0.0
1.25,0.4,1.2000000000000002,300.0,0.0,0.0
1.25,0.4,1.2000000000000002,350.0,0.0,0.0
1.25,0.4,1.2000000000000002,400.0,0.0,0.0
1.25,0.4,1.4000000000000004,50.0,99.0,0.054369517517979415
1.25,0.4,1.4000000000000004,100.0,0.0,0.0
1.25,0.4,1.4000000000000004,150.0,0.0,0.0
1.25,0.4,1.4000000000000004,200.0,0.0,0.0
1.25,0.4,1.4000000000000004,250.0,0.0,0.0
1.25,0.4,1.4000000000000004,300.0,0.0,0.0
1.25,0.4,1.4000000000000004,350.0,0.0,0.0
1.25,0.4,1.4000000000000004,400.0,0.0,0.0
1.25,0.4,1.6000000000000005,50.0,99.0,0.004993734306262154
1.25,0.4,1.6000000000000005,100.0,0.0,0.0
1.25,0.4,1.6000000000000005,150.0,0.0,0.0
1.25,0.4,1.6000000000000005,200.0,0.0,0.0
1.25,0.4,1.6000000000000005,250.0,0.0,0.0
1.25,0.4,1.6000000000000005,300.0,0.0,0.0
1.25,0.4,1.6000000000000005,350.0,0.0,0.0
1.25,0.4,1.6000000000000005,400.0,0.0,0.0
1.25,0.4,1.8000000000000003,50.0,0.0,0.0
1.25,0.4,1.8000000000000003,100.0,0.0,0.0
1.25,0.4,1.8000000000000003,150.0,0.0,0.0
1.25,0.4,1.8000000000000003,200.0,0.0,0.0
1.25,0.4,1.8000000000000003,250.0,0.0,0.0
1.25,0.4,1.8000000000000003,300.0,0.0,0.0
1.25,0.4,1.8000000000000003,350.0,0.0,0.0
1.25,0.4,1.8000000000000003,400.0,0.0,0.0
1.25,0.4,2.0000000000000004,50.0,0.0,0.0
1.25,0.4,2.0000000000000004,100.0,0.0,0.0
1.25,0.4,2.0000000000000004,150.0,0.0,0.0
1.25,0.4,2.0000000000000004,200.0,0.0,0.0
1.25,0.4,2.0000000000000004,250.0,0.0,0.0
1.25,0.4,2.0000000000000004,300.0,0.0,0.0
1.25,0.4,2.0000000000000004,350.0,0.0,0.0
1.25,0.4,2.0000000000000004,400.0,0.0,0.0
1.25,0.4,2.2000000000000006,50.0,0.0,0.0
1.25,0.4,2.2000000000000006,100.0,0.0,0.0
1.25,0.4,2.2000000000000006,150.0,0.0,0.0
1.25,0.4,2.2000000000000006,200.0,0.0,0.0
1.25,0.4,2.2000000000000006,250.0,0.0,0.0
1.25,0.4,2.2000000000000006,300.0,0.0,0.0
1.25,0.4,2.2000000000000006,350.0,0.0,0.0
1.25,0.4,2.2000000000000006,400.0,0.0,0.0
1.25,0.6000000000000001,0.4,50.0,99.0,0.5012484335765657
1.25,0.6000000000000001,0.4,100.0,99.0,0.4024968671531312
1.25,0.6000000000000001,0.4,150.0,99.0,0.30374530072969674
1.25,0.6000000000000001,0.4,200.0,99.0,0.20499373430626233
1.25,0.6000000000000001,0.4,250.0,99.0,0.10624216788282781
1.25,0.6000000000000001,0.4,300.0,99.0,0.007490601459393398
1.25,0.6000000000000001,0.4,350.0,0.0,0.0
1.25,0.6000000000000001,0.4,400.0,0.0,0.0
1.25,0.6000000000000001,0.6000000000000001,50.0,99.0,0.4518726503648484
1.25,0.6000000000000001,0.6000000000000001,100.0,99.0,0.30374530072969674
1.25,0.6000000000000001,0.6000000000000001,150.0,99.0,0.15561795109454502
1.25,0.6000000000000001,0.6000000000000001,200.0,99.0,0.007490601459393398
1.25,0.6000000000000001,0.6000000000000001,250.0,0.0,0.0
1.25,0.6000000000000001,0.6000000000000001,300.0,0.0,0.0
1.25,0.6000000000000001,0.6000000000000001,350.0,0.0,0.0
1.25,0.6000000000000001,0.6000000000000001,400.0,0.0,0.0
1.25,0.6000000000000001,0.8000000000000002,50.0,99.0,0.40249686715313115
1.25,0.6000000000000001,0.8000000000000002,100.0,99.0,0.20499373430626228
1.25,0.6000000000000001,0.8000000000000002,150.0,99.0,0.007490601459393287
1.25,0.6000000000000001,0.8000000000000002,200.0,0.0,0.0
1.25,0.6000000000000001,0.8000000000000002,250.0,0.0,0.0
1.25,0.6000000000000001,0.8000000000000002,300.0,0.0,0.0
1.25,0.6000000000000001,0.8000000000000002,350.0,0.0,0.0
1.25,0.6000000000000001,0.8000000000000002,400.0,0.0,0.0
1.25,0.6000000000000001,1.0000000000000002,50.0,99.0,0.35312108394141395
1.25,0.6000000000000001,1.0000000000000002,100.0,99.0,0.10624216788282781
1.25,0.6000000000000001,1.0000000000000002,150.0,0.0,0.0
1.25,0.6000000000000001,1.0000000000000002,200.0,0.0,0.0
1.25,0.6000000000000001,1.0000000000000002,250.0,0.0,0.0
1.25,0.6000000000000001,1.0000000000000002,300.0,0.0,0.0
1.25,0.6000000000000001,1.0000000000000002,350.0,0.0,0.0
1.25,0.6000000000000001,1.0000000000000002,400.0,0.0,0.0
1.25,0.6000000000000001,1.2000000000000002,50.0,99.0,0.30374530072969674
1.25,0.6000000000000001,1.2000000000000002,100.0,99.0,0.007490601459393398
1.25,0.6000000000000001,1.2000000000000002,150.0,0.0,0.0
1.25,0.6000000000000001,1.2000000000000002,200.0,0.0,0.0
1.25,0.6000000000000001,1.2000000000000002,250.0,0.0,0.0
1.25,0.6000000000000001,1.2000000000000002,300.0,0.0,0.0
1.25,0.6000000000000001,1.2000000000000002,350.0,0.0,0.0
1.25,0.6000000000000001,1.2000000000000002,400.0,0.0,0.0
1.25,0.6000000000000001,1.4000000000000004,50.0,99.0,0.2543695175179795
1.25,0.6000000000000001,1.4000000000000004,100.0,0.0,0.0
1.25,0.6000000000000001,1.4000000000000004,150.0,0.0,0.0
1.25,0.6000000000000001,1.4000000000000004,200.0,0.0,0.0
1.25,0.6000000000000001,1.4000000000000004,250.0,0.0,0.0
1.25,0.6000000000000001,1.4000000000000004,300.0,0.0,0.0
1.25,0.6000000000000001,1.4000000000000004,350.0,0.0,0.0
1.25,0.6000000000000001,1.4000000000000004,400.0,0.0,0.0
1.25,0.6000000000000001,1.6000000000000005,50.0,99.0,0.20499373430626222
1.25,0.6000000000000001,1.6000000000000005,100.0,0.0,0.0
1.25,0.6000000000000001,1.6000000000000005,150.0,0.0,0.0
1.25,0.6000000000000001,1.6000000000000005,200.0,0.0,0.0
1.25,0.6000000000000001,1.6000000000000005,250.0,0.0,0.0
1.25,0.6000000000000001,1.6000000000000005,300.0,0.0,0.0
1.25,0.6000000000000001,1.6000000000000005,350.0,0.0,0.0
1.25,0.6000000000000001,1.6000000000000005,400.0,0.0,0.0
1.25,0.6000000000000001,1.8000000000000003,50.0,99.0,0.15561795109454507
1.25,0.6000000000000001,1.8000000000000003,100.0,0.0,0.0
1.25,0.6000000000000001,1.8000000000000003,150.0,0.0,0.0
1.25,0.6000000000000001,1.8000000000000003,200.0,0.0,0.0
1.25,0.6000000000000001,1.8000000000000003,250.0,0.0,0.0
1.25,0.6000000000000001,1.8000000000000003,300.0,0.0,0.0
1.25,0.6000000000000001,1.8000000000000003,350.0,0.0,0.0
1.25,0.6000000000000001,1.8000000000000003,400.0,0.0,0.0
1.25,0.6000000000000001,2.0000000000000004,50.0,99.0,0.10624216788282781
1.25,0.6000000000000001,2.0000000000000004,100.0,0.0,0.0
1.25,0.6000000000000001,2.0000000000000004,150.0,0.0,0.0
1.25,0.6000000000000001,2.0000000000000004,200.0,0.0,0.0
1.25,0.6000000000000001,2.0000000000000004,250.0,0.0,0.0
1.25,0.6000000000000001,2.0000000000000004,300.0,0.0,0.0
1.25,0.6000000000000001,2.0000000000000004,350.0,0.0,0.0
1.25,0.6000000000000001,2.0000000000000004,400.0,0.0,0.0
1.25,0.6000000000000001,2.2000000000000006,50.0,99.0,0.056866384671110604
1.25,0.6000000000000001,2.2000000000000006,100.0,0.0,0.0
1.25,0.6000000000000001,2.2000000000000006,150.0,0.0,0.0
1.25,0.6000000000000001,2.2000000000000006,200.0,0.0,0.0
1.25,0.6000000000000001,2.2000000000000006,250.0,0.0,0.0
1.25,0.6000000000000001,2.2000000000000006,300.0,0.0,0.0
1.25,0.6000000000000001,2.2000000000000006,350.0,0.0,0.0
1.25,0.6000000000000001,2.2000000000000006,400.0,0.0,0.0
1.25,0.8000000000000002,0.4,50.0,99.0,0.7012484335765657
1.25,0.8000000000000002,0.4,100.0,99.0,0.6024968671531312
1.25,0.8000000000000002,0.4,150.0,99.0,0.5037453007296968
1.25,0.8000000000000002,0.4,200.0,99.0,0.4049937343062624
1.25,0.8000000000000002,0.4,250.0,99.0,0.3062421678828279
1.25,0.8000000000000002,0.4,300.0,99.0,0.20749060145939346
1.25,0.8000000000000002,0.4,350.0,99.0,0.10873903503595905
1.25,0.8000000000000002,0.4,400.0,99.0,0.009987468612524641
1.25,0.8000000000000002,0.6000000000000001,50.0,99.0,0.6518726503648484
1.25,0.8000000000000002,0.6000000000000001,100.0,99.0,0.5037453007296968
1.25,0.8000000000000002,0.6000000000000001,150.0,99.0,0.3556179510945451
1.25,0.8000000000000002,0.6000000000000001,200.0,99.0,0.20749060145939346
1.25,0.8000000000000002,0.6000000000000001,250.0,99.0,0.059363251824241736
1.25,0.8000000000000002,0.6000000000000001,300.0,0.0,0.0
1.25,0.8000000000000002,0.6000000000000001,350.0,0.0,0.0
1.25,0.8000000000000002,0.6000000000000001,400.0,0.0,0.0
1.25,0.8000000000000002,0.8000000000000002,50.0,99.0,0.6024968671531312
1.25,0.8000000000000002,0.8000000000000002,100.0,99.0,0.40499373430626234
1.25,0.8000000000000002,0.8000000000000002,150.0,99.0,0.20749060145939335
1.25,0.8000000000000002,0.8000000000000002,200.0,99.0,0.00998746861252453
1.25,0.8000000000000002,0.8000000000000002,250.0,0.0,0.0
1.25,0.8000000000000002,0.8000000000000002,300.0,0.0,0.0
1.25,0.8000000000000002,0.8000000000000002,350.0,0.0,0.0
1.25,0.8000000000000002,0.8000000000000002,400.0,0.0,0.0
1.25,0.8000000000000002,1.0000000000000002,50.0,99.0,0.553121083941414
1.25,0.8000000000000002,1.0000000000000002,100.0,99.0,0.3062421678828279
1.25,0.8000000000000002,1.0000000000000002,150.0,99.0,0.059363251824241736
1.25,0.8000000000000002,1.0000000000000002,200.0,0.0,0.0
1.25,0.8000000000000002,1.0000000000000002,250.0,0.0,0.0
1.25,0.8000000000000002,1.0000000000000002,300.0,0.0,0.0
1.25,0.8000000000000002,1.0000000000000002,350.0,0.0,0.0
1.25,0.8000000000000002,1.0000000000000002,400.0,0.0,0.0
1.25,0.8000000000000002,1.2000000000000002,50.0,99.0,0.5037453007296968
1.25,0.8000000000000002,1.2000000000000002,100.0,99.0,0.20749060145939346
1.25,0.8000000000000002,1.2000000000000002,150.0,0.0,0.0
1.25,0.8000000000000002,1.2000000000000002,200.0,0.0,0.0
1.25,0.8000000000000002,1.2000000000000002,250.0,0.0,0.0
1.25,0.8000000000000002,1.2000000000000002,300.0,0.0,0.0
1.25,0.8000000000000002,1.2000000000000002,350.0,0.0,0.0
1.25,0.8000000000000002,1.2000000000000002,400.0,0.0,0.0
1.25,0.8000000000000002,1.4000000000000004,50.0,99.0,0.45436951751797955
1.25,0.8000000000000002,1.4000000000000004,100.0,99.0,0.10873903503595894
1.25,0.8000000000000002,1.4000000000000004,150.0,0.0,0.0
1.25,0.8000000000000002,1.4000000000000004,200.0,0.0,0.0
1.25,0.8000000000000002,1.4000000000000004,250.0,0.0,0.0
1.25,0.8000000000000002,1.4000000000000004,300.0,0.0,0.0
1.25,0.8000000000000002,1.4000000000000004,350.0,0.0,0.0
1.25,0.8000000000000002,1.4000000000000004,400.0,0.0,0.0
1.25,0.8000000000000002,1.6000000000000005,50.0,99.0,0.4049937343062623
1.25,0.8000000000000002,1.6000000000000005,100.0,99.0,0.00998746861252442
1.25,0.8000000000000002,1.6000000000000005,150.0,0.0,0.0
1.25,0.8000000000000002,1.6000000000000005,200.0,0.0,0.0
1.25,0.8000000000000002,1.6000000000000005,250.0,0.0,0.0
1.25,0.8000000000000002,1.6000000000000005,300.0,0.0,0.0
1.25,0.8000000000000002,1.6000000000000005,350.0,0.0,0.0
1.25,0.8000000000000002,1.6000000000000005,400.0,0.0,0.0
1.25,0.8000000000000002,1.8000000000000003,50.0,99.0,0.35561795109454514
1.25,0.8000000000000002,1.8000000000000003,100.0,0.0,0.0
1.25,0.8000000000000002,1.8000000000000003,150.0,0.0,0.0
1.25,0.8000000000000002,1.8000000000000003,200.0,0.0,0.0
1.25,0.8000000000000002,1.8000000000000003,250.0,0.0,0.0
1.25,0.8000000000000002,1.8000000000000003,300.0,0.0,0.0
1.25,0.8000000000000002,1.8000000000000003,350.0,0.0,0.0
1.25,0.8000000000000002,1.8000000000000003,400.0,0.0,0.0
1.25,0.8000000000000002,2.0000000000000004,50.0,99.0,0.3062421678828279
1.25,0.8000000000000002,2.0000000000000004,100.0,0.0,0.0
1.25,0.8000000000000002,2.0000000000000004,150.0,0.0,0.0
1.25,0.8000000000000002,2.0000000000000004,200.0,0.0,0.0
1.25,0.8000000000000002,2.0000000000000004,250.0,0.0,0.0
1.25,0.8000000000000002,2.0000000000000004,300.0,0.0,0.0
1.25,0.8000000000000002,2.0000000000000004,350.0,0.0,0.0
1.25,0.8000000000000002,2.0000000000000004,400.0,0.0,0.0
1.25,0.8000000000000002,2.2000000000000006,50.0,99.0,0.25686638467111067
1.25,0.8000000000000002,2.2000000000000006,100.0,0.0,0.0
1.25,0.8000000000000002,2.2000000000000006,150.0,0.0,0.0
1.25,0.8000000000000002,2.2000000000000006,200.0,0.0,0.0
1.25,0.8000000000000002,2.2000000000000006,250.0,0.0,0.0
1.25,0.8000000000000002,2.2000000000000006,300.0,0.0,0.0
1.25,0.8000000000000002,2.2000000000000006,350.0,0.0,0.0
1.25,0.8000000000000002,2.2000000000000006,400.0,0.0,0.0
1.25,1.0000000000000002,0.4,50.0,99.0,0.9012484335765658
1.25,1.0000000000000002,0.4,100.0,99.0,0.8024968671531314
1.25,1.0000000000000002,0.4,150.0,99.0,0.7037453007296969
1.25,1.0000000000000002,0.4,200.0,99.0,0.6049937343062625
1.25,1.0000000000000002,0.4,250.0,99.0,0.5062421678828279
1.25,1.0000000000000002,0.4,300.0,99.0,0.40749060145939353
1.25,1.0000000000000002,0.4,350.0,99.0,0.3087390350359591
1.25,1.0000000000000002,0.4,400.0,99.0,0.2099874686125247
1.25,1.0000000000000002,0.6000000000000001,50.0,99.0,0.8518726503648486
1.25,1.0000000000000002,0.6000000000000001,100.0,99.0,0.7037453007296969
1.25,1.0000000000000002,0.6000000000000001,150.0,99.0,0.5556179510945451
1.25,1.0000000000000002,0.6000000000000001,200.0,99.0,0.40749060145939353
1.25,1.0000000000000002,0.6000000000000001,250.0,99.0,0.2593632518242418
1.25,1.0000000000000002,0.6000000000000001,300.0,99.0,0.11123590218909007
1.25,1.0000000000000002,0.6000000000000001,350.0,0.0,0.0
1.25,1.0000000000000002,0.6000000000000001,400.0,0.0,0.0
1.25,1.0000000000000002,0.8000000000000002,50.0,99.0,0.8024968671531313
1.25,1.0000000000000002,0.8000000000000002,100.0,99.0,0.6049937343062624
1.25,1.0000000000000002,0.8000000000000002,150.0,99.0,0.4074906014593934
1.25,1.0000000000000002,0.8000000000000002,200.0,99.0,0.2099874686125246
1.25,1.0000000000000002,0.8000000000000002,250.0,99.0,0.012484335765655552
1.25,1.0000000000000002,0.8000000000000002,300.0,0.0,0.0
1.25,1.0000000000000002,0.8000000000000002,350.0,0.0,0.0
1.25,1.0000000000000002,0.8000000000000002,400.0,0.0,0.0
1.25,1.0000000000000002,1.0000000000000002,50.0,99.0,0.7531210839414141
1.25,1.0000000000000002,1.0000000000000002,100.0,99.0,0.5062421678828279
1.25,1.0000000000000002,1.0000000000000002,150.0,99.0,0.2593632518242418
1.25,1.0000000000000002,1.0000000000000002,200.0,99.0,0.012484335765655663
1.25,1.0000000000000002,1.0000000000000002,250.0,0.0,0.0
1.25,1.0000000000000002,1.0000000000000002,300.0,0.0,0.0
1.25,1.0000000000000002,1.0000000000000002,350.0,0.0,0.0
1.25,1.0000000000000002,1.0000000000000002,400.0,0.0,0.0
1.25,1.0000000000000002,1.2000000000000002,50.0,99.0,0.7037453007296969
1.25,1.0000000000000002,1.2000000000000002,100.0,99.0,0.40749060145939353
1.25,1.0000000000000002,1.2000000000000002,150.0,99.0,0.11123590218909007
1.25,1.0000000000000002,1.2000000000000002,200.0,0.0,0.0
1.25,1.0000000000000002,1.2000000000000002,250.0,0.0,0.0
1.25,1.0000000000000002,1.2000000000000002,300.0,0.0,0.0
1.25,1.0000000000000002,1.2000000000000002,350.0,0.0,0.0
1.25,1.0000000000000002,1.2000000000000002,400.0,0.0,0.0
1.25,1.0000000000000002,1.4000000000000004,50.0,99.0,0.6543695175179796
1.25,1.0000000000000002,1.4000000000000004,100.0,99.0,0.308739035035959
1.25,1.0000000000000002,1.4000000000000004,150.0,0.0,0.0
1.25,1.0000000000000002,1.4000000000000004,200.0,0.0,0.0
1.25,1.0000000000000002,1.4000000000000004,250.0,0.0,0.0
1.25,1.0000000000000002,1.4000000000000004,300.0,0.0,0.0
1.25,1.0000000000000002,1.4000000000000004,350.0,0.0,0.0
1.25,1.0000000000000002,1.4000000000000004,400.0,0.0,0.0
1.25,1.0000000000000002,1.6000000000000005,50.0,99.0,0.6049937343062624
1.25,1.0000000000000002,1.6000000000000005,100.0,99.0,0.20998746861252449
1.25,1.0000000000000002,1.6000000000000005,150.0,0.0,0.0
1.25,1.0000000000000002,1.6000000000000005,200.0,0.0,0.0
1.25,1.0000000000000002,1.6000000000000005,250.0,0.0,0.0
1.25,1.0000000000000002,1.6000000000000005,300.0,0.0,0.0
1.25,1.0000000000000002,1.6000000000000005,350.0,0.0,0.0
1.25,1.0000000000000002,1.6000000000000005,400.0,0.0,0.0
1.25,1.0000000000000002,1.8000000000000003,50.0,99.0,0.5556179510945451
1.25,1.0000000000000002,1.8000000000000003,100.0,99.0,0.11123590218909019
1.25,1.0000000000000002,1.8000000000000003,150.0,0.0,0.0
1.25,1.0000000000000002,1.8000000000000003,200.0,0.0,0.0
1.25,1.0000000000000002,1.8000000000000003,250.0,0.0,0.0
1.25,1.0000000000000002,1.8000000000000003,300.0,0.0,0.0
1.25,1.0000000000000002,1.8000000000000003,350.0,0.0,0.0
1.25,1.0000000000000002,1.8000000000000003,400.0,0.0,0.0
1.25,1.0000000000000002,2.0000000000000004,50.0,99.0,0.5062421678828279
1.25,1.0000000000000002,2.0000000000000004,100.0,99.0,0.012484335765655663
1.25,1.0000000000000002,2.0000000000000004,150.0,0.0,0.0
1.25,1.0000000000000002,2.0000000000000004,200.0,0.0,0.0
1.25,1.0000000000000002,2.0000000000000004,250.0,0.0,0.0
1.25,1.0000000000000002,2.0000000000000004,300.0,0.0,0.0
1.25,1.0000000000000002,2.0000000000000004,350.0,0.0,0.0
1.25,1.0000000000000002,2.0000000000000004,400.0,0.0,0.0
1.25,1.0000000000000002,2.2000000000000006,50.0,99.0,0.45686638467111074
1.25,1.0000000000000002,2.2000000000000006,100.0,0.0,0.0
1.25,1.0000000000000002,2.2000000000000006,150.0,0.0,0.0
1.25,1.0000000000000002,2.2000000000000006,200.0,0.0,0.0
1.25,1.0000000000000002,2.2000000000000006,250.0,0.0,0.0
1.25,1.0000000000000002,2.2000000000000006,300.0,0.0,0.0
1.25,1.0000000000000002,2.2000000000000006,350.0,0.0,0.0
1.25,1.0000000000000002,2.2000000000000006,400.0,0.0,0.0
1.25,1.2000000000000002,0.4,50.0,99.0,1.1012484335765658
1.25,1.2000000000000002,0.4,100.0,99.0,1.0024968671531314
1.25,1.2000000000000002,0.4,150.0,99.0,0.9037453007296968
1.25,1.2000000000000002,0.4,200.0,99.0,0.8049937343062624
1.25,1.2000000000000002,0.4,250.0,99.0,0.7062421678828279
1.25,1.2000000000000002,0.4,300.0,99.0,0.6074906014593935
1.25,1.2000000000000002,0.4,350.0,99.0,0.5087390350359591
1.25,1.2000000000000002,0.4,400.0,99.0,0.40998746861252466
1.25,1.2000000000000002,0.6000000000000001,50.0,99.0,1.0518726503648486
1.25,1.2000000000000002,0.6000000000000001,100.0,99.0,0.9037453007296968
1.25,1.2000000000000002,0.6000000000000001,150.0,99.0,0.7556179510945451
1.25,1.2000000000000002,0.6000000000000001,200.0,99.0,0.6074906014593935
1.25,1.2000000000000002,0.6000000000000001,250.0,99.0,0.45936325182424176
1.25,1.2000000000000002,0.6000000000000001,300.0,99.0,0.31123590218909003
1.25,1.2000000000000002,0.6000000000000001,350.0,99.0,0.1631085525539384
1.25,1.2000000000000002,0.6000000000000001,400.0,99.0,0.014981202918786796
1.25,1.2000000000000002,0.8000000000000002,50.0,99.0,1.0024968671531314
1.25,1.2000000000000002,0.8000000000000002,100.0,99.0,0.8049937343062623
1.25,1.2000000000000002,0.8000000000000002,150.0,99.0,0.6074906014593934
1.25,1.2000000000000002,0.8000000000000002,200.0,99.0,0.40998746861252455
1.25,1.2000000000000002,0.8000000000000002,250.0,99.0,0.2124843357656555
1.25,1.2000000000000002,0.8000000000000002,300.0,99.0,0.014981202918786574
1.25,1.2000000000000002,0.8000000000000002,350.0,0.0,0.0
1.25,1.2000000000000002,0.8000000000000002,400.0,0.0,0.0
1.25,1.2000000000000002,1.0000000000000002,50.0,99.0,0.953121083941414
1.25,1.2000000000000002,1.0000000000000002,100.0,99.0,0.7062421678828279
1.25,1.2000000000000002,1.0000000000000002,150.0,99.0,0.45936325182424176
1.25,1.2000000000000002,1.0000000000000002,200.0,99.0,0.21248433576565562
1.25,1.2000000000000002,1.0000000000000002,250.0,0.0,0.0
1.25,1.2000000000000002,1.0000000000000002,300.0,0.0,0.0
1.25,1.2000000000000002,1.0000000000000002,350.0,0.0,0.0
1.25,1.2000000000000002,1.0000000000000002,400.0,0.0,0.0
1.25,1.2000000000000002,1.2000000000000002,50.0,99.0,0.9037453007296968
1.25,1.2000000000000002,1.2000000000000002,100.0,99.0,0.6074906014593935
1.25,1.2000000000000002,1.2000000000000002,150.0,99.0,0.31123590218909003
1.25,1.2000000000000002,1.2000000000000002,200.0,99.0,0.014981202918786796
1.25,1.2000000000000002,1.2000000000000002,250.0,0.0,0.0
1.25,1.2000000000000002,1.2000000000000002,300.0,0.0,0.0
1.25,1.2000000000000002,1.2000000000000002,350.0,0.0,0.0
1.25,1.2000000000000002,1.2000000000000002,400.0,0.0,0.0
1.25,1.2000000000000002,1.4000000000000004,50.0,99.0,0.8543695175179795
1.25,1.2000000000000002,1.4000000000000004,100.0,99.0,0.508739035035959
1.25,1.2000000000000002,1.4000000000000004,150.0,99.0,0.1631085525539382
1.25,1.2000000000000002,1.4000000000000004,200.0,0.0,0.0
1.25,1.2000000000000002,1.4000000000000004,250.0,0.0,0.0
1.25,1.2000000000000002,1.4000000000000004,300.0,0.0,0.0
1.25,1.2000000000000002,1.4000000000000004,350.0,0.0,0.0
1.25,1.2000000000000002,1.4000000000000004,400.0,0.0,0.0
1.25,1.2000000000000002,1.6000000000000005,50.0,99.0,0.8049937343062623
1.25,1.2000000000000002,1.6000000000000005,100.0,99.0,0.40998746861252444
1.25,1.2000000000000002,1.6000000000000005,150.0,99.0,0.014981202918786574
1.25,1.2000000000000002,1.6000000000000005,200.0,0.0,0.0
1.25,1.2000000000000002,1.6000000000000005,250.0,0.0,0.0
1.25,1.2000000000000002,1.6000000000000005,300.0,0.0,0.0
1.25,1.2000000000000002,1.6000000000000005,350.0,0.0,0.0
1.25,1.2000000000000002,1.6000000000000005,400.0,0.0,0.0
1.25,1.2000000000000002,1.8000000000000003,50.0,99.0,0.7556179510945451
1.25,1.2000000000000002,1.8000000000000003,100.0,99.0,0.31123590218909014
1.25,1.2000000000000002,1.8000000000000003,150.0,0.0,0.0
1.25,1.2000000000000002,1.8000000000000003,200.0,0.0,0.0
1.25,1.2000000000000002,1.8000000000000003,250.0,0.0,0.0
1.25,1.2000000000000002,1.8000000000000003,300.0,0.0,0.0
1.25,1.2000000000000002,1.8000000000000003,350.0,0.0,0.0
1.25,1.2000000000000002,1.8000000000000003,400.0,0.0,0.0
1.25,1.2000000000000002,2.0000000000000004,50.0,99.0,0.7062421678828279
1.25,1.2000000000000002,2.0000000000000004,100.0,99.0,0.21248433576565562
1.25,1.2000000000000002,2.0000000000000004,150.0,0.0,0.0
1.25,1.2000000000000002,2.0000000000000004,200.0,0.0,0.0
1.25,1.2000000000000002,2.0000000000000004,250.0,0.0,0.0
1.25,1.2000000000000002,2.0000000000000004,300.0,0.0,0.0
1.25,1.2000000000000002,2.0000000000000004,350.0,0.0,0.0
1.25,1.2000000000000002,2.0000000000000004,400.0,0.0,0.0
1.25,1.2000000000000002,2.2000000000000006,50.0,99.0,0.6568663846711107
1.25,1.2000000000000002,2.2000000000000006,100.0,99.0,0.11373276934222121
1.25,1.2000000000000002,2.2000000000000006,150.0,0.0,0.0
1.25,1.2000000000000002,2.2000000000000006,200.0,0.0,0.0
1.25,1.2000000000000002,2.2000000000000006,250.0,0.0,0.0
1.25,1.2000000000000002,2.2000000000000006,300.0,0.0,0.0
1.25,1.2000000000000002,2.2000000000000006,350.0,0.0,0.0
1.25,1.2000000000000002,2.2000000000000006,400.0,0.0,0.0
1.25,1.4000000000000004,0.4,50.0,99.0,1.301248433576566
1.25,1.4000000000000004,0.4,100.0,99.0,1.2024968671531315
1.25,1.4000000000000004,0.4,150.0,99.0,1.1037453007296971
1.25,1.4000000000000004,0.4,200.0,99.0,1.0049937343062627
1.25,1.4000000000000004,0.4,250.0,99.0,0.9062421678828281
1.25,1.4000000000000004,0.4,300.0,99.0,0.8074906014593937
1.25,1.4000000000000004,0.4,350.0,99.0,0.7087390350359593
1.25,1.4000000000000004,0.4,400.0,99.0,0.6099874686125248
1.25,1.4000000000000004,0.6000000000000001,50.0,99.0,1.2518726503648487
1.25,1.4000000000000004,0.6000000000000001,100.0,99.0,1.1037453007296971
1.25,1.4000000000000004,0.6000000000000001,150.0,99.0,0.9556179510945453
1.25,1.4000000000000004,0.6000000000000001,200.0,99.0,0.8074906014593937
1.25,1.4000000000000004,0.6000000000000001,250.0,99.0,0.6593632518242419
1.25,1.4000000000000004,0.6000000000000001,300.0,99.0,0.5112359021890902
1.25,1.4000000000000004,0.6000000000000001,350.0,99.0,0.3631085525539386
1.25,1.4000000000000004,0.6000000000000001,400.0,99.0,0.21498120291878697
1.25,1.4000000000000004,0.8000000000000002,50.0,99.0,1.2024968671531315
1.25,1.4000000000000004,0.8000000000000002,100.0,99.0,1.0049937343062625
1.25,1.4000000000000004,0.8000000000000002,150.0,99.0,0.8074906014593936
1.25,1.4000000000000004,0.8000000000000002,200.0,99.0,0.6099874686125247
1.25,1.4000000000000004,0.8000000000000002,250.0,99.0,0.4124843357656557
1.25,1.4000000000000004,0.8000000000000002,300.0,99.0,0.21498120291878675
1.25,1.4000000000000004,0.8000000000000002,350.0,99.0,0.01747807007191793
1.25,1.4000000000000004,0.8000000000000002,400.0,0.0,0.0
1.25,1.4000000000000004,1.0000000000000002,50.0,99.0,1.1531210839414143
1.25,1.4000000000000004,1.0000000000000002,100.0,99.0,0.9062421678828281
1.25,1.4000000000000004,1.0000000000000002,150.0,99.0,0.6593632518242419
1.25,1.4000000000000004,1.0000000000000002,200.0,99.0,0.4124843357656558
1.25,1.4000000000000004,1.0000000000000002,250.0,99.0,0.16560541970706955
1.25,1.4000000000000004,1.0000000000000002,300.0,0.0,0.0
1.25,1.4000000000000004,1.0000000000000002,350.0,0.0,0.0
1.25,1.4000000000000004,1.0000000000000002,400.0,0.0,0.0
1.25,1.4000000000000004,1.2000000000000002,50.0,99.0,1.1037453007296971
1.25,1.4000000000000004,1.2000000000000002,100.0,99.0,0.8074906014593937
1.25,1.4000000000000004,1.2000000000000002,150.0,99.0,0.5112359021890902
1.25,1.4000000000000004,1.2000000000000002,200.0,99.0,0.21498120291878697
1.25,1.4000000000000004,1.2000000000000002,250.0,0.0,0.0
1.25,1.4000000000000004,1.2000000000000002,300.0,0.0,0.0
1.25,1.4000000000000004,1.2000000000000002,350.0,0.0,0.0
1.25,1.4000000000000004,1.2000000000000002,400.0,0.0,0.0
1.25,1.4000000000000004,1.4000000000000004,50.0,99.0,1.0543695175179797
1.25,1.4000000000000004,1.4000000000000004,100.0,99.0,0.7087390350359591
1.25,1.4000000000000004,1.4000000000000004,150.0,99.0,0.36310855255393837
1.25,1.4000000000000004,1.4000000000000004,200.0,99.0,0.01747807007191793
1.25,1.4000000000000004,1.4000000000000004,250.0,0.0,0.0
1.25,1.4000000000000004,1.4000000000000004,300.0,0.0,0.0
1.25,1.4000000000000004,1.4000000000000004,350.0,0.0,0.0
1.25,1.4000000000000004,1.4000000000000004,400.0,0.0,0.0
1.25,1.4000000000000004,1.6000000000000005,50.0,99.0,1.0049937343062625
1.25,1.4000000000000004,1.6000000000000005,100.0,99.0,0.6099874686125246
1.25,1.4000000000000004,1.6000000000000005,150.0,99.0,0.21498120291878675
1.25,1.4000000000000004,1.6000000000000005,200.0,0.0,0.0
1.25,1.4000000000000004,1.6000000000000005,250.0,0.0,0.0
1.25,1.4000000000000004,1.6000000000000005,300.0,0.0,0.0
1.25,1.4000000000000004,1.6000000000000005,350.0,0.0,0.0
1.25,1.4000000000000004,1.6000000000000005,400.0,0.0,0.0
1.25,1.4000000000000004,1.8000000000000003,50.0,99.0,0.9556179510945453
1.25,1.4000000000000004,1.8000000000000003,100.0,99.0,0.5112359021890903
1.25,1.4000000000000004,1.8000000000000003,150.0,99.0,0.06685385328363513
1.25,1.4000000000000004,1.8000000000000003,200.0,0.0,0.0
1.25,1.4000000000000004,1.8000000000000003,250.0,0.0,0.0
1.25,1.4000000000000004,1.8000000000000003,300.0,0.0,0.0
1.25,1.4000000000000004,1.8000000000000003,350.0,0.0,0.0
1.25,1.4000000000000004,1.8000000000000003,400.0,0.0,0.0
1.25,1.4000000000000004,2.0000000000000004,50.0,99.0,0.9062421678828281
1.25,1.4000000000000004,2.0000000000000004,100.0,99.0,0.4124843357656558
1.25,1.4000000000000004,2.0000000000000004,150.0,0.0,0.0
1.25,1.4000000000000004,2.0000000000000004,200.0,0.0,0.0
1.25,1.4000000000000004,2.0000000000000004,250.0,0.0,0.0
1.25,1.4000000000000004,2.0000000000000004,300.0,0.0,0.0
1.25,1.4000000000000004,2.0000000000000004,350.0,0.0,0.0
1.25,1.4000000000000004,2.0000000000000004,400.0,0.0,0.0
1.25,1.4000000000000004,2.2000000000000006,50.0,99.0,0.8568663846711109
1.25,1.4000000000000004,2.2000000000000006,100.0,99.0,0.3137327693422214
1.25,1.4000000000000004,2.2000000000000006,150.0,0.0,0.0
1.25,1.4000000000000004,2.2000000000000006,200.0,0.0,0.0
1.25,1.4000000000000004,2.2000000000000006,250.0,0.0,0.0
1.25,1.4000000000000004,2.2000000000000006,300.0,0.0,0.0
1.25,1.4000000000000004,2.2000000000000006,350.0,0.0,0.0
1.25,1.4000000000000004,2.2000000000000006,400.0,0.0,0.0
1.25,1.6000000000000005,0.4,50.0,99.0,1.5012484335765661
1.25,1.6000000000000005,0.4,100.0,99.0,1.4024968671531317
1.25,1.6000000000000005,0.4,150.0,99.0,1.3037453007296973
1.25,1.6000000000000005,0.4,200.0,99.0,1.2049937343062629
1.25,1.6000000000000005,0.4,250.0,99.0,1.1062421678828283
1.25,1.6000000000000005,0.4,300.0,99.0,1.0074906014593938
1.25,1.6000000000000005,0.4,350.0,99.0,0.9087390350359594
1.25,1.6000000000000005,0.4,400.0,99.0,0.809987468612525
1.25,1.6000000000000005,0.6000000000000001,50.0,99.0,1.451872650364849
1.25,1.6000000000000005,0.6000000000000001,100.0,99.0,1.3037453007296973
1.25,1.6000000000000005,0.6000000000000001,150.0,99.0,1.1556179510945455
1.25,1.6000000000000005,0.6000000000000001,200.0,99.0,1.0074906014593938
1.25,1.6000000000000005,0.6000000000000001,250.0,99.0,0.8593632518242421
1.25,1.6000000000000005,0.6000000000000001,300.0,99.0,0.7112359021890904
1.25,1.6000000000000005,0.6000000000000001,350.0,99.0,0.5631085525539388
1.25,1.6000000000000005,0.6000000000000001,400.0,99.0,0.41498120291878715
1.25,1.6000000000000005,0.8000000000000002,50.0,99.0,1.4024968671531317
1.25,1.6000000000000005,0.8000000000000002,100.0,99.0,1.2049937343062627
1.25,1.6000000000000005,0.8000000000000002,150.0,99.0,1.0074906014593936
1.25,1.6000000000000005,0.8000000000000002,200.0,99.0,0.8099874686125249
1.25,1.6000000000000005,0.8000000000000002,250.0,99.0,0.6124843357656559
1.25,1.6000000000000005,0.8000000000000002,300.0,99.0,0.41498120291878693
1.25,1.6000000000000005,0.8000000000000002,350.0,99.0,0.2174780700719181
1.25,1.6000000000000005,0.8000000000000002,400.0,99.0,0.019974937225049283
1.25,1.6000000000000005,1.0000000000000002,50.0,99.0,1.3531210839414145
1.25,1.6000000000000005,1.0000000000000002,100.0,99.0,1.1062421678828283
1.25,1.6000000000000005,1.0000000000000002,150.0,99.0,0.8593632518242421
1.25,1.6000000000000005,1.0000000000000002,200.0,99.0,0.612484335765656
1.25,1.6000000000000005,1.0000000000000002,250.0,99.0,0.3656054197070697
1.25,1.6000000000000005,1.0000000000000002,300.0,99.0,0.1187265036484837
1.25,1.6000000000000005,1.0000000000000002,350.0,0.0,0.0
1.25,1.6000000000000005,1.0000000000000002,400.0,0.0,0.0
1.25,1.6000000000000005,1.2000000000000002,50.0,99.0,1.3037453007296973
1.25,1.6000000000000005,1.2000000000000002,100.0,99.0,1.0074906014593938
1.25,1.6000000000000005,1.2000000000000002,150.0,99.0,0.7112359021890904
1.25,1.6000000000000005,1.2000000000000002,200.0,99.0,0.41498120291878715
1.25,1.6000000000000005,1.2000000000000002,250.0,99.0,0.1187265036484837
1.25,1.6000000000000005,1.2000000000000002,300.0,0.0,0.0
1.25,1.6000000000000005,1.2000000000000002,350.0,0.0,0.0
1.25,1.6000000000000005,1.2000000000000002,400.0,0.0,0.0
1.25,1.6000000000000005,1.4000000000000004,50.0,99.0,1.2543695175179799
1.25,1.6000000000000005,1.4000000000000004,100.0,99.0,0.9087390350359593
1.25,1.6000000000000005,1.4000000000000004,150.0,99.0,0.5631085525539385
1.25,1.6000000000000005,1.4000000000000004,200.0,99.0,0.2174780700719181
1.25,1.6000000000000005,1.4000000000000004,250.0,0.0,0.0
1.25,1.6000000000000005,1.4000000000000004,300.0,0.0,0.0
1.25,1.6000000000000005,1.4000000000000004,350.0,0.0,0.0
1.25,1.6000000000000005,1.4000000000000004,400.0,0.0,0.0
1.25,1.6000000000000005,1.6000000000000005,50.0,99.0,1.2049937343062627
1.25,1.6000000000000005,1.6000000000000005,100.0,99.0,0.8099874686125248
1.25,1.6000000000000005,1.6000000000000005,150.0,99.0,0.41498120291878693
1.25,1.6000000000000005,1.6000000000000005,200.0,99.0,0.01997493722504906
1.25,1.6000000000000005,1.6000000000000005,250.0,0.0,0.0
1.25,1.6000000000000005,1.6000000000000005,300.0,0.0,0.0
1.25,1.6000000000000005,1.6000000000000005,350.0,0.0,0.0
1.25,1.6000000000000005,1.6000000000000005,400.0,0.0,0.0
1.25,1.6000000000000005,1.8000000000000003,50.0,99.0,1.1556179510945455
1.25,1.6000000000000005,1.8000000000000003,100.0,99.0,0.7112359021890905
1.25,1.6000000000000005,1.8000000000000003,150.0,99.0,0.2668538532836353
1.25,1.6000000000000005,1.8000000000000003,200.0,0.0,0.0
1.25,1.6000000000000005,1.8000000000000003,250.0,0.0,0.0
1.25,1.6000000000000005,1.8000000000000003,300.0,0.0,0.0
1.25,1.6000000000000005,1.8000000000000003,350.0,0.0,0.0
1.25,1.6000000000000005,1.8000000000000003,400.0,0.0,0.0
1.25,1.6000000000000005,2.0000000000000004,50.0,99.0,1.1062421678828283
1.25,1.6000000000000005,2.0000000000000004,100.0,99.0,0.612484335765656
1.25,1.6000000000000005,2.0000000000000004,150.0,99.0,0.1187265036484837
1.25,1.6000000000000005,2.0000000000000004,200.0,0.0,0.0
1.25,1.6000000000000005,2.0000000000000004,250.0,0.0,0.0
1.25,1.6000000000000005,2.0000000000000004,300.0,0.0,0.0
1.25,1.6000000000000005,2.0000000000000004,350.0,0.0,0.0
1.25,1.6000000000000005,2.0000000000000004,400.0,0.0,0.0
1.25,1.6000000000000005,2.2000000000000006,50.0,99.0,1.056866384671111
1.25,1.6000000000000005,2.2000000000000006,100.0,99.0,0.5137327693422216
1.25,1.6000000000000005,2.2000000000000006,150.0,0.0,0.0
1.25,1.6000000000000005,2.2000000000000006,200.0,0.0,0.0
1.25,1.6000000000000005,2.2000000000000006,250.0,0.0,0.0
1.25,1.6000000000000005,2.2000000000000006,300.0,0.0,0.0
1.25,1.6000000000000005,2.2000000000000006,350.0,0.0,0.0
1.25,1.6000000000000005,2.2000000000000006,400.0,0.0,0.0
1.25,1.8000000000000003,0.4,50.0,99.0,1.7012484335765659
1.25,1.8000000000000003,0.4,100.0,99.0,1.6024968671531314
1.25,1.8000000000000003,0.4,150.0,99.0,1.503745300729697
1.25,1.8000000000000003,0.4,200.0,99.0,1.4049937343062626
1.25,1.8000000000000003,0.4,250.0,99.0,1.306242167882828
1.25,1.8000000000000003,0.4,300.0,99.0,1.2074906014593936
1.25,1.8000000000000003,0.4,350.0,99.0,1.1087390350359592
1.25,1.8000000000000003,0.4,400.0,99.0,1.0099874686125248
1.25,1.8000000000000003,0.6000000000000001,50.0,99.0,1.6518726503648486
1.25,1.8000000000000003,0.6000000000000001,100.0,99.0,1.503745300729697
1.25,1.8000000000000003,0.6000000000000001,150.0,99.0,1.3556179510945452
1.25,1.8000000000000003,0.6000000000000001,200.0,99.0,1.2074906014593936
1.25,1.8000000000000003,0.6000000000000001,250.0,99.0,1.0593632518242417
1.25,1.8000000000000003,0.6000000000000001,300.0,99.0,0.9112359021890901
1.25,1.8000000000000003,0.6000000000000001,350.0,99.0,0.7631085525539385
1.25,1.8000000000000003,0.6000000000000001,400.0,99.0,0.6149812029187869
1.25,1.8000000000000003,0.8000000000000002,50.0,99.0,1.6024968671531314
1.25,1.8000000000000003,0.8000000000000002,100.0,99.0,1.4049937343062624
1.25,1.8000000000000003,0.8000000000000002,150.0,99.0,1.2074906014593934
1.25,1.8000000000000003,0.8000000000000002,200.0,99.0,1.0099874686125245
1.25,1.8000000000000003,0.8000000000000002,250.0,99.0,0.8124843357656556
1.25,1.8000000000000003,0.8000000000000002,300.0,99.0,0.6149812029187867
1.25,1.8000000000000003,0.8000000000000002,350.0,99.0,0.41747807007191784
1.25,1.8000000000000003,0.8000000000000002,400.0,99.0,0.21997493722504902
1.25,1.8000000000000003,1.0000000000000002,50.0,99.0,1.5531210839414142
1.25,1.8000000000000003,1.0000000000000002,100.0,99.0,1.306242167882828
1.25,1.8000000000000003,1.0000000000000002,150.0,99.0,1.0593632518242417
1.25,1.8000000000000003,1.0000000000000002,200.0,99.0,0.8124843357656557
1.25,1.8000000000000003,1.0000000000000002,250.0,99.0,0.5656054197070695
1.25,1.8000000000000003,1.0000000000000002,300.0,99.0,0.31872650364848343
1.25,1.8000000000000003,1.0000000000000002,350.0,99.0,0.07184758758989718
1.25,1.8000000000000003,1.0000000000000002,400.0,0.0,0.0
1.25,1.8000000000000003,1.2000000000000002,50.0,99.0,1.503745300729697
1.25,1.8000000000000003,1.2000000000000002,100.0,99.0,1.2074906014593936
1.25,1.8000000000000003,1.2000000000000002,150.0,99.0,0.9112359021890901
1.25,1.8000000000000003,1.2000000000000002,200.0,99.0,0.6149812029187869
1.25,1.8000000000000003,1.2000000000000002,250.0,99.0,0.31872650364848343
1.25,1.8000000000000003,1.2000000000000002,300.0,99.0,0.02247180437817997
1.25,1.8000000000000003,1.2000000000000002,350.0,0.0,0.0
1.25,1.8000000000000003,1.2000000000000002,400.0,0.0,0.0
1.25,1.8000000000000003,1.4000000000000004,50.0,99.0,1.4543695175179796
1.25,1.8000000000000003,1.4000000000000004,100.0,99.0,1.108739035035959
1.25,1.8000000000000003,1.4000000000000004,150.0,99.0,0.7631085525539383
1.25,1.8000000000000003,1.4000000000000004,200.0,99.0,0.41747807007191784
1.25,1.8000000000000003,1.4000000000000004,250.0,99.0,0.07184758758989696
1.25,1.8000000000000003,1.4000000000000004,300.0,0.0,0.0
1.25,1.8000000000000003,1.4000000000000004,350.0,0.0,0.0
1.25,1.8000000000000003,1.4000000000000004,400.0,0.0,0.0
1.25,1.8000000000000003,1.6000000000000005,50.0,99.0,1.4049937343062624
1.25,1.8000000000000003,1.6000000000000005,100.0,99.0,1.0099874686125245
1.25,1.8000000000000003,1.6000000000000005,150.0,99.0,0.6149812029187867
1.25,1.8000000000000003,1.6000000000000005,200.0,99.0,0.2199749372250488
1.25,1.8000000000000003,1.6000000000000005,250.0,0.0,0.0
1.25,1.8000000000000003,1.6000000000000005,300.0,0.0,0.0
1.25,1.8000000000000003,1.6000000000000005,350.0,0.0,0.0
1.25,1.8000000000000003,1.6000000000000005,400.0,0.0,0.0
1.25,1.8000000000000003,1.8000000000000003,50.0,99.0,1.3556179510945452
1.25,1.8000000000000003,1.8000000000000003,100.0,99.0,0.9112359021890902
1.25,1.8000000000000003,1.8000000000000003,150.0,99.0,0.46685385328363505
1.25,1.8000000000000003,1.8000000000000003,200.0,99.0,0.022471804378180193
1.25,1.8000000000000003,1.8000000000000003,250.0,0.0,0.0
1.25,1.8000000000000003,1.8000000000000003,300.0,0.0,0.0
1.25,1.8000000000000003,1.8000000000000003,350.0,0.0,0.0
1.25,1.8000000000000003,1.8000000000000003,400.0,0.0,0.0
1.25,1.8000000000000003,2.0000000000000004,50.0,99.0,1.306242167882828
1.25,1.8000000000000003,2.0000000000000004,100.0,99.0,0.8124843357656557
1.25,1.8000000000000003,2.0000000000000004,150.0,99.0,0.31872650364848343
1.25,1.8000000000000003,2.0000000000000004,200.0,0.0,0.0
1.25,1.8000000000000003,2.0000000000000004,250.0,0.0,0.0
1.25,1.8000000000000003,2.0000000000000004,300.0,0.0,0.0
1.25,1.8000000000000003,2.0000000000000004,350.0,0.0,0.0
1.25,1.8000000000000003,2.0000000000000004,400.0,0.0,0.0
1.25,1.8000000000000003,2.2000000000000006,50.0,99.0,1.2568663846711108
1.25,1.8000000000000003,2.2000000000000006,100.0,99.0,0.7137327693422213
1.25,1.8000000000000003,2.2000000000000006,150.0,99.0,0.1705991540133316
1.25,1.8000000000000003,2.2000000000000006,200.0,0.0,0.0
1.25,1.8000000000000003,2.2000000000000006,250.0,0.0,0.0
1.25,1.8000000000000003,2.2000000000000006,300.0,0.0,0.0
1.25,1.8000000000000003,2.2000000000000006,350.0,0.0,0.0
1.25,1.8000000000000003,2.2000000000000006,400.0,0.0,0.0
1.25,2.0000000000000004,0.4,50.0,99.0,1.901248433576566
1.25,2.0000000000000004,0.4,100.0,99.0,1.8024968671531316
1.25,2.0000000000000004,0.4,150.0,99.0,1.7037453007296972
1.25,2.0000000000000004,0.4,200.0,99.0,1.6049937343062628
1.25,2.0000000000000004,0.4,250.0,99.0,1.5062421678828282
1.25,2.0000000000000004,0.4,300.0,99.0,1.4074906014593938
1.25,2.0000000000000004,0.4,350.0,99.0,1.3087390350359593
1.25,2.0000000000000004,0.4,400.0,99.0,1.209987468612525
1.25,2.0000000000000004,0.6000000000000001,50.0,99.0,1.8518726503648488
1.25,2.0000000000000004,0.6000000000000001,100.0,99.0,1.7037453007296972
1.25,2.0000000000000004,0.6000000000000001,150.0,99.0,1.5556179510945454
1.25,2.0000000000000004,0.6000000000000001,200.0,99.0,1.4074906014593938
1.25,2.0000000000000004,0.6000000000000001,250.0,99.0,1.259363251824242
1.25,2.0000000000000004,0.6000000000000001,300.0,99.0,1.1112359021890903
1.25,2.0000000000000004,0.6000000000000001,350.0,99.0,0.9631085525539387
1.25,2.0000000000000004,0.6000000000000001,400.0,99.0,0.8149812029187871
1.25,2.0000000000000004,0.8000000000000002,50.0,99.0,1.8024968671531316
1.25,2.0000000000000004,0.8000000000000002,100.0,99.0,1.6049937343062626
1.25,2.0000000000000004,0.8000000000000002,150.0,99.0,1.4074906014593935
1.25,2.0000000000000004,0.8000000000000002,200.0,99.0,1.2099874686125247
1.25,2.0000000000000004,0.8000000000000002,250.0,99.0,1.0124843357656559
1.25,2.0000000000000004,0.8000000000000002,300.0,99.0,0.8149812029187868
1.25,2.0000000000000004,0.8000000000000002,350.0,99.0,0.617478070071918
1.25,2.0000000000000004,0.8000000000000002,400.0,99.0,0.4199749372250492
1.25,2.0000000000000004,1.0000000000000002,50.0,99.0,1.7531210839414144
1.25,2.0000000000000004,1.0000000000000002,100.0,99.0,1.5062421678828282
1.25,2.0000000000000004,1.0000000000000002,150.0,99.0,1.259363251824242
1.25,2.0000000000000004,1.0000000000000002,200.0,99.0,1.0124843357656559
1.25,2.0000000000000004,1.0000000000000002,250.0,99.0,0.7656054197070696
1.25,2.0000000000000004,1.0000000000000002,300.0,99.0,0.5187265036484836
1.25,2.0000000000000004,1.0000000000000002,350.0,99.0,0.27184758758989735
1.25,2.0000000000000004,1.0000000000000002,400.0,99.0,0.024968671531311326
1.25,2.0000000000000004,1.2000000000000002,50.0,99.0,1.7037453007296972
1.25,2.0000000000000004,1.2000000000000002,100.0,99.0,1.4074906014593938
1.25,2.0000000000000004,1.2000000000000002,150.0,99.0,1.1112359021890903
1.25,2.0000000000000004,1.2000000000000002,200.0,99.0,0.8149812029187871
1.25,2.0000000000000004,1.2000000000000002,250.0,99.0,0.5187265036484836
1.25,2.0000000000000004,1.2000000000000002,300.0,99.0,0.22247180437818015
1.25,2.0000000000000004,1.2000000000000002,350.0,0.0,0.0
1.25,2.0000000000000004,1.2000000000000002,400.0,0.0,0.0
1.25,2.0000000000000004,1.4000000000000004,50.0,99.0,1.6543695175179798
1.25,2.0000000000000004,1.4000000000000004,100.0,99.0,1.3087390350359591
1.25,2.0000000000000004,1.4000000000000004,150.0,99.0,0.9631085525539385
1.25,2.0000000000000004,1.4000000000000004,200.0,99.0,0.617478070071918
1.25,2.0000000000000004,1.4000000000000004,250.0,99.0,0.27184758758989713
1.25,2.0000000000000004,1.4000000000000004,300.0,0.0,0.0
1.25,2.0000000000000004,1.4000000000000004,350.0,0.0,0.0
1.25,2.0000000000000004,1.4000000000000004,400.0,0.0,0.0
1.25,2.0000000000000004,1.6000000000000005,50.0,99.0,1.6049937343062626
1.25,2.0000000000000004,1.6000000000000005,100.0,99.0,1.2099874686125247
1.25,2.0000000000000004,1.6000000000000005,150.0,99.0,0.8149812029187868
1.25,2.0000000000000004,1.6000000000000005,200.0,99.0,0.41997493722504897
1.25,2.0000000000000004,1.6000000000000005,250.0,99.0,0.024968671531310882
1.25,2.0000000000000004,1.6000000000000005,300.0,0.0,0.0
1.25,2.0000000000000004,1.6000000000000005,350.0,0.0,0.0
1.25,2.0000000000000004,1.6000000000000005,400.0,0.0,0.0
1.25,2.0000000000000004,1.8000000000000003,50.0,99.0,1.5556179510945454
1.25,2.0000000000000004,1.8000000000000003,100.0,99.0,1.1112359021890903
1.25,2.0000000000000004,1.8000000000000003,150.0,99.0,0.6668538532836352
1.25,2.0000000000000004,1.8000000000000003,200.0,99.0,0.22247180437818037
1.25,2.0000000000000004,1.8000000000000003,250.0,0.0,0.0
1.25,2.0000000000000004,1.8000000000000003,300.0,0.0,0.0
1.25,2.0000000000000004,1.8000000000000003,350.0,0.0,0.0
1.25,2.0000000000000004,1.8000000000000003,400.0,0.0,0.0
1.25,2.0000000000000004,2.0000000000000004,50.0,99.0,1.5062421678828282
1.25,2.0000000000000004,2.0000000000000004,100.0,99.0,1.0124843357656559
1.25,2.0000000000000004,2.0000000000000004,150.0,99.0,0.5187265036484836
1.25,2.0000000000000004,2.0000000000000004,200.0,99.0,0.024968671531311326
1.25,2.0000000000000004,2.0000000000000004,250.0,0.0,0.0
1.25,2.0000000000000004,2.0000000000000004,300.0,0.0,0.0
1.25,2.0000000000000004,2.0000000000000004,350.0,0.0,0.0
1.25,2.0000000000000004,2.0000000000000004,400.0,0.0,0.0
1.25,2.0000000000000004,2.2000000000000006,50.0,99.0,1.456866384671111
1.25,2.0000000000000004,2.2000000000000006,100.0,99.0,0.9137327693422215
1.25,2.0000000000000004,2.2000000000000006,150.0,99.0,0.37059915401333177
1.25,2.0000000000000004,2.2000000000000006,200.0,0.0,0.0
1.25,2.0000000000000004,2.2000000000000006,250.0,0.0,0.0
1.25,2.0000000000000004,2.2000000000000006,300.0,0.0,0.0
1.25,2.0000000000000004,2.2000000000000006,350.0,0.0,0.0
1.25,2.0000000000000004,2.2000000000000006,400.0,0.0,0.0
1.25,2.2000000000000006,0.4,50.0,99.0,2.101248433576566
1.25,2.2000000000000006,0.4,100.0,99.0,2.002496867153132
1.25,2.2000000000000006,0.4,150.0,99.0,1.9037453007296974
1.25,2.2000000000000006,0.4,200.0,99.0,1.804993734306263
1.25,2.2000000000000006,0.4,250.0,99.0,1.7062421678828283
1.25,2.2000000000000006,0.4,300.0,99.0,1.607490601459394
1.25,2.2000000000000006,0.4,350.0,99.0,1.5087390350359595
1.25,2.2000000000000006,0.4,400.0,99.0,1.409987468612525
1.25,2.2000000000000006,0.6000000000000001,50.0,99.0,2.051872650364849
1.25,2.2000000000000006,0.6000000000000001,100.0,99.0,1.9037453007296974
1.25,2.2000000000000006,0.6000000000000001,150.0,99.0,1.7556179510945455
1.25,2.2000000000000006,0.6000000000000001,200.0,99.0,1.607490601459394
1.25,2.2000000000000006,0.6000000000000001,250.0,99.0,1.459363251824242
1.25,2.2000000000000006,0.6000000000000001,300.0,99.0,1.3112359021890905
1.25,2.2000000000000006,0.6000000000000001,350.0,99.0,1.1631085525539389
1.25,2.2000000000000006,0.6000000000000001,400.0,99.0,1.0149812029187872
1.25,2.2000000000000006,0.8000000000000002,50.0,99.0,2.002496867153132
1.25,2.2000000000000006,0.8000000000000002,100.0,99.0,1.8049937343062628
1.25,2.2000000000000006,0.8000000000000002,150.0,99.0,1.6074906014593937
1.25,2.2000000000000006,0.8000000000000002,200.0,99.0,1.4099874686125249
1.25,2.2000000000000006,0.8000000000000002,250.0,99.0,1.212484335765656
1.25,2.2000000000000006,0.8000000000000002,300.0,99.0,1.014981202918787
1.25,2.2000000000000006,0.8000000000000002,350.0,99.0,0.8174780700719182
1.25,2.2000000000000006,0.8000000000000002,400.0,99.0,0.6199749372250494
1.25,2.2000000000000006,1.0000000000000002,50.0,99.0,1.9531210839414146
1.25,2.2000000000000006,1.0000000000000002,100.0,99.0,1.7062421678828283
1.25,2.2000000000000006,1.0000000000000002,150.0,99.0,1.459363251824242
1.25,2.2000000000000006,1.0000000000000002,200.0,99.0,1.212484335765656
1.25,2.2000000000000006,1.0000000000000002,250.0,99.0,0.9656054197070698
1.25,2.2000000000000006,1.0000000000000002,300.0,99.0,0.7187265036484838
1.25,2.2000000000000006,1.0000000000000002,350.0,99.0,0.47184758758989753
1.25,2.2000000000000006,1.0000000000000002,400.0,99.0,0.2249686715313115
1.25,2.2000000000000006,1.2000000000000002,50.0,99.0,1.9037453007296974
1.25,2.2000000000000006,1.2000000000000002,100.0,99.0,1.607490601459394
1.25,2.2000000000000006,1.2000000000000002,150.0,99.0,1.3112359021890905
1.25,2.2000000000000006,1.2000000000000002,200.0,99.0,1.0149812029187872
1.25,2.2000000000000006,1.2000000000000002,250.0,99.0,0.7187265036484838
1.25,2.2000000000000006,1.2000000000000002,300.0,99.0,0.4224718043781803
1.25,2.2000000000000006,1.2000000000000002,350.0,99.0,0.1262171051078771
1.25,2.2000000000000006,1.2000000000000002,400.0,0.0,0.0
1.25,2.2000000000000006,1.4000000000000004,50.0,99.0,1.85436951751798
1.25,2.2000000000000006,1.4000000000000004,100.0,99.0,1.5087390350359593
1.25,2.2000000000000006,1.4000000000000004,150.0,99.0,1.1631085525539386
1.25,2.2000000000000006,1.4000000000000004,200.0,99.0,0.8174780700719182
1.25,2.2000000000000006,1.4000000000000004,250.0,99.0,0.4718475875898973
1.25,2.2000000000000006,1.4000000000000004,300.0,99.0,0.12621710510787665
1.25,2.2000000000000006,1.4000000000000004,350.0,0.0,0.0
1.25,2.2000000000000006,1.4000000000000004,400.0,0.0,0.0
1.25,2.2000000000000006,1.6000000000000005,50.0,99.0,1.8049937343062628
1.25,2.2000000000000006,1.6000000000000005,100.0,99.0,1.4099874686125249
1.25,2.2000000000000006,1.6000000000000005,150.0,99.0,1.014981202918787
1.25,2.2000000000000006,1.6000000000000005,200.0,99.0,0.6199749372250491
1.25,2.2000000000000006,1.6000000000000005,250.0,99.0,0.22496867153131106
1.25,2.2000000000000006,1.6000000000000005,300.0,0.0,0.0
1.25,2.2000000000000006,1.6000000000000005,350.0,0.0,0.0
1.25,2.2000000000000006,1.6000000000000005,400.0,0.0,0.0
1.25,2.2000000000000006,1.8000000000000003,50.0,99.0,1.7556179510945455
1.25,2.2000000000000006,1.8000000000000003,100.0,99.0,1.3112359021890905
1.25,2.2000000000000006,1.8000000000000003,150.0,99.0,0.8668538532836354
1.25,2.2000000000000006,1.8000000000000003,200.0,99.0,0.42247180437818055
1.25,2.2000000000000006,1.8000000000000003,250.0,0.0,0.0
1.25,2.2000000000000006,1.8000000000000003,300.0,0.0,0.0
1.25,2.2000000000000006,1.8000000000000003,350.0,0.0,0.0
1.25,2.2000000000000006,1.8000000000000003,400.0,0.0,0.0
1.25,2.2000000000000006,2.0000000000000004,50.0,99.0,1.7062421678828283
1.25,2.2000000000000006,2.0000000000000004,100.0,99.0,1.212484335765656
1.25,2.2000000000000006,2.0000000000000004,150.0,99.0,0.7187265036484838
1.25,2.2000000000000006,2.0000000000000004,200.0,99.0,0.2249686715313115
1.25,2.2000000000000006,2.0000000000000004,250.0,0.0,0.0
1.25,2.2000000000000006,2.0000000000000004,300.0,0.0,0.0
1.25,2.2000000000000006,2.0000000000000004,350.0,0.0,0.0
1.25,2.2000000000000006,2.0000000000000004,400.0,0.0,0.0
1.25,2.2000000000000006,2.2000000000000006,50.0,99.0,1.6568663846711111
1.25,2.2000000000000006,2.2000000000000006,100.0,99.0,1.1137327693422217
1.25,2.2000000000000006,2.2000000000000006,150.0,99.0,0.5705991540133319
1.25,2.2000000000000006,2.2000000000000006,200.0,99.0,0.02746553868444268
1.25,2.2000000000000006,2.2000000000000006,250.0,0.0,0.0
1.25,2.2000000000000006,2.2000000000000006,300.0,0.0,0.0
1.25,2.2000000000000006,2.2000000000000006,350.0,0.0,0.0
1.25,2.2000000000000006,2.2000000000000006,400.0,0.0,0.0
1.5,0.4,0.4,50.0,99.0,0.3014962437264446
1.5,0.4,0.4,100.0,99.0,0.20299248745288923
1.5,0.4,0.4,150.0,99.0,0.10448873117933388
1.5,0.4,0.4,200.0,97.5,0.00708528559557714
1.5,0.4,0.4,250.0,0.0,0.0
1.5,0.4,0.4,300.0,0.0,0.0
1.5,0.4,0.4,350.0,0.0,0.0
1.5,0.4,0.4,400.0,0.0,0.0
1.5,0.4,0.6000000000000001,50.0,99.0,0.2522443655896669
1.5,0.4,0.6000000000000001,100.0,99.0,0.10448873117933383
1.5,0.4,0.6000000000000001,150.0,0.0,0.0
1.5,0.4,0.6000000000000001,200.0,0.0,0.0
1.5,0.4,0.6000000000000001,250.0,0.0,0.0
1.5,0.4,0.6000000000000001,300.0,0.0,0.0
1.5,0.4,0.6000000000000001,350.0,0.0,0.0
1.5,0.4,0.6000000000000001,400.0,0.0,0.0
1.5,0.4,0.8000000000000002,50.0,99.0,0.2029924874528892
1.5,0.4,0.8000000000000002,100.0,97.5,0.007085285595577084
1.5,0.4,0.8000000000000002,150.0,0.0,0.0
1.5,0.4,0.8000000000000002,200.0,0.0,0.0
1.5,0.4,0.8000000000000002,250.0,0.0,0.0
1.5,0.4,0.8000000000000002,300.0,0.0,0.0
1.5,0.4,0.8000000000000002,350.0,0.0,0.0
1.5,0.4,0.8000000000000002,400.0,0.0,0.0
1.5,0.4,1.0000000000000002,50.0,99.0,0.1537406093161115
1.5,0.4,1.0000000000000002,100.0,0.0,0.0
1.5,0.4,1.0000000000000002,150.0,0.0,0.0
1.5,0.4,1.0000000000000002,200.0,0.0,0.0
1.5,0.4,1.0000000000000002,250.0,0.0,0.0
1.5,0.4,1.0000000000000002,300.0,0.0,0.0
1.5,0.4,1.0000000000000002,350.0,0.0,0.0
1.5,0.4,1.0000000000000002,400.0,0.0,0.0
1.5,0.4,1.2000000000000002,50.0,99.0,0.10448873117933383
1.5,0.4,1.2000000000000002,100.0,0.0,0.0
1.5,0.4,1.2000000000000002,150.0,0.0,0.0
1.5,0.4,1.2000000000000002,200.0,0.0,0.0
1.5,0.4,1.2000000000000002,250.0,0.0,0.0
1.5,0.4,1.2000000000000002,300.0,0.0,0.0
1.5,0.4,1.2000000000000002,350.0,0.0,0.0
1.5,0.4,1.2000000000000002,400.0,0.0,0.0
1.5,0.4,1.4000000000000004,50.0,99.0,0.0552368530425561
1.5,0.4,1.4000000000000004,100.0,0.0,0.0
1.5,0.4,1.4000000000000004,150.0,0.0,0.0
1.5,0.4,1.4000000000000004,200.0,0.0,0.0
1.5,0.4,1.4000000000000004,250.0,0.0,0.0
1.5,0.4,1.4000000000000004,300.0,0.0,0.0
1.5,0.4,1.4000000000000004,350.0,0.0,0.0
1.5,0.4,1.4000000000000004,400.0,0.0,0.0
1.5,0.4,1.6000000000000005,50.0,97.5,0.007085285595577029
1.5,0.4,1.6000000000000005,100.0,0.0,0.0
1.5,0.4,1.6000000000000005,150.0,0.0,0.0
1.5,0.4,1.6000000000000005,200.0,0.0,0.0
1.5,0.4,1.6000000000000005,250.0,0.0,0.0
1.5,0.4,1.6000000000000005,300.0,0.0,0.0
1.5,0.4,1.6000000000000005,350.0,0.0,0.0
1.5,0.4,1.6000000000000005,400.0,0.0,0.0
1.5,0.4,1.8000000000000003,50.0,0.0,0.0
1.5,0.4,1.8000000000000003,100.0,0.0,0.0
1.5,0.4,1.8000000000000003,150.0,0.0,0.0
1.5,0.4,1.8000000000000003,200.0,0.0,0.0
1.5,0.4,1.8000000000000003,250.0,0.0,0.0
1.5,0.4,1.8000000000000003,300.0,0.0,0.0
1.5,0.4,1.8000000000000003,350.0,0.0,0.0
1.5,0.4,1.8000000000000003,400.0,0.0,0.0
1.5,0.4,2.0000000000000004,50.0,0.0,0.0
1.5,0.4,2.0000000000000004,100.0,0.0,0.0
1.5,0.4,2.0000000000000004,150.0,0.0,0.0
1.5,0.4,2.0000000000000004,200.0,0.0,0.0
1.5,0.4,2.0000000000000004,250.0,0.0,0.0
1.5,0.4,2.0000000000000004,300.0,0.0,0.0
1.5,0.4,2.0000000000000004,350.0,0.0,0.0
1.5,0.4,2.0000000000000004,400.0,0.0,0.0
1.5,0.4,2.2000000000000006,50.0,0.0,0.0
1.5,0.4,2.2000000000000006,100.0,0.0,0.0
1.5,0.4,2.2000000000000006,150.0,0.0,0.0
1.5,0.4,2.2000000000000006,200.0,0.0,0.0
1.5,0.4,2.2000000000000006,250.0,0.0,0.0
1.5,0.4,2.2000000000000006,300.0,0.0,0.0
1.5,0.4,2.2000000000000006,350.0,0.0,0.0
1.5,0.4,2.2000000000000006,400.0,0.0,0.0
1.5,0.6000000000000001,0.4,50.0,99.0,0.5014962437264447
1.5,0.6000000000000001,0.4,100.0,99.0,0.4029924874528893
1.5,0.6000000000000001,0.4,150.0,99.0,0.30448873117933395
1.5,0.6000000000000001,0.4,200.0,99.0,0.2059849749057785
1.5,0.6000000000000001,0.4,250.0,99.0,0.10748121863222315
1.5,0.6000000000000001,0.4,300.0,97.5,0.010627928393365793
1.5,0.6000000000000001,0.4,350.0,0.0,0.0
1.5,0.6000000000000001,0.4,400.0,0.0,0.0
1.5,0.6000000000000001,0.6000000000000001,50.0,99.0,0.45224436558966696
1.5,0.6000000000000001,0.6000000000000001,100.0,99.0,0.3044887311793339
1.5,0.6000000000000001,0.6000000000000001,150.0,99.0,0.15673309676900082
1.5,0.6000000000000001,0.6000000000000001,200.0,97.5,0.010627928393365793
1.5,0.6000000000000001,0.6000000000000001,250.0,0.0,0.0
1.5,0.6000000000000001,0.6000000000000001,300.0,0.0,0.0
1.5,0.6000000000000001,0.6000000000000001,350.0,0.0,0.0
1.5,0.6000000000000001,0.6000000000000001,400.0,0.0,0.0
1.5,0.6000000000000001,0.8000000000000002,50.0,99.0,0.4029924874528893
1.5,0.6000000000000001,0.8000000000000002,100.0,99.0,0.20598497490577844
1.5,0.6000000000000001,0.8000000000000002,150.0,97.5,0.010627928393365682
1.5,0.6000000000000001,0.8000000000000002,200.0,0.0,0.0
1.5,0.6000000000000001,0.8000000000000002,250.0,0.0,0.0
1.5,0.6000000000000001,0.8000000000000002,300.0,0.0,0.0
1.5,0.6000000000000001,0.8000000000000002,350.0,0.0,0.0
1.5,0.6000000000000001,0.8000000000000002,400.0,0.0,0.0
1.5,0.6000000000000001,1.0000000000000002,50.0,99.0,0.35374060931611156
1.5,0.6000000000000001,1.0000000000000002,100.0,99.0,0.10748121863222304
1.5,0.6000000000000001,1.0000000000000002,150.0,0.0,0.0
1.5,0.6000000000000001,1.0000000000000002,200.0,0.0,0.0
1.5,0.6000000000000001,1.0000000000000002,250.0,0.0,0.0
1.5,0.6000000000000001,1.0000000000000002,300.0,0.0,0.0
1.5,0.6000000000000001,1.0000000000000002,350.0,0.0,0.0
1.5,0.6000000000000001,1.0000000000000002,400.0,0.0,0.0
1.5,0.6000000000000001,1.2000000000000002,50.0,99.0,0.3044887311793339
1.5,0.6000000000000001,1.2000000000000002,100.0,97.5,0.010627928393365793
1.5,0.6000000000000001,1.2000000000000002,150.0,0.0,0.0
1.5,0.6000000000000001,1.2000000000000002,200.0,0.0,0.0
1.5,0.6000000000000001,1.2000000000000002,250.0,0.0,0.0
1.5,0.6000000000000001,1.2000000000000002,300.0,0.0,0.0
1.5,0.6000000000000001,1.2000000000000002,350.0,0.0,0.0
1.5,0.6000000000000001,1.2000000000000002,400.0,0.0,0.0
1.5,0.6000000000000001,1.4000000000000004,50.0,99.0,0.25523685304255617
1.5,0.6000000000000001,1.4000000000000004,100.0,0.0,0.0
1.5,0.6000000000000001,1.4000000000000004,150.0,0.0,0.0
1.5,0.6000000000000001,1.4000000000000004,200.0,0.0,0.0
1.5,0.6000000000000001,1.4000000000000004,250.0,0.0,0.0
1.5,0.6000000000000001,1.4000000000000004,300.0,0.0,0.0
1.5,0.6000000000000001,1.4000000000000004,350.0,0.0,0.0
1.5,0.6000000000000001,1.4000000000000004,400.0,0.0,0.0
1.5,0.6000000000000001,1.6000000000000005,50.0,99.0,0.20598497490577838
1.5,0.6000000000000001,1.6000000000000005,100.0,0.0,0.0
1.5,0.6000000000000001,1.6000000000000005,150.0,0.0,0.0
1.5,0.6000000000000001,1.6000000000000005,200.0,0.0,0.0
1.5,0.6000000000000001,1.6000000000000005,250.0,0.0,0.0
1.5,0.6000000000000001,1.6000000000000005,300.0,0.0,0.0
1.5,0.6000000000000001,1.6000000000000005,350.0,0.0,0.0
1.5,0.6000000000000001,1.6000000000000005,400.0,0.0,0.0
1.5,0.6000000000000001,1.8000000000000003,50.0,99.0,0.15673309676900077
1.5,0.6000000000000001,1.8000000000000003,100.0,0.0,0.0
1.5,0.6000000000000001,1.8000000000000003,150.0,0.0,0.0
1.5,0.6000000000000001,1.8000000000000003,200.0,0.0,0.0
1.5,0.6000000000000001,1.8000000000000003,250.0,0.0,0.0
1.5,0.6000000000000001,1.8000000000000003,300.0,0.0,0.0
1.5,0.6000000000000001,1.8000000000000003,350.0,0.0,0.0
1.5,0.6000000000000001,1.8000000000000003,400.0,0.0,0.0
1.5,0.6000000000000001,2.0000000000000004,50.0,99.0,0.10748121863222304
1.5,0.6000000000000001,2.0000000000000004,100.0,0.0,0.0
1.5,0.6000000000000001,2.0000000000000004,150.0,0.0,0.0
1.5,0.6000000000000001,2.0000000000000004,200.0,0.0,0.0
1.5,0.6000000000000001,2.0000000000000004,250.0,0.0,0.0
1.5,0.6000000000000001,2.0000000000000004,300.0,0.0,0.0
1.5,0.6000000000000001,2.0000000000000004,350.0,0.0,0.0
1.5,0.6000000000000001,2.0000000000000004,400.0,0.0,0.0
1.5,0.6000000000000001,2.2000000000000006,50.0,97.5,0.058764696435061214
1.5,0.6000000000000001,2.2000000000000006,100.0,0.0,0.0
1.5,0.6000000000000001,2.2000000000000006,150.0,0.0,0.0
1.5,0.6000000000000001,2.2000000000000006,200.0,0.0,0.0
1.5,0.6000000000000001,2.2000000000000006,250.0,0.0,0.0
1.5,0.6000000000000001,2.2000000000000006,300.0,0.0,0.0
1.5,0.6000000000000001,2.2000000000000006,350.0,0.0,0.0
1.5,0.6000000000000001,2.2000000000000006,400.0,0.0,0.0
1.5,0.8000000000000002,0.4,50.0,99.0,0.7014962437264447
1.5,0.8000000000000002,0.4,100.0,99.0,0.6029924874528894
1.5,0.8000000000000002,0.4,150.0,99.0,0.504488731179334
1.5,0.8000000000000002,0.4,200.0,99.0,0.40598497490577856
1.5,0.8000000000000002,0.4,250.0,99.0,0.3074812186322232
1.5,0.8000000000000002,0.4,300.0,99.0,0.20897746235866788
1.5,0.8000000000000002,0.4,350.0,99.0,0.11047370608511242
1.5,0.8000000000000002,0.4,400.0,97.5,0.01417057119115439
1.5,0.8000000000000002,0.6000000000000001,50.0,99.0,0.652244365589667
1.5,0.8000000000000002,0.6000000000000001,100.0,99.0,0.504488731179334
1.5,0.8000000000000002,0.6000000000000001,150.0,99.0,0.3567330967690009
1.5,0.8000000000000002,0.6000000000000001,200.0,99.0,0.20897746235866776
1.5,0.8000000000000002,0.6000000000000001,250.0,97.5,0.06230733923284992
1.5,0.8000000000000002,0.6000000000000001,300.0,0.0,0.0
1.5,0.8000000000000002,0.6000000000000001,350.0,0.0,0.0
1.5,0.8000000000000002,0.6000000000000001,400.0,0.0,0.0
1.5,0.8000000000000002,0.8000000000000002,50.0,99.0,0.6029924874528894
1.5,0.8000000000000002,0.8000000000000002,100.0,99.0,0.4059849749057785
1.5,0.8000000000000002,0.8000000000000002,150.0,99.0,0.20897746235866776
1.5,0.8000000000000002,0.8000000000000002,200.0,97.5,0.01417057119115428
1.5,0.8000000000000002,0.8000000000000002,250.0,0.0,0.0
1.5,0.8000000000000002,0.8000000000000002,300.0,0.0,0.0
1.5,0.8000000000000002,0.8000000000000002,350.0,0.0,0.0
1.5,0.8000000000000002,0.8000000000000002,400.0,0.0,0.0
1.5,0.8000000000000002,1.0000000000000002,50.0,99.0,0.5537406093161117
1.5,0.8000000000000002,1.0000000000000002,100.0,99.0,0.3074812186322231
1.5,0.8000000000000002,1.0000000000000002,150.0,97.5,0.06230733923284981
1.5,0.8000000000000002,1.0000000000000002,200.0,0.0,0.0
1.5,0.8000000000000002,1.0000000000000002,250.0,0.0,0.0
1.5,0.8000000000000002,1.0000000000000002,300.0,0.0,0.0
1.5,0.8000000000000002,1.0000000000000002,350.0,0.0,0.0
1.5,0.8000000000000002,1.0000000000000002,400.0,0.0,0.0
1.5,0.8000000000000002,1.2000000000000002,50.0,99.0,0.504488731179334
1.5,0.8000000000000002,1.2000000000000002,100.0,99.0,0.20897746235866776
1.5,0.8000000000000002,1.2000000000000002,150.0,0.0,0.0
1.5,0.8000000000000002,1.2000000000000002,200.0,0.0,0.0
1.5,0.8000000000000002,1.2000000000000002,250.0,0.0,0.0
1.5,0.8000000000000002,1.2000000000000002,300.0,0.0,0.0
1.5,0.8000000000000002,1.2000000000000002,350.0,0.0,0.0
1.5,0.8000000000000002,1.2000000000000002,400.0,0.0,0.0
1.5,0.8000000000000002,1.4000000000000004,50.0,99.0,0.45523685304255623
1.5,0.8000000000000002,1.4000000000000004,100.0,99.0,0.11047370608511231
1.5,0.8000000000000002,1.4000000000000004,150.0,0.0,0.0
1.5,0.8000000000000002,1.4000000000000004,200.0,0.0,0.0
1.5,0.8000000000000002,1.4000000000000004,250.0,0.0,0.0
1.5,0.8000000000000002,1.4000000000000004,300.0,0.0,0.0
1.5,0.8000000000000002,1.4000000000000004,350.0,0.0,0.0
1.5,0.8000000000000002,1.4000000000000004,400.0,0.0,0.0
1.5,0.8000000000000002,1.6000000000000005,50.0,99.0,0.40598497490577845
1.5,0.8000000000000002,1.6000000000000005,100.0,97.5,0.014170571191154169
1.5,0.8000000000000002,1.6000000000000005,150.0,0.0,0.0
1.5,0.8000000000000002,1.6000000000000005,200.0,0.0,0.0
1.5,0.8000000000000002,1.6000000000000005,250.0,0.0,0.0
1.5,0.8000000000000002,1.6000000000000005,300.0,0.0,0.0
1.5,0.8000000000000002,1.6000000000000005,350.0,0.0,0.0
1.5,0.8000000000000002,1.6000000000000005,400.0,0.0,0.0
1.5,0.8000000000000002,1.8000000000000003,50.0,99.0,0.35673309676900083
1.5,0.8000000000000002,1.8000000000000003,100.0,0.0,0.0
1.5,0.8000000000000002,1.8000000000000003,150.0,0.0,0.0
1.5,0.8000000000000002,1.8000000000000003,200.0,0.0,0.0
1.5,0.8000000000000002,1.8000000000000003,250.0,0.0,0.0
1.5,0.8000000000000002,1.8000000000000003,300.0,0.0,0.0
1.5,0.8000000000000002,1.8000000000000003,350.0,0.0,0.0
1.5,0.8000000000000002,1.8000000000000003,400.0,0.0,0.0
1.5,0.8000000000000002,2.0000000000000004,50.0,99.0,0.3074812186322231
1.5,0.8000000000000002,2.0000000000000004,100.0,0.0,0.0
1.5,0.8000000000000002,2.0000000000000004,150.0,0.0,0.0
1.5,0.8000000000000002,2.0000000000000004,200.0,0.0,0.0
1.5,0.8000000000000002,2.0000000000000004,250.0,0.0,0.0
1.5,0.8000000000000002,2.0000000000000004,300.0,0.0,0.0
1.5,0.8000000000000002,2.0000000000000004,350.0,0.0,0.0
1.5,0.8000000000000002,2.0000000000000004,400.0,0.0,0.0
1.5,0.8000000000000002,2.2000000000000006,50.0,99.0,0.2582293404954453
1.5,0.8000000000000002,2.2000000000000006,100.0,0.0,0.0
1.5,0.8000000000000002,2.2000000000000006,150.0,0.0,0.0
1.5,0.8000000000000002,2.2000000000000006,200.0,0.0,0.0
1.5,0.8000000000000002,2.2000000000000006,250.0,0.0,0.0
1.5,0.8000000000000002,2.2000000000000006,300.0,0.0,0.0
1.5,0.8000000000000002,2.2000000000000006,350.0,0.0,0.0
1.5,0.8000000000000002,2.2000000000000006,400.0,0.0,0.0
1.5,1.0000000000000002,0.4,50.0,99.0,0.9014962437264449
1.5,1.0000000000000002,0.4,100.0,99.0,0.8029924874528894
1.5,1.0000000000000002,0.4,150.0,99.0,0.7044887311793341
1.5,1.0000000000000002,0.4,200.0,99.0,0.6059849749057786
1.5,1.0000000000000002,0.4,250.0,99.0,0.5074812186322233
1.5,1.0000000000000002,0.4,300.0,99.0,0.40897746235866794
1.5,1.0000000000000002,0.4,350.0,99.0,0.3104737060851125
1.5,1.0000000000000002,0.4,400.0,99.0,0.21196994981155703
1.5,1.0000000000000002,0.6000000000000001,50.0,99.0,0.8522443655896671
1.5,1.0000000000000002,0.6000000000000001,100.0,99.0,0.704488731179334
1.5,1.0000000000000002,0.6000000000000001,150.0,99.0,0.556733096769001
1.5,1.0000000000000002,0.6000000000000001,200.0,99.0,0.40897746235866783
1.5,1.0000000000000002,0.6000000000000001,250.0,99.0,0.2612218279483348
1.5,1.0000000000000002,0.6000000000000001,300.0,97.5,0.11398675007233394
1.5,1.0000000000000002,0.6000000000000001,350.0,0.0,0.0
1.5,1.0000000000000002,0.6000000000000001,400.0,0.0,0.0
1.5,1.0000000000000002,0.8000000000000002,50.0,99.0,0.8029924874528894
1.5,1.0000000000000002,0.8000000000000002,100.0,99.0,0.6059849749057786
1.5,1.0000000000000002,0.8000000000000002,150.0,99.0,0.40897746235866783
1.5,1.0000000000000002,0.8000000000000002,200.0,99.0,0.21196994981155692
1.5,1.0000000000000002,0.8000000000000002,250.0,97.5,0.01771321398894299
1.5,1.0000000000000002,0.8000000000000002,300.0,0.0,0.0
1.5,1.0000000000000002,0.8000000000000002,350.0,0.0,0.0
1.5,1.0000000000000002,0.8000000000000002,400.0,0.0,0.0
1.5,1.0000000000000002,1.0000000000000002,50.0,99.0,0.7537406093161116
1.5,1.0000000000000002,1.0000000000000002,100.0,99.0,0.5074812186322232
1.5,1.0000000000000002,1.0000000000000002,150.0,99.0,0.2612218279483348
1.5,1.0000000000000002,1.0000000000000002,200.0,97.5,0.017713213988942877
1.5,1.0000000000000002,1.0000000000000002,250.0,0.0,0.0
1.5,1.0000000000000002,1.0000000000000002,300.0,0.0,0.0
1.5,1.0000000000000002,1.0000000000000002,350.0,0.0,0.0
1.5,1.0000000000000002,1.0000000000000002,400.0,0.0,0.0
1.5,1.0000000000000002,1.2000000000000002,50.0,99.0,0.704488731179334
1.5,1.0000000000000002,1.2000000000000002,100.0,99.0,0.40897746235866783
1.5,1.0000000000000002,1.2000000000000002,150.0,97.5,0.11398675007233394
1.5,1.0000000000000002,1.2000000000000002,200.0,0.0,0.0
1.5,1.0000000000000002,1.2000000000000002,250.0,0.0,0.0
1.5,1.0000000000000002,1.2000000000000002,300.0,0.0,0.0
1.5,1.0000000000000002,1.2000000000000002,350.0,0.0,0.0
1.5,1.0000000000000002,1.2000000000000002,400.0,0.0,0.0
1.5,1.0000000000000002,1.4000000000000004,50.0,99.0,0.6552368530425563
1.5,1.0000000000000002,1.4000000000000004,100.0,99.0,0.3104737060851124
1.5,1.0000000000000002,1.4000000000000004,150.0,0.0,0.0
1.5,1.0000000000000002,1.4000000000000004,200.0,0.0,0.0
1.5,1.0000000000000002,1.4000000000000004,250.0,0.0,0.0
1.5,1.0000000000000002,1.4000000000000004,300.0,0.0,0.0
1.5,1.0000000000000002,1.4000000000000004,350.0,0.0,0.0
1.5,1.0000000000000002,1.4000000000000004,400.0,0.0,0.0
1.5,1.0000000000000002,1.6000000000000005,50.0,99.0,0.6059849749057785
1.5,1.0000000000000002,1.6000000000000005,100.0,99.0,0.2119699498115568
1.5,1.0000000000000002,1.6000000000000005,150.0,0.0,0.0
1.5,1.0000000000000002,1.6000000000000005,200.0,0.0,0.0
1.5,1.0000000000000002,1.6000000000000005,250.0,0.0,0.0
1.5,1.0000000000000002,1.6000000000000005,300.0,0.0,0.0
1.5,1.0000000000000002,1.6000000000000005,350.0,0.0,0.0
1.5,1.0000000000000002,1.6000000000000005,400.0,0.0,0.0
1.5,1.0000000000000002,1.8000000000000003,50.0,99.0,0.556733096769001
1.5,1.0000000000000002,1.8000000000000003,100.0,97.5,0.11398675007233405
1.5,1.0000000000000002,1.8000000000000003,150.0,0.0,0.0
1.5,1.0000000000000002,1.8000000000000003,200.0,0.0,0.0
1.5,1.0000000000000002,1.8000000000000003,250.0,0.0,0.0
1.5,1.0000000000000002,1.8000000000000003,300.0,0.0,0.0
1.5,1.0000000000000002,1.8000000000000003,350.0,0.0,0.0
1.5,1.0000000000000002,1.8000000000000003,400.0,0.0,0.0
1.5,1.0000000000000002,2.0000000000000004,50.0,99.0,0.5074812186322232
1.5,1.0000000000000002,2.0000000000000004,100.0,97.5,0.017713213988942877
1.5,1.0000000000000002,2.0000000000000004,150.0,0.0,0.0
1.5,1.0000000000000002,2.0000000000000004,200.0,0.0,0.0
1.5,1.0000000000000002,2.0000000000000004,250.0,0.0,0.0
1.5,1.0000000000000002,2.0000000000000004,300.0,0.0,0.0
1.5,1.0000000000000002,2.0000000000000004,350.0,0.0,0.0
1.5,1.0000000000000002,2.0000000000000004,400.0,0.0,0.0
1.5,1.0000000000000002,2.2000000000000006,50.0,99.0,0.4582293404954454
1.5,1.0000000000000002,2.2000000000000006,100.0,0.0,0.0
1.5,1.0000000000000002,2.2000000000000006,150.0,0.0,0.0
1.5,1.0000000000000002,2.2000000000000006,200.0,0.0,0.0
1.5,1.0000000000000002,2.2000000000000006,250.0,0.0,0.0
1.5,1.0000000000000002,2.2000000000000006,300.0,0.0,0.0
1.5,1.0000000000000002,2.2000000000000006,350.0,0.0,0.0
1.5,1.0000000000000002,2.2000000000000006,400.0,0.0,0.0
1.5,1.2000000000000002,0.4,50.0,99.0,1.1014962437264448
1.5,1.2000000000000002,0.4,100.0,99.0,1.0029924874528895
1.5,1.2000000000000002,0.4,150.0,99.0,0.904488731179334
1.5,1.2000000000000002,0.4,200.0,99.0,0.8059849749057786
1.5,1.2000000000000002,0.4,250.0,99.0,0.7074812186322232
1.5,1.2000000000000002,0.4,300.0,99.0,0.6089774623586679
1.5,1.2000000000000002,0.4,350.0,99.0,0.5104737060851124
1.5,1.2000000000000002,0.4,400.0,99.0,0.411969949811557
1.5,1.2000000000000002,0.6000000000000001,50.0,99.0,1.0522443655896672
1.5,1.2000000000000002,0.6000000000000001,100.0,99.0,0.9044887311793339
1.5,1.2000000000000002,0.6000000000000001,150.0,99.0,0.7567330967690009
1.5,1.2000000000000002,0.6000000000000001,200.0,99.0,0.6089774623586678
1.5,1.2000000000000002,0.6000000000000001,250.0,99.0,0.4612218279483348
1.5,1.2000000000000002,0.6000000000000001,300.0,99.0,0.31346619353800165
1.5,1.2000000000000002,0.6000000000000001,350.0,99.0,0.16571055912766863
1.5,1.2000000000000002,0.6000000000000001,400.0,97.5,0.021255856786731586
1.5,1.2000000000000002,0.8000000000000002,50.0,99.0,1.0029924874528893
1.5,1.2000000000000002,0.8000000000000002,100.0,99.0,0.8059849749057786
1.5,1.2000000000000002,0.8000000000000002,150.0,99.0,0.6089774623586678
1.5,1.2000000000000002,0.8000000000000002,200.0,99.0,0.4119699498115569
1.5,1.2000000000000002,0.8000000000000002,250.0,99.0,0.2149624372644462
1.5,1.2000000000000002,0.8000000000000002,300.0,97.5,0.021255856786731364
1.5,1.2000000000000002,0.8000000000000002,350.0,0.0,0.0
1.5,1.2000000000000002,0.8000000000000002,400.0,0.0,0.0
1.5,1.2000000000000002,1.0000000000000002,50.0,99.0,0.9537406093161116
1.5,1.2000000000000002,1.0000000000000002,100.0,99.0,0.7074812186322231
1.5,1.2000000000000002,1.0000000000000002,150.0,99.0,0.4612218279483348
1.5,1.2000000000000002,1.0000000000000002,200.0,99.0,0.21496243726444608
1.5,1.2000000000000002,1.0000000000000002,250.0,0.0,0.0
1.5,1.2000000000000002,1.0000000000000002,300.0,0.0,0.0
1.5,1.2000000000000002,1.0000000000000002,350.0,0.0,0.0
1.5,1.2000000000000002,1.0000000000000002,400.0,0.0,0.0
1.5,1.2000000000000002,1.2000000000000002,50.0,99.0,0.9044887311793339
1.5,1.2000000000000002,1.2000000000000002,100.0,99.0,0.6089774623586678
1.5,1.2000000000000002,1.2000000000000002,150.0,99.0,0.31346619353800165
1.5,1.2000000000000002,1.2000000000000002,200.0,97.5,0.021255856786731586
1.5,1.2000000000000002,1.2000000000000002,250.0,0.0,0.0
1.5,1.2000000000000002,1.2000000000000002,300.0,0.0,0.0
1.5,1.2000000000000002,1.2000000000000002,350.0,0.0,0.0
1.5,1.2000000000000002,1.2000000000000002,400.0,0.0,0.0
1.5,1.2000000000000002,1.4000000000000004,50.0,99.0,0.8552368530425563
1.5,1.2000000000000002,1.4000000000000004,100.0,99.0,0.5104737060851123
1.5,1.2000000000000002,1.4000000000000004,150.0,99.0,0.1657105591276684
1.5,1.2000000000000002,1.4000000000000004,200.0,0.0,0.0
1.5,1.2000000000000002,1.4000000000000004,250.0,0.0,0.0
1.5,1.2000000000000002,1.4000000000000004,300.0,0.0,0.0
1.5,1.2000000000000002,1.4000000000000004,350.0,0.0,0.0
1.5,1.2000000000000002,1.4000000000000004,400.0,0.0,0.0
1.5,1.2000000000000002,1.6000000000000005,50.0,99.0,0.8059849749057785
1.5,1.2000000000000002,1.6000000000000005,100.0,99.0,0.41196994981155677
1.5,1.2000000000000002,1.6000000000000005,150.0,97.5,0.021255856786731142
1.5,1.2000000000000002,1.6000000000000005,200.0,0.0,0.0
1.5,1.2000000000000002,1.6000000000000005,250.0,0.0,0.0
1.5,1.2000000000000002,1.6000000000000005,300.0,0.0,0.0
1.5,1.2000000000000002,1.6000000000000005,350.0,0.0,0.0
1.5,1.2000000000000002,1.6000000000000005,400.0,0.0,0.0
1.5,1.2000000000000002,1.8000000000000003,50.0,99.0,0.7567330967690009
1.5,1.2000000000000002,1.8000000000000003,100.0,99.0,0.31346619353800154
1.5,1.2000000000000002,1.8000000000000003,150.0,0.0,0.0
1.5,1.2000000000000002,1.8000000000000003,200.0,0.0,0.0
1.5,1.2000000000000002,1.8000000000000003,250.0,0.0,0.0
1.5,1.2000000000000002,1.8000000000000003,300.0,0.0,0.0
1.5,1.2000000000000002,1.8000000000000003,350.0,0.0,0.0
1.5,1.2000000000000002,1.8000000000000003,400.0,0.0,0.0
1.5,1.2000000000000002,2.0000000000000004,50.0,99.0,0.7074812186322231
1.5,1.2000000000000002,2.0000000000000004,100.0,99.0,0.21496243726444608
1.5,1.2000000000000002,2.0000000000000004,150.0,0.0,0.0
1.5,1.2000000000000002,2.0000000000000004,200.0,0.0,0.0
1.5,1.2000000000000002,2.0000000000000004,250.0,0.0,0.0
1.5,1.2000000000000002,2.0000000000000004,300.0,0.0,0.0
1.5,1.2000000000000002,2.0000000000000004,350.0,0.0,0.0
1.5,1.2000000000000002,2.0000000000000004,400.0,0.0,0.0
1.5,1.2000000000000002,2.2000000000000006,50.0,99.0,0.6582293404954453
1.5,1.2000000000000002,2.2000000000000006,100.0,97.5,0.11752939287012243
1.5,1.2000000000000002,2.2000000000000006,150.0,0.0,0.0
1.5,1.2000000000000002,2.2000000000000006,200.0,0.0,0.0
1.5,1.2000000000000002,2.2000000000000006,250.0,0.0,0.0
1.5,1.2000000000000002,2.2000000000000006,300.0,0.0,0.0
1.5,1.2000000000000002,2.2000000000000006,350.0,0.0,0.0
1.5,1.2000000000000002,2.2000000000000006,400.0,0.0,0.0
1.5,1.4000000000000004,0.4,50.0,99.0,1.301496243726445
1.5,1.4000000000000004,0.4,100.0,99.0,1.2029924874528897
1.5,1.4000000000000004,0.4,150.0,99.0,1.1044887311793343
1.5,1.4000000000000004,0.4,200.0,99.0,1.0059849749057788
1.5,1.4000000000000004,0.4,250.0,99.0,0.9074812186322234
1.5,1.4000000000000004,0.4,300.0,99.0,0.8089774623586681
1.5,1.4000000000000004,0.4,350.0,99.0,0.7104737060851126
1.5,1.4000000000000004,0.4,400.0,99.0,0.6119699498115572
1.5,1.4000000000000004,0.6000000000000001,50.0,99.0,1.2522443655896673
1.5,1.4000000000000004,0.6000000000000001,100.0,99.0,1.104488731179334
1.5,1.4000000000000004,0.6000000000000001,150.0,99.0,0.9567330967690011
1.5,1.4000000000000004,0.6000000000000001,200.0,99.0,0.808977462358668
1.5,1.4000000000000004,0.6000000000000001,250.0,99.0,0.661221827948335
1.5,1.4000000000000004,0.6000000000000001,300.0,99.0,0.5134661935380018
1.5,1.4000000000000004,0.6000000000000001,350.0,99.0,0.3657105591276688
1.5,1.4000000000000004,0.6000000000000001,400.0,99.0,0.21795492471733557
1.5,1.4000000000000004,0.8000000000000002,50.0,99.0,1.2029924874528894
1.5,1.4000000000000004,0.8000000000000002,100.0,99.0,1.0059849749057788
1.5,1.4000000000000004,0.8000000000000002,150.0,99.0,0.808977462358668
1.5,1.4000000000000004,0.8000000000000002,200.0,99.0,0.6119699498115571
1.5,1.4000000000000004,0.8000000000000002,250.0,99.0,0.41496243726444637
1.5,1.4000000000000004,0.8000000000000002,300.0,99.0,0.21795492471733557
1.5,1.4000000000000004,0.8000000000000002,350.0,97.5,0.024798499584520073
1.5,1.4000000000000004,0.8000000000000002,400.0,0.0,0.0
1.5,1.4000000000000004,1.0000000000000002,50.0,99.0,1.1537406093161118
1.5,1.4000000000000004,1.0000000000000002,100.0,99.0,0.9074812186322233
1.5,1.4000000000000004,1.0000000000000002,150.0,99.0,0.661221827948335
1.5,1.4000000000000004,1.0000000000000002,200.0,99.0,0.41496243726444626
1.5,1.4000000000000004,1.0000000000000002,250.0,97.5,0.1692088037096069
1.5,1.4000000000000004,1.0000000000000002,300.0,0.0,0.0
1.5,1.4000000000000004,1.0000000000000002,350.0,0.0,0.0
1.5,1.4000000000000004,1.0000000000000002,400.0,0.0,0.0
1.5,1.4000000000000004,1.2000000000000002,50.0,99.0,1.104488731179334
1.5,1.4000000000000004,1.2000000000000002,100.0,99.0,0.808977462358668
1.5,1.4000000000000004,1.2000000000000002,150.0,99.0,0.5134661935380018
1.5,1.4000000000000004,1.2000000000000002,200.0,99.0,0.21795492471733557
1.5,1.4000000000000004,1.2000000000000002,250.0,0.0,0.0
1.5,1.4000000000000004,1.2000000000000002,300.0,0.0,0.0
1.5,1.4000000000000004,1.2000000000000002,350.0,0.0,0.0
1.5,1.4000000000000004,1.2000000000000002,400.0,0.0,0.0
1.5,1.4000000000000004,1.4000000000000004,50.0,99.0,1.0552368530425564
1.5,1.4000000000000004,1.4000000000000004,100.0,99.0,0.7104737060851125
1.5,1.4000000000000004,1.4000000000000004,150.0,99.0,0.3657105591276686
1.5,1.4000000000000004,1.4000000000000004,200.0,97.5,0.024798499584520073
1.5,1.4000000000000004,1.4000000000000004,250.0,0.0,0.0
1.5,1.4000000000000004,1.4000000000000004,300.0,0.0,0.0
1.5,1.4000000000000004,1.4000000000000004,350.0,0.0,0.0
1.5,1.4000000000000004,1.4000000000000004,400.0,0.0,0.0
1.5,1.4000000000000004,1.6000000000000005,50.0,99.0,1.0059849749057785
1.5,1.4000000000000004,1.6000000000000005,100.0,99.0,0.611969949811557
1.5,1.4000000000000004,1.6000000000000005,150.0,99.0,0.21795492471733557
1.5,1.4000000000000004,1.6000000000000005,200.0,0.0,0.0
1.5,1.4000000000000004,1.6000000000000005,250.0,0.0,0.0
1.5,1.4000000000000004,1.6000000000000005,300.0,0.0,0.0
1.5,1.4000000000000004,1.6000000000000005,350.0,0.0,0.0
1.5,1.4000000000000004,1.6000000000000005,400.0,0.0,0.0
1.5,1.4000000000000004,1.8000000000000003,50.0,99.0,0.9567330967690011
1.5,1.4000000000000004,1.8000000000000003,100.0,99.0,0.5134661935380017
1.5,1.4000000000000004,1.8000000000000003,150.0,97.5,0.0729352676262156
1.5,1.4000000000000004,1.8000000000000003,200.0,0.0,0.0
1.5,1.4000000000000004,1.8000000000000003,250.0,0.0,0.0
1.5,1.4000000000000004,1.8000000000000003,300.0,0.0,0.0
1.5,1.4000000000000004,1.8000000000000003,350.0,0.0,0.0
1.5,1.4000000000000004,1.8000000000000003,400.0,0.0,0.0
1.5,1.4000000000000004,2.0000000000000004,50.0,99.0,0.9074812186322233
1.5,1.4000000000000004,2.0000000000000004,100.0,99.0,0.41496243726444626
1.5,1.4000000000000004,2.0000000000000004,150.0,0.0,0.0
1.5,1.4000000000000004,2.0000000000000004,200.0,0.0,0.0
1.5,1.4000000000000004,2.0000000000000004,250.0,0.0,0.0
1.5,1.4000000000000004,2.0000000000000004,300.0,0.0,0.0
1.5,1.4000000000000004,2.0000000000000004,350.0,0.0,0.0
1.5,1.4000000000000004,2.0000000000000004,400.0,0.0,0.0
1.5,1.4000000000000004,2.2000000000000006,50.0,99.0,0.8582293404954455
1.5,1.4000000000000004,2.2000000000000006,100.0,99.0,0.3164586809908907
1.5,1.4000000000000004,2.2000000000000006,150.0,0.0,0.0
1.5,1.4000000000000004,2.2000000000000006,200.0,0.0,0.0
1.5,1.4000000000000004,2.2000000000000006,250.0,0.0,0.0
1.5,1.4000000000000004,2.2000000000000006,300.0,0.0,0.0
1.5,1.4000000000000004,2.2000000000000006,350.0,0.0,0.0
1.5,1.4000000000000004,2.2000000000000006,400.0,0.0,0.0
1.5,1.6000000000000005,0.4,50.0,99.0,1.5014962437264452
1.5,1.6000000000000005,0.4,100.0,99.0,1.4029924874528898
1.5,1.6000000000000005,0.4,150.0,99.0,1.3044887311793345
1.5,1.6000000000000005,0.4,200.0,99.0,1.205984974905779
1.5,1.6000000000000005,0.4,250.0,99.0,1.1074812186322236
1.5,1.6000000000000005,0.4,300.0,99.0,1.0089774623586683
1.5,1.6000000000000005,0.4,350.0,99.0,0.9104737060851128
1.5,1.6000000000000005,0.4,400.0,99.0,0.8119699498115573
1.5,1.6000000000000005,0.6000000000000001,50.0,99.0,1.4522443655896675
1.5,1.6000000000000005,0.6000000000000001,100.0,99.0,1.3044887311793343
1.5,1.6000000000000005,0.6000000000000001,150.0,99.0,1.1567330967690013
1.5,1.6000000000000005,0.6000000000000001,200.0,99.0,1.008977462358668
1.5,1.6000000000000005,0.6000000000000001,250.0,99.0,0.8612218279483351
1.5,1.6000000000000005,0.6000000000000001,300.0,99.0,0.713466193538002
1.5,1.6000000000000005,0.6000000000000001,350.0,99.0,0.565710559127669
1.5,1.6000000000000005,0.6000000000000001,400.0,99.0,0.41795492471733575
1.5,1.6000000000000005,0.8000000000000002,50.0,99.0,1.4029924874528896
1.5,1.6000000000000005,0.8000000000000002,100.0,99.0,1.205984974905779
1.5,1.6000000000000005,0.8000000000000002,150.0,99.0,1.008977462358668
1.5,1.6000000000000005,0.8000000000000002,200.0,99.0,0.8119699498115572
1.5,1.6000000000000005,0.8000000000000002,250.0,99.0,0.6149624372644465
1.5,1.6000000000000005,0.8000000000000002,300.0,99.0,0.41795492471733575
1.5,1.6000000000000005,0.8000000000000002,350.0,99.0,0.22094741217022484
1.5,1.6000000000000005,0.8000000000000002,400.0,97.5,0.02834114238230878
1.5,1.6000000000000005,1.0000000000000002,50.0,99.0,1.353740609316112
1.5,1.6000000000000005,1.0000000000000002,100.0,99.0,1.1074812186322234
1.5,1.6000000000000005,1.0000000000000002,150.0,99.0,0.8612218279483351
1.5,1.6000000000000005,1.0000000000000002,200.0,99.0,0.6149624372644464
1.5,1.6000000000000005,1.0000000000000002,250.0,99.0,0.3687030465805581
1.5,1.6000000000000005,1.0000000000000002,300.0,97.5,0.12461467846569985
1.5,1.6000000000000005,1.0000000000000002,350.0,0.0,0.0
1.5,1.6000000000000005,1.0000000000000002,400.0,0.0,0.0
1.5,1.6000000000000005,1.2000000000000002,50.0,99.0,1.3044887311793343
1.5,1.6000000000000005,1.2000000000000002,100.0,99.0,1.008977462358668
1.5,1.6000000000000005,1.2000000000000002,150.0,99.0,0.713466193538002
1.5,1.6000000000000005,1.2000000000000002,200.0,99.0,0.41795492471733575
1.5,1.6000000000000005,1.2000000000000002,250.0,97.5,0.12461467846570007
1.5,1.6000000000000005,1.2000000000000002,300.0,0.0,0.0
1.5,1.6000000000000005,1.2000000000000002,350.0,0.0,0.0
1.5,1.6000000000000005,1.2000000000000002,400.0,0.0,0.0
1.5,1.6000000000000005,1.4000000000000004,50.0,99.0,1.2552368530425566
1.5,1.6000000000000005,1.4000000000000004,100.0,99.0,0.9104737060851127
1.5,1.6000000000000005,1.4000000000000004,150.0,99.0,0.5657105591276688
1.5,1.6000000000000005,1.4000000000000004,200.0,99.0,0.22094741217022484
1.5,1.6000000000000005,1.4000000000000004,250.0,0.0,0.0
1.5,1.6000000000000005,1.4000000000000004,300.0,0.0,0.0
1.5,1.6000000000000005,1.4000000000000004,350.0,0.0,0.0
1.5,1.6000000000000005,1.4000000000000004,400.0,0.0,0.0
1.5,1.6000000000000005,1.6000000000000005,50.0,99.0,1.2059849749057787
1.5,1.6000000000000005,1.6000000000000005,100.0,99.0,0.8119699498115571
1.5,1.6000000000000005,1.6000000000000005,150.0,99.0,0.41795492471733575
1.5,1.6000000000000005,1.6000000000000005,200.0,97.5,0.02834114238230856
1.5,1.6000000000000005,1.6000000000000005,250.0,0.0,0.0
1.5,1.6000000000000005,1.6000000000000005,300.0,0.0,0.0
1.5,1.6000000000000005,1.6000000000000005,350.0,0.0,0.0
1.5,1.6000000000000005,1.6000000000000005,400.0,0.0,0.0
1.5,1.6000000000000005,1.8000000000000003,50.0,99.0,1.1567330967690013
1.5,1.6000000000000005,1.8000000000000003,100.0,99.0,0.7134661935380019
1.5,1.6000000000000005,1.8000000000000003,150.0,99.0,0.27019929030700274
1.5,1.6000000000000005,1.8000000000000003,200.0,0.0,0.0
1.5,1.6000000000000005,1.8000000000000003,250.0,0.0,0.0
1.5,1.6000000000000005,1.8000000000000003,300.0,0.0,0.0
1.5,1.6000000000000005,1.8000000000000003,350.0,0.0,0.0
1.5,1.6000000000000005,1.8000000000000003,400.0,0.0,0.0
1.5,1.6000000000000005,2.0000000000000004,50.0,99.0,1.1074812186322234
1.5,1.6000000000000005,2.0000000000000004,100.0,99.0,0.6149624372644464
1.5,1.6000000000000005,2.0000000000000004,150.0,97.5,0.12461467846569985
1.5,1.6000000000000005,2.0000000000000004,200.0,0.0,0.0
1.5,1.6000000000000005,2.0000000000000004,250.0,0.0,0.0
1.5,1.6000000000000005,2.0000000000000004,300.0,0.0,0.0
1.5,1.6000000000000005,2.0000000000000004,350.0,0.0,0.0
1.5,1.6000000000000005,2.0000000000000004,400.0,0.0,0.0
1.5,1.6000000000000005,2.2000000000000006,50.0,99.0,1.0582293404954457
1.5,1.6000000000000005,2.2000000000000006,100.0,99.0,0.5164586809908909
1.5,1.6000000000000005,2.2000000000000006,150.0,0.0,0.0
1.5,1.6000000000000005,2.2000000000000006,200.0,0.0,0.0
1.5,1.6000000000000005,2.2000000000000006,250.0,0.0,0.0
1.5,1.6000000000000005,2.2000000000000006,300.0,0.0,0.0
1.5,1.6000000000000005,2.2000000000000006,350.0,0.0,0.0
1.5,1.6000000000000005,2.2000000000000006,400.0,0.0,0.0
1.5,1.8000000000000003,0.4,50.0,99.0,1.701496243726445
1.5,1.8000000000000003,0.4,100.0,99.0,1.6029924874528896
1.5,1.8000000000000003,0.4,150.0,99.0,1.5044887311793342
1.5,1.8000000000000003,0.4,200.0,99.0,1.4059849749057787
1.5,1.8000000000000003,0.4,250.0,99.0,1.3074812186322233
1.5,1.8000000000000003,0.4,300.0,99.0,1.208977462358668
1.5,1.8000000000000003,0.4,350.0,99.0,1.1104737060851124
1.5,1.8000000000000003,0.4,400.0,99.0,1.011969949811557
1.5,1.8000000000000003,0.6000000000000001,50.0,99.0,1.6522443655896673
1.5,1.8000000000000003,0.6000000000000001,100.0,99.0,1.504488731179334
1.5,1.8000000000000003,0.6000000000000001,150.0,99.0,1.356733096769001
1.5,1.8000000000000003,0.6000000000000001,200.0,99.0,1.2089774623586678
1.5,1.8000000000000003,0.6000000000000001,250.0,99.0,1.061221827948335
1.5,1.8000000000000003,0.6000000000000001,300.0,99.0,0.9134661935380017
1.5,1.8000000000000003,0.6000000000000001,350.0,99.0,0.7657105591276687
1.5,1.8000000000000003,0.6000000000000001,400.0,99.0,0.6179549247173355
1.5,1.8000000000000003,0.8000000000000002,50.0,99.0,1.6029924874528894
1.5,1.8000000000000003,0.8000000000000002,100.0,99.0,1.4059849749057787
1.5,1.8000000000000003,0.8000000000000002,150.0,99.0,1.2089774623586678
1.5,1.8000000000000003,0.8000000000000002,200.0,99.0,1.011969949811557
1.5,1.8000000000000003,0.8000000000000002,250.0,99.0,0.8149624372644463
1.5,1.8000000000000003,0.8000000000000002,300.0,99.0,0.6179549247173355
1.5,1.8000000000000003,0.8000000000000002,350.0,99.0,0.4209474121702246
1.5,1.8000000000000003,0.8000000000000002,400.0,97.5,0.22443085734687918
1.5,1.8000000000000003,1.0000000000000002,50.0,99.0,1.5537406093161117
1.5,1.8000000000000003,1.0000000000000002,100.0,99.0,1.307481218632223
1.5,1.8000000000000003,1.0000000000000002,150.0,99.0,1.061221827948335
1.5,1.8000000000000003,1.0000000000000002,200.0,99.0,0.8149624372644462
1.5,1.8000000000000003,1.0000000000000002,250.0,99.0,0.5687030465805578
1.5,1.8000000000000003,1.0000000000000002,300.0,99.0,0.32244365589666946
1.5,1.8000000000000003,1.0000000000000002,350.0,97.5,0.08002055322179236
1.5,1.8000000000000003,1.0000000000000002,400.0,0.0,0.0
1.5,1.8000000000000003,1.2000000000000002,50.0,99.0,1.504488731179334
1.5,1.8000000000000003,1.2000000000000002,100.0,99.0,1.2089774623586678
1.5,1.8000000000000003,1.2000000000000002,150.0,99.0,0.9134661935380017
1.5,1.8000000000000003,1.2000000000000002,200.0,99.0,0.6179549247173355
1.5,1.8000000000000003,1.2000000000000002,250.0,99.0,0.32244365589666946
1.5,1.8000000000000003,1.2000000000000002,300.0,97.5,0.031883785180097046
1.5,1.8000000000000003,1.2000000000000002,350.0,0.0,0.0
1.5,1.8000000000000003,1.2000000000000002,400.0,0.0,0.0
1.5,1.8000000000000003,1.4000000000000004,50.0,99.0,1.4552368530425563
1.5,1.8000000000000003,1.4000000000000004,100.0,99.0,1.1104737060851124
1.5,1.8000000000000003,1.4000000000000004,150.0,99.0,0.7657105591276685
1.5,1.8000000000000003,1.4000000000000004,200.0,99.0,0.4209474121702246
1.5,1.8000000000000003,1.4000000000000004,250.0,97.5,0.08002055322179258
1.5,1.8000000000000003,1.4000000000000004,300.0,0.0,0.0
1.5,1.8000000000000003,1.4000000000000004,350.0,0.0,0.0
1.5,1.8000000000000003,1.4000000000000004,400.0,0.0,0.0
1.5,1.8000000000000003,1.6000000000000005,50.0,99.0,1.4059849749057785
1.5,1.8000000000000003,1.6000000000000005,100.0,99.0,1.0119699498115569
1.5,1.8000000000000003,1.6000000000000005,150.0,99.0,0.6179549247173355
1.5,1.8000000000000003,1.6000000000000005,200.0,97.5,0.22443085734687895
1.5,1.8000000000000003,1.6000000000000005,250.0,0.0,0.0
1.5,1.8000000000000003,1.6000000000000005,300.0,0.0,0.0
1.5,1.8000000000000003,1.6000000000000005,350.0,0.0,0.0
1.5,1.8000000000000003,1.6000000000000005,400.0,0.0,0.0
1.5,1.8000000000000003,1.8000000000000003,50.0,99.0,1.356733096769001
1.5,1.8000000000000003,1.8000000000000003,100.0,99.0,0.9134661935380016
1.5,1.8000000000000003,1.8000000000000003,150.0,99.0,0.47019929030700247
1.5,1.8000000000000003,1.8000000000000003,200.0,97.5,0.03188378518009727
1.5,1.8000000000000003,1.8000000000000003,250.0,0.0,0.0
1.5,1.8000000000000003,1.8000000000000003,300.0,0.0,0.0
1.5,1.8000000000000003,1.8000000000000003,350.0,0.0,0.0
1.5,1.8000000000000003,1.8000000000000003,400.0,0.0,0.0
1.5,1.8000000000000003,2.0000000000000004,50.0,99.0,1.307481218632223
1.5,1.8000000000000003,2.0000000000000004,100.0,99.0,0.8149624372644462
1.5,1.8000000000000003,2.0000000000000004,150.0,99.0,0.32244365589666946
1.5,1.8000000000000003,2.0000000000000004,200.0,0.0,0.0
1.5,1.8000000000000003,2.0000000000000004,250.0,0.0,0.0
1.5,1.8000000000000003,2.0000000000000004,300.0,0.0,0.0
1.5,1.8000000000000003,2.0000000000000004,350.0,0.0,0.0
1.5,1.8000000000000003,2.0000000000000004,400.0,0.0,0.0
1.5,1.8000000000000003,2.2000000000000006,50.0,99.0,1.2582293404954454
1.5,1.8000000000000003,2.2000000000000006,100.0,99.0,0.7164586809908906
1.5,1.8000000000000003,2.2000000000000006,150.0,97.5,0.17629408930518342
1.5,1.8000000000000003,2.2000000000000006,200.0,0.0,0.0
1.5,1.8000000000000003,2.2000000000000006,250.0,0.0,0.0
1.5,1.8000000000000003,2.2000000000000006,300.0,0.0,0.0
1.5,1.8000000000000003,2.2000000000000006,350.0,0.0,0.0
1.5,1.8000000000000003,2.2000000000000006,400.0,0.0,0.0
1.5,2.0000000000000004,0.4,50.0,99.0,1.901496243726445
1.5,2.0000000000000004,0.4,100.0,99.0,1.8029924874528898
1.5,2.0000000000000004,0.4,150.0,99.0,1.7044887311793344
1.5,2.0000000000000004,0.4,200.0,99.0,1.6059849749057789
1.5,2.0000000000000004,0.4,250.0,99.0,1.5074812186322235
1.5,2.0000000000000004,0.4,300.0,99.0,1.4089774623586682
1.5,2.0000000000000004,0.4,350.0,99.0,1.3104737060851126
1.5,2.0000000000000004,0.4,400.0,99.0,1.2119699498115573
1.5,2.0000000000000004,0.6000000000000001,50.0,99.0,1.8522443655896674
1.5,2.0000000000000004,0.6000000000000001,100.0,99.0,1.7044887311793342
1.5,2.0000000000000004,0.6000000000000001,150.0,99.0,1.5567330967690012
1.5,2.0000000000000004,0.6000000000000001,200.0,99.0,1.408977462358668
1.5,2.0000000000000004,0.6000000000000001,250.0,99.0,1.2612218279483352
1.5,2.0000000000000004,0.6000000000000001,300.0,99.0,1.113466193538002
1.5,2.0000000000000004,0.6000000000000001,350.0,99.0,0.9657105591276689
1.5,2.0000000000000004,0.6000000000000001,400.0,99.0,0.8179549247173357
1.5,2.0000000000000004,0.8000000000000002,50.0,99.0,1.8029924874528895
1.5,2.0000000000000004,0.8000000000000002,100.0,99.0,1.6059849749057789
1.5,2.0000000000000004,0.8000000000000002,150.0,99.0,1.408977462358668
1.5,2.0000000000000004,0.8000000000000002,200.0,99.0,1.2119699498115573
1.5,2.0000000000000004,0.8000000000000002,250.0,99.0,1.0149624372644466
1.5,2.0000000000000004,0.8000000000000002,300.0,99.0,0.8179549247173357
1.5,2.0000000000000004,0.8000000000000002,350.0,99.0,0.6209474121702248
1.5,2.0000000000000004,0.8000000000000002,400.0,99.0,0.42393989962311385
1.5,2.0000000000000004,1.0000000000000002,50.0,99.0,1.7537406093161119
1.5,2.0000000000000004,1.0000000000000002,100.0,99.0,1.5074812186322233
1.5,2.0000000000000004,1.0000000000000002,150.0,99.0,1.2612218279483352
1.5,2.0000000000000004,1.0000000000000002,200.0,99.0,1.0149624372644463
1.5,2.0000000000000004,1.0000000000000002,250.0,99.0,0.768703046580558
1.5,2.0000000000000004,1.0000000000000002,300.0,99.0,0.5224436558966696
1.5,2.0000000000000004,1.0000000000000002,350.0,99.0,0.27618426521278083
1.5,2.0000000000000004,1.0000000000000002,400.0,97.5,0.035426427977885755
1.5,2.0000000000000004,1.2000000000000002,50.0,99.0,1.7044887311793342
1.5,2.0000000000000004,1.2000000000000002,100.0,99.0,1.408977462358668
1.5,2.0000000000000004,1.2000000000000002,150.0,99.0,1.113466193538002
1.5,2.0000000000000004,1.2000000000000002,200.0,99.0,0.8179549247173357
1.5,2.0000000000000004,1.2000000000000002,250.0,99.0,0.5224436558966696
1.5,2.0000000000000004,1.2000000000000002,300.0,97.5,0.22797350014466788
1.5,2.0000000000000004,1.2000000000000002,350.0,0.0,0.0
1.5,2.0000000000000004,1.2000000000000002,400.0,0.0,0.0
1.5,2.0000000000000004,1.4000000000000004,50.0,99.0,1.6552368530425565
1.5,2.0000000000000004,1.4000000000000004,100.0,99.0,1.3104737060851126
1.5,2.0000000000000004,1.4000000000000004,150.0,99.0,0.9657105591276687
1.5,2.0000000000000004,1.4000000000000004,200.0,99.0,0.6209474121702248
1.5,2.0000000000000004,1.4000000000000004,250.0,99.0,0.27618426521278083
1.5,2.0000000000000004,1.4000000000000004,300.0,0.0,0.0
1.5,2.0000000000000004,1.4000000000000004,350.0,0.0,0.0
1.5,2.0000000000000004,1.4000000000000004,400.0,0.0,0.0
1.5,2.0000000000000004,1.6000000000000005,50.0,99.0,1.6059849749057786
1.5,2.0000000000000004,1.6000000000000005,100.0,99.0,1.211969949811557
1.5,2.0000000000000004,1.6000000000000005,150.0,99.0,0.8179549247173357
1.5,2.0000000000000004,1.6000000000000005,200.0,99.0,0.4239398996231136
1.5,2.0000000000000004,1.6000000000000005,250.0,97.5,0.035426427977885755
1.5,2.0000000000000004,1.6000000000000005,300.0,0.0,0.0
1.5,2.0000000000000004,1.6000000000000005,350.0,0.0,0.0
1.5,2.0000000000000004,1.6000000000000005,400.0,0.0,0.0
1.5,2.0000000000000004,1.8000000000000003,50.0,99.0,1.5567330967690012
1.5,2.0000000000000004,1.8000000000000003,100.0,99.0,1.113466193538002
1.5,2.0000000000000004,1.8000000000000003,150.0,99.0,0.6701992903070026
1.5,2.0000000000000004,1.8000000000000003,200.0,97.5,0.2279735001446681
1.5,2.0000000000000004,1.8000000000000003,250.0,0.0,0.0
1.5,2.0000000000000004,1.8000000000000003,300.0,0.0,0.0
1.5,2.0000000000000004,1.8000000000000003,350.0,0.0,0.0
1.5,2.0000000000000004,1.8000000000000003,400.0,0.0,0.0
1.5,2.0000000000000004,2.0000000000000004,50.0,99.0,1.5074812186322233
1.5,2.0000000000000004,2.0000000000000004,100.0,99.0,1.0149624372644463
1.5,2.0000000000000004,2.0000000000000004,150.0,99.0,0.5224436558966696
1.5,2.0000000000000004,2.0000000000000004,200.0,97.5,0.035426427977885755
1.5,2.0000000000000004,2.0000000000000004,250.0,0.0,0.0
1.5,2.0000000000000004,2.0000000000000004,300.0,0.0,0.0
1.5,2.0000000000000004,2.0000000000000004,350.0,0.0,0.0
1.5,2.0000000000000004,2.0000000000000004,400.0,0.0,0.0
1.5,2.0000000000000004,2.2000000000000006,50.0,99.0,1.4582293404954456
1.5,2.0000000000000004,2.2000000000000006,100.0,99.0,0.9164586809908908
1.5,2.0000000000000004,2.2000000000000006,150.0,99.0,0.3746880214863364
1.5,2.0000000000000004,2.2000000000000006,200.0,0.0,0.0
1.5,2.0000000000000004,2.2000000000000006,250.0,0.0,0.0
1.5,2.0000000000000004,2.2000000000000006,300.0,0.0,0.0
1.5,2.0000000000000004,2.2000000000000006,350.0,0.0,0.0
1.5,2.0000000000000004,2.2000000000000006,400.0,0.0,0.0
1.5,2.2000000000000006,0.4,50.0,99.0,2.1014962437264453
1.5,2.2000000000000006,0.4,100.0,99.0,2.00299248745289
1.5,2.2000000000000006,0.4,150.0,99.0,1.9044887311793346
1.5,2.2000000000000006,0.4,200.0,99.0,1.805984974905779
1.5,2.2000000000000006,0.4,250.0,99.0,1.7074812186322237
1.5,2.2000000000000006,0.4,300.0,99.0,1.6089774623586683
1.5,2.2000000000000006,0.4,350.0,99.0,1.5104737060851128
1.5,2.2000000000000006,0.4,400.0,99.0,1.4119699498115574
1.5,2.2000000000000006,0.6000000000000001,50.0,99.0,2.0522443655896674
1.5,2.2000000000000006,0.6000000000000001,100.0,99.0,1.9044887311793344
1.5,2.2000000000000006,0.6000000000000001,150.0,99.0,1.7567330967690014
1.5,2.2000000000000006,0.6000000000000001,200.0,99.0,1.6089774623586681
1.5,2.2000000000000006,0.6000000000000001,250.0,99.0,1.4612218279483353
1.5,2.2000000000000006,0.6000000000000001,300.0,99.0,1.313466193538002
1.5,2.2000000000000006,0.6000000000000001,350.0,99.0,1.165710559127669
1.5,2.2000000000000006,0.6000000000000001,400.0,99.0,1.0179549247173358
1.5,2.2000000000000006,0.8000000000000002,50.0,99.0,2.00299248745289
1.5,2.2000000000000006,0.8000000000000002,100.0,99.0,1.805984974905779
1.5,2.2000000000000006,0.8000000000000002,150.0,99.0,1.6089774623586681
1.5,2.2000000000000006,0.8000000000000002,200.0,99.0,1.4119699498115574
1.5,2.2000000000000006,0.8000000000000002,250.0,99.0,1.2149624372644467
1.5,2.2000000000000006,0.8000000000000002,300.0,99.0,1.0179549247173358
1.5,2.2000000000000006,0.8000000000000002,350.0,99.0,0.8209474121702249
1.5,2.2000000000000006,0.8000000000000002,400.0,99.0,0.623939899623114
1.5,2.2000000000000006,1.0000000000000002,50.0,99.0,1.953740609316112
1.5,2.2000000000000006,1.0000000000000002,100.0,99.0,1.7074812186322235
1.5,2.2000000000000006,1.0000000000000002,150.0,99.0,1.4612218279483353
1.5,2.2000000000000006,1.0000000000000002,200.0,99.0,1.2149624372644465
1.5,2.2000000000000006,1.0000000000000002,250.0,99.0,0.9687030465805582
1.5,2.2000000000000006,1.0000000000000002,300.0,99.0,0.7224436558966698
1.5,2.2000000000000006,1.0000000000000002,350.0,99.0,0.476184265212781
1.5,2.2000000000000006,1.0000000000000002,400.0,97.5,0.23151614294245682
1.5,2.2000000000000006,1.2000000000000002,50.0,99.0,1.9044887311793344
1.5,2.2000000000000006,1.2000000000000002,100.0,99.0,1.6089774623586681
1.5,2.2000000000000006,1.2000000000000002,150.0,99.0,1.313466193538002
1.5,2.2000000000000006,1.2000000000000002,200.0,99.0,1.0179549247173358
1.5,2.2000000000000006,1.2000000000000002,250.0,99.0,0.7224436558966698
1.5,2.2000000000000006,1.2000000000000002,300.0,99.0,0.42693238707600356
1.5,2.2000000000000006,1.2000000000000002,350.0,97.5,0.13524260685906553
1.5,2.2000000000000006,1.2000000000000002,400.0,0.0,0.0
1.5,2.2000000000000006,1.4000000000000004,50.0,99.0,1.8552368530425567
1.5,2.2000000000000006,1.4000000000000004,100.0,99.0,1.5104737060851128
1.5,2.2000000000000006,1.4000000000000004,150.0,99.0,1.1657105591276689
1.5,2.2000000000000006,1.4000000000000004,200.0,99.0,0.8209474121702249
1.5,2.2000000000000006,1.4000000000000004,250.0,99.0,0.476184265212781
1.5,2.2000000000000006,1.4000000000000004,300.0,97.5,0.13524260685906553
1.5,2.2000000000000006,1.4000000000000004,350.0,0.0,0.0
1.5,2.2000000000000006,1.4000000000000004,400.0,0.0,0.0
1.5,2.2000000000000006,1.6000000000000005,50.0,99.0,1.8059849749057788
1.5,2.2000000000000006,1.6000000000000005,100.0,99.0,1.4119699498115572
1.5,2.2000000000000006,1.6000000000000005,150.0,99.0,1.0179549247173358
1.5,2.2000000000000006,1.6000000000000005,200.0,99.0,0.6239398996231138
1.5,2.2000000000000006,1.6000000000000005,250.0,97.5,0.23151614294245682
1.5,2.2000000000000006,1.6000000000000005,300.0,0.0,0.0
1.5,2.2000000000000006,1.6000000000000005,350.0,0.0,0.0
1.5,2.2000000000000006,1.6000000000000005,400.0,0.0,0.0
1.5,2.2000000000000006,1.8000000000000003,50.0,99.0,1.7567330967690014
1.5,2.2000000000000006,1.8000000000000003,100.0,99.0,1.313466193538002
1.5,2.2000000000000006,1.8000000000000003,150.0,99.0,0.8701992903070028
1.5,2.2000000000000006,1.8000000000000003,200.0,99.0,0.42693238707600334
1.5,2.2000000000000006,1.8000000000000003,250.0,0.0,0.0
1.5,2.2000000000000006,1.8000000000000003,300.0,0.0,0.0
1.5,2.2000000000000006,1.8000000000000003,350.0,0.0,0.0
1.5,2.2000000000000006,1.8000000000000003,400.0,0.0,0.0
1.5,2.2000000000000006,2.0000000000000004,50.0,99.0,1.7074812186322235
1.5,2.2000000000000006,2.0000000000000004,100.0,99.0,1.2149624372644465
1.5,2.2000000000000006,2.0000000000000004,150.0,99.0,0.7224436558966698
1.5,2.2000000000000006,2.0000000000000004,200.0,97.5,0.23151614294245682
1.5,2.2000000000000006,2.0000000000000004,250.0,0.0,0.0
1.5,2.2000000000000006,2.0000000000000004,300.0,0.0,0.0
1.5,2.2000000000000006,2.0000000000000004,350.0,0.0,0.0
1.5,2.2000000000000006,2.0000000000000004,400.0,0.0,0.0
1.5,2.2000000000000006,2.2000000000000006,50.0,99.0,1.6582293404954458
1.5,2.2000000000000006,2.2000000000000006,100.0,99.0,1.116458680990891
1.5,2.2000000000000006,2.2000000000000006,150.0,99.0,0.5746880214863366
1.5,2.2000000000000006,2.2000000000000006,200.0,97.5,0.038969070775674464
1.5,2.2000000000000006,2.2000000000000006,250.0,0.0,0.0
1.5,2.2000000000000006,2.2000000000000006,300.0,0.0,0.0
1.5,2.2000000000000006,2.2000000000000006,350.0,0.0,0.0
1.5,2.2000000000000006,2.2000000000000006,400.0,0.0,0.0
1.75,0.4,0.4,50.0,99.0,0.3017434320140828
1.75,0.4,0.4,100.0,99.0,0.20348686402816565
1.75,0.4,0.4,150.0,99.0,0.10523029604224848
1.75,0.4,0.4,200.0,97.5,0.009515022931524508
1.75,0.4,0.4,250.0,0.0,0.0
1.75,0.4,0.4,300.0,0.0,0.0
1.75,0.4,0.4,350.0,0.0,0.0
1.75,0.4,0.4,400.0,0.0,0.0
1.75,0.4,0.6000000000000001,50.0,99.0,0.2526151480211242
1.75,0.4,0.6000000000000001,100.0,99.0,0.10523029604224843
1.75,0.4,0.6000000000000001,150.0,0.0,0.0
1.75,0.4,0.6000000000000001,200.0,0.0,0.0
1.75,0.4,0.6000000000000001,250.0,0.0,0.0
1.75,0.4,0.6000000000000001,300.0,0.0,0.0
1.75,0.4,0.6000000000000001,350.0,0.0,0.0
1.75,0.4,0.6000000000000001,400.0,0.0,0.0
1.75,0.4,0.8000000000000002,50.0,99.0,0.20348686402816563
1.75,0.4,0.8000000000000002,100.0,97.5,0.009515022931524453
1.75,0.4,0.8000000000000002,150.0,0.0,0.0
1.75,0.4,0.8000000000000002,200.0,0.0,0.0
1.75,0.4,0.8000000000000002,250.0,0.0,0.0
1.75,0.4,0.8000000000000002,300.0,0.0,0.0
1.75,0.4,0.8000000000000002,350.0,0.0,0.0
1.75,0.4,0.8000000000000002,400.0,0.0,0.0
1.75,0.4,1.0000000000000002,50.0,99.0,0.15435858003520703
1.75,0.4,1.0000000000000002,100.0,0.0,0.0
1.75,0.4,1.0000000000000002,150.0,0.0,0.0
1.75,0.4,1.0000000000000002,200.0,0.0,0.0
1.75,0.4,1.0000000000000002,250.0,0.0,0.0
1.75,0.4,1.0000000000000002,300.0,0.0,0.0
1.75,0.4,1.0000000000000002,350.0,0.0,0.0
1.75,0.4,1.0000000000000002,400.0,0.0,0.0
1.75,0.4,1.2000000000000002,50.0,99.0,0.10523029604224843
1.75,0.4,1.2000000000000002,100.0,0.0,0.0
1.75,0.4,1.2000000000000002,150.0,0.0,0.0
1.75,0.4,1.2000000000000002,200.0,0.0,0.0
1.75,0.4,1.2000000000000002,250.0,0.0,0.0
1.75,0.4,1.2000000000000002,300.0,0.0,0.0
1.75,0.4,1.2000000000000002,350.0,0.0,0.0
1.75,0.4,1.2000000000000002,400.0,0.0,0.0
1.75,0.4,1.4000000000000004,50.0,97.5,0.05734807380622653
1.75,0.4,1.4000000000000004,100.0,0.0,0.0
1.75,0.4,1.4000000000000004,150.0,0.0,0.0
1.75,0.4,1.4000000000000004,200.0,0.0,0.0
1.75,0.4,1.4000000000000004,250.0,0.0,0.0
1.75,0.4,1.4000000000000004,300.0,0.0,0.0
1.75,0.4,1.4000000000000004,350.0,0.0,0.0
1.75,0.4,1.4000000000000004,400.0,0.0,0.0
1.75,0.4,1.6000000000000005,50.0,97.5,0.009515022931524397
1.75,0.4,1.6000000000000005,100.0,0.0,0.0
1.75,0.4,1.6000000000000005,150.0,0.0,0.0
1.75,0.4,1.6000000000000005,200.0,0.0,0.0
1.75,0.4,1.6000000000000005,250.0,0.0,0.0
1.75,0.4,1.6000000000000005,300.0,0.0,0.0
1.75,0.4,1.6000000000000005,350.0,0.0,0.0
1.75,0.4,1.6000000000000005,400.0,0.0,0.0
1.75,0.4,1.8000000000000003,50.0,0.0,0.0
1.75,0.4,1.8000000000000003,100.0,0.0,0.0
1.75,0.4,1.8000000000000003,150.0,0.0,0.0
1.75,0.4,1.8000000000000003,200.0,0.0,0.0
1.75,0.4,1.8000000000000003,250.0,0.0,0.0
1.75,0.4,1.8000000000000003,300.0,0.0,0.0
1.75,0.4,1.8000000000000003,350.0,0.0,0.0
1.75,0.4,1.8000000000000003,400.0,0.0,0.0
1.75,0.4,2.0000000000000004,50.0,0.0,0.0
1.75,0.4,2.0000000000000004,100.0,0.0,0.0
1.75,0.4,2.0000000000000004,150.0,0.0,0.0
1.75,0.4,2.0000000000000004,200.0,0.0,0.0
1.75,0.4,2.0000000000000004,250.0,0.0,0.0
1.75,0.4,2.0000000000000004,300.0,0.0,0.0
1.75,0.4,2.0000000000000004,350.0,0.0,0.0
1.75,0.4,2.0000000000000004,400.0,0.0,0.0
1.75,0.4,2.2000000000000006,50.0,0.0,0.0
1.75,0.4,2.2000000000000006,100.0,0.0,0.0
1.75,0.4,2.2000000000000006,150.0,0.0,0.0
1.75,0.4,2.2000000000000006,200.0,0.0,0.0
1.75,0.4,2.2000000000000006,250.0,0.0,0.0
1.75,0.4,2.2000000000000006,300.0,0.0,0.0
1.75,0.4,2.2000000000000006,350.0,0.0,0.0
1.75,0.4,2.2000000000000006,400.0,0.0,0.0
1.75,0.6000000000000001,0.4,50.0,99.0,0.5017434320140829
1.75,0.6000000000000001,0.4,100.0,99.0,0.4034868640281657
1.75,0.6000000000000001,0.4,150.0,99.0,0.30523029604224855
1.75,0.6000000000000001,0.4,200.0,99.0,0.20697372805633135
1.75,0.6000000000000001,0.4,250.0,97.5,0.10993863614669108
1.75,0.6000000000000001,0.4,300.0,97.5,0.014272534397286818
1.75,0.6000000000000001,0.4,350.0,0.0,0.0
1.75,0.6000000000000001,0.4,400.0,0.0,0.0
1.75,0.6000000000000001,0.6000000000000001,50.0,99.0,0.4526151480211243
1.75,0.6000000000000001,0.6000000000000001,100.0,99.0,0.3052302960422485
1.75,0.6000000000000001,0.6000000000000001,150.0,99.0,0.15784544406337275
1.75,0.6000000000000001,0.6000000000000001,200.0,97.5,0.014272534397286818
1.75,0.6000000000000001,0.6000000000000001,250.0,0.0,0.0
1.75,0.6000000000000001,0.6000000000000001,300.0,0.0,0.0
1.75,0.6000000000000001,0.6000000000000001,350.0,0.0,0.0
1.75,0.6000000000000001,0.6000000000000001,400.0,0.0,0.0
1.75,0.6000000000000001,0.8000000000000002,50.0,99.0,0.4034868640281657
1.75,0.6000000000000001,0.8000000000000002,100.0,99.0,0.2069737280563313
1.75,0.6000000000000001,0.8000000000000002,150.0,97.5,0.014272534397286707
1.75,0.6000000000000001,0.8000000000000002,200.0,0.0,0.0
1.75,0.6000000000000001,0.8000000000000002,250.0,0.0,0.0
1.75,0.6000000000000001,0.8000000000000002,300.0,0.0,0.0
1.75,0.6000000000000001,0.8000000000000002,350.0,0.0,0.0
1.75,0.6000000000000001,0.8000000000000002,400.0,0.0,0.0
1.75,0.6000000000000001,1.0000000000000002,50.0,99.0,0.3543585800352071
1.75,0.6000000000000001,1.0000000000000002,100.0,97.5,0.10993863614669097
1.75,0.6000000000000001,1.0000000000000002,150.0,0.0,0.0
1.75,0.6000000000000001,1.0000000000000002,200.0,0.0,0.0
1.75,0.6000000000000001,1.0000000000000002,250.0,0.0,0.0
1.75,0.6000000000000001,1.0000000000000002,300.0,0.0,0.0
1.75,0.6000000000000001,1.0000000000000002,350.0,0.0,0.0
1.75,0.6000000000000001,1.0000000000000002,400.0,0.0,0.0
1.75,0.6000000000000001,1.2000000000000002,50.0,99.0,0.3052302960422485
1.75,0.6000000000000001,1.2000000000000002,100.0,97.5,0.014272534397286818
1.75,0.6000000000000001,1.2000000000000002,150.0,0.0,0.0
1.75,0.6000000000000001,1.2000000000000002,200.0,0.0,0.0
1.75,0.6000000000000001,1.2000000000000002,250.0,0.0,0.0
1.75,0.6000000000000001,1.2000000000000002,300.0,0.0,0.0
1.75,0.6000000000000001,1.2000000000000002,350.0,0.0,0.0
1.75,0.6000000000000001,1.2000000000000002,400.0,0.0,0.0
1.75,0.6000000000000001,1.4000000000000004,50.0,99.0,0.2561020120492899
1.75,0.6000000000000001,1.4000000000000004,100.0,0.0,0.0
1.75,0.6000000000000001,1.4000000000000004,150.0,0.0,0.0
1.75,0.6000000000000001,1.4000000000000004,200.0,0.0,0.0
1.75,0.6000000000000001,1.4000000000000004,250.0,0.0,0.0
1.75,0.6000000000000001,1.4000000000000004,300.0,0.0,0.0
1.75,0.6000000000000001,1.4000000000000004,350.0,0.0,0.0
1.75,0.6000000000000001,1.4000000000000004,400.0,0.0,0.0
1.75,0.6000000000000001,1.6000000000000005,50.0,99.0,0.20697372805633124
1.75,0.6000000000000001,1.6000000000000005,100.0,0.0,0.0
1.75,0.6000000000000001,1.6000000000000005,150.0,0.0,0.0
1.75,0.6000000000000001,1.6000000000000005,200.0,0.0,0.0
1.75,0.6000000000000001,1.6000000000000005,250.0,0.0,0.0
1.75,0.6000000000000001,1.6000000000000005,300.0,0.0,0.0
1.75,0.6000000000000001,1.6000000000000005,350.0,0.0,0.0
1.75,0.6000000000000001,1.6000000000000005,400.0,0.0,0.0
1.75,0.6000000000000001,1.8000000000000003,50.0,99.0,0.15784544406337275
1.75,0.6000000000000001,1.8000000000000003,100.0,0.0,0.0
1.75,0.6000000000000001,1.8000000000000003,150.0,0.0,0.0
1.75,0.6000000000000001,1.8000000000000003,200.0,0.0,0.0
1.75,0.6000000000000001,1.8000000000000003,250.0,0.0,0.0
1.75,0.6000000000000001,1.8000000000000003,300.0,0.0,0.0
1.75,0.6000000000000001,1.8000000000000003,350.0,0.0,0.0
1.75,0.6000000000000001,1.8000000000000003,400.0,0.0,0.0
1.75,0.6000000000000001,2.0000000000000004,50.0,97.5,0.10993863614669097
1.75,0.6000000000000001,2.0000000000000004,100.0,0.0,0.0
1.75,0.6000000000000001,2.0000000000000004,150.0,0.0,0.0
1.75,0.6000000000000001,2.0000000000000004,200.0,0.0,0.0
1.75,0.6000000000000001,2.0000000000000004,250.0,0.0,0.0
1.75,0.6000000000000001,2.0000000000000004,300.0,0.0,0.0
1.75,0.6000000000000001,2.0000000000000004,350.0,0.0,0.0
1.75,0.6000000000000001,2.0000000000000004,400.0,0.0,0.0
1.75,0.6000000000000001,2.2000000000000006,50.0,97.5,0.06210558527198884
1.75,0.6000000000000001,2.2000000000000006,100.0,0.0,0.0
1.75,0.6000000000000001,2.2000000000000006,150.0,0.0,0.0
1.75,0.6000000000000001,2.2000000000000006,200.0,0.0,0.0
1.75,0.6000000000000001,2.2000000000000006,250.0,0.0,0.0
1.75,0.6000000000000001,2.2000000000000006,300.0,0.0,0.0
1.75,0.6000000000000001,2.2000000000000006,350.0,0.0,0.0
1.75,0.6000000000000001,2.2000000000000006,400.0,0.0,0.0
1.75,0.8000000000000002,0.4,50.0,99.0,0.701743432014083
1.75,0.8000000000000002,0.4,100.0,99.0,0.6034868640281658
1.75,0.8000000000000002,0.4,150.0,99.0,0.5052302960422486
1.75,0.8000000000000002,0.4,200.0,99.0,0.4069737280563314
1.75,0.8000000000000002,0.4,250.0,99.0,0.30871716007041433
1.75,0.8000000000000002,0.4,300.0,99.0,0.21046059208449708
1.75,0.8000000000000002,0.4,350.0,97.5,0.11469614761245328
1.75,0.8000000000000002,0.4,400.0,97.5,0.019030045863049128
1.75,0.8000000000000002,0.6000000000000001,50.0,99.0,0.6526151480211244
1.75,0.8000000000000002,0.6000000000000001,100.0,99.0,0.5052302960422486
1.75,0.8000000000000002,0.6000000000000001,150.0,99.0,0.3578454440633728
1.75,0.8000000000000002,0.6000000000000001,200.0,99.0,0.21046059208449697
1.75,0.8000000000000002,0.6000000000000001,250.0,97.5,0.06686309673775115
1.75,0.8000000000000002,0.6000000000000001,300.0,0.0,0.0
1.75,0.8000000000000002,0.6000000000000001,350.0,0.0,0.0
1.75,0.8000000000000002,0.6000000000000001,400.0,0.0,0.0
1.75,0.8000000000000002,0.8000000000000002,50.0,99.0,0.6034868640281658
1.75,0.8000000000000002,0.8000000000000002,100.0,99.0,0.40697372805633136
1.75,0.8000000000000002,0.8000000000000002,150.0,99.0,0.21046059208449697
1.75,0.8000000000000002,0.8000000000000002,200.0,97.5,0.019030045863049017
1.75,0.8000000000000002,0.8000000000000002,250.0,0.0,0.0
1.75,0.8000000000000002,0.8000000000000002,300.0,0.0,0.0
1.75,0.8000000000000002,0.8000000000000002,350.0,0.0,0.0
1.75,0.8000000000000002,0.8000000000000002,400.0,0.0,0.0
1.75,0.8000000000000002,1.0000000000000002,50.0,99.0,0.5543585800352071
1.75,0.8000000000000002,1.0000000000000002,100.0,99.0,0.30871716007041416
1.75,0.8000000000000002,1.0000000000000002,150.0,97.5,0.06686309673775115
1.75,0.8000000000000002,1.0000000000000002,200.0,0.0,0.0
1.75,0.8000000000000002,1.0000000000000002,250.0,0.0,0.0
1.75,0.8000000000000002,1.0000000000000002,300.0,0.0,0.0
1.75,0.8000000000000002,1.0000000000000002,350.0,0.0,0.0
1.75,0.8000000000000002,1.0000000000000002,400.0,0.0,0.0
1.75,0.8000000000000002,1.2000000000000002,50.0,99.0,0.5052302960422486
1.75,0.8000000000000002,1.2000000000000002,100.0,99.0,0.21046059208449697
1.75,0.8000000000000002,1.2000000000000002,150.0,0.0,0.0
1.75,0.8000000000000002,1.2000000000000002,200.0,0.0,0.0
1.75,0.8000000000000002,1.2000000000000002,250.0,0.0,0.0
1.75,0.8000000000000002,1.2000000000000002,300.0,0.0,0.0
1.75,0.8000000000000002,1.2000000000000002,350.0,0.0,0.0
1.75,0.8000000000000002,1.2000000000000002,400.0,0.0,0.0
1.75,0.8000000000000002,1.4000000000000004,50.0,99.0,0.45610201204928996
1.75,0.8000000000000002,1.4000000000000004,100.0,97.5,0.11469614761245317
1.75,0.8000000000000002,1.4000000000000004,150.0,0.0,0.0
1.75,0.8000000000000002,1.4000000000000004,200.0,0.0,0.0
1.75,0.8000000000000002,1.4000000000000004,250.0,0.0,0.0
1.75,0.8000000000000002,1.4000000000000004,300.0,0.0,0.0
1.75,0.8000000000000002,1.4000000000000004,350.0,0.0,0.0
1.75,0.8000000000000002,1.4000000000000004,400.0,0.0,0.0
1.75,0.8000000000000002,1.6000000000000005,50.0,99.0,0.4069737280563313
1.75,0.8000000000000002,1.6000000000000005,100.0,97.5,0.019030045863048906
1.75,0.8000000000000002,1.6000000000000005,150.0,0.0,0.0
1.75,0.8000000000000002,1.6000000000000005,200.0,0.0,0.0
1.75,0.8000000000000002,1.6000000000000005,250.0,0.0,0.0
1.75,0.8000000000000002,1.6000000000000005,300.0,0.0,0.0
1.75,0.8000000000000002,1.6000000000000005,350.0,0.0,0.0
1.75,0.8000000000000002,1.6000000000000005,400.0,0.0,0.0
1.75,0.8000000000000002,1.8000000000000003,50.0,99.0,0.3578454440633728
1.75,0.8000000000000002,1.8000000000000003,100.0,0.0,0.0
1.75,0.8000000000000002,1.8000000000000003,150.0,0.0,0.0
1.75,0.8000000000000002,1.8000000000000003,200.0,0.0,0.0
1.75,0.8000000000000002,1.8000000000000003,250.0,0.0,0.0
1.75,0.8000000000000002,1.8000000000000003,300.0,0.0,0.0
1.75,0.8000000000000002,1.8000000000000003,350.0,0.0,0.0
1.75,0.8000000000000002,1.8000000000000003,400.0,0.0,0.0
1.75,0.8000000000000002,2.0000000000000004,50.0,99.0,0.30871716007041416
1.75,0.8000000000000002,2.0000000000000004,100.0,0.0,0.0
1.75,0.8000000000000002,2.0000000000000004,150.0,0.0,0.0
1.75,0.8000000000000002,2.0000000000000004,200.0,0.0,0.0
1.75,0.8000000000000002,2.0000000000000004,250.0,0.0,0.0
1.75,0.8000000000000002,2.0000000000000004,300.0,0.0,0.0
1.75,0.8000000000000002,2.0000000000000004,350.0,0.0,0.0
1.75,0.8000000000000002,2.0000000000000004,400.0,0.0,0.0
1.75,0.8000000000000002,2.2000000000000006,50.0,99.0,0.2595888760774555
1.75,0.8000000000000002,2.2000000000000006,100.0,0.0,0.0
1.75,0.8000000000000002,2.2000000000000006,150.0,0.0,0.0
1.75,0.8000000000000002,2.2000000000000006,200.0,0.0,0.0
1.75,0.8000000000000002,2.2000000000000006,250.0,0.0,0.0
1.75,0.8000000000000002,2.2000000000000006,300.0,0.0,0.0
1.75,0.8000000000000002,2.2000000000000006,350.0,0.0,0.0
1.75,0.8000000000000002,2.2000000000000006,400.0,0.0,0.0
1.75,1.0000000000000002,0.4,50.0,99.0,0.901743432014083
1.75,1.0000000000000002,0.4,100.0,99.0,0.8034868640281658
1.75,1.0000000000000002,0.4,150.0,99.0,0.7052302960422487
1.75,1.0000000000000002,0.4,200.0,99.0,0.6069737280563314
1.75,1.0000000000000002,0.4,250.0,99.0,0.5087171600704143
1.75,1.0000000000000002,0.4,300.0,99.0,0.41046059208449714
1.75,1.0000000000000002,0.4,350.0,99.0,0.31220402409857995
1.75,1.0000000000000002,0.4,400.0,97.5,0.21511976082761985
1.75,1.0000000000000002,0.6000000000000001,50.0,99.0,0.8526151480211244
1.75,1.0000000000000002,0.6000000000000001,100.0,99.0,0.7052302960422486
1.75,1.0000000000000002,0.6000000000000001,150.0,99.0,0.5578454440633729
1.75,1.0000000000000002,0.6000000000000001,200.0,99.0,0.41046059208449703
1.75,1.0000000000000002,0.6000000000000001,250.0,99.0,0.2630757401056214
1.75,1.0000000000000002,0.6000000000000001,300.0,97.5,0.11945365907821548
1.75,1.0000000000000002,0.6000000000000001,350.0,0.0,0.0
1.75,1.0000000000000002,0.6000000000000001,400.0,0.0,0.0
1.75,1.0000000000000002,0.8000000000000002,50.0,99.0,0.8034868640281658
1.75,1.0000000000000002,0.8000000000000002,100.0,99.0,0.6069737280563314
1.75,1.0000000000000002,0.8000000000000002,150.0,99.0,0.41046059208449703
1.75,1.0000000000000002,0.8000000000000002,200.0,97.5,0.21511976082761974
1.75,1.0000000000000002,0.8000000000000002,250.0,97.5,0.023787557328811215
1.75,1.0000000000000002,0.8000000000000002,300.0,0.0,0.0
1.75,1.0000000000000002,0.8000000000000002,350.0,0.0,0.0
1.75,1.0000000000000002,0.8000000000000002,400.0,0.0,0.0
1.75,1.0000000000000002,1.0000000000000002,50.0,99.0,0.7543585800352073
1.75,1.0000000000000002,1.0000000000000002,100.0,99.0,0.5087171600704142
1.75,1.0000000000000002,1.0000000000000002,150.0,99.0,0.2630757401056213
1.75,1.0000000000000002,1.0000000000000002,200.0,97.5,0.023787557328811215
1.75,1.0000000000000002,1.0000000000000002,250.0,0.0,0.0
1.75,1.0000000000000002,1.0000000000000002,300.0,0.0,0.0
1.75,1.0000000000000002,1.0000000000000002,350.0,0.0,0.0
1.75,1.0000000000000002,1.0000000000000002,400.0,0.0,0.0
1.75,1.0000000000000002,1.2000000000000002,50.0,99.0,0.7052302960422486
1.75,1.0000000000000002,1.2000000000000002,100.0,99.0,0.41046059208449703
1.75,1.0000000000000002,1.2000000000000002,150.0,97.5,0.11945365907821548
1.75,1.0000000000000002,1.2000000000000002,200.0,0.0,0.0
1.75,1.0000000000000002,1.2000000000000002,250.0,0.0,0.0
1.75,1.0000000000000002,1.2000000000000002,300.0,0.0,0.0
1.75,1.0000000000000002,1.2000000000000002,350.0,0.0,0.0
1.75,1.0000000000000002,1.2000000000000002,400.0,0.0,0.0
1.75,1.0000000000000002,1.4000000000000004,50.0,99.0,0.65610201204929
1.75,1.0000000000000002,1.4000000000000004,100.0,99.0,0.31220402409857984
1.75,1.0000000000000002,1.4000000000000004,150.0,0.0,0.0
1.75,1.0000000000000002,1.4000000000000004,200.0,0.0,0.0
1.75,1.0000000000000002,1.4000000000000004,250.0,0.0,0.0
1.75,1.0000000000000002,1.4000000000000004,300.0,0.0,0.0
1.75,1.0000000000000002,1.4000000000000004,350.0,0.0,0.0
1.75,1.0000000000000002,1.4000000000000004,400.0,0.0,0.0
1.75,1.0000000000000002,1.6000000000000005,50.0,99.0,0.6069737280563314
1.75,1.0000000000000002,1.6000000000000005,100.0,97.5,0.21511976082761963
1.75,1.0000000000000002,1.6000000000000005,150.0,0.0,0.0
1.75,1.0000000000000002,1.6000000000000005,200.0,0.0,0.0
1.75,1.0000000000000002,1.6000000000000005,250.0,0.0,0.0
1.75,1.0000000000000002,1.6000000000000005,300.0,0.0,0.0
1.75,1.0000000000000002,1.6000000000000005,350.0,0.0,0.0
1.75,1.0000000000000002,1.6000000000000005,400.0,0.0,0.0
1.75,1.0000000000000002,1.8000000000000003,50.0,99.0,0.5578454440633729
1.75,1.0000000000000002,1.8000000000000003,100.0,97.5,0.11945365907821548
1.75,1.0000000000000002,1.8000000000000003,150.0,0.0,0.0
1.75,1.0000000000000002,1.8000000000000003,200.0,0.0,0.0
1.75,1.0000000000000002,1.8000000000000003,250.0,0.0,0.0
1.75,1.0000000000000002,1.8000000000000003,300.0,0.0,0.0
1.75,1.0000000000000002,1.8000000000000003,350.0,0.0,0.0
1.75,1.0000000000000002,1.8000000000000003,400.0,0.0,0.0
1.75,1.0000000000000002,2.0000000000000004,50.0,99.0,0.5087171600704142
1.75,1.0000000000000002,2.0000000000000004,100.0,97.5,0.023787557328811215
1.75,1.0000000000000002,2.0000000000000004,150.0,0.0,0.0
1.75,1.0000000000000002,2.0000000000000004,200.0,0.0,0.0
1.75,1.0000000000000002,2.0000000000000004,250.0,0.0,0.0
1.75,1.0000000000000002,2.0000000000000004,300.0,0.0,0.0
1.75,1.0000000000000002,2.0000000000000004,350.0,0.0,0.0
1.75,1.0000000000000002,2.0000000000000004,400.0,0.0,0.0
1.75,1.0000000000000002,2.2000000000000006,50.0,99.0,0.4595888760774556
1.75,1.0000000000000002,2.2000000000000006,100.0,0.0,0.0
1.75,1.0000000000000002,2.2000000000000006,150.0,0.0,0.0
1.75,1.0000000000000002,2.2000000000000006,200.0,0.0,0.0
1.75,1.0000000000000002,2.2000000000000006,250.0,0.0,0.0
1.75,1.0000000000000002,2.2000000000000006,300.0,0.0,0.0
1.75,1.0000000000000002,2.2000000000000006,350.0,0.0,0.0
1.75,1.0000000000000002,2.2000000000000006,400.0,0.0,0.0
1.75,1.2000000000000002,0.4,50.0,99.0,1.101743432014083
1.75,1.2000000000000002,0.4,100.0,99.0,1.0034868640281658
1.75,1.2000000000000002,0.4,150.0,99.0,0.9052302960422487
1.75,1.2000000000000002,0.4,200.0,99.0,0.8069737280563314
1.75,1.2000000000000002,0.4,250.0,99.0,0.7087171600704143
1.75,1.2000000000000002,0.4,300.0,99.0,0.6104605920844971
1.75,1.2000000000000002,0.4,350.0,99.0,0.5122040240985799
1.75,1.2000000000000002,0.4,400.0,99.0,0.4139474561126627
1.75,1.2000000000000002,0.6000000000000001,50.0,99.0,1.0526151480211243
1.75,1.2000000000000002,0.6000000000000001,100.0,99.0,0.9052302960422486
1.75,1.2000000000000002,0.6000000000000001,150.0,99.0,0.7578454440633728
1.75,1.2000000000000002,0.6000000000000001,200.0,99.0,0.610460592084497
1.75,1.2000000000000002,0.6000000000000001,250.0,99.0,0.46307574010562136
1.75,1.2000000000000002,0.6000000000000001,300.0,99.0,0.3156908881267455
1.75,1.2000000000000002,0.6000000000000001,350.0,97.5,0.17204422141867992
1.75,1.2000000000000002,0.6000000000000001,400.0,97.5,0.028545068794573636
1.75,1.2000000000000002,0.8000000000000002,50.0,99.0,1.0034868640281658
1.75,1.2000000000000002,0.8000000000000002,100.0,99.0,0.8069737280563314
1.75,1.2000000000000002,0.8000000000000002,150.0,99.0,0.610460592084497
1.75,1.2000000000000002,0.8000000000000002,200.0,99.0,0.4139474561126626
1.75,1.2000000000000002,0.8000000000000002,250.0,97.5,0.21987727229338194
1.75,1.2000000000000002,0.8000000000000002,300.0,97.5,0.028545068794573414
1.75,1.2000000000000002,0.8000000000000002,350.0,0.0,0.0
1.75,1.2000000000000002,0.8000000000000002,400.0,0.0,0.0
1.75,1.2000000000000002,1.0000000000000002,50.0,99.0,0.9543585800352072
1.75,1.2000000000000002,1.0000000000000002,100.0,99.0,0.7087171600704142
1.75,1.2000000000000002,1.0000000000000002,150.0,99.0,0.46307574010562125
1.75,1.2000000000000002,1.0000000000000002,200.0,97.5,0.21987727229338194
1.75,1.2000000000000002,1.0000000000000002,250.0,0.0,0.0
1.75,1.2000000000000002,1.0000000000000002,300.0,0.0,0.0
1.75,1.2000000000000002,1.0000000000000002,350.0,0.0,0.0
1.75,1.2000000000000002,1.0000000000000002,400.0,0.0,0.0
1.75,1.2000000000000002,1.2000000000000002,50.0,99.0,0.9052302960422486
1.75,1.2000000000000002,1.2000000000000002,100.0,99.0,0.610460592084497
1.75,1.2000000000000002,1.2000000000000002,150.0,99.0,0.3156908881267455
1.75,1.2000000000000002,1.2000000000000002,200.0,97.5,0.028545068794573636
1.75,1.2000000000000002,1.2000000000000002,250.0,0.0,0.0
1.75,1.2000000000000002,1.2000000000000002,300.0,0.0,0.0
1.75,1.2000000000000002,1.2000000000000002,350.0,0.0,0.0
1.75,1.2000000000000002,1.2000000000000002,400.0,0.0,0.0
1.75,1.2000000000000002,1.4000000000000004,50.0,99.0,0.8561020120492899
1.75,1.2000000000000002,1.4000000000000004,100.0,99.0,0.5122040240985798
1.75,1.2000000000000002,1.4000000000000004,150.0,97.5,0.1720442214186797
1.75,1.2000000000000002,1.4000000000000004,200.0,0.0,0.0
1.75,1.2000000000000002,1.4000000000000004,250.0,0.0,0.0
1.75,1.2000000000000002,1.4000000000000004,300.0,0.0,0.0
1.75,1.2000000000000002,1.4000000000000004,350.0,0.0,0.0
1.75,1.2000000000000002,1.4000000000000004,400.0,0.0,0.0
1.75,1.2000000000000002,1.6000000000000005,50.0,99.0,0.8069737280563314
1.75,1.2000000000000002,1.6000000000000005,100.0,99.0,0.4139474561126625
1.75,1.2000000000000002,1.6000000000000005,150.0,97.5,0.028545068794573414
1.75,1.2000000000000002,1.6000000000000005,200.0,0.0,0.0
1.75,1.2000000000000002,1.6000000000000005,250.0,0.0,0.0
1.75,1.2000000000000002,1.6000000000000005,300.0,0.0,0.0
1.75,1.2000000000000002,1.6000000000000005,350.0,0.0,0.0
1.75,1.2000000000000002,1.6000000000000005,400.0,0.0,0.0
1.75,1.2000000000000002,1.8000000000000003,50.0,99.0,0.7578454440633728
1.75,1.2000000000000002,1.8000000000000003,100.0,99.0,0.3156908881267455
1.75,1.2000000000000002,1.8000000000000003,150.0,0.0,0.0
1.75,1.2000000000000002,1.8000000000000003,200.0,0.0,0.0
1.75,1.2000000000000002,1.8000000000000003,250.0,0.0,0.0
1.75,1.2000000000000002,1.8000000000000003,300.0,0.0,0.0
1.75,1.2000000000000002,1.8000000000000003,350.0,0.0,0.0
1.75,1.2000000000000002,1.8000000000000003,400.0,0.0,0.0
1.75,1.2000000000000002,2.0000000000000004,50.0,99.0,0.7087171600704142
1.75,1.2000000000000002,2.0000000000000004,100.0,97.5,0.21987727229338194
1.75,1.2000000000000002,2.0000000000000004,150.0,0.0,0.0
1.75,1.2000000000000002,2.0000000000000004,200.0,0.0,0.0
1.75,1.2000000000000002,2.0000000000000004,250.0,0.0,0.0
1.75,1.2000000000000002,2.0000000000000004,300.0,0.0,0.0
1.75,1.2000000000000002,2.0000000000000004,350.0,0.0,0.0
1.75,1.2000000000000002,2.0000000000000004,400.0,0.0,0.0
1.75,1.2000000000000002,2.2000000000000006,50.0,99.0,0.6595888760774555
1.75,1.2000000000000002,2.2000000000000006,100.0,97.5,0.12421117054397768
1.75,1.2000000000000002,2.2000000000000006,150.0,0.0,0.0
1.75,1.2000000000000002,2.2000000000000006,200.0,0.0,0.0
1.75,1.2000000000000002,2.2000000000000006,250.0,0.0,0.0
1.75,1.2000000000000002,2.2000000000000006,300.0,0.0,0.0
1.75,1.2000000000000002,2.2000000000000006,350.0,0.0,0.0
1.75,1.2000000000000002,2.2000000000000006,400.0,0.0,0.0
1.75,1.4000000000000004,0.4,50.0,99.0,1.3017434320140833
1.75,1.4000000000000004,0.4,100.0,99.0,1.203486864028166
1.75,1.4000000000000004,0.4,150.0,99.0,1.1052302960422489
1.75,1.4000000000000004,0.4,200.0,99.0,1.0069737280563316
1.75,1.4000000000000004,0.4,250.0,99.0,0.9087171600704145
1.75,1.4000000000000004,0.4,300.0,99.0,0.8104605920844973
1.75,1.4000000000000004,0.4,350.0,99.0,0.7122040240985801
1.75,1.4000000000000004,0.4,400.0,99.0,0.6139474561126629
1.75,1.4000000000000004,0.6000000000000001,50.0,99.0,1.2526151480211245
1.75,1.4000000000000004,0.6000000000000001,100.0,99.0,1.1052302960422486
1.75,1.4000000000000004,0.6000000000000001,150.0,99.0,0.957845444063373
1.75,1.4000000000000004,0.6000000000000001,200.0,99.0,0.8104605920844972
1.75,1.4000000000000004,0.6000000000000001,250.0,99.0,0.6630757401056215
1.75,1.4000000000000004,0.6000000000000001,300.0,99.0,0.5156908881267457
1.75,1.4000000000000004,0.6000000000000001,350.0,99.0,0.36830603614786983
1.75,1.4000000000000004,0.6000000000000001,400.0,97.5,0.22463478375914447
1.75,1.4000000000000004,0.8000000000000002,50.0,99.0,1.203486864028166
1.75,1.4000000000000004,0.8000000000000002,100.0,99.0,1.0069737280563316
1.75,1.4000000000000004,0.8000000000000002,150.0,99.0,0.8104605920844972
1.75,1.4000000000000004,0.8000000000000002,200.0,99.0,0.6139474561126628
1.75,1.4000000000000004,0.8000000000000002,250.0,99.0,0.4174343201408286
1.75,1.4000000000000004,0.8000000000000002,300.0,97.5,0.22463478375914425
1.75,1.4000000000000004,0.8000000000000002,350.0,97.5,0.033302580260335946
1.75,1.4000000000000004,0.8000000000000002,400.0,0.0,0.0
1.75,1.4000000000000004,1.0000000000000002,50.0,99.0,1.1543585800352074
1.75,1.4000000000000004,1.0000000000000002,100.0,99.0,0.9087171600704144
1.75,1.4000000000000004,1.0000000000000002,150.0,99.0,0.6630757401056214
1.75,1.4000000000000004,1.0000000000000002,200.0,99.0,0.4174343201408284
1.75,1.4000000000000004,1.0000000000000002,250.0,97.5,0.17680173288444223
1.75,1.4000000000000004,1.0000000000000002,300.0,0.0,0.0
1.75,1.4000000000000004,1.0000000000000002,350.0,0.0,0.0
1.75,1.4000000000000004,1.0000000000000002,400.0,0.0,0.0
1.75,1.4000000000000004,1.2000000000000002,50.0,99.0,1.1052302960422486
1.75,1.4000000000000004,1.2000000000000002,100.0,99.0,0.8104605920844972
1.75,1.4000000000000004,1.2000000000000002,150.0,99.0,0.5156908881267457
1.75,1.4000000000000004,1.2000000000000002,200.0,97.5,0.22463478375914447
1.75,1.4000000000000004,1.2000000000000002,250.0,0.0,0.0
1.75,1.4000000000000004,1.2000000000000002,300.0,0.0,0.0
1.75,1.4000000000000004,1.2000000000000002,350.0,0.0,0.0
1.75,1.4000000000000004,1.2000000000000002,400.0,0.0,0.0
1.75,1.4000000000000004,1.4000000000000004,50.0,99.0,1.05610201204929
1.75,1.4000000000000004,1.4000000000000004,100.0,99.0,0.71220402409858
1.75,1.4000000000000004,1.4000000000000004,150.0,99.0,0.36830603614786983
1.75,1.4000000000000004,1.4000000000000004,200.0,97.5,0.033302580260335723
1.75,1.4000000000000004,1.4000000000000004,250.0,0.0,0.0
1.75,1.4000000000000004,1.4000000000000004,300.0,0.0,0.0
1.75,1.4000000000000004,1.4000000000000004,350.0,0.0,0.0
1.75,1.4000000000000004,1.4000000000000004,400.0,0.0,0.0
1.75,1.4000000000000004,1.6000000000000005,50.0,99.0,1.0069737280563316
1.75,1.4000000000000004,1.6000000000000005,100.0,99.0,0.6139474561126627
1.75,1.4000000000000004,1.6000000000000005,150.0,97.5,0.22463478375914425
1.75,1.4000000000000004,1.6000000000000005,200.0,0.0,0.0
1.75,1.4000000000000004,1.6000000000000005,250.0,0.0,0.0
1.75,1.4000000000000004,1.6000000000000005,300.0,0.0,0.0
1.75,1.4000000000000004,1.6000000000000005,350.0,0.0,0.0
1.75,1.4000000000000004,1.6000000000000005,400.0,0.0,0.0
1.75,1.4000000000000004,1.8000000000000003,50.0,99.0,0.957845444063373
1.75,1.4000000000000004,1.8000000000000003,100.0,99.0,0.5156908881267457
1.75,1.4000000000000004,1.8000000000000003,150.0,97.5,0.08113563113503797
1.75,1.4000000000000004,1.8000000000000003,200.0,0.0,0.0
1.75,1.4000000000000004,1.8000000000000003,250.0,0.0,0.0
1.75,1.4000000000000004,1.8000000000000003,300.0,0.0,0.0
1.75,1.4000000000000004,1.8000000000000003,350.0,0.0,0.0
1.75,1.4000000000000004,1.8000000000000003,400.0,0.0,0.0
1.75,1.4000000000000004,2.0000000000000004,50.0,99.0,0.9087171600704144
1.75,1.4000000000000004,2.0000000000000004,100.0,99.0,0.4174343201408284
1.75,1.4000000000000004,2.0000000000000004,150.0,0.0,0.0
1.75,1.4000000000000004,2.0000000000000004,200.0,0.0,0.0
1.75,1.4000000000000004,2.0000000000000004,250.0,0.0,0.0
1.75,1.4000000000000004,2.0000000000000004,300.0,0.0,0.0
1.75,1.4000000000000004,2.0000000000000004,350.0,0.0,0.0
1.75,1.4000000000000004,2.0000000000000004,400.0,0.0,0.0
1.75,1.4000000000000004,2.2000000000000006,50.0,99.0,0.8595888760774557
1.75,1.4000000000000004,2.2000000000000006,100.0,97.5,0.3203008855085485
1.75,1.4000000000000004,2.2000000000000006,150.0,0.0,0.0
1.75,1.4000000000000004,2.2000000000000006,200.0,0.0,0.0
1.75,1.4000000000000004,2.2000000000000006,250.0,0.0,0.0
1.75,1.4000000000000004,2.2000000000000006,300.0,0.0,0.0
1.75,1.4000000000000004,2.2000000000000006,350.0,0.0,0.0
1.75,1.4000000000000004,2.2000000000000006,400.0,0.0,0.0
1.75,1.6000000000000005,0.4,50.0,99.0,1.5017434320140834
1.75,1.6000000000000005,0.4,100.0,99.0,1.4034868640281661
1.75,1.6000000000000005,0.4,150.0,99.0,1.305230296042249
1.75,1.6000000000000005,0.4,200.0,99.0,1.2069737280563317
1.75,1.6000000000000005,0.4,250.0,99.0,1.1087171600704147
1.75,1.6000000000000005,0.4,300.0,99.0,1.0104605920844976
1.75,1.6000000000000005,0.4,350.0,99.0,0.9122040240985803
1.75,1.6000000000000005,0.4,400.0,99.0,0.8139474561126631
1.75,1.6000000000000005,0.6000000000000001,50.0,99.0,1.4526151480211247
1.75,1.6000000000000005,0.6000000000000001,100.0,99.0,1.3052302960422488
1.75,1.6000000000000005,0.6000000000000001,150.0,99.0,1.1578454440633732
1.75,1.6000000000000005,0.6000000000000001,200.0,99.0,1.0104605920844973
1.75,1.6000000000000005,0.6000000000000001,250.0,99.0,0.8630757401056217
1.75,1.6000000000000005,0.6000000000000001,300.0,99.0,0.7156908881267459
1.75,1.6000000000000005,0.6000000000000001,350.0,99.0,0.56830603614787
1.75,1.6000000000000005,0.6000000000000001,400.0,99.0,0.42092118416899416
1.75,1.6000000000000005,0.8000000000000002,50.0,99.0,1.4034868640281661
1.75,1.6000000000000005,0.8000000000000002,100.0,99.0,1.2069737280563317
1.75,1.6000000000000005,0.8000000000000002,150.0,99.0,1.0104605920844973
1.75,1.6000000000000005,0.8000000000000002,200.0,99.0,0.813947456112663
1.75,1.6000000000000005,0.8000000000000002,250.0,99.0,0.6174343201408288
1.75,1.6000000000000005,0.8000000000000002,300.0,99.0,0.42092118416899416
1.75,1.6000000000000005,0.8000000000000002,350.0,97.5,0.22939229522490678
1.75,1.6000000000000005,0.8000000000000002,400.0,97.5,0.038060091726098255
1.75,1.6000000000000005,1.0000000000000002,50.0,99.0,1.3543585800352076
1.75,1.6000000000000005,1.0000000000000002,100.0,99.0,1.1087171600704147
1.75,1.6000000000000005,1.0000000000000002,150.0,99.0,0.8630757401056216
1.75,1.6000000000000005,1.0000000000000002,200.0,99.0,0.6174343201408286
1.75,1.6000000000000005,1.0000000000000002,250.0,97.5,0.37289144784901307
1.75,1.6000000000000005,1.0000000000000002,300.0,97.5,0.13372619347550252
1.75,1.6000000000000005,1.0000000000000002,350.0,0.0,0.0
1.75,1.6000000000000005,1.0000000000000002,400.0,0.0,0.0
1.75,1.6000000000000005,1.2000000000000002,50.0,99.0,1.3052302960422488
1.75,1.6000000000000005,1.2000000000000002,100.0,99.0,1.0104605920844973
1.75,1.6000000000000005,1.2000000000000002,150.0,99.0,0.7156908881267459
1.75,1.6000000000000005,1.2000000000000002,200.0,99.0,0.42092118416899416
1.75,1.6000000000000005,1.2000000000000002,250.0,97.5,0.13372619347550252
1.75,1.6000000000000005,1.2000000000000002,300.0,0.0,0.0
1.75,1.6000000000000005,1.2000000000000002,350.0,0.0,0.0
1.75,1.6000000000000005,1.2000000000000002,400.0,0.0,0.0
1.75,1.6000000000000005,1.4000000000000004,50.0,99.0,1.2561020120492903
1.75,1.6000000000000005,1.4000000000000004,100.0,99.0,0.9122040240985801
1.75,1.6000000000000005,1.4000000000000004,150.0,99.0,0.56830603614787
1.75,1.6000000000000005,1.4000000000000004,200.0,97.5,0.22939229522490656
1.75,1.6000000000000005,1.4000000000000004,250.0,0.0,0.0
1.75,1.6000000000000005,1.4000000000000004,300.0,0.0,0.0
1.75,1.6000000000000005,1.4000000000000004,350.0,0.0,0.0
1.75,1.6000000000000005,1.4000000000000004,400.0,0.0,0.0
1.75,1.6000000000000005,1.6000000000000005,50.0,99.0,1.2069737280563317
1.75,1.6000000000000005,1.6000000000000005,100.0,99.0,0.8139474561126628
1.75,1.6000000000000005,1.6000000000000005,150.0,99.0,0.42092118416899393
1.75,1.6000000000000005,1.6000000000000005,200.0,97.5,0.03806009172609803
1.75,1.6000000000000005,1.6000000000000005,250.0,0.0,0.0
1.75,1.6000000000000005,1.6000000000000005,300.0,0.0,0.0
1.75,1.6000000000000005,1.6000000000000005,350.0,0.0,0.0
1.75,1.6000000000000005,1.6000000000000005,400.0,0.0,0.0
1.75,1.6000000000000005,1.8000000000000003,50.0,99.0,1.1578454440633732
1.75,1.6000000000000005,1.8000000000000003,100.0,99.0,0.7156908881267459
1.75,1.6000000000000005,1.8000000000000003,150.0,97.5,0.2772253460996088
1.75,1.6000000000000005,1.8000000000000003,200.0,0.0,0.0
1.75,1.6000000000000005,1.8000000000000003,250.0,0.0,0.0
1.75,1.6000000000000005,1.8000000000000003,300.0,0.0,0.0
1.75,1.6000000000000005,1.8000000000000003,350.0,0.0,0.0
1.75,1.6000000000000005,1.8000000000000003,400.0,0.0,0.0
1.75,1.6000000000000005,2.0000000000000004,50.0,99.0,1.1087171600704147
1.75,1.6000000000000005,2.0000000000000004,100.0,99.0,0.6174343201408286
1.75,1.6000000000000005,2.0000000000000004,150.0,97.5,0.13372619347550252
1.75,1.6000000000000005,2.0000000000000004,200.0,0.0,0.0
1.75,1.6000000000000005,2.0000000000000004,250.0,0.0,0.0
1.75,1.6000000000000005,2.0000000000000004,300.0,0.0,0.0
1.75,1.6000000000000005,2.0000000000000004,350.0,0.0,0.0
1.75,1.6000000000000005,2.0000000000000004,400.0,0.0,0.0
1.75,1.6000000000000005,2.2000000000000006,50.0,99.0,1.0595888760774559
1.75,1.6000000000000005,2.2000000000000006,100.0,99.0,0.5191777521549112
1.75,1.6000000000000005,2.2000000000000006,150.0,0.0,0.0
1.75,1.6000000000000005,2.2000000000000006,200.0,0.0,0.0
1.75,1.6000000000000005,2.2000000000000006,250.0,0.0,0.0
1.75,1.6000000000000005,2.2000000000000006,300.0,0.0,0.0
1.75,1.6000000000000005,2.2000000000000006,350.0,0.0,0.0
1.75,1.6000000000000005,2.2000000000000006,400.0,0.0,0.0
1.75,1.8000000000000003,0.4,50.0,99.0,1.7017434320140832
1.75,1.8000000000000003,0.4,100.0,99.0,1.6034868640281659
1.75,1.8000000000000003,0.4,150.0,99.0,1.5052302960422488
1.75,1.8000000000000003,0.4,200.0,99.0,1.4069737280563315
1.75,1.8000000000000003,0.4,250.0,99.0,1.3087171600704144
1.75,1.8000000000000003,0.4,300.0,99.0,1.2104605920844973
1.75,1.8000000000000003,0.4,350.0,99.0,1.11220402409858
1.75,1.8000000000000003,0.4,400.0,99.0,1.0139474561126627
1.75,1.8000000000000003,0.6000000000000001,50.0,99.0,1.6526151480211244
1.75,1.8000000000000003,0.6000000000000001,100.0,99.0,1.5052302960422486
1.75,1.8000000000000003,0.6000000000000001,150.0,99.0,1.357845444063373
1.75,1.8000000000000003,0.6000000000000001,200.0,99.0,1.210460592084497
1.75,1.8000000000000003,0.6000000000000001,250.0,99.0,1.0630757401056214
1.75,1.8000000000000003,0.6000000000000001,300.0,99.0,0.9156908881267456
1.75,1.8000000000000003,0.6000000000000001,350.0,99.0,0.7683060361478697
1.75,1.8000000000000003,0.6000000000000001,400.0,99.0,0.6209211841689939
1.75,1.8000000000000003,0.8000000000000002,50.0,99.0,1.6034868640281659
1.75,1.8000000000000003,0.8000000000000002,100.0,99.0,1.4069737280563315
1.75,1.8000000000000003,0.8000000000000002,150.0,99.0,1.210460592084497
1.75,1.8000000000000003,0.8000000000000002,200.0,99.0,1.0139474561126627
1.75,1.8000000000000003,0.8000000000000002,250.0,99.0,0.8174343201408285
1.75,1.8000000000000003,0.8000000000000002,300.0,99.0,0.6209211841689939
1.75,1.8000000000000003,0.8000000000000002,350.0,97.5,0.4254820101894772
1.75,1.8000000000000003,0.8000000000000002,400.0,97.5,0.23414980669066865
1.75,1.8000000000000003,1.0000000000000002,50.0,99.0,1.5543585800352073
1.75,1.8000000000000003,1.0000000000000002,100.0,99.0,1.3087171600704144
1.75,1.8000000000000003,1.0000000000000002,150.0,99.0,1.0630757401056212
1.75,1.8000000000000003,1.0000000000000002,200.0,99.0,0.8174343201408283
1.75,1.8000000000000003,1.0000000000000002,250.0,99.0,0.5717929001760356
1.75,1.8000000000000003,1.0000000000000002,300.0,97.5,0.3298159084400729
1.75,1.8000000000000003,1.0000000000000002,350.0,97.5,0.09065065406656214
1.75,1.8000000000000003,1.0000000000000002,400.0,0.0,0.0
1.75,1.8000000000000003,1.2000000000000002,50.0,99.0,1.5052302960422486
1.75,1.8000000000000003,1.2000000000000002,100.0,99.0,1.210460592084497
1.75,1.8000000000000003,1.2000000000000002,150.0,99.0,0.9156908881267456
1.75,1.8000000000000003,1.2000000000000002,200.0,99.0,0.6209211841689939
1.75,1.8000000000000003,1.2000000000000002,250.0,97.5,0.3298159084400729
1.75,1.8000000000000003,1.2000000000000002,300.0,97.5,0.04281760319186012
1.75,1.8000000000000003,1.2000000000000002,350.0,0.0,0.0
1.75,1.8000000000000003,1.2000000000000002,400.0,0.0,0.0
1.75,1.8000000000000003,1.4000000000000004,50.0,99.0,1.45610201204929
1.75,1.8000000000000003,1.4000000000000004,100.0,99.0,1.1122040240985798
1.75,1.8000000000000003,1.4000000000000004,150.0,99.0,0.7683060361478697
1.75,1.8000000000000003,1.4000000000000004,200.0,97.5,0.42548201018947696
1.75,1.8000000000000003,1.4000000000000004,250.0,97.5,0.09065065406656214
1.75,1.8000000000000003,1.4000000000000004,300.0,0.0,0.0
1.75,1.8000000000000003,1.4000000000000004,350.0,0.0,0.0
1.75,1.8000000000000003,1.4000000000000004,400.0,0.0,0.0
1.75,1.8000000000000003,1.6000000000000005,50.0,99.0,1.4069737280563315
1.75,1.8000000000000003,1.6000000000000005,100.0,99.0,1.0139474561126627
1.75,1.8000000000000003,1.6000000000000005,150.0,99.0,0.6209211841689937
1.75,1.8000000000000003,1.6000000000000005,200.0,97.5,0.23414980669066843
1.75,1.8000000000000003,1.6000000000000005,250.0,0.0,0.0
1.75,1.8000000000000003,1.6000000000000005,300.0,0.0,0.0
1.75,1.8000000000000003,1.6000000000000005,350.0,0.0,0.0
1.75,1.8000000000000003,1.6000000000000005,400.0,0.0,0.0
1.75,1.8000000000000003,1.8000000000000003,50.0,99.0,1.357845444063373
1.75,1.8000000000000003,1.8000000000000003,100.0,99.0,0.9156908881267456
1.75,1.8000000000000003,1.8000000000000003,150.0,99.0,0.47353633219011826
1.75,1.8000000000000003,1.8000000000000003,200.0,97.5,0.04281760319186012
1.75,1.8000000000000003,1.8000000000000003,250.0,0.0,0.0
1.75,1.8000000000000003,1.8000000000000003,300.0,0.0,0.0
1.75,1.8000000000000003,1.8000000000000003,350.0,0.0,0.0
1.75,1.8000000000000003,1.8000000000000003,400.0,0.0,0.0
1.75,1.8000000000000003,2.0000000000000004,50.0,99.0,1.3087171600704144
1.75,1.8000000000000003,2.0000000000000004,100.0,99.0,0.8174343201408283
1.75,1.8000000000000003,2.0000000000000004,150.0,97.5,0.3298159084400729
1.75,1.8000000000000003,2.0000000000000004,200.0,0.0,0.0
1.75,1.8000000000000003,2.0000000000000004,250.0,0.0,0.0
1.75,1.8000000000000003,2.0000000000000004,300.0,0.0,0.0
1.75,1.8000000000000003,2.0000000000000004,350.0,0.0,0.0
1.75,1.8000000000000003,2.0000000000000004,400.0,0.0,0.0
1.75,1.8000000000000003,2.2000000000000006,50.0,99.0,1.2595888760774556
1.75,1.8000000000000003,2.2000000000000006,100.0,99.0,0.719177752154911
1.75,1.8000000000000003,2.2000000000000006,150.0,97.5,0.1863167558159664
1.75,1.8000000000000003,2.2000000000000006,200.0,0.0,0.0
1.75,1.8000000000000003,2.2000000000000006,250.0,0.0,0.0
1.75,1.8000000000000003,2.2000000000000006,300.0,0.0,0.0
1.75,1.8000000000000003,2.2000000000000006,350.0,0.0,0.0
1.75,1.8000000000000003,2.2000000000000006,400.0,0.0,0.0
1.75,2.0000000000000004,0.4,50.0,99.0,1.9017434320140834
1.75,2.0000000000000004,0.4,100.0,99.0,1.803486864028166
1.75,2.0000000000000004,0.4,150.0,99.0,1.705230296042249
1.75,2.0000000000000004,0.4,200.0,99.0,1.6069737280563317
1.75,2.0000000000000004,0.4,250.0,99.0,1.5087171600704146
1.75,2.0000000000000004,0.4,300.0,99.0,1.4104605920844975
1.75,2.0000000000000004,0.4,350.0,99.0,1.3122040240985802
1.75,2.0000000000000004,0.4,400.0,99.0,1.2139474561126629
1.75,2.0000000000000004,0.6000000000000001,50.0,99.0,1.8526151480211246
1.75,2.0000000000000004,0.6000000000000001,100.0,99.0,1.7052302960422487
1.75,2.0000000000000004,0.6000000000000001,150.0,99.0,1.557845444063373
1.75,2.0000000000000004,0.6000000000000001,200.0,99.0,1.4104605920844973
1.75,2.0000000000000004,0.6000000000000001,250.0,99.0,1.2630757401056216
1.75,2.0000000000000004,0.6000000000000001,300.0,99.0,1.1156908881267458
1.75,2.0000000000000004,0.6000000000000001,350.0,99.0,0.9683060361478699
1.75,2.0000000000000004,0.6000000000000001,400.0,99.0,0.8209211841689941
1.75,2.0000000000000004,0.8000000000000002,50.0,99.0,1.803486864028166
1.75,2.0000000000000004,0.8000000000000002,100.0,99.0,1.6069737280563317
1.75,2.0000000000000004,0.8000000000000002,150.0,99.0,1.4104605920844973
1.75,2.0000000000000004,0.8000000000000002,200.0,99.0,1.2139474561126629
1.75,2.0000000000000004,0.8000000000000002,250.0,99.0,1.0174343201408287
1.75,2.0000000000000004,0.8000000000000002,300.0,99.0,0.8209211841689941
1.75,2.0000000000000004,0.8000000000000002,350.0,99.0,0.6244080481971597
1.75,2.0000000000000004,0.8000000000000002,400.0,97.5,0.4302395216552395
1.75,2.0000000000000004,1.0000000000000002,50.0,99.0,1.7543585800352075
1.75,2.0000000000000004,1.0000000000000002,100.0,99.0,1.5087171600704146
1.75,2.0000000000000004,1.0000000000000002,150.0,99.0,1.2630757401056214
1.75,2.0000000000000004,1.0000000000000002,200.0,99.0,1.0174343201408285
1.75,2.0000000000000004,1.0000000000000002,250.0,99.0,0.7717929001760357
1.75,2.0000000000000004,1.0000000000000002,300.0,99.0,0.5261514802112426
1.75,2.0000000000000004,1.0000000000000002,350.0,97.5,0.286740369031133
1.75,2.0000000000000004,1.0000000000000002,400.0,97.5,0.04757511465762243
1.75,2.0000000000000004,1.2000000000000002,50.0,99.0,1.7052302960422487
1.75,2.0000000000000004,1.2000000000000002,100.0,99.0,1.4104605920844973
1.75,2.0000000000000004,1.2000000000000002,150.0,99.0,1.1156908881267458
1.75,2.0000000000000004,1.2000000000000002,200.0,99.0,0.8209211841689941
1.75,2.0000000000000004,1.2000000000000002,250.0,99.0,0.5261514802112428
1.75,2.0000000000000004,1.2000000000000002,300.0,97.5,0.23890731815643096
1.75,2.0000000000000004,1.2000000000000002,350.0,0.0,0.0
1.75,2.0000000000000004,1.2000000000000002,400.0,0.0,0.0
1.75,2.0000000000000004,1.4000000000000004,50.0,99.0,1.6561020120492902
1.75,2.0000000000000004,1.4000000000000004,100.0,99.0,1.31220402409858
1.75,2.0000000000000004,1.4000000000000004,150.0,99.0,0.9683060361478699
1.75,2.0000000000000004,1.4000000000000004,200.0,99.0,0.6244080481971597
1.75,2.0000000000000004,1.4000000000000004,250.0,97.5,0.286740369031133
1.75,2.0000000000000004,1.4000000000000004,300.0,0.0,0.0
1.75,2.0000000000000004,1.4000000000000004,350.0,0.0,0.0
1.75,2.0000000000000004,1.4000000000000004,400.0,0.0,0.0
1.75,2.0000000000000004,1.6000000000000005,50.0,99.0,1.6069737280563317
1.75,2.0000000000000004,1.6000000000000005,100.0,99.0,1.2139474561126629
1.75,2.0000000000000004,1.6000000000000005,150.0,99.0,0.8209211841689938
1.75,2.0000000000000004,1.6000000000000005,200.0,97.5,0.43023952165523927
1.75,2.0000000000000004,1.6000000000000005,250.0,97.5,0.04757511465762221
1.75,2.0000000000000004,1.6000000000000005,300.0,0.0,0.0
1.75,2.0000000000000004,1.6000000000000005,350.0,0.0,0.0
1.75,2.0000000000000004,1.6000000000000005,400.0,0.0,0.0
1.75,2.0000000000000004,1.8000000000000003,50.0,99.0,1.557845444063373
1.75,2.0000000000000004,1.8000000000000003,100.0,99.0,1.1156908881267458
1.75,2.0000000000000004,1.8000000000000003,150.0,99.0,0.6735363321901184
1.75,2.0000000000000004,1.8000000000000003,200.0,97.5,0.23890731815643096
1.75,2.0000000000000004,1.8000000000000003,250.0,0.0,0.0
1.75,2.0000000000000004,1.8000000000000003,300.0,0.0,0.0
1.75,2.0000000000000004,1.8000000000000003,350.0,0.0,0.0
1.75,2.0000000000000004,1.8000000000000003,400.0,0.0,0.0
1.75,2.0000000000000004,2.0000000000000004,50.0,99.0,1.5087171600704146
1.75,2.0000000000000004,2.0000000000000004,100.0,99.0,1.0174343201408285
1.75,2.0000000000000004,2.0000000000000004,150.0,99.0,0.5261514802112426
1.75,2.0000000000000004,2.0000000000000004,200.0,97.5,0.04757511465762243
1.75,2.0000000000000004,2.0000000000000004,250.0,0.0,0.0
1.75,2.0000000000000004,2.0000000000000004,300.0,0.0,0.0
1.75,2.0000000000000004,2.0000000000000004,350.0,0.0,0.0
1.75,2.0000000000000004,2.0000000000000004,400.0,0.0,0.0
1.75,2.0000000000000004,2.2000000000000006,50.0,99.0,1.4595888760774558
1.75,2.0000000000000004,2.2000000000000006,100.0,99.0,0.9191777521549112
1.75,2.0000000000000004,2.2000000000000006,150.0,97.5,0.38240647078053724
1.75,2.0000000000000004,2.2000000000000006,200.0,0.0,0.0
1.75,2.0000000000000004,2.2000000000000006,250.0,0.0,0.0
1.75,2.0000000000000004,2.2000000000000006,300.0,0.0,0.0
1.75,2.0000000000000004,2.2000000000000006,350.0,0.0,0.0
1.75,2.0000000000000004,2.2000000000000006,400.0,0.0,0.0
1.75,2.2000000000000006,0.4,50.0,99.0,2.1017434320140835
1.75,2.2000000000000006,0.4,100.0,99.0,2.0034868640281664
1.75,2.2000000000000006,0.4,150.0,99.0,1.9052302960422491
1.75,2.2000000000000006,0.4,200.0,99.0,1.8069737280563318
1.75,2.2000000000000006,0.4,250.0,99.0,1.7087171600704147
1.75,2.2000000000000006,0.4,300.0,99.0,1.6104605920844977
1.75,2.2000000000000006,0.4,350.0,99.0,1.5122040240985803
1.75,2.2000000000000006,0.4,400.0,99.0,1.413947456112663
1.75,2.2000000000000006,0.6000000000000001,50.0,99.0,2.052615148021125
1.75,2.2000000000000006,0.6000000000000001,100.0,99.0,1.905230296042249
1.75,2.2000000000000006,0.6000000000000001,150.0,99.0,1.7578454440633733
1.75,2.2000000000000006,0.6000000000000001,200.0,99.0,1.6104605920844974
1.75,2.2000000000000006,0.6000000000000001,250.0,99.0,1.4630757401056218
1.75,2.2000000000000006,0.6000000000000001,300.0,99.0,1.315690888126746
1.75,2.2000000000000006,0.6000000000000001,350.0,99.0,1.16830603614787
1.75,2.2000000000000006,0.6000000000000001,400.0,99.0,1.0209211841689942
1.75,2.2000000000000006,0.8000000000000002,50.0,99.0,2.003486864028166
1.75,2.2000000000000006,0.8000000000000002,100.0,99.0,1.8069737280563318
1.75,2.2000000000000006,0.8000000000000002,150.0,99.0,1.6104605920844974
1.75,2.2000000000000006,0.8000000000000002,200.0,99.0,1.413947456112663
1.75,2.2000000000000006,0.8000000000000002,250.0,99.0,1.2174343201408289
1.75,2.2000000000000006,0.8000000000000002,300.0,99.0,1.0209211841689942
1.75,2.2000000000000006,0.8000000000000002,350.0,99.0,0.8244080481971598
1.75,2.2000000000000006,0.8000000000000002,400.0,99.0,0.6278949122253255
1.75,2.2000000000000006,1.0000000000000002,50.0,99.0,1.9543585800352077
1.75,2.2000000000000006,1.0000000000000002,100.0,99.0,1.7087171600704147
1.75,2.2000000000000006,1.0000000000000002,150.0,99.0,1.4630757401056216
1.75,2.2000000000000006,1.0000000000000002,200.0,99.0,1.2174343201408286
1.75,2.2000000000000006,1.0000000000000002,250.0,99.0,0.9717929001760359
1.75,2.2000000000000006,1.0000000000000002,300.0,99.0,0.7261514802112428
1.75,2.2000000000000006,1.0000000000000002,350.0,97.5,0.48283008399570404
1.75,2.2000000000000006,1.0000000000000002,400.0,97.5,0.2436648296221935
1.75,2.2000000000000006,1.2000000000000002,50.0,99.0,1.905230296042249
1.75,2.2000000000000006,1.2000000000000002,100.0,99.0,1.6104605920844974
1.75,2.2000000000000006,1.2000000000000002,150.0,99.0,1.315690888126746
1.75,2.2000000000000006,1.2000000000000002,200.0,99.0,1.0209211841689942
1.75,2.2000000000000006,1.2000000000000002,250.0,99.0,0.726151480211243
1.75,2.2000000000000006,1.2000000000000002,300.0,97.5,0.434997033121002
1.75,2.2000000000000006,1.2000000000000002,350.0,97.5,0.14799872787278945
1.75,2.2000000000000006,1.2000000000000002,400.0,0.0,0.0
1.75,2.2000000000000006,1.4000000000000004,50.0,99.0,1.8561020120492904
1.75,2.2000000000000006,1.4000000000000004,100.0,99.0,1.5122040240985801
1.75,2.2000000000000006,1.4000000000000004,150.0,99.0,1.16830603614787
1.75,2.2000000000000006,1.4000000000000004,200.0,99.0,0.8244080481971598
1.75,2.2000000000000006,1.4000000000000004,250.0,97.5,0.48283008399570404
1.75,2.2000000000000006,1.4000000000000004,300.0,97.5,0.147998727872789
1.75,2.2000000000000006,1.4000000000000004,350.0,0.0,0.0
1.75,2.2000000000000006,1.4000000000000004,400.0,0.0,0.0
1.75,2.2000000000000006,1.6000000000000005,50.0,99.0,1.8069737280563318
1.75,2.2000000000000006,1.6000000000000005,100.0,99.0,1.413947456112663
1.75,2.2000000000000006,1.6000000000000005,150.0,99.0,1.020921184168994
1.75,2.2000000000000006,1.6000000000000005,200.0,99.0,0.6278949122253252
1.75,2.2000000000000006,1.6000000000000005,250.0,97.5,0.24366482962219327
1.75,2.2000000000000006,1.6000000000000005,300.0,0.0,0.0
1.75,2.2000000000000006,1.6000000000000005,350.0,0.0,0.0
1.75,2.2000000000000006,1.6000000000000005,400.0,0.0,0.0
1.75,2.2000000000000006,1.8000000000000003,50.0,99.0,1.7578454440633733
1.75,2.2000000000000006,1.8000000000000003,100.0,99.0,1.315690888126746
1.75,2.2000000000000006,1.8000000000000003,150.0,99.0,0.8735363321901186
1.75,2.2000000000000006,1.8000000000000003,200.0,97.5,0.434997033121002
1.75,2.2000000000000006,1.8000000000000003,250.0,97.5,0.004499575248682941
1.75,2.2000000000000006,1.8000000000000003,300.0,0.0,0.0
1.75,2.2000000000000006,1.8000000000000003,350.0,0.0,0.0
1.75,2.2000000000000006,1.8000000000000003,400.0,0.0,0.0
1.75,2.2000000000000006,2.0000000000000004,50.0,99.0,1.7087171600704147
1.75,2.2000000000000006,2.0000000000000004,100.0,99.0,1.2174343201408286
1.75,2.2000000000000006,2.0000000000000004,150.0,99.0,0.7261514802112428
1.75,2.2000000000000006,2.0000000000000004,200.0,97.5,0.2436648296221935
1.75,2.2000000000000006,2.0000000000000004,250.0,0.0,0.0
1.75,2.2000000000000006,2.0000000000000004,300.0,0.0,0.0
1.75,2.2000000000000006,2.0000000000000004,350.0,0.0,0.0
1.75,2.2000000000000006,2.0000000000000004,400.0,0.0,0.0
1.75,2.2000000000000006,2.2000000000000006,50.0,99.0,1.659588876077456
1.75,2.2000000000000006,2.2000000000000006,100.0,99.0,1.1191777521549113
1.75,2.2000000000000006,2.2000000000000006,150.0,99.0,0.5787666282323667
1.75,2.2000000000000006,2.2000000000000006,200.0,97.5,0.05233262612338496
1.75,2.2000000000000006,2.2000000000000006,250.0,0.0,0.0
1.75,2.2000000000000006,2.2000000000000006,300.0,0.0,0.0
1.75,2.2000000000000006,2.2000000000000006,350.0,0.0,0.0
1.75,2.2000000000000006,2.2000000000000006,400.0,0.0,0.0
