Scenario (%),NEGI_S1_median,NEGI_S1_Q25,NEGI_S1_Q75,NEGI_S1_P2.5,NEGI_S1_P97.5,NEGI_S2_median,NEGI_S2_Q25,NEGI_S2_Q75,NEGI_S2_P2.5,NEGI_S2_P97.5,NEGI_S1_mean,NEGI_S1_std,NEGI_S2_mean,NEGI_S2_std,LST_S1_median,LST_S1_Q25,LST_S1_Q75,LST_S2_median,LST_S2_Q25,LST_S2_Q75,Cooling_S1_median,Cooling_S1_Q25,Cooling_S1_Q75,Cooling_S2_median,Cooling_S2_Q25,Cooling_S2_Q75
0.0,0.10300622646119625,0.01928707440579002,0.1818891285481982,0.0,0.26515235451228863,0.10300622646119625,0.01928707440579002,0.1818891285481982,0.0,0.26515235451228863,0.11108335369501292,0.09493451033183196,0.11108335369501292,0.09493451033183196,51.197777,51.126347,51.273586,51.197777,51.126347,51.273586,0.09327316,0.017464638,0.16470242,0.09327316,0.017464638,0.16470242
0.25,0.05167288751084786,-0.030712925594209985,0.06624482883550852,-0.05,0.2123561342017239,0.05167288751084786,-0.030712925594209985,0.10867681380437622,-0.05,0.2123561342017239,0.048565554778535136,0.08803363444983693,0.05434841221026734,0.09076931835715259,51.198982,51.18579,51.273586,51.198982,51.147366,51.273586,0.09206581,0.017464638,0.10526085,0.09206581,0.017464638,0.14368343
0.5,0.03096220939219311,-0.05142360371286474,0.045534150716853766,-0.07071067811865475,0.18716602699648002,0.04373108888194346,-0.05142360371286474,0.12366928767372352,-0.07071067811865475,0.18716602699648002,0.02727688580999792,0.08689597197293315,0.04410391825668543,0.09416121771624614,51.198982,51.18579,51.273586,51.187424,51.115036,51.273586,0.09206581,0.017464638,0.10526085,0.10362816,0.017464638,0.176013
0.75,0.015070347132403995,-0.06731546597265385,0.04208994489795541,-0.08660254037844387,0.1712741647366909,0.027839226622154344,-0.06731546597265385,0.1122397928172726,-0.08660254037844387,0.1712741647366909,0.013169970511544083,0.08740555006655219,0.02999700295823159,0.09540191986677304,51.198982,51.17452,51.273586,51.187424,51.110996,51.273586,0.09206581,0.017464638,0.116532326,0.10362816,0.017464638,0.18005371
1.0,0.00918845366383849,-0.08071292559420999,0.028692485276399265,-0.1,0.1486860397516156,0.014441767000598203,-0.08071292559420999,0.11011568242520242,-0.1,0.1486860397516156,8.973181561585387e-05,0.08516177450115721,0.016916764262303357,0.09505609452380928,51.192177,51.17452,51.273586,51.187424,51.10079,51.273586,0.09887123,0.017464638,0.116532326,0.10362816,0.017464638,0.19026184
1.25,-0.09662692630427828,-0.11180339887498948,0.001133359152427172,-0.11180339887498948,0.13573097725719013,-0.07760841543114137,-0.11106511245777445,0.06628055303212756,-0.11180339887498948,0.13573097725719013,-0.04261595627386215,0.09331549009501491,-0.024023776843932997,0.0978319697983233,51.28237,51.188786,51.327744,51.260086,51.12979,51.297974,0.008680344,-0.03669262,0.10226536,0.030963898,-0.006924629,0.16125679
1.5,-0.11244179611149793,-0.12247448713915891,-0.015372403507421653,-0.12247448713915891,0.11805796376110818,-0.1050926340297198,-0.12173620072194388,0.05397912614620511,-0.12247448713915891,0.11854706534763408,-0.05976163737465227,0.0896922826859803,-0.04116945794472314,0.09564921735109697,51.287025,51.19407,51.327744,51.27531,51.13127,51.297974,0.0040225983,-0.03669262,0.096982,0.01573944,-0.006924629,0.1597805
1.7500000000000002,-0.13228756555322954,-0.13228756555322954,-0.11583778588064533,-0.13228756555322954,0.07522484102878875,-0.12225487452556855,-0.13228756555322954,-0.03806073363397975,-0.13228756555322954,0.08798508435788122,-0.09485928781430278,0.07381129934014623,-0.07526657757645028,0.08147267552431318,51.304543,51.276154,51.343987,51.282043,51.205727,51.309967,-0.013490677,-0.052934647,0.014895439,0.009004593,-0.018917084,0.085323334
2.0,-0.1414213562373095,-0.1414213562373095,-0.1249715765647253,-0.1414213562373095,0.00439463456201984,-0.1313886652096485,-0.1414213562373095,-0.04719452431805971,-0.1414213562373095,0.017154877891112304,-0.1130433535916954,0.05248707329556949,-0.09345064335384289,0.06422693705894535,51.304543,51.276154,51.343987,51.282043,51.205727,51.309967,-0.013490677,-0.052934647,0.014895439,0.009004593,-0.018917084,0.085323334
2.25,-0.15,-0.15,-0.1335502203274158,-0.15,-0.02352848247912576,-0.139967308972339,-0.15,-0.0557731680807502,-0.15,0.0006314929183482603,-0.12411805842257365,0.04643538229231258,-0.10452534818472117,0.060201831466845206,51.304543,51.276154,51.343987,51.282043,51.205727,51.309967,-0.013490677,-0.052934647,0.014895439,0.009004593,-0.018917084,0.085323334
2.5,-0.15811388300841897,-0.15811388300841897,-0.14306484646692746,-0.15811388300841897,-0.03164236548754473,-0.14808119198075798,-0.15811388300841897,-0.0864906218256441,-0.15811388300841897,-0.007482390090070716,-0.1327922386834297,0.046709684509942694,-0.11565304062467012,0.057276857868545805,51.310585,51.279953,51.352436,51.282043,51.226196,51.309967,-0.019536972,-0.06138611,0.011096001,0.009004593,-0.018917084,0.064855576
2.75,-0.16583123951776998,-0.16583123951776998,-0.15078220297627848,-0.16583123951776998,-0.04253319508156382,-0.155798548490109,-0.16583123951776998,-0.09285778833946065,-0.16583123951776998,-0.002396849062201975,-0.1419200276748554,0.04464346090274644,-0.12070835327075051,0.06114561407162699,51.310585,51.279953,51.352436,51.282043,51.22497,51.31401,-0.019536972,-0.06138611,0.011096001,0.009004593,-0.02295971,0.066078186
3.0,-0.17320508075688773,-0.17320508075688773,-0.15815604421539625,-0.17320508075688773,-0.03862031157407914,-0.16317238972922674,-0.17320508075688773,-0.1002316295785784,-0.17320508075688773,0.0015160344452827008,-0.14783751733376643,0.048316025282884874,-0.1266258429296615,0.06419728065449913,51.32468,51.282978,51.374878,51.298523,51.22497,51.343452,-0.03363037,-0.08382702,0.008072853,-0.0074748993,-0.05240345,0.066078186
3.25,-0.18027756377319948,-0.18027756377319948,-0.165228527231708,-0.18027756377319948,-0.04569279459039089,-0.17024487274553848,-0.18027756377319948,-0.10038781173632938,-0.18027756377319948,-0.005556448571029047,-0.15491000035007815,0.04831602528288487,-0.13093180560254897,0.06419917777082469,51.32263,51.277737,51.374878,51.298523,51.218708,51.343452,-0.031583786,-0.08382702,0.01331234,-0.0074748993,-0.05240345,0.072340965
3.5000000000000004,-0.18708286933869708,-0.18708286933869708,-0.17203383279720558,-0.18708286933869708,-0.10191547526857989,-0.18708286933869708,-0.18708286933869708,-0.11763655255589862,-0.18708286933869708,-0.050504516191343114,-0.16809174141398753,0.033496566421045953,-0.15029745897361918,0.05362101281457932,51.33307,51.282978,51.387897,51.326565,51.228165,51.361645,-0.042016983,-0.096847534,0.008072853,-0.03551483,-0.070593834,0.06288433
3.75,-0.19364916731037085,-0.19364916731037085,-0.17860013076887937,-0.19364916731037085,-0.10848177324025365,-0.19364916731037085,-0.19364916731037085,-0.12420285052757239,-0.19364916731037085,-0.05707081416301688,-0.17465803938566132,0.033496566421045953,-0.15686375694529292,0.053621012814579316,51.34567,51.282978,51.392906,51.330482,51.228165,51.370995,-0.054618835,-0.101854324,0.008072853,-0.03943062,-0.07994366,0.06288433
4.0,-0.2,-0.2,-0.18495096345850853,-0.2,-0.12136512423433064,-0.2,-0.2,-0.13055368321720157,-0.2,-0.06946527420863279,-0.18369492867795126,0.028816197567476748,-0.16590064623758288,0.04989383378408234,51.354584,51.282978,51.392906,51.339165,51.228165,51.37111,-0.06353378,-0.101854324,0.008072853,-0.048116684,-0.0800581,0.06288433
4.25,-0.20615528128088303,-0.20615528128088303,-0.19110624473939153,-0.20615528128088303,-0.12752040551521365,-0.20615528128088303,-0.20615528128088303,-0.13670896449808456,-0.20615528128088303,-0.07562055548951581,-0.18985020995883434,0.028816197567476744,-0.17205592751846593,0.04989383378408233,51.354584,51.282978,51.41868,51.339165,51.228165,51.375095,-0.06353378,-0.12762642,0.008072853,-0.048116684,-0.084046364,0.06288433
4.5,-0.21213203435596426,-0.21213203435596426,-0.21213203435596426,-0.21213203435596426,-0.1421464841272113,-0.21213203435596426,-0.21213203435596426,-0.18969065492940532,-0.21213203435596426,-0.08338025446431646,-0.20167764592252166,0.02538955401178527,-0.1850924259742544,0.04576654491055916,51.354584,51.304817,51.43097,51.339165,51.27073,51.387386,-0.06353378,-0.13991737,-0.013765335,-0.048116684,-0.09633732,0.020320892
4.75,-0.2179449471770337,-0.2179449471770337,-0.2179449471770337,-0.2179449471770337,-0.14795939694828072,-0.2179449471770337,-0.2179449471770337,-0.19951516969508537,-0.2179449471770337,-0.0891931672853859,-0.20749055874359107,0.025389554011785265,-0.19187638027417153,0.04593968808254642,51.354584,51.31141,51.43097,51.339165,51.27436,51.387386,-0.06353378,-0.13991737,-0.020359993,-0.048116684,-0.09633732,0.016688347
5.0,-0.22360679774997896,-0.22360679774997896,-0.22360679774997896,-0.22360679774997896,-0.153621247521226,-0.22360679774997896,-0.22360679774997896,-0.16948334699294576,-0.22360679774997896,-0.09485501785833117,-0.21315240931653637,0.02538955401178527,-0.19277907441043882,0.04750958723673719,51.354584,51.31141,51.43097,51.339165,51.242043,51.387386,-0.06353378,-0.13991737,-0.020359993,-0.048116684,-0.09633732,0.049009323
5.25,-0.22912878474779202,-0.22912878474779202,-0.22912878474779202,-0.22912878474779202,-0.15914323451903906,-0.22912878474779202,-0.22912878474779202,-0.1750053339907588,-0.22912878474779202,-0.10037700485614423,-0.21867439631434946,0.025389554011785265,-0.19830106140825188,0.0475095872367372,51.359604,51.31141,51.43097,51.339165,51.242043,51.389896,-0.068553925,-0.13991737,-0.020359993,-0.048116684,-0.09884739,0.049009323
5.5,-0.23452078799117151,-0.23452078799117151,-0.23452078799117151,-0.23452078799117151,-0.16453523776241855,-0.23452078799117151,-0.23452078799117151,-0.1803973372341383,-0.23452078799117151,-0.10576900809952372,-0.22406639955772895,0.025389554011785265,-0.20369306465163137,0.04750958723673719,51.359604,51.31141,51.43097,51.339165,51.242043,51.389896,-0.068553925,-0.13991737,-0.020359993,-0.048116684,-0.09884739,0.049009323
5.75,-0.23979157616563598,-0.23979157616563598,-0.23979157616563598,-0.23979157616563598,-0.16980602593688301,-0.23979157616563598,-0.23979157616563598,-0.18408202078046323,-0.23979157616563598,-0.0818614743010678,-0.2293371877321934,0.02538955401178527,-0.20456446620414065,0.05650347591252976,51.359604,51.307102,51.43097,51.339165,51.240604,51.389896,-0.068553925,-0.13991737,-0.016051292,-0.048116684,-0.09884739,0.050445557
6.0,-0.24494897427831783,-0.24494897427831783,-0.24494897427831783,-0.24494897427831783,-0.17496342404956486,-0.24494897427831783,-0.24494897427831783,-0.22846127975406497,-0.24494897427831783,-0.09112505084946712,-0.23449458584487526,0.025389554011785265,-0.21767766402529937,0.05436821990677266,51.37259,51.31862,51.43097,51.33786,51.27612,51.38727,-0.081539154,-0.13991737,-0.027568817,-0.046812057,-0.09622288,0.014929771
6.25,-0.25,-0.25,-0.25,-0.25,-0.18452916073369446,-0.25,-0.25,-0.24523852654460893,-0.25,-0.10348985145803664,-0.2415521497720896,0.02534355068373116,-0.2279659945908145,0.05329609767135252,51.378708,51.36059,51.43097,51.338768,51.296215,51.390465,-0.087659836,-0.13991737,-0.069542885,-0.047718048,-0.09941673,-0.005166054
6.5,-0.25495097567963926,-0.25495097567963926,-0.25495097567963926,-0.25495097567963926,-0.18948013641333372,-0.25495097567963926,-0.25495097567963926,-0.2501895022242482,-0.25495097567963926,-0.1084408271376759,-0.24650312545172887,0.02534355068373116,-0.23291697027045374,0.05329609767135252,51.378708,51.36059,51.43097,51.338768,51.296215,51.390465,-0.087659836,-0.13991737,-0.069542885,-0.047718048,-0.09941673,-0.005166054
6.75,-0.2598076211353316,-0.2598076211353316,-0.2598076211353316,-0.2598076211353316,-0.1943367818690261,-0.2598076211353316,-0.2598076211353316,-0.24721673081035922,-0.2598076211353316,-0.11329747259336827,-0.25135977090742123,0.02534355068373116,-0.23672969347686856,0.05308044242337238,51.373985,51.36059,51.43097,51.338768,51.289127,51.390465,-0.082933426,-0.13991737,-0.069542885,-0.047718048,-0.09941673,0.0019235611
7.000000000000001,-0.2645751311064591,-0.2645751311064591,-0.2645751311064591,-0.2645751311064591,-0.19910429184015355,-0.2645751311064591,-0.2645751311064591,-0.2340147074711831,-0.2645751311064591,-0.1055142187908727,-0.25612728087854875,0.025343550683731158,-0.2324039581894589,0.056053642516198376,51.373985,51.36059,51.43097,51.317024,51.26338,51.38662,-0.082933426,-0.13991737,-0.069542885,-0.025976181,-0.095570564,0.027672768
7.249999999999999,-0.2692582403567252,-0.2692582403567252,-0.2692582403567252,-0.2692582403567252,-0.20378740109041965,-0.2692582403567252,-0.2692582403567252,-0.22386047143510782,-0.2692582403567252,-0.1101973280411388,-0.2608103901288148,0.02534355068373116,-0.2351087547348795,0.05647145737615395,51.373985,51.36059,51.43097,51.317024,51.249943,51.38662,-0.082933426,-0.13991737,-0.069542885,-0.025976181,-0.095570564,0.04110813
7.5,-0.27386127875258304,-0.27386127875258304,-0.27386127875258304,-0.27386127875258304,-0.2083904394862775,-0.27386127875258304,-0.27386127875258304,-0.22846350983096567,-0.27386127875258304,-0.11480036643699665,-0.26541342852467265,0.02534355068373116,-0.23971179313073732,0.05647145737615395,51.373985,51.36059,51.43097,51.317024,51.249943,51.38662,-0.082933426,-0.13991737,-0.069542885,-0.025976181,-0.095570564,0.04110813
7.75,-0.2783882181415011,-0.2783882181415011,-0.2783882181415011,-0.2783882181415011,-0.21609738173987328,-0.2783882181415011,-0.2783882181415011,-0.1964552768758191,-0.2783882181415011,-0.07349067249623242,-0.27035069086387165,0.024112581832888183,-0.2301424119453718,0.07315345291439278,51.379166,51.36059,51.44471,51.317024,51.216858,51.385223,-0.088113785,-0.15366077,-0.069542885,-0.025976181,-0.09417534,0.07419109
8.0,-0.282842712474619,-0.282842712474619,-0.282842712474619,-0.282842712474619,-0.22055187607299118,-0.282842712474619,-0.282842712474619,-0.200909771208937,-0.282842712474619,-0.07794516682935032,-0.2748051851969896,0.024112581832888183,-0.23459690627848967,0.07315345291439278,51.379166,51.36059,51.44677,51.317024,51.216858,51.387283,-0.088113785,-0.15572071,-0.069542885,-0.025976181,-0.096235275,0.07419109
8.25,-0.2872281323269014,-0.2872281323269014,-0.2872281323269014,-0.2872281323269014,-0.2249372959252736,-0.27135444776161627,-0.2872281323269014,-0.1881850610554058,-0.2872281323269014,-0.06931252236119327,-0.27919060504927196,0.024112581832888183,-0.22534056250038295,0.07871079999227247,51.395866,51.361374,51.44677,51.298096,51.201366,51.38616,-0.10481644,-0.15572071,-0.07032204,-0.007045746,-0.09511089,0.08968449
8.5,-0.29154759474226505,-0.29154759474226505,-0.29154759474226505,-0.29154759474226505,-0.2890597485586055,-0.2550208479207935,-0.29154759474226505,-0.19250452347076943,-0.29154759474226505,-0.13237609744264503,-0.2912265823314703,0.0009630372323843393,-0.23324592733134386,0.061384680184496845,51.395866,51.36521,51.44677,51.257973,51.201366,51.38616,-0.10481644,-0.15572071,-0.07416153,0.033075333,-0.09511089,0.08968449
8.75,-0.2958039891549808,-0.2958039891549808,-0.2958039891549808,-0.2958039891549808,-0.29331614297132125,-0.2784621572778586,-0.2958039891549808,-0.22007433889842362,-0.2958039891549808,-0.15314261933351758,-0.29548297674418605,0.0009630372323843393,-0.2532155001039474,0.051497467429905394,51.414104,51.381115,51.49965,51.277374,51.222477,51.332485,-0.123054504,-0.20859909,-0.09006405,0.01367569,-0.041436195,0.06857395
9.0,-0.3,-0.3,-0.3,-0.3,-0.29751215381634044,-0.27751649296047587,-0.3,-0.2161944863380151,-0.3,-0.15554430982331677,-0.2996789875892052,0.0009630372323843397,-0.2545089184156647,0.05304587050486888,51.41777,51.368385,51.492664,51.27272,51.215164,51.337986,-0.12672043,-0.20161533,-0.07733536,0.018331528,-0.04693508,0.07588673
9.25,-0.30413812651491096,-0.30413812651491096,-0.30413812651491096,-0.30413812651491096,-0.3016502803312514,-0.2960917524385589,-0.30413812651491096,-0.24788828449345957,-0.30413812651491096,-0.08924538341752027,-0.3038171141041162,0.0009630372323843393,-0.2580745306703787,0.07467936493711504,51.43566,51.391228,51.495358,51.28579,51.240116,51.3688,-0.14461136,-0.2043066,-0.10017872,0.00525856,-0.07775116,0.05093479
9.5,-0.3082207001484488,-0.3082207001484488,-0.3082207001484488,-0.3082207001484488,-0.3057328539647893,-0.3001743260720967,-0.3082207001484488,-0.25197085812699743,-0.3082207001484488,-0.09332795705105813,-0.3078996877376541,0.0009630372323843393,-0.2621571043039166,0.07467936493711504,51.43566,51.391228,51.495358,51.28579,51.240116,51.3688,-0.14461136,-0.2043066,-0.10017872,0.00525856,-0.07775116,0.05093479
9.75,-0.3122498999199199,-0.3122498999199199,-0.3122498999199199,-0.3122498999199199,-0.30976205373626037,-0.3110218800019845,-0.3122498999199199,-0.2560000578984686,-0.3122498999199199,-0.09839412801566748,-0.3119288875091252,0.0009630372323843393,-0.26801085099291017,0.07508462897356057,51.43281,51.39436,51.495358,51.291965,51.240116,51.37147,-0.14176178,-0.2043066,-0.10330868,-0.00091552734,-0.080420494,0.05093479
10.0,-0.31622776601683794,-0.31622776601683794,-0.31622776601683794,-0.31622776601683794,-0.3137399198331784,-0.3149997460989025,-0.31622776601683794,-0.26210431525980477,-0.31622776601683794,-0.1023719941125855,-0.3159067536060432,0.0009630372323843393,-0.2728392735955955,0.07511973225744818,51.43281,51.39436,51.501133,51.291965,51.242043,51.37147,-0.14176178,-0.21008301,-0.10330868,-0.00091552734,-0.080420494,0.049009323
10.25,-0.32015621187164245,-0.32015621187164245,-0.32015621187164245,-0.32015621187164245,-0.3176683656879829,-0.32015621187164245,-0.32015621187164245,-0.27453411341098544,-0.32015621187164245,-0.10630043996739001,-0.3198351994608476,0.0009630372323843396,-0.28041386435253757,0.07624393442245603,51.43281,51.39436,51.53511,51.30465,51.24974,51.390358,-0.14176178,-0.24406147,-0.10330868,-0.013597488,-0.09930897,0.041311264
10.5,-0.324037034920393,-0.324037034920393,-0.324037034920393,-0.324037034920393,-0.32154918873673344,-0.324037034920393,-0.324037034920393,-0.278414936459736,-0.324037034920393,-0.11018126301614055,-0.3237160225095982,0.0009630372323843397,-0.2842946874012881,0.07624393442245603,51.43281,51.39436,51.551224,51.30465,51.24974,51.389328,-0.14176178,-0.26017475,-0.10330868,-0.013597488,-0.09827614,0.041311264
10.75,-0.32787192621510003,-0.32787192621510003,-0.32787192621510003,-0.32787192621510003,-0.3253840800314405,-0.32787192621510003,-0.32787192621510003,-0.29240784843067547,-0.32787192621510003,-0.11922375918754008,-0.3275509138043053,0.0009630372323843393,-0.29179847250913393,0.07493815214469611,51.434708,51.40392,51.551224,51.30465,51.258938,51.391518,-0.14365578,-0.26017475,-0.11287022,-0.013597488,-0.100465775,0.032113075
11.0,-0.33166247903553997,-0.33166247903553997,-0.33166247903553997,-0.33166247903553997,-0.3291746328518804,-0.33166247903553997,-0.33166247903553997,-0.2961984012511154,-0.33166247903553997,-0.12301431200798002,-0.3313414666247452,0.0009630372323843397,-0.2955890253295738,0.07493815214469611,51.434708,51.40392,51.551224,51.30465,51.258938,51.391518,-0.14365578,-0.26017475,-0.11287022,-0.013597488,-0.100465775,0.032113075
11.25,-0.33541019662496846,-0.33541019662496846,-0.33541019662496846,-0.33541019662496846,-0.3329223504413089,-0.33541019662496846,-0.33541019662496846,-0.2999461188405439,-0.33541019662496846,-0.1267620295974085,-0.3350891842141736,0.0009630372323843396,-0.2993367429190023,0.07493815214469611,51.434708,51.40392,51.558384,51.30465,51.258938,51.391518,-0.14365578,-0.26733398,-0.11287022,-0.013597488,-0.100465775,0.032113075
11.5,-0.3391164991562634,-0.3391164991562634,-0.3391164991562634,-0.3391164991562634,-0.3391164991562634,-0.3391164991562634,-0.3391164991562634,-0.3056239936586099,-0.3391164991562634,-0.13970144106228508,-0.33911649915626346,5.551115123125783e-17,-0.30449729064985587,0.07147733961694343,51.435898,51.40392,51.60957,51.30465,51.260723,51.434235,-0.14484596,-0.31852055,-0.11287022,-0.013597488,-0.14318275,0.030327797
11.75,-0.3427827300200522,-0.3427827300200522,-0.3427827300200522,-0.3427827300200522,-0.3427827300200522,-0.3427827300200522,-0.3427827300200522,-0.2971606315593952,-0.3427827300200522,-0.14273638964579044,-0.34278273002005216,5.551115123125783e-17,-0.30626567254956255,0.0719473299026731,51.446194,51.405464,51.60566,51.31803,51.24974,51.403107,-0.15514374,-0.31461143,-0.11441231,-0.026979446,-0.11205578,0.041311264
12.0,-0.34641016151377546,-0.34641016151377546,-0.34641016151377546,-0.34641016151377546,-0.34641016151377546,-0.32549590805720485,-0.34641016151377546,-0.28909027812300814,-0.34641016151377546,-0.14272778686448778,-0.3464101615137754,5.551115123125783e-17,-0.2994151241465827,0.07033781149600377,51.455544,51.409744,51.62713,51.285988,51.239147,51.403107,-0.16449165,-0.33608055,-0.11869621,0.005060196,-0.11205578,0.051903725
12.25,-0.35,-0.35,-0.35,-0.35,-0.35,-0.32908574654342937,-0.35,-0.29268011660923265,-0.35,-0.1424237700843394,-0.35000000000000003,5.551115123125783e-17,-0.3012743602921971,0.07130958873243866,51.455544,51.40583,51.565216,51.285988,51.239147,51.403107,-0.16449165,-0.274168,-0.11477852,0.005060196,-0.11205578,0.051903725
12.5,-0.3535533905932738,-0.3535533905932738,-0.3535533905932738,-0.3535533905932738,-0.3535533905932738,-0.3398703419021787,-0.3535533905932738,-0.3061608791977545,-0.3535533905932738,-0.15413833249929546,-0.35355339059327384,5.551115123125783e-17,-0.31171940709044704,0.06969231315054493,51.465527,51.409843,51.565216,51.292538,51.248135,51.403107,-0.17447662,-0.274168,-0.118795395,-0.0014877319,-0.11205578,0.04291439
12.75,-0.3570714214271425,-0.3570714214271425,-0.3570714214271425,-0.3570714214271425,-0.3570714214271425,-0.3433883727360474,-0.3570714214271425,-0.3096789100316232,-0.3570714214271425,-0.15765636333316416,-0.3570714214271425,0.0,-0.31523743792431574,0.06969231315054493,51.46946,51.41442,51.565216,51.296852,51.248135,51.382256,-0.17841148,-0.274168,-0.12337017,-0.005804062,-0.09120369,0.04291439
13.0,-0.36055512754639896,-0.36055512754639896,-0.36055512754639896,-0.36055512754639896,-0.36055512754639896,-0.36055512754639896,-0.36055512754639896,-0.32361974287916495,-0.36055512754639896,-0.16114006945242063,-0.36055512754639896,0.0,-0.32564060447310533,0.07168140650755551,51.4793,51.46666,51.56283,51.34539,51.262737,51.388756,-0.1882534,-0.27178192,-0.17560863,-0.054340363,-0.09770393,0.028312683
13.25,-0.3640054944640259,-0.3640054944640259,-0.3640054944640259,-0.3640054944640259,-0.3640054944640259,-0.3640054944640259,-0.3640054944640259,-0.3640054944640259,-0.3640054944640259,-0.19592685063614246,-0.3640054944640259,0.0,-0.3380590976387628,0.060539831215586475,51.501175,51.477715,51.5876,51.35987,51.30049,51.409504,-0.21012688,-0.2965498,-0.18666553,-0.06882286,-0.11845493,-0.009441376
13.5,-0.3674234614174767,-0.3674234614174767,-0.3674234614174767,-0.3674234614174767,-0.3674234614174767,-0.3674234614174767,-0.3674234614174767,-0.3674234614174767,-0.3674234614174767,-0.21284724414010003,-0.3674234614174767,0.0,-0.3474781430591055,0.05983595507511353,51.60537,51.575703,51.68499,51.462875,51.413048,51.47486,-0.3143196,-0.39394093,-0.28465366,-0.17182541,-0.18381119,-0.12199879
13.750000000000002,-0.37080992435478316,-0.37080992435478316,-0.37080992435478316,-0.37080992435478316,-0.37080992435478316,-0.37080992435478316,-0.37080992435478316,-0.37080992435478316,-0.37080992435478316,-0.3189863253085523,-0.3708099243547832,5.551115123125783e-17,-0.36412300834881794,0.020060748017895817,51.61313,51.57704,51.691536,51.473034,51.434372,51.478886,-0.3220787,-0.400486,-0.28599262,-0.18198395,-0.18783665,-0.14332199
14.000000000000002,-0.37416573867739417,-0.37416573867739417,-0.37416573867739417,-0.37416573867739417,-0.37416573867739417,-0.37416573867739417,-0.37416573867739417,-0.37416573867739417,-0.37416573867739417,-0.2994748500375262,-0.3741657386773941,5.551115123125783e-17,-0.36452820465934666,0.02891260205414242,51.62207,51.57704,51.691536,51.473034,51.434372,51.492302,-0.33102226,-0.400486,-0.28599262,-0.18198395,-0.20125198,-0.14332199
14.250000000000002,-0.37749172176353757,-0.37749172176353757,-0.37749172176353757,-0.37749172176353757,-0.37749172176353757,-0.37749172176353757,-0.37749172176353757,-0.37749172176353757,-0.37749172176353757,-0.3028008331236696,-0.3774917217635375,5.551115123125783e-17,-0.36785418774549006,0.02891260205414242,51.62207,51.57704,51.699623,51.473225,51.434372,51.505745,-0.33102226,-0.4085741,-0.28599262,-0.18217468,-0.21469402,-0.14332199
14.499999999999998,-0.3807886552931954,-0.3807886552931954,-0.3807886552931954,-0.3807886552931954,-0.3807886552931954,-0.3807886552931954,-0.3807886552931954,-0.3807886552931954,-0.3807886552931954,-0.33747335959947994,-0.38078865529319544,5.551115123125783e-17,-0.3751995848811031,0.01676721123627694,51.6301,51.57704,51.699623,51.473225,51.434372,51.52577,-0.3390503,-0.4085741,-0.28599262,-0.18217468,-0.23471928,-0.14332199
14.75,-0.3840572873934304,-0.3840572873934304,-0.3840572873934304,-0.3840572873934304,-0.3840572873934304,-0.3840572873934304,-0.3840572873934304,-0.3840572873934304,-0.3840572873934304,-0.340741991699715,-0.38405728739343037,5.551115123125783e-17,-0.37846821698133803,0.01676721123627694,51.6301,51.57704,51.699623,51.473225,51.434372,51.52577,-0.3390503,-0.4085741,-0.28599262,-0.18217468,-0.23471928,-0.14332199
15.0,-0.3872983346207417,-0.3872983346207417,-0.3872983346207417,-0.3872983346207417,-0.3872983346207417,-0.3872983346207417,-0.3872983346207417,-0.3872983346207417,-0.3872983346207417,-0.34398303892702625,-0.3872983346207417,0.0,-0.38170926420864937,0.016767211236276936,51.6301,51.57704,51.699623,51.473225,51.434372,51.52577,-0.3390503,-0.4085741,-0.28599262,-0.18217468,-0.23471928,-0.14332199
15.25,-0.3905124837953327,-0.3905124837953327,-0.3905124837953327,-0.3905124837953327,-0.3905124837953327,-0.3905124837953327,-0.3905124837953327,-0.3905124837953327,-0.3905124837953327,-0.32245258675521876,-0.39051248379533277,5.551115123125783e-17,-0.3817305615966084,0.02634576659617312,51.6301,51.57704,51.699623,51.473225,51.434372,51.52577,-0.3390503,-0.4085741,-0.28599262,-0.18217468,-0.23471928,-0.14332199
15.5,-0.39370039370059057,-0.39370039370059057,-0.39370039370059057,-0.39370039370059057,-0.39370039370059057,-0.39370039370059057,-0.39370039370059057,-0.39370039370059057,-0.39370039370059057,-0.3256404966604766,-0.3937003937005906,5.551115123125783e-17,-0.38491847150186626,0.02634576659617312,51.6301,51.57704,51.699623,51.473225,51.434372,51.52577,-0.3390503,-0.4085741,-0.28599262,-0.18217468,-0.23471928,-0.14332199
15.75,-0.3968626966596886,-0.3968626966596886,-0.3968626966596886,-0.3968626966596886,-0.3968626966596886,-0.3968626966596886,-0.3968626966596886,-0.3968626966596886,-0.3968626966596886,-0.35653804021037233,-0.3968626966596886,0.0,-0.3916595151823575,0.015609544431993394,51.6301,51.57704,51.699623,51.473225,51.434372,51.52577,-0.3390503,-0.4085741,-0.28599262,-0.18217468,-0.23471928,-0.14332199
16.0,-0.4,-0.4,-0.4,-0.4,-0.4,-0.4,-0.4,-0.4,-0.4,-0.35967534355068376,-0.39999999999999997,5.551115123125783e-17,-0.3947968185226688,0.015609544431993395,51.6301,51.57704,51.699623,51.473225,51.434372,51.52577,-0.3390503,-0.4085741,-0.28599262,-0.18217468,-0.23471928,-0.14332199
16.25,-0.4031128874149275,-0.4031128874149275,-0.4031128874149275,-0.4031128874149275,-0.4031128874149275,-0.4031128874149275,-0.4031128874149275,-0.4031128874149275,-0.4031128874149275,-0.36278823096561125,-0.40311288741492757,5.551115123125783e-17,-0.39790970593759634,0.015609544431993392,51.62719,51.57704,51.699623,51.473225,51.431675,51.52577,-0.3361416,-0.4085741,-0.28599262,-0.18217468,-0.23471928,-0.14062405
16.5,-0.406201920231798,-0.406201920231798,-0.406201920231798,-0.406201920231798,-0.406201920231798,-0.406201920231798,-0.406201920231798,-0.406201920231798,-0.406201920231798,-0.36587726378248175,-0.406201920231798,0.0,-0.4009987387544669,0.015609544431993394,51.62719,51.57704,51.699623,51.473225,51.42549,51.52577,-0.3361416,-0.4085741,-0.28599262,-0.18217468,-0.23471928,-0.13444328
16.75,-0.40926763859362253,-0.40926763859362253,-0.40926763859362253,-0.40926763859362253,-0.40926763859362253,-0.40926763859362253,-0.40926763859362253,-0.40926763859362253,-0.40926763859362253,-0.36894298214430626,-0.4092676385936226,5.551115123125783e-17,-0.40406445711629146,0.015609544431993395,51.62719,51.57704,51.699623,51.459503,51.42549,51.52577,-0.3361416,-0.4085741,-0.28599262,-0.16845131,-0.23471928,-0.13444328
17.0,-0.41231056256176607,-0.41231056256176607,-0.41231056256176607,-0.41231056256176607,-0.41231056256176607,-0.41231056256176607,-0.41231056256176607,-0.41231056256176607,-0.41231056256176607,-0.3719859061124498,-0.4123105625617661,5.551115123125783e-17,-0.407107381084435,0.015609544431993395,51.62719,51.57704,51.699623,51.459503,51.42549,51.52577,-0.3361416,-0.4085741,-0.28599262,-0.16845131,-0.23471928,-0.13444328
17.25,-0.4153311931459038,-0.4153311931459038,-0.4153311931459038,-0.4153311931459038,-0.4153311931459038,-0.4153311931459038,-0.4153311931459038,-0.4153311931459038,-0.4153311931459038,-0.3750065366965875,-0.4153311931459037,5.551115123125783e-17,-0.4101280116685726,0.015609544431993392,51.62719,51.57704,51.713005,51.459503,51.40118,51.528854,-0.3361416,-0.42195415,-0.28599262,-0.16845131,-0.23780537,-0.110131264
17.5,-0.41833001326703784,-0.41833001326703784,-0.41833001326703784,-0.41833001326703784,-0.41833001326703784,-0.41833001326703784,-0.41833001326703784,-0.41833001326703784,-0.41833001326703784,-0.37800535681772157,-0.4183300132670379,5.551115123125783e-17,-0.4131268317897067,0.015609544431993394,51.62719,51.57704,51.713005,51.459503,51.387318,51.528854,-0.3361416,-0.42195415,-0.28599262,-0.16845131,-0.23780537,-0.096268654
17.75,-0.4213074886588179,-0.4213074886588179,-0.4213074886588179,-0.4213074886588179,-0.4213074886588179,-0.4213074886588179,-0.4213074886588179,-0.4213074886588179,-0.4213074886588179,-0.38098283220950163,-0.42130748865881784,5.551115123125783e-17,-0.4161043071814867,0.015609544431993392,51.62719,51.57704,51.694756,51.459503,51.377235,51.512856,-0.3361416,-0.40370464,-0.28599262,-0.16845131,-0.22180748,-0.0861845
18.0,-0.4242640687119285,-0.4242640687119285,-0.4242640687119285,-0.4242640687119285,-0.4242640687119285,-0.4242640687119285,-0.4242640687119285,-0.4242640687119285,-0.4242640687119285,-0.38393941226261225,-0.42426406871192845,5.551115123125783e-17,-0.41906088723459733,0.015609544431993392,51.62719,51.57704,51.694756,51.459503,51.377235,51.512856,-0.3361416,-0.40370464,-0.28599262,-0.16845131,-0.22180748,-0.0861845
18.25,-0.42720018726587655,-0.42720018726587655,-0.42720018726587655,-0.42720018726587655,-0.42720018726587655,-0.42720018726587655,-0.42720018726587655,-0.42720018726587655,-0.42720018726587655,-0.3868755308165603,-0.4272001872658765,5.551115123125783e-17,-0.4219970057885454,0.015609544431993392,51.62719,51.57882,51.694756,51.463055,51.377235,51.512856,-0.3361416,-0.40370464,-0.28776932,-0.1720047,-0.22180748,-0.0861845
18.5,-0.4301162633521313,-0.4301162633521313,-0.4301162633521313,-0.4301162633521313,-0.4301162633521313,-0.4301162633521313,-0.4301162633521313,-0.4301162633521313,-0.4301162633521313,-0.38979160690281506,-0.43011626335213127,5.551115123125783e-17,-0.4249130818748002,0.015609544431993394,51.62719,51.57443,51.694756,51.46013,51.377235,51.512856,-0.3361416,-0.40370464,-0.28337765,-0.16907692,-0.22180748,-0.0861845
18.75,-0.4330127018922193,-0.4330127018922193,-0.4330127018922193,-0.4330127018922193,-0.4330127018922193,-0.4330127018922193,-0.4330127018922193,-0.4330127018922193,-0.4330127018922193,-0.39268804544290303,-0.4330127018922193,0.0,-0.4278095204148881,0.015609544431993392,51.62719,51.57443,51.694756,51.46013,51.377235,51.512856,-0.3361416,-0.40370464,-0.28337765,-0.16907692,-0.22180748,-0.0861845
19.0,-0.4358898943540674,-0.4358898943540674,-0.4358898943540674,-0.4358898943540674,-0.4358898943540674,-0.4358898943540674,-0.4358898943540674,-0.4358898943540674,-0.4358898943540674,-0.3955652379047511,-0.43588989435406733,5.551115123125783e-17,-0.43068671287673627,0.015609544431993394,51.63502,51.57443,51.708874,51.46013,51.39447,51.52116,-0.34397125,-0.4178238,-0.28337765,-0.16907692,-0.23010921,-0.10342121
19.25,-0.4387482193696061,-0.4387482193696061,-0.4387482193696061,-0.4387482193696061,-0.4387482193696061,-0.4387482193696061,-0.4387482193696061,-0.4387482193696061,-0.4387482193696061,-0.38763310145441743,-0.43874821936960606,5.551115123125783e-17,-0.43215272028377527,0.019786497257492392,51.63502,51.56716,51.708874,51.455284,51.39447,51.52116,-0.34397125,-0.4178238,-0.2761135,-0.16423416,-0.23010921,-0.10342121
19.5,-0.44158804331639234,-0.44158804331639234,-0.44158804331639234,-0.44158804331639234,-0.44158804331639234,-0.44158804331639234,-0.44158804331639234,-0.44158804331639234,-0.44158804331639234,-0.37575153636954894,-0.44158804331639245,1.1102230246251565e-16,-0.433093010161961,0.025485099463294206,51.63502,51.56716,51.708874,51.455284,51.39447,51.52116,-0.34397125,-0.4178238,-0.2761135,-0.16423416,-0.23010921,-0.10342121
19.75,-0.44440972086577946,-0.44440972086577946,-0.44440972086577946,-0.44440972086577946,-0.44440972086577946,-0.44440972086577946,-0.44440972086577946,-0.44440972086577946,-0.44440972086577946,-0.37857321391893606,-0.44440972086577946,0.0,-0.43591468771134806,0.02548509946329421,51.63502,51.56716,51.708874,51.455284,51.39447,51.52116,-0.34397125,-0.4178238,-0.2761135,-0.16423416,-0.23010921,-0.10342121
20.0,-0.4472135954999579,-0.4472135954999579,-0.4472135954999579,-0.4472135954999579,-0.4472135954999579,-0.4472135954999579,-0.4472135954999579,-0.4472135954999579,-0.4472135954999579,-0.38137708855311453,-0.447213595499958,5.551115123125783e-17,-0.4387185623455266,0.025485099463294206,51.63502,51.56716,51.70906,51.455284,51.402405,51.52172,-0.34397125,-0.4180107,-0.2761135,-0.16423416,-0.23066998,-0.11135483
20.25,-0.45,-0.45,-0.45,-0.45,-0.45,-0.45,-0.45,-0.45,-0.45,-0.3841634930531566,-0.45000000000000007,5.551115123125783e-17,-0.4415049668455686,0.02548509946329421,51.63502,51.56716,51.70906,51.455284,51.38274,51.508675,-0.34397125,-0.4180107,-0.2761135,-0.16423416,-0.21762276,-0.09169006
20.5,-0.4527692569068708,-0.4527692569068708,-0.4527692569068708,-0.4527692569068708,-0.4527692569068708,-0.4527692569068708,-0.4527692569068708,-0.4527692569068708,-0.4527692569068708,-0.3869327499600274,-0.45276925690687075,5.551115123125783e-17,-0.4442742237524394,0.02548509946329421,51.63502,51.56716,51.70906,51.455284,51.38274,51.508675,-0.34397125,-0.4180107,-0.2761135,-0.16423416,-0.21762276,-0.09169006
20.75,-0.45552167895721496,-0.45552167895721496,-0.45552167895721496,-0.45552167895721496,-0.45552167895721496,-0.45552167895721496,-0.45552167895721496,-0.45552167895721496,-0.45552167895721496,-0.35871769031481937,-0.45552167895721496,0.0,-0.4430308417130349,0.03747251173254021,51.63502,51.56716,51.714973,51.42131,51.36981,51.468227,-0.34397125,-0.42392159,-0.2761135,-0.13026047,-0.17717838,-0.078757286
21.0,-0.45825756949558405,-0.45825756949558405,-0.45825756949558405,-0.45825756949558405,-0.45825756949558405,-0.45825756949558405,-0.45825756949558405,-0.45825756949558405,-0.45825756949558405,-0.36145358085318846,-0.45825756949558405,0.0,-0.445766732251404,0.03747251173254021,51.63502,51.56716,51.717834,51.43038,51.37163,51.468227,-0.34397125,-0.4267826,-0.2761135,-0.13932991,-0.17717838,-0.08058071
21.25,-0.4609772228646444,-0.4609772228646444,-0.4609772228646444,-0.4609772228646444,-0.4609772228646444,-0.4609772228646444,-0.4609772228646444,-0.4609772228646444,-0.4609772228646444,-0.3641732342222488,-0.4609772228646444,0.0,-0.4484863856204643,0.03747251173254021,51.641792,51.56716,51.710587,51.40567,51.3755,51.455143,-0.35074425,-0.4195385,-0.2761135,-0.1146183,-0.16409397,-0.08444977
21.5,-0.46368092477478523,-0.46368092477478523,-0.46368092477478523,-0.46368092477478523,-0.46368092477478523,-0.46368092477478523,-0.46368092477478523,-0.46368092477478523,-0.46368092477478523,-0.36687693613238964,-0.4636809247747852,5.551115123125783e-17,-0.45119008753060513,0.03747251173254021,51.641792,51.56716,51.710587,51.404335,51.367905,51.455143,-0.35074425,-0.4195385,-0.2761135,-0.11328697,-0.16409397,-0.0768528
21.75,-0.4663689526544407,-0.4663689526544407,-0.4663689526544407,-0.4663689526544407,-0.4663689526544407,-0.4663689526544407,-0.4663689526544407,-0.4663689526544407,-0.4663689526544407,-0.36956496401204514,-0.46636895265444067,5.551115123125783e-17,-0.45387811541026063,0.03747251173254021,51.648533,51.56716,51.710587,51.388493,51.347687,51.445545,-0.3574829,-0.4195385,-0.2761135,-0.09744263,-0.15449429,-0.056634903
22.0,-0.46904157598234303,-0.46904157598234303,-0.46904157598234303,-0.46904157598234303,-0.46904157598234303,-0.46904157598234303,-0.46904157598234303,-0.46904157598234303,-0.46904157598234303,-0.37223758733994744,-0.4690415759823431,5.551115123125783e-17,-0.456550738738163,0.03747251173254021,51.648533,51.58178,51.710587,51.394638,51.347065,51.445545,-0.3574829,-0.4195385,-0.29073048,-0.10359001,-0.15449429,-0.056015015
22.25,-0.4716990566028301,-0.4716990566028301,-0.4716990566028301,-0.4716990566028301,-0.4716990566028301,-0.4716990566028301,-0.4716990566028301,-0.4716990566028301,-0.4716990566028301,-0.37489506796043454,-0.4716990566028302,5.551115123125783e-17,-0.4592082193586501,0.03747251173254021,51.674973,51.58627,51.71348,51.37422,51.362015,51.444202,-0.38392258,-0.4224329,-0.29521942,-0.083171844,-0.15315151,-0.07096386
22.5,-0.47434164902525694,-0.47434164902525694,-0.47434164902525694,-0.47434164902525694,-0.47434164902525694,-0.47434164902525694,-0.47434164902525694,-0.47434164902525694,-0.47434164902525694,-0.37753766038286135,-0.4743416490252569,5.551115123125783e-17,-0.46185081178107684,0.03747251173254021,51.674973,51.58627,51.71348,51.37422,51.362015,51.444202,-0.38392258,-0.4224329,-0.29521942,-0.083171844,-0.15315151,-0.07096386
22.75,-0.47696960070847283,-0.47696960070847283,-0.47696960070847283,-0.47696960070847283,-0.47696960070847283,-0.47696960070847283,-0.47696960070847283,-0.47696960070847283,-0.47696960070847283,-0.38016561206607724,-0.47696960070847283,0.0,-0.46447876346429273,0.03747251173254021,51.674973,51.58627,51.71348,51.37422,51.336407,51.444202,-0.38392258,-0.4224329,-0.29521942,-0.083171844,-0.15315151,-0.045355797
23.0,-0.47958315233127197,-0.47958315233127197,-0.47958315233127197,-0.47958315233127197,-0.47958315233127197,-0.47958315233127197,-0.47958315233127197,-0.47958315233127197,-0.47958315233127197,-0.379563036396081,-0.479583152331272,5.551115123125783e-17,-0.4656629251791829,0.03724068986644209,51.674973,51.58627,51.71348,51.36483,51.309364,51.444202,-0.38392258,-0.4224329,-0.29521942,-0.07378197,-0.15315151,-0.018316269
23.25,-0.4821825380496477,-0.4821825380496477,-0.4821825380496477,-0.4821825380496477,-0.4821825380496477,-0.4821825380496477,-0.4821825380496477,-0.4821825380496477,-0.4821825380496477,-0.40093227475206666,-0.4821825380496477,0.0,-0.47068422736692767,0.030034181564114318,51.677162,51.604893,51.71348,51.36483,51.309364,51.428284,-0.38611412,-0.4224329,-0.31384373,-0.07378197,-0.13723564,-0.018316269
23.5,-0.484767985741633,-0.484767985741633,-0.484767985741633,-0.484767985741633,-0.484767985741633,-0.484767985741633,-0.484767985741633,-0.484767985741633,-0.484767985741633,-0.3959856212029724,-0.48476798574163305,5.551115123125783e-17,-0.47229779102780584,0.03292293283581217,51.677162,51.604893,51.71348,51.35733,51.3131,51.428284,-0.38611412,-0.4224329,-0.31384373,-0.066280365,-0.13723564,-0.02204895
23.75,-0.4873397172404482,-0.4873397172404482,-0.4873397172404482,-0.4873397172404482,-0.4873397172404482,-0.4873397172404482,-0.4873397172404482,-0.4873397172404482,-0.4873397172404482,-0.401773479994583,-0.4873397172404482,0.0,-0.47629891243453015,0.033122414417754265,51.696007,51.609642,51.736088,51.350883,51.299194,51.409428,-0.4049549,-0.4450369,-0.31859207,-0.05983162,-0.11837864,-0.008143425
24.0,-0.48989794855663565,-0.48989794855663565,-0.48989794855663565,-0.48989794855663565,-0.48989794855663565,-0.48989794855663565,-0.48989794855663565,-0.48989794855663565,-0.48989794855663565,-0.4853368972199265,-0.48989794855663565,0.0,-0.4893094258035119,0.0017655682593712807,51.705364,51.659927,51.74873,51.35177,51.299194,51.460026,-0.41431427,-0.4576807,-0.3688774,-0.060720444,-0.16897583,-0.008143425
24.25,-0.49244289008980524,-0.49244289008980524,-0.49244289008980524,-0.49244289008980524,-0.49244289008980524,-0.49244289008980524,-0.49244289008980524,-0.49244289008980524,-0.49244289008980524,-0.49244289008980524,-0.49244289008980513,1.1102230246251565e-16,-0.49244289008980513,1.1102230246251565e-16,51.858627,51.799057,51.905655,51.488266,51.454334,51.625057,-0.56757927,-0.614604,-0.5080061,-0.19721603,-0.33400726,-0.16328335
24.5,-0.4949747468305833,-0.4949747468305833,-0.4949747468305833,-0.4949747468305833,-0.4949747468305833,-0.4949747468305833,-0.4949747468305833,-0.4949747468305833,-0.4949747468305833,-0.4949747468305833,-0.4949747468305833,0.0,-0.4949747468305833,0.0,51.86124,51.843307,51.906425,51.499718,51.471752,51.601673,-0.5701904,-0.6153755,-0.5522585,-0.20866776,-0.31062222,-0.18070316
24.75,-0.49749371855331,-0.49749371855331,-0.49749371855331,-0.49749371855331,-0.49749371855331,-0.49749371855331,-0.49749371855331,-0.49749371855331,-0.49749371855331,-0.49749371855331,-0.49749371855331,0.0,-0.49749371855331,0.0,51.862785,51.83596,51.94729,51.499794,51.484684,51.601673,-0.5717335,-0.65624046,-0.5449085,-0.20874214,-0.31062222,-0.19363403
25.0,-0.5,-0.5,-0.5,-0.5,-0.5,-0.5,-0.5,-0.5,-0.5,-0.5,-0.5,0.0,-0.5,0.0,51.858627,51.786053,51.94729,51.488266,51.476402,51.547024,-0.56757927,-0.65624046,-0.4950018,-0.19721794,-0.25597382,-0.18535137
25.25,-0.5024937810560445,-0.5024937810560445,-0.5024937810560445,-0.5024937810560445,-0.5024937810560445,-0.5024937810560445,-0.5024937810560445,-0.5024937810560445,-0.5024937810560445,-0.5024937810560445,-0.5024937810560444,1.1102230246251565e-16,-0.5024937810560444,1.1102230246251565e-16,51.77729,51.75708,51.850975,51.458427,51.40419,51.50674,-0.48623848,-0.559927,-0.46603012,-0.16737556,-0.21568966,-0.11313915
25.5,-0.5049752469181039,-0.5049752469181039,-0.5049752469181039,-0.5049752469181039,-0.5049752469181039,-0.5049752469181039,-0.5049752469181039,-0.5049752469181039,-0.5049752469181039,-0.5049752469181039,-0.5049752469181038,1.1102230246251565e-16,-0.5049752469181038,1.1102230246251565e-16,51.77729,51.75708,51.796997,51.40811,51.399628,51.495502,-0.48623848,-0.5059471,-0.46603012,-0.11706352,-0.20445156,-0.10857582
25.75,-0.507444578254611,-0.507444578254611,-0.507444578254611,-0.507444578254611,-0.507444578254611,-0.507444578254611,-0.507444578254611,-0.507444578254611,-0.507444578254611,-0.507444578254611,-0.507444578254611,0.0,-0.507444578254611,0.0,51.77729,51.75708,51.796997,51.40811,51.399628,51.495502,-0.48623848,-0.5059471,-0.46603012,-0.11706352,-0.20445156,-0.10857582
26.0,-0.5099019513592785,-0.5099019513592785,-0.5099019513592785,-0.5099019513592785,-0.5099019513592785,-0.5099019513592785,-0.5099019513592785,-0.5099019513592785,-0.5099019513592785,-0.5099019513592785,-0.5099019513592785,0.0,-0.5099019513592785,0.0,51.77729,51.75708,51.796997,51.41394,51.40242,51.495502,-0.48623848,-0.5059471,-0.46603012,-0.12289047,-0.20445156,-0.111371994
26.25,-0.51234753829798,-0.51234753829798,-0.51234753829798,-0.51234753829798,-0.51234753829798,-0.51234753829798,-0.51234753829798,-0.51234753829798,-0.51234753829798,-0.51234753829798,-0.5123475382979799,1.1102230246251565e-16,-0.5123475382979799,1.1102230246251565e-16,51.77729,51.75708,51.796997,51.41394,51.40242,51.495502,-0.48623848,-0.5059471,-0.46603012,-0.12289047,-0.20445156,-0.111371994
26.5,-0.51478150704935,-0.51478150704935,-0.51478150704935,-0.51478150704935,-0.51478150704935,-0.51478150704935,-0.51478150704935,-0.51478150704935,-0.51478150704935,-0.51478150704935,-0.5147815070493501,1.1102230246251565e-16,-0.5147815070493501,1.1102230246251565e-16,51.7838,51.760292,51.83659,51.427883,51.407864,51.503662,-0.49274635,-0.5455389,-0.46924305,-0.13683319,-0.21261215,-0.11681366
26.75,-0.51720402163943,-0.51720402163943,-0.51720402163943,-0.51720402163943,-0.51720402163943,-0.51720402163943,-0.51720402163943,-0.51720402163943,-0.51720402163943,-0.51720402163943,-0.5172040216394301,1.1102230246251565e-16,-0.5172040216394301,1.1102230246251565e-16,51.7838,51.760292,51.837196,51.427883,51.407864,51.503662,-0.49274635,-0.5461445,-0.46924305,-0.13683319,-0.21261215,-0.11681366
27.0,-0.5196152422706632,-0.5196152422706632,-0.5196152422706632,-0.5196152422706632,-0.5196152422706632,-0.5196152422706632,-0.5196152422706632,-0.5196152422706632,-0.5196152422706632,-0.5196152422706632,-0.5196152422706631,1.1102230246251565e-16,-0.5196152422706631,1.1102230246251565e-16,51.7838,51.760292,51.837196,51.427883,51.407864,51.493835,-0.49274635,-0.5461445,-0.46924305,-0.13683319,-0.2027874,-0.11681366
27.250000000000004,-0.5220153254455275,-0.5220153254455275,-0.5220153254455275,-0.5220153254455275,-0.5220153254455275,-0.5220153254455275,-0.5220153254455275,-0.5220153254455275,-0.5220153254455275,-0.5220153254455275,-0.5220153254455276,1.1102230246251565e-16,-0.5220153254455276,1.1102230246251565e-16,51.78717,51.760292,51.837196,51.427883,51.410652,51.493835,-0.49611855,-0.5461445,-0.46924305,-0.13683319,-0.2027874,-0.11960411
27.500000000000004,-0.5244044240850758,-0.5244044240850758,-0.5244044240850758,-0.5244044240850758,-0.5244044240850758,-0.5244044240850758,-0.5244044240850758,-0.5244044240850758,-0.5244044240850758,-0.5244044240850758,-0.5244044240850759,1.1102230246251565e-16,-0.5244044240850759,1.1102230246251565e-16,51.78717,51.770355,51.837196,51.43113,51.410652,51.496773,-0.49611855,-0.5461445,-0.47930527,-0.14007759,-0.20572281,-0.11960411
27.750000000000004,-0.5267826876426369,-0.5267826876426369,-0.5267826876426369,-0.5267826876426369,-0.5267826876426369,-0.5267826876426369,-0.5267826876426369,-0.5267826876426369,-0.5267826876426369,-0.5267826876426369,-0.5267826876426369,0.0,-0.5267826876426369,0.0,51.78717,51.770355,51.837196,51.451015,51.41595,51.496773,-0.49611855,-0.5461445,-0.47930527,-0.15996552,-0.20572281,-0.12490177
28.000000000000004,-0.5291502622129182,-0.5291502622129182,-0.5291502622129182,-0.5291502622129182,-0.5291502622129182,-0.5291502622129182,-0.5291502622129182,-0.5291502622129182,-0.5291502622129182,-0.5291502622129182,-0.5291502622129183,1.1102230246251565e-16,-0.5291502622129183,1.1102230246251565e-16,51.795692,51.771763,51.849087,51.463394,51.425568,51.496773,-0.5046406,-0.55803776,-0.48071384,-0.17234421,-0.20572281,-0.13451958
28.250000000000004,-0.5315072906367325,-0.5315072906367325,-0.5315072906367325,-0.5315072906367325,-0.5315072906367325,-0.5315072906367325,-0.5315072906367325,-0.5315072906367325,-0.5315072906367325,-0.5315072906367325,-0.5315072906367326,1.1102230246251565e-16,-0.5315072906367326,1.1102230246251565e-16,51.787926,51.771763,51.834114,51.4429,51.419144,51.477234,-0.49687386,-0.543066,-0.48071384,-0.15184975,-0.18618488,-0.12809563
28.500000000000004,-0.5338539126015656,-0.5338539126015656,-0.5338539126015656,-0.5338539126015656,-0.5338539126015656,-0.5338539126015656,-0.5338539126015656,-0.5338539126015656,-0.5338539126015656,-0.5338539126015656,-0.5338539126015656,0.0,-0.5338539126015656,0.0,51.787926,51.771763,51.834114,51.4429,51.419144,51.477234,-0.49687386,-0.543066,-0.48071384,-0.15184975,-0.18618488,-0.12809563
28.750000000000004,-0.5361902647381804,-0.5361902647381804,-0.5361902647381804,-0.5361902647381804,-0.5361902647381804,-0.5361902647381804,-0.5361902647381804,-0.5361902647381804,-0.5361902647381804,-0.5361902647381804,-0.5361902647381803,1.1102230246251565e-16,-0.5361902647381803,1.1102230246251565e-16,51.787926,51.76744,51.814266,51.4429,51.419144,51.464615,-0.49687386,-0.52321625,-0.47639084,-0.15184975,-0.17356586,-0.12809563
28.999999999999996,-0.5385164807134504,-0.5385164807134504,-0.5385164807134504,-0.5385164807134504,-0.5385164807134504,-0.5385164807134504,-0.5385164807134504,-0.5385164807134504,-0.5385164807134504,-0.5385164807134504,-0.5385164807134505,1.1102230246251565e-16,-0.5385164807134505,1.1102230246251565e-16,51.787926,51.775784,51.814266,51.4429,51.419144,51.464615,-0.49687386,-0.52321625,-0.48473358,-0.15184975,-0.17356586,-0.12809563
29.25,-0.5408326913195983,-0.5408326913195983,-0.5408326913195983,-0.5408326913195983,-0.5408326913195983,-0.5408326913195983,-0.5408326913195983,-0.5408326913195983,-0.5408326913195983,-0.5408326913195983,-0.5408326913195982,1.1102230246251565e-16,-0.5408326913195982,1.1102230246251565e-16,51.787926,51.775784,51.814266,51.419697,51.413265,51.464615,-0.49687386,-0.52321625,-0.48473358,-0.12864685,-0.17356586,-0.122216225
29.5,-0.5431390245600107,-0.5431390245600107,-0.5431390245600107,-0.5431390245600107,-0.5431390245600107,-0.5431390245600107,-0.5431390245600107,-0.5431390245600107,-0.5431390245600107,-0.5431390245600107,-0.5431390245600108,1.1102230246251565e-16,-0.5431390245600108,1.1102230246251565e-16,51.787926,51.775784,51.814266,51.429085,51.394592,51.459732,-0.49687386,-0.52321625,-0.48473358,-0.13803482,-0.1686821,-0.10354233
29.75,-0.5454356057317857,-0.5454356057317857,-0.5454356057317857,-0.5454356057317857,-0.5454356057317857,-0.5454356057317857,-0.5454356057317857,-0.5454356057317857,-0.5454356057317857,-0.5454356057317857,-0.5454356057317858,1.1102230246251565e-16,-0.5454356057317858,1.1102230246251565e-16,51.787926,51.775784,51.814266,51.429085,51.394592,51.459732,-0.49687386,-0.52321625,-0.48473358,-0.13803482,-0.1686821,-0.10354233
30.0,-0.5477225575051661,-0.5477225575051661,-0.5477225575051661,-0.5477225575051661,-0.5477225575051661,-0.5477225575051661,-0.5477225575051661,-0.5477225575051661,-0.5477225575051661,-0.5477225575051661,-0.547722557505166,1.1102230246251565e-16,-0.547722557505166,1.1102230246251565e-16,51.787926,51.775784,51.829823,51.438446,51.394592,51.471313,-0.49687386,-0.5387716,-0.48473358,-0.14739609,-0.18026257,-0.10354233
30.25,-0.55,-0.55,-0.55,-0.55,-0.55,-0.55,-0.55,-0.55,-0.55,-0.55,-0.5499999999999999,1.1102230246251565e-16,-0.5499999999999999,1.1102230246251565e-16,51.78531,51.775784,51.829823,51.438446,51.394592,51.471313,-0.49425888,-0.5387716,-0.48473358,-0.14739609,-0.18026257,-0.10354233
30.5,-0.552268050859363,-0.552268050859363,-0.552268050859363,-0.552268050859363,-0.552268050859363,-0.552268050859363,-0.552268050859363,-0.552268050859363,-0.552268050859363,-0.552268050859363,-0.5522680508593629,1.1102230246251565e-16,-0.5522680508593629,1.1102230246251565e-16,51.78672,51.775784,51.83627,51.462234,51.418694,51.49357,-0.4956684,-0.5452204,-0.48473358,-0.17118263,-0.20251751,-0.12764359
30.75,-0.5545268253204708,-0.5545268253204708,-0.5545268253204708,-0.5545268253204708,-0.5545268253204708,-0.5545268253204708,-0.5545268253204708,-0.5545268253204708,-0.5545268253204708,-0.5545268253204708,-0.5545268253204708,0.0,-0.5545268253204708,0.0,51.78672,51.775784,51.83627,51.468628,51.422386,51.49695,-0.4956684,-0.5452204,-0.48473358,-0.17757797,-0.20589924,-0.13133621
31.0,-0.5567764362830022,-0.5567764362830022,-0.5567764362830022,-0.5567764362830022,-0.5567764362830022,-0.5567764362830022,-0.5567764362830022,-0.5567764362830022,-0.5567764362830022,-0.5567764362830022,-0.5567764362830021,1.1102230246251565e-16,-0.5567764362830021,1.1102230246251565e-16,51.839394,51.796227,51.878105,51.477814,51.46337,51.52205,-0.54834175,-0.58705425,-0.5051775,-0.18676186,-0.230999,-0.17232227
31.25,-0.5590169943749475,-0.5590169943749475,-0.5590169943749475,-0.5590169943749475,-0.5590169943749475,-0.5590169943749475,-0.5590169943749475,-0.5590169943749475,-0.5590169943749475,-0.5590169943749475,-0.5590169943749475,0.0,-0.5590169943749475,0.0,51.85579,51.796227,51.8821,51.484573,51.46337,51.528946,-0.5647392,-0.59104824,-0.5051775,-0.19352531,-0.23789597,-0.17232227
31.5,-0.5612486080160912,-0.5612486080160912,-0.5612486080160912,-0.5612486080160912,-0.5612486080160912,-0.5612486080160912,-0.5612486080160912,-0.5612486080160912,-0.5612486080160912,-0.5612486080160912,-0.5612486080160913,1.1102230246251565e-16,-0.5612486080160913,1.1102230246251565e-16,51.852802,51.796227,51.879562,51.484573,51.454792,51.528946,-0.5617523,-0.5885143,-0.5051775,-0.19352531,-0.23789597,-0.16374207
31.75,-0.5634713834792322,-0.5634713834792322,-0.5634713834792322,-0.5634713834792322,-0.5634713834792322,-0.5634713834792322,-0.5634713834792322,-0.5634713834792322,-0.5634713834792322,-0.5634713834792322,-0.5634713834792322,0.0,-0.5634713834792322,0.0,51.82637,51.792374,51.874084,51.484573,51.454792,51.528946,-0.5353203,-0.5830326,-0.5013218,-0.19352531,-0.23789597,-0.16374207
32.0,-0.565685424949238,-0.565685424949238,-0.565685424949238,-0.565685424949238,-0.565685424949238,-0.565685424949238,-0.565685424949238,-0.565685424949238,-0.565685424949238,-0.565685424949238,-0.5656854249492379,1.1102230246251565e-16,-0.5656854249492379,1.1102230246251565e-16,51.8322,51.792374,51.868053,51.489418,51.459385,51.516434,-0.54115105,-0.5770035,-0.5013218,-0.19836807,-0.22538376,-0.168334
32.25,-0.5678908345800273,-0.5678908345800273,-0.5678908345800273,-0.5678908345800273,-0.5678908345800273,-0.5678908345800273,-0.5678908345800273,-0.5678908345800273,-0.5678908345800273,-0.5678908345800273,-0.5678908345800274,1.1102230246251565e-16,-0.5678908345800274,1.1102230246251565e-16,51.8322,51.802067,51.868053,51.484573,51.459034,51.50029,-0.54115105,-0.5770035,-0.51101685,-0.19352531,-0.20924187,-0.16798496
32.5,-0.570087712549569,-0.570087712549569,-0.570087712549569,-0.570087712549569,-0.570087712549569,-0.570087712549569,-0.570087712549569,-0.570087712549569,-0.570087712549569,-0.570087712549569,-0.5700877125495689,1.1102230246251565e-16,-0.5700877125495689,1.1102230246251565e-16,51.8322,51.806313,51.879276,51.485954,51.459034,51.539433,-0.54115105,-0.58822536,-0.51526165,-0.19490623,-0.24838352,-0.16798496
32.75,-0.5722761571129799,-0.5722761571129799,-0.5722761571129799,-0.5722761571129799,-0.5722761571129799,-0.5722761571129799,-0.5722761571129799,-0.5722761571129799,-0.5722761571129799,-0.5722761571129799,-0.5722761571129799,0.0,-0.5722761571129799,0.0,51.852802,51.806313,51.884945,51.518204,51.459385,51.55957,-0.5617523,-0.5938959,-0.51526165,-0.22715187,-0.26851845,-0.168334
33.0,-0.5744562646538028,-0.5744562646538028,-0.5744562646538028,-0.5744562646538028,-0.5744562646538028,-0.5744562646538028,-0.5744562646538028,-0.5744562646538028,-0.5744562646538028,-0.5744562646538028,-0.5744562646538027,1.1102230246251565e-16,-0.5744562646538027,1.1102230246251565e-16,51.86196,51.8189,51.894745,51.535324,51.49675,51.584957,-0.5709095,-0.603693,-0.52785015,-0.24427223,-0.29390717,-0.20569992
33.25,-0.5766281297335398,-0.5766281297335398,-0.5766281297335398,-0.5766281297335398,-0.5766281297335398,-0.5766281297335398,-0.5766281297335398,-0.5766281297335398,-0.5766281297335398,-0.5766281297335398,-0.5766281297335398,0.0,-0.5766281297335398,0.0,51.893436,51.83942,51.914825,51.56095,51.504707,51.599903,-0.6023865,-0.6237736,-0.5483694,-0.26990318,-0.3088541,-0.21365643
33.5,-0.5787918451395113,-0.5787918451395113,-0.5787918451395113,-0.5787918451395113,-0.5787918451395113,-0.5787918451395113,-0.5787918451395113,-0.5787918451395113,-0.5787918451395113,-0.5787918451395113,-0.5787918451395112,1.1102230246251565e-16,-0.5787918451395112,1.1102230246251565e-16,51.90242,51.83942,51.934807,51.59246,51.55304,51.662933,-0.611372,-0.6437559,-0.5483694,-0.30140877,-0.37188244,-0.26199055
33.75,-0.5809475019311126,-0.5809475019311126,-0.5809475019311126,-0.5809475019311126,-0.5809475019311126,-0.5809475019311126,-0.5809475019311126,-0.5809475019311126,-0.5809475019311126,-0.5809475019311126,-0.5809475019311127,1.1102230246251565e-16,-0.5809475019311127,1.1102230246251565e-16,51.91085,51.846348,51.934807,51.586998,51.55304,51.667484,-0.61979866,-0.6437559,-0.55529785,-0.29594994,-0.37643433,-0.26199055
34.0,-0.5830951894845301,-0.5830951894845301,-0.5830951894845301,-0.5830951894845301,-0.5830951894845301,-0.5830951894845301,-0.5830951894845301,-0.5830951894845301,-0.5830951894845301,-0.5830951894845301,-0.5830951894845302,1.1102230246251565e-16,-0.5830951894845302,1.1102230246251565e-16,51.889565,51.846348,51.93385,51.586998,51.55304,51.63517,-0.59851265,-0.6427984,-0.55529785,-0.29594994,-0.34412193,-0.26199055
34.25,-0.5852349955359812,-0.5852349955359812,-0.5852349955359812,-0.5852349955359812,-0.5852349955359812,-0.5852349955359812,-0.5852349955359812,-0.5852349955359812,-0.5852349955359812,-0.5852349955359812,-0.5852349955359814,1.1102230246251565e-16,-0.5852349955359814,1.1102230246251565e-16,51.889565,51.846348,51.93385,51.586998,51.55304,51.63517,-0.59851265,-0.6427984,-0.55529785,-0.29594994,-0.34412193,-0.26199055
34.5,-0.5873670062235365,-0.5873670062235365,-0.5873670062235365,-0.5873670062235365,-0.5873670062235365,-0.5873670062235365,-0.5873670062235365,-0.5873670062235365,-0.5873670062235365,-0.5873670062235365,-0.5873670062235367,1.1102230246251565e-16,-0.5873670062235367,1.1102230246251565e-16,51.889565,51.846348,51.93385,51.586998,51.52262,51.63517,-0.59851265,-0.6427984,-0.55529785,-0.29594994,-0.34412193,-0.23156929
34.75,-0.5894913061275798,-0.5894913061275798,-0.5894913061275798,-0.5894913061275798,-0.5894913061275798,-0.5894913061275798,-0.5894913061275798,-0.5894913061275798,-0.5894913061275798,-0.5894913061275798,-0.5894913061275798,0.0,-0.5894913061275798,0.0,51.889565,51.846348,51.93385,51.586998,51.52262,51.63517,-0.59851265,-0.6427984,-0.55529785,-0.29594994,-0.34412193,-0.23156929
35.0,-0.5916079783099616,-0.5916079783099616,-0.5916079783099616,-0.5916079783099616,-0.5916079783099616,-0.5916079783099616,-0.5916079783099616,-0.5916079783099616,-0.5916079783099616,-0.5916079783099616,-0.5916079783099616,0.0,-0.5916079783099616,0.0,51.889565,51.846348,51.93385,51.586998,51.52262,51.63924,-0.59851265,-0.6427984,-0.55529785,-0.29594994,-0.34818935,-0.23156929
35.25,-0.5937171043518958,-0.5937171043518958,-0.5937171043518958,-0.5937171043518958,-0.5937171043518958,-0.5937171043518958,-0.5937171043518958,-0.5937171043518958,-0.5937171043518958,-0.5937171043518958,-0.5937171043518958,0.0,-0.5937171043518958,0.0,51.891228,51.84746,51.93385,51.586998,51.527695,51.63924,-0.60017776,-0.6427984,-0.5564127,-0.29594994,-0.34818935,-0.23664474
35.5,-0.5958187643906492,-0.5958187643906492,-0.5958187643906492,-0.5958187643906492,-0.5958187643906492,-0.5958187643906492,-0.5958187643906492,-0.5958187643906492,-0.5958187643906492,-0.5958187643906492,-0.5958187643906491,1.1102230246251565e-16,-0.5958187643906491,1.1102230246251565e-16,51.891228,51.84746,51.93385,51.586998,51.527695,51.63924,-0.60017776,-0.6427984,-0.5564127,-0.29594994,-0.34818935,-0.23664474
35.75,-0.5979130371550699,-0.5979130371550699,-0.5979130371550699,-0.5979130371550699,-0.5979130371550699,-0.5979130371550699,-0.5979130371550699,-0.5979130371550699,-0.5979130371550699,-0.5979130371550699,-0.59791303715507,1.1102230246251565e-16,-0.59791303715507,1.1102230246251565e-16,51.891228,51.84746,51.93385,51.586998,51.527695,51.63924,-0.60017776,-0.6427984,-0.5564127,-0.29594994,-0.34818935,-0.23664474
36.0,-0.6,-0.6,-0.6,-0.6,-0.6,-0.6,-0.6,-0.6,-0.6,-0.6,-0.5999999999999999,1.1102230246251565e-16,-0.5999999999999999,1.1102230246251565e-16,51.891228,51.8461,51.93385,51.586998,51.527695,51.63924,-0.60017776,-0.6427984,-0.55505085,-0.29594994,-0.34818935,-0.23664474
36.25,-0.6020797289396148,-0.6020797289396148,-0.6020797289396148,-0.6020797289396148,-0.6020797289396148,-0.6020797289396148,-0.6020797289396148,-0.6020797289396148,-0.6020797289396148,-0.6020797289396148,-0.6020797289396149,1.1102230246251565e-16,-0.6020797289396149,1.1102230246251565e-16,51.891228,51.8461,51.93385,51.586998,51.527695,51.63924,-0.60017776,-0.6427984,-0.55505085,-0.29594994,-0.34818935,-0.23664474
36.5,-0.6041522986797286,-0.6041522986797286,-0.6041522986797286,-0.6041522986797286,-0.6041522986797286,-0.6041522986797286,-0.6041522986797286,-0.6041522986797286,-0.6041522986797286,-0.6041522986797286,-0.6041522986797287,1.1102230246251565e-16,-0.6041522986797287,1.1102230246251565e-16,51.891228,51.8461,51.93385,51.586998,51.527695,51.645954,-0.60017776,-0.6427984,-0.55505085,-0.29594994,-0.35490417,-0.23664474
36.75,-0.6062177826491071,-0.6062177826491071,-0.6062177826491071,-0.6062177826491071,-0.6062177826491071,-0.6062177826491071,-0.6062177826491071,-0.6062177826491071,-0.6062177826491071,-0.6062177826491071,-0.6062177826491072,1.1102230246251565e-16,-0.6062177826491072,1.1102230246251565e-16,51.899757,51.8461,51.93385,51.586998,51.527695,51.645954,-0.6087074,-0.6427984,-0.55505085,-0.29594994,-0.35490417,-0.23664474
37.0,-0.6082762530298219,-0.6082762530298219,-0.6082762530298219,-0.6082762530298219,-0.6082762530298219,-0.6082762530298219,-0.6082762530298219,-0.6082762530298219,-0.6082762530298219,-0.6082762530298219,-0.6082762530298219,0.0,-0.6082762530298219,0.0,51.905075,51.8461,51.939713,51.603836,51.53016,51.645954,-0.6140232,-0.6486616,-0.55505085,-0.3127861,-0.35490417,-0.23910904
37.25,-0.6103277807866851,-0.6103277807866851,-0.6103277807866851,-0.6103277807866851,-0.6103277807866851,-0.6103277807866851,-0.6103277807866851,-0.6103277807866851,-0.6103277807866851,-0.6103277807866851,-0.610327780786685,1.1102230246251565e-16,-0.610327780786685,1.1102230246251565e-16,51.905075,51.8461,51.939713,51.603836,51.53016,51.652428,-0.6140232,-0.6486616,-0.55505085,-0.3127861,-0.3613758,-0.23910904
37.5,-0.6123724356957945,-0.6123724356957945,-0.6123724356957945,-0.6123724356957945,-0.6123724356957945,-0.6123724356957945,-0.6123724356957945,-0.6123724356957945,-0.6123724356957945,-0.6123724356957945,-0.6123724356957946,1.1102230246251565e-16,-0.6123724356957946,1.1102230246251565e-16,51.89488,51.8437,51.94742,51.603836,51.537865,51.652428,-0.60382843,-0.6563692,-0.5526514,-0.3127861,-0.3613758,-0.24681664
37.75,-0.6144102863722254,-0.6144102863722254,-0.6144102863722254,-0.6144102863722254,-0.6144102863722254,-0.6144102863722254,-0.6144102863722254,-0.6144102863722254,-0.6144102863722254,-0.6144102863722254,-0.6144102863722253,1.1102230246251565e-16,-0.6144102863722253,1.1102230246251565e-16,51.89488,51.8437,51.94742,51.603836,51.537865,51.652428,-0.60382843,-0.6563692,-0.5526514,-0.3127861,-0.3613758,-0.24681664
38.0,-0.6164414002968976,-0.6164414002968976,-0.6164414002968976,-0.6164414002968976,-0.6164414002968976,-0.6164414002968976,-0.6164414002968976,-0.6164414002968976,-0.6164414002968976,-0.6164414002968976,-0.6164414002968978,1.1102230246251565e-16,-0.6164414002968978,1.1102230246251565e-16,51.89488,51.8437,51.945213,51.599422,51.537865,51.652428,-0.60382843,-0.6541624,-0.5526514,-0.3083725,-0.3613758,-0.24681664
38.25,-0.6184658438426491,-0.6184658438426491,-0.6184658438426491,-0.6184658438426491,-0.6184658438426491,-0.6184658438426491,-0.6184658438426491,-0.6184658438426491,-0.6184658438426491,-0.6184658438426491,-0.6184658438426492,1.1102230246251565e-16,-0.6184658438426492,1.1102230246251565e-16,51.89488,51.84209,51.945213,51.599422,51.537865,51.648674,-0.60382843,-0.6541624,-0.5510416,-0.3083725,-0.357625,-0.24681664
38.5,-0.6204836822995429,-0.6204836822995429,-0.6204836822995429,-0.6204836822995429,-0.6204836822995429,-0.6204836822995429,-0.6204836822995429,-0.6204836822995429,-0.6204836822995429,-0.6204836822995429,-0.620483682299543,1.1102230246251565e-16,-0.620483682299543,1.1102230246251565e-16,51.891716,51.84209,51.945213,51.588226,51.533833,51.611164,-0.60066605,-0.6541624,-0.5510416,-0.29717827,-0.32011318,-0.24278355
38.75,-0.6224949798994366,-0.6224949798994366,-0.6224949798994366,-0.6224949798994366,-0.6224949798994366,-0.6224949798994366,-0.6224949798994366,-0.6224949798994366,-0.6224949798994366,-0.6224949798994366,-0.6224949798994367,1.1102230246251565e-16,-0.6224949798994367,1.1102230246251565e-16,51.891716,51.84209,51.945213,51.57731,51.526134,51.609417,-0.60066605,-0.6541624,-0.5510416,-0.2862606,-0.31836605,-0.23508549
39.0,-0.6244997998398398,-0.6244997998398398,-0.6244997998398398,-0.6244997998398398,-0.6244997998398398,-0.6244997998398398,-0.6244997998398398,-0.6244997998398398,-0.6244997998398398,-0.6244997998398398,-0.6244997998398398,0.0,-0.6244997998398398,0.0,51.885918,51.83862,51.945213,51.57322,51.526134,51.586918,-0.5948696,-0.6541624,-0.5475693,-0.28216743,-0.29586887,-0.23508549
39.25,-0.6264982043070834,-0.6264982043070834,-0.6264982043070834,-0.6264982043070834,-0.6264982043070834,-0.6264982043070834,-0.6264982043070834,-0.6264982043070834,-0.6264982043070834,-0.6264982043070834,-0.6264982043070833,1.1102230246251565e-16,-0.6264982043070833,1.1102230246251565e-16,51.883316,51.83862,51.945213,51.516663,51.457016,51.575203,-0.5922661,-0.6541624,-0.5475693,-0.22561264,-0.28415394,-0.16596699
39.5,-0.6284902544988268,-0.6284902544988268,-0.6284902544988268,-0.6284902544988268,-0.6284902544988268,-0.6284902544988268,-0.6284902544988268,-0.6284902544988268,-0.6284902544988268,-0.6284902544988268,-0.6284902544988268,0.0,-0.6284902544988268,0.0,51.883316,51.83862,51.945213,51.516663,51.457016,51.575203,-0.5922661,-0.6541624,-0.5475693,-0.22561264,-0.28415394,-0.16596699
39.75,-0.6304760106459246,-0.6304760106459246,-0.6304760106459246,-0.6304760106459246,-0.6304760106459246,-0.6304760106459246,-0.6304760106459246,-0.6304760106459246,-0.6304760106459246,-0.6304760106459246,-0.6304760106459247,1.1102230246251565e-16,-0.6304760106459247,1.1102230246251565e-16,51.883316,51.83862,51.942333,51.514366,51.457016,51.572323,-0.5922661,-0.6512823,-0.5475693,-0.2233181,-0.28127384,-0.16596699
40.0,-0.6324555320336759,-0.6324555320336759,-0.6324555320336759,-0.6324555320336759,-0.6324555320336759,-0.6324555320336759,-0.6324555320336759,-0.6324555320336759,-0.6324555320336759,-0.6324555320336759,-0.6324555320336759,0.0,-0.6324555320336759,0.0,51.883316,51.84044,51.942333,51.514366,51.457016,51.572323,-0.5922661,-0.6512823,-0.5493889,-0.2233181,-0.28127384,-0.16596699
40.25,-0.6344288770224761,-0.6344288770224761,-0.6344288770224761,-0.6344288770224761,-0.6344288770224761,-0.6344288770224761,-0.6344288770224761,-0.6344288770224761,-0.6344288770224761,-0.6344288770224761,-0.634428877022476,1.1102230246251565e-16,-0.634428877022476,1.1102230246251565e-16,51.883316,51.84044,51.942333,51.514366,51.457016,51.572323,-0.5922661,-0.6512823,-0.5493889,-0.2233181,-0.28127384,-0.16596699
40.5,-0.6363961030678927,-0.6363961030678927,-0.6363961030678927,-0.6363961030678927,-0.6363961030678927,-0.6363961030678927,-0.6363961030678927,-0.6363961030678927,-0.6363961030678927,-0.6363961030678927,-0.6363961030678926,1.1102230246251565e-16,-0.6363961030678926,1.1102230246251565e-16,51.883316,51.84044,51.942333,51.514366,51.457016,51.572323,-0.5922661,-0.6512823,-0.5493889,-0.2233181,-0.28127384,-0.16596699
40.75,-0.6383572667401852,-0.6383572667401852,-0.6383572667401852,-0.6383572667401852,-0.6383572667401852,-0.6383572667401852,-0.6383572667401852,-0.6383572667401852,-0.6383572667401852,-0.6383572667401852,-0.6383572667401853,1.1102230246251565e-16,-0.6383572667401853,1.1102230246251565e-16,51.883316,51.84044,51.942333,51.514366,51.457016,51.572323,-0.5922661,-0.6512823,-0.5493889,-0.2233181,-0.28127384,-0.16596699
41.0,-0.6403124237432849,-0.6403124237432849,-0.6403124237432849,-0.6403124237432849,-0.6403124237432849,-0.6403124237432849,-0.6403124237432849,-0.6403124237432849,-0.6403124237432849,-0.6403124237432849,-0.6403124237432848,1.1102230246251565e-16,-0.6403124237432848,1.1102230246251565e-16,51.883316,51.835278,51.942444,51.514366,51.457016,51.572437,-0.5922661,-0.6513958,-0.5442276,-0.2233181,-0.28138733,-0.16596699
41.25,-0.6422616289332564,-0.6422616289332564,-0.6422616289332564,-0.6422616289332564,-0.6422616289332564,-0.6422616289332564,-0.6422616289332564,-0.6422616289332564,-0.6422616289332564,-0.6422616289332564,-0.6422616289332563,1.1102230246251565e-16,-0.6422616289332563,1.1102230246251565e-16,51.89427,51.835278,51.942444,51.512707,51.461082,51.572437,-0.6032219,-0.6513958,-0.5442276,-0.2216568,-0.28138733,-0.17003441
41.5,-0.6442049363362563,-0.6442049363362563,-0.6442049363362563,-0.6442049363362563,-0.6442049363362563,-0.6442049363362563,-0.6442049363362563,-0.6442049363362563,-0.6442049363362563,-0.6442049363362563,-0.6442049363362564,1.1102230246251565e-16,-0.6442049363362564,1.1102230246251565e-16,51.89427,51.835278,51.942444,51.503975,51.461082,51.56636,-0.6032219,-0.6513958,-0.5442276,-0.21292305,-0.2753086,-0.17003441
41.75,-0.6461423991660042,-0.6461423991660042,-0.6461423991660042,-0.6461423991660042,-0.6461423991660042,-0.6461423991660042,-0.6461423991660042,-0.6461423991660042,-0.6461423991660042,-0.6461423991660042,-0.6461423991660044,1.1102230246251565e-16,-0.6461423991660044,1.1102230246251565e-16,51.89427,51.835278,51.942444,51.48776,51.461082,51.561993,-0.6032219,-0.6513958,-0.5442276,-0.19670868,-0.27094173,-0.17003441
42.0,-0.648074069840786,-0.648074069840786,-0.648074069840786,-0.648074069840786,-0.648074069840786,-0.648074069840786,-0.648074069840786,-0.648074069840786,-0.648074069840786,-0.648074069840786,-0.648074069840786,0.0,-0.648074069840786,0.0,51.892212,51.832558,51.942444,51.48776,51.410347,51.561993,-0.60116196,-0.6513958,-0.5415096,-0.19670868,-0.27094173,-0.11929703
42.25,-0.65,-0.65,-0.65,-0.65,-0.65,-0.65,-0.65,-0.65,-0.65,-0.65,-0.6500000000000001,1.1102230246251565e-16,-0.6500000000000001,1.1102230246251565e-16,51.889038,51.832558,51.942444,51.48776,51.410347,51.540173,-0.5979881,-0.6513958,-0.5415096,-0.19670868,-0.24912357,-0.11929703
42.5,-0.6519202405202649,-0.6519202405202649,-0.6519202405202649,-0.6519202405202649,-0.6519202405202649,-0.6519202405202649,-0.6519202405202649,-0.6519202405202649,-0.6519202405202649,-0.6519202405202649,-0.6519202405202648,1.1102230246251565e-16,-0.6519202405202648,1.1102230246251565e-16,51.889038,51.832558,51.942444,51.46441,51.388496,51.496765,-0.5979881,-0.6513958,-0.5415096,-0.17335892,-0.20571327,-0.097444534
42.75,-0.653834841531101,-0.653834841531101,-0.653834841531101,-0.653834841531101,-0.653834841531101,-0.653834841531101,-0.653834841531101,-0.653834841531101,-0.653834841531101,-0.653834841531101,-0.6538348415311009,1.1102230246251565e-16,-0.6538348415311009,1.1102230246251565e-16,51.89245,51.849976,51.942444,51.46441,51.388496,51.496765,-0.60139656,-0.6513958,-0.5589266,-0.17335892,-0.20571327,-0.097444534
43.0,-0.6557438524302001,-0.6557438524302001,-0.6557438524302001,-0.6557438524302001,-0.6557438524302001,-0.6557438524302001,-0.6557438524302001,-0.6557438524302001,-0.6557438524302001,-0.6542779168180437,-0.6557438524302002,1.1102230246251565e-16,-0.6555546994479864,0.0005674589466411751,51.89535,51.849976,51.942444,51.46495,51.39205,51.498215,-0.60430145,-0.6513958,-0.5589266,-0.1738987,-0.20716572,-0.10100269
43.25,-0.6576473218982952,-0.6576473218982952,-0.6576473218982952,-0.6576473218982952,-0.6576473218982952,-0.6576473218982952,-0.6576473218982952,-0.6576473218982952,-0.6576473218982952,-0.6561813862861389,-0.6576473218982953,1.1102230246251565e-16,-0.6574581689160816,0.0005674589466411751,51.89535,51.849976,51.942444,51.39547,51.331596,51.459007,-0.60430145,-0.6513958,-0.5589266,-0.10441971,-0.1679573,-0.040548325
43.5,-0.6595452979136459,-0.6595452979136459,-0.6595452979136459,-0.6595452979136459,-0.6595452979136459,-0.6595452979136459,-0.6595452979136459,-0.6595452979136459,-0.6595452979136459,-0.6580793623014896,-0.659545297913646,1.1102230246251565e-16,-0.6593561449314322,0.0005674589466411751,51.910248,51.87254,51.942444,51.39051,51.331596,51.446365,-0.61919785,-0.6513958,-0.58148956,-0.09946251,-0.15531635,-0.040548325
43.75,-0.6614378277661477,-0.6614378277661477,-0.6614378277661477,-0.6614378277661477,-0.6614378277661477,-0.6614378277661477,-0.6614378277661477,-0.6614378277661477,-0.6614378277661477,-0.6089241784195469,-0.6614378277661476,1.1102230246251565e-16,-0.6545276354114667,0.02010797683981759,51.910248,51.852085,51.942444,51.39051,51.312836,51.446365,-0.61919785,-0.6513958,-0.5610361,-0.09946251,-0.15531635,-0.021784782
44.0,-0.6633249580710799,-0.6633249580710799,-0.6633249580710799,-0.6633249580710799,-0.6633249580710799,-0.6633249580710799,-0.6633249580710799,-0.6633249580710799,-0.6633249580710799,-0.5830517394371942,-0.6633249580710798,1.1102230246251565e-16,-0.6481973535314083,0.03048905807758569,51.916473,51.858044,51.96478,51.41797,51.312836,51.479015,-0.62542534,-0.6737299,-0.56699467,-0.12691689,-0.18796444,-0.021784782
44.25,-0.6652067347825036,-0.6652067347825036,-0.6652067347825036,-0.6652067347825036,-0.6652067347825036,-0.6652067347825036,-0.6652067347825036,-0.6464925959130402,-0.6652067347825036,-0.5849335161486179,-0.6652067347825036,0.0,-0.6475839117269035,0.030168267161711816,51.922913,51.858044,51.96478,51.41797,51.283897,51.447487,-0.63186073,-0.6737299,-0.56699467,-0.12691689,-0.15643597,0.0071544647
44.5,-0.6670832032063166,-0.6670832032063166,-0.6670832032063166,-0.6670832032063166,-0.6670832032063166,-0.6670832032063166,-0.6670832032063166,-0.6483690643368533,-0.6670832032063166,-0.5868099845724309,-0.6670832032063166,0.0,-0.6494603801507165,0.03016826716171181,51.967834,51.911976,52.01303,51.428467,51.283897,51.50992,-0.6767864,-0.721982,-0.6209259,-0.13741684,-0.21887016,0.0071544647
44.75,-0.6689544080129826,-0.6689544080129826,-0.6689544080129826,-0.6689544080129826,-0.6689544080129826,-0.6689544080129826,-0.6689544080129826,-0.6689544080129826,-0.6689544080129826,-0.6689544080129826,-0.6689544080129827,1.1102230246251565e-16,-0.6689544080129827,1.1102230246251565e-16,51.996613,51.987564,52.044373,51.5009,51.418312,51.557594,-0.7055626,-0.75332355,-0.6965141,-0.20985031,-0.26654434,-0.12726212
45.0,-0.6708203932499369,-0.6708203932499369,-0.6708203932499369,-0.6708203932499369,-0.6708203932499369,-0.6708203932499369,-0.6708203932499369,-0.6708203932499369,-0.6708203932499369,-0.6708203932499369,-0.6708203932499368,1.1102230246251565e-16,-0.6708203932499368,1.1102230246251565e-16,51.996613,51.984306,52.046562,51.5009,51.44554,51.559784,-0.7055626,-0.7555113,-0.6932554,-0.20985031,-0.26873207,-0.15449333
45.25,-0.6726812023536856,-0.6726812023536856,-0.6726812023536856,-0.6726812023536856,-0.6726812023536856,-0.6726812023536856,-0.6726812023536856,-0.6726812023536856,-0.6726812023536856,-0.6726812023536856,-0.6726812023536856,0.0,-0.6726812023536856,0.0,52.000496,51.993782,52.046562,51.53315,51.454063,51.58033,-0.70944786,-0.7555113,-0.7027302,-0.24209976,-0.28927803,-0.16301441
45.5,-0.6745368781616021,-0.6745368781616021,-0.6745368781616021,-0.6745368781616021,-0.6745368781616021,-0.6745368781616021,-0.6745368781616021,-0.6745368781616021,-0.6745368781616021,-0.6745368781616021,-0.674536878161602,1.1102230246251565e-16,-0.674536878161602,1.1102230246251565e-16,52.020706,51.995724,52.138203,51.57486,51.45675,51.679592,-0.7296581,-0.84715176,-0.7046728,-0.28380966,-0.38854122,-0.165699
45.75,-0.6763874629234342,-0.6763874629234342,-0.6763874629234342,-0.6763874629234342,-0.6763874629234342,-0.6763874629234342,-0.6763874629234342,-0.6763874629234342,-0.6763874629234342,-0.6763874629234342,-0.6763874629234341,1.1102230246251565e-16,-0.6763874629234341,1.1102230246251565e-16,52.020706,51.995724,52.138454,51.54972,51.503036,51.66781,-0.7296581,-0.8474045,-0.7046728,-0.2586689,-0.37675667,-0.21198559
46.0,-0.6782329983125268,-0.6782329983125268,-0.6782329983125268,-0.6782329983125268,-0.6782329983125268,-0.6782329983125268,-0.6782329983125268,-0.6782329983125268,-0.6782329983125268,-0.6782329983125268,-0.6782329983125269,1.1102230246251565e-16,-0.6782329983125269,1.1102230246251565e-16,52.114204,52.005905,52.148888,51.64465,51.542618,51.669785,-0.82315636,-0.8578377,-0.71485424,-0.35359955,-0.37873268,-0.2515669
46.25,-0.6800735254367721,-0.6800735254367721,-0.6800735254367721,-0.6800735254367721,-0.6800735254367721,-0.6800735254367721,-0.6800735254367721,-0.6800735254367721,-0.6800735254367721,-0.6800735254367721,-0.6800735254367722,1.1102230246251565e-16,-0.6800735254367722,1.1102230246251565e-16,52.114204,52.005905,52.148888,51.64465,51.542618,51.669785,-0.82315636,-0.8578377,-0.71485424,-0.35359955,-0.37873268,-0.2515669
46.5,-0.6819090848492928,-0.6819090848492928,-0.6819090848492928,-0.6819090848492928,-0.6819090848492928,-0.6819090848492928,-0.6819090848492928,-0.6819090848492928,-0.6819090848492928,-0.6819090848492928,-0.6819090848492929,1.1102230246251565e-16,-0.6819090848492929,1.1102230246251565e-16,52.114204,52.005905,52.148888,51.64465,51.542618,51.669785,-0.82315636,-0.8578377,-0.71485424,-0.35359955,-0.37873268,-0.2515669
46.75,-0.6837397165588672,-0.6837397165588672,-0.6837397165588672,-0.6837397165588672,-0.6837397165588672,-0.6837397165588672,-0.6837397165588672,-0.6837397165588672,-0.6837397165588672,-0.6837397165588672,-0.6837397165588673,1.1102230246251565e-16,-0.6837397165588673,1.1102230246251565e-16,52.114204,52.005905,52.148888,51.64465,51.533253,51.669785,-0.82315636,-0.8578377,-0.71485424,-0.35359955,-0.37873268,-0.2422018
47.0,-0.6855654600401044,-0.6855654600401044,-0.6855654600401044,-0.6855654600401044,-0.6855654600401044,-0.6855654600401044,-0.6855654600401044,-0.6855654600401044,-0.6855654600401044,-0.6855654600401044,-0.6855654600401043,1.1102230246251565e-16,-0.6855654600401043,1.1102230246251565e-16,52.134117,52.005905,52.170795,51.66177,51.53469,51.713566,-0.8430691,-0.87974644,-0.71485424,-0.3707199,-0.42251492,-0.2436428
47.25,-0.687386354243376,-0.687386354243376,-0.687386354243376,-0.687386354243376,-0.687386354243376,-0.687386354243376,-0.687386354243376,-0.687386354243376,-0.687386354243376,-0.687386354243376,-0.687386354243376,0.0,-0.687386354243376,0.0,52.134117,52.013718,52.170795,51.666977,51.53469,51.713566,-0.8430691,-0.87974644,-0.7226677,-0.37592888,-0.42251492,-0.2436428
47.5,-0.6892024376045112,-0.6892024376045112,-0.6892024376045112,-0.6892024376045112,-0.6892024376045112,-0.6892024376045112,-0.6892024376045112,-0.6892024376045112,-0.6892024376045112,-0.6892024376045112,-0.689202437604511,1.1102230246251565e-16,-0.689202437604511,1.1102230246251565e-16,52.134117,52.026222,52.170795,51.666977,51.53469,51.711456,-0.8430691,-0.87974644,-0.7351742,-0.37592888,-0.42040825,-0.2436428
47.75,-0.6910137480542627,-0.6910137480542627,-0.6910137480542627,-0.6910137480542627,-0.6910137480542627,-0.6910137480542627,-0.6910137480542627,-0.6910137480542627,-0.6910137480542627,-0.6910137480542627,-0.6910137480542627,0.0,-0.6910137480542627,0.0,52.134117,52.026222,52.170795,51.672897,51.53469,51.711456,-0.8430691,-0.87974644,-0.7351742,-0.38184547,-0.42040825,-0.2436428
48.0,-0.6928203230275509,-0.6928203230275509,-0.6928203230275509,-0.6928203230275509,-0.6928203230275509,-0.6928203230275509,-0.6928203230275509,-0.6928203230275509,-0.6928203230275509,-0.6928203230275509,-0.6928203230275508,1.1102230246251565e-16,-0.6928203230275508,1.1102230246251565e-16,52.134117,52.026222,52.170795,51.672897,51.53469,51.711456,-0.8430691,-0.87974644,-0.7351742,-0.38184547,-0.42040825,-0.2436428
48.25,-0.6946221994724903,-0.6946221994724903,-0.6946221994724903,-0.6946221994724903,-0.6946221994724903,-0.6946221994724903,-0.6946221994724903,-0.6946221994724903,-0.6946221994724903,-0.6946221994724903,-0.6946221994724902,1.1102230246251565e-16,-0.6946221994724902,1.1102230246251565e-16,52.134117,52.026222,52.170795,51.672897,51.53469,51.711456,-0.8430691,-0.87974644,-0.7351742,-0.38184547,-0.42040825,-0.2436428
48.5,-0.6964194138592059,-0.6964194138592059,-0.6964194138592059,-0.6964194138592059,-0.6964194138592059,-0.6964194138592059,-0.6964194138592059,-0.6964194138592059,-0.6964194138592059,-0.6964194138592059,-0.696419413859206,1.1102230246251565e-16,-0.696419413859206,1.1102230246251565e-16,52.134117,52.026222,52.170795,51.670506,51.53469,51.694046,-0.8430691,-0.87974644,-0.7351742,-0.37945557,-0.40299606,-0.2436428
48.75,-0.698212002188447,-0.698212002188447,-0.698212002188447,-0.698212002188447,-0.698212002188447,-0.698212002188447,-0.698212002188447,-0.698212002188447,-0.698212002188447,-0.698212002188447,-0.6982120021884469,1.1102230246251565e-16,-0.6982120021884469,1.1102230246251565e-16,52.134117,52.026222,52.170795,51.670506,51.53469,51.694046,-0.8430691,-0.87974644,-0.7351742,-0.37945557,-0.40299606,-0.2436428
49.0,-0.7,-0.7,-0.7,-0.7,-0.7,-0.7,-0.7,-0.7,-0.7,-0.7,-0.7000000000000001,1.1102230246251565e-16,-0.7000000000000001,1.1102230246251565e-16,52.131237,52.026222,52.156685,51.67001,51.533253,51.683067,-0.8401871,-0.865633,-0.7351742,-0.37895966,-0.3920164,-0.2422018
49.25,-0.70178344238091,-0.70178344238091,-0.70178344238091,-0.70178344238091,-0.70178344238091,-0.70178344238091,-0.70178344238091,-0.70178344238091,-0.70178344238091,-0.70178344238091,-0.7017834423809098,1.1102230246251565e-16,-0.7017834423809098,1.1102230246251565e-16,52.131237,52.026222,52.156685,51.65211,51.533253,51.679234,-0.8401871,-0.865633,-0.7351742,-0.3610611,-0.3881836,-0.2422018
49.5,-0.7035623639735145,-0.7035623639735145,-0.7035623639735145,-0.7035623639735145,-0.7035623639735145,-0.7035623639735145,-0.7035623639735145,-0.7035623639735145,-0.7035623639735145,-0.7035623639735145,-0.7035623639735143,1.1102230246251565e-16,-0.7035623639735143,1.1102230246251565e-16,52.131237,52.026222,52.156685,51.61934,51.533253,51.656822,-0.8401871,-0.865633,-0.7351742,-0.32829094,-0.36577034,-0.2422018
49.75,-0.7053367989832943,-0.7053367989832943,-0.7053367989832943,-0.7053367989832943,-0.7053367989832943,-0.7053367989832943,-0.7053367989832943,-0.7053367989832943,-0.7053367989832943,-0.7053367989832943,-0.7053367989832944,1.1102230246251565e-16,-0.7053367989832944,1.1102230246251565e-16,52.131237,52.019127,52.156685,51.605453,51.509285,51.642666,-0.8401871,-0.865633,-0.7280779,-0.31440163,-0.35161686,-0.21823311
50.0,-0.7071067811865476,-0.7071067811865476,-0.7071067811865476,-0.7071067811865476,-0.7071067811865476,-0.7071067811865476,-0.7071067811865476,-0.7071067811865476,-0.7071067811865476,-0.7071067811865476,-0.7071067811865477,1.1102230246251565e-16,-0.7071067811865477,1.1102230246251565e-16,52.12799,52.019127,52.156685,51.605453,51.504417,51.639397,-0.8369427,-0.865633,-0.7280779,-0.31440163,-0.3483467,-0.21336651
50.25000000000001,-0.7088723439378913,-0.7088723439378913,-0.7088723439378913,-0.7088723439378913,-0.7088723439378913,-0.7088723439378913,-0.7088723439378913,-0.7088723439378913,-0.7088723439378913,-0.7088723439378913,-0.7088723439378912,1.1102230246251565e-16,-0.7088723439378912,1.1102230246251565e-16,52.121746,52.019127,52.148888,51.605453,51.504417,51.626575,-0.8306961,-0.8578377,-0.7280779,-0.31440163,-0.33552456,-0.21336651
50.5,-0.7106335201775947,-0.7106335201775947,-0.7106335201775947,-0.7106335201775947,-0.7106335201775947,-0.7106335201775947,-0.7106335201775947,-0.7106335201775947,-0.7106335201775947,-0.7106335201775947,-0.7106335201775947,0.0,-0.7106335201775947,0.0,52.121746,52.019127,52.148888,51.605453,51.504417,51.626575,-0.8306961,-0.8578377,-0.7280779,-0.31440163,-0.33552456,-0.21336651
50.75000000000001,-0.7123903424387504,-0.7123903424387504,-0.7123903424387504,-0.7123903424387504,-0.7123903424387504,-0.7123903424387504,-0.7123903424387504,-0.7123903424387504,-0.7123903424387504,-0.7123903424387504,-0.7123903424387504,0.0,-0.7123903424387504,0.0,52.121746,52.023952,52.153835,51.61583,51.504417,51.62805,-0.8306961,-0.8627863,-0.7329035,-0.3247776,-0.3369999,-0.21336651
51.0,-0.714142842854285,-0.714142842854285,-0.714142842854285,-0.714142842854285,-0.714142842854285,-0.714142842854285,-0.714142842854285,-0.714142842854285,-0.714142842854285,-0.714142842854285,-0.714142842854285,0.0,-0.714142842854285,0.0,52.121746,52.063255,52.19767,51.62628,51.525505,51.642918,-0.8306961,-0.90662193,-0.7722044,-0.33523178,-0.35186863,-0.2344532
51.24999999999999,-0.7158910531638176,-0.7158910531638176,-0.7158910531638176,-0.7158910531638176,-0.7158910531638176,-0.7158910531638176,-0.7158910531638176,-0.7158910531638176,-0.7158910531638176,-0.7158910531638176,-0.7158910531638175,1.1102230246251565e-16,-0.7158910531638175,1.1102230246251565e-16,52.125687,52.063255,52.2086,51.62628,51.59031,51.642918,-0.8346386,-0.9175482,-0.7722044,-0.33523178,-0.35186863,-0.29925823
51.5,-0.7176350047203662,-0.7176350047203662,-0.7176350047203662,-0.7176350047203662,-0.7176350047203662,-0.7176350047203662,-0.7176350047203662,-0.7176350047203662,-0.7176350047203662,-0.7176350047203662,-0.7176350047203661,1.1102230246251565e-16,-0.7176350047203661,1.1102230246251565e-16,52.136665,52.063255,52.213318,51.61589,51.572304,51.682873,-0.8456135,-0.9222679,-0.7722044,-0.32483864,-0.39182281,-0.28125477
51.74999999999999,-0.7193747284969079,-0.7193747284969079,-0.7193747284969079,-0.7193747284969079,-0.7193747284969079,-0.7193747284969079,-0.7193747284969079,-0.7193747284969079,-0.7193747284969079,-0.7193747284969079,-0.7193747284969078,1.1102230246251565e-16,-0.7193747284969078,1.1102230246251565e-16,52.136665,52.063255,52.213318,51.620323,51.583294,51.682873,-0.8456135,-0.9222679,-0.7722044,-0.32927322,-0.39182281,-0.292243
52.0,-0.7211102550927979,-0.7211102550927979,-0.7211102550927979,-0.7211102550927979,-0.7211102550927979,-0.7211102550927979,-0.7211102550927979,-0.7211102550927979,-0.7211102550927979,-0.7211102550927979,-0.7211102550927979,0.0,-0.7211102550927979,0.0,52.14444,52.066994,52.219433,51.614388,51.58058,51.651505,-0.85338783,-0.9283838,-0.77594376,-0.32333755,-0.3604555,-0.2895317
52.25,-0.722841614740048,-0.722841614740048,-0.722841614740048,-0.722841614740048,-0.722841614740048,-0.722841614740048,-0.722841614740048,-0.722841614740048,-0.722841614740048,-0.722841614740048,-0.722841614740048,0.0,-0.722841614740048,0.0,52.14444,52.066994,52.219433,51.614388,51.58058,51.651505,-0.85338783,-0.9283838,-0.77594376,-0.32333755,-0.3604555,-0.2895317
52.5,-0.724568837309472,-0.724568837309472,-0.724568837309472,-0.724568837309472,-0.724568837309472,-0.724568837309472,-0.724568837309472,-0.724568837309472,-0.724568837309472,-0.724568837309472,-0.724568837309472,0.0,-0.724568837309472,0.0,52.14444,52.066994,52.219433,51.614388,51.58058,51.651505,-0.85338783,-0.9283838,-0.77594376,-0.32333755,-0.3604555,-0.2895317
52.75,-0.7262919523166975,-0.7262919523166975,-0.7262919523166975,-0.7262919523166975,-0.7262919523166975,-0.7262919523166975,-0.7262919523166975,-0.7262919523166975,-0.7262919523166975,-0.7262919523166975,-0.7262919523166974,1.1102230246251565e-16,-0.7262919523166974,1.1102230246251565e-16,52.14444,52.066994,52.219433,51.614388,51.58058,51.651505,-0.85338783,-0.9283838,-0.77594376,-0.32333755,-0.3604555,-0.2895317
53.0,-0.7280109889280518,-0.7280109889280518,-0.7280109889280518,-0.7280109889280518,-0.7280109889280518,-0.7280109889280518,-0.7280109889280518,-0.7280109889280518,-0.7280109889280518,-0.7280109889280518,-0.7280109889280518,0.0,-0.7280109889280518,0.0,52.14444,52.066994,52.219433,51.614388,51.58058,51.651505,-0.85338783,-0.9283838,-0.77594376,-0.32333755,-0.3604555,-0.2895317
53.25,-0.7297259759663212,-0.7297259759663212,-0.7297259759663212,-0.7297259759663212,-0.7297259759663212,-0.7297259759663212,-0.7297259759663212,-0.7297259759663212,-0.7297259759663212,-0.7297259759663212,-0.7297259759663212,0.0,-0.7297259759663212,0.0,52.129677,52.066994,52.213318,51.614388,51.576477,51.651505,-0.83862877,-0.9222679,-0.77594376,-0.32333755,-0.3604555,-0.28542614
53.5,-0.7314369419163897,-0.7314369419163897,-0.7314369419163897,-0.7314369419163897,-0.7314369419163897,-0.7314369419163897,-0.7314369419163897,-0.7314369419163897,-0.7314369419163897,-0.7314369419163897,-0.7314369419163897,0.0,-0.7314369419163897,0.0,52.129677,52.066994,52.207314,51.610382,51.576477,51.651505,-0.83862877,-0.9162626,-0.77594376,-0.31933403,-0.3604555,-0.28542614
53.75,-0.7331439149307591,-0.7331439149307591,-0.7331439149307591,-0.7331439149307591,-0.7331439149307591,-0.7331439149307591,-0.7331439149307591,-0.7331439149307591,-0.7331439149307591,-0.7331439149307591,-0.733143914930759,1.1102230246251565e-16,-0.733143914930759,1.1102230246251565e-16,52.129196,52.063572,52.207314,51.60345,51.576477,51.648083,-0.8381443,-0.9162626,-0.772521,-0.31240082,-0.35703278,-0.28542614
54.0,-0.7348469228349535,-0.7348469228349535,-0.7348469228349535,-0.7348469228349535,-0.7348469228349535,-0.7348469228349535,-0.7348469228349535,-0.7348469228349535,-0.7348469228349535,-0.7348469228349535,-0.7348469228349535,0.0,-0.7348469228349535,0.0,52.129196,52.063572,52.207314,51.588463,51.576477,51.627754,-0.8381443,-0.9162626,-0.772521,-0.29741287,-0.33670616,-0.28542614
54.25,-0.7365459931328118,-0.7365459931328118,-0.7365459931328118,-0.7365459931328118,-0.7365459931328118,-0.7365459931328118,-0.7365459931328118,-0.7365459931328118,-0.7365459931328118,-0.7365459931328118,-0.7365459931328119,1.1102230246251565e-16,-0.7365459931328119,1.1102230246251565e-16,52.129196,52.063572,52.207314,51.588463,51.576477,51.627754,-0.8381443,-0.9162626,-0.772521,-0.29741287,-0.33670616,-0.28542614
54.50000000000001,-0.7382411530116699,-0.7382411530116699,-0.7382411530116699,-0.7382411530116699,-0.7382411530116699,-0.7382411530116699,-0.7382411530116699,-0.7382411530116699,-0.7382411530116699,-0.7382411530116699,-0.7382411530116698,1.1102230246251565e-16,-0.7382411530116698,1.1102230246251565e-16,52.129196,52.063572,52.207314,51.588463,51.576477,51.627754,-0.8381443,-0.9162626,-0.772521,-0.29741287,-0.33670616,-0.28542614
54.75,-0.7399324293474371,-0.7399324293474371,-0.7399324293474371,-0.7399324293474371,-0.7399324293474371,-0.7399324293474371,-0.7399324293474371,-0.7399324293474371,-0.7399324293474371,-0.7399324293474371,-0.7399324293474371,0.0,-0.7399324293474371,0.0,52.129196,52.063572,52.207314,51.588463,51.567764,51.627754,-0.8381443,-0.9162626,-0.772521,-0.29741287,-0.33670616,-0.27671432
55.00000000000001,-0.7416198487095663,-0.7416198487095663,-0.7416198487095663,-0.7416198487095663,-0.7416198487095663,-0.7416198487095663,-0.7416198487095663,-0.7416198487095663,-0.7416198487095663,-0.7416198487095663,-0.7416198487095664,1.1102230246251565e-16,-0.7416198487095664,1.1102230246251565e-16,52.129196,52.063572,52.207314,51.55163,51.507736,51.612717,-0.8381443,-0.9162626,-0.772521,-0.26057816,-0.32166576,-0.21668816
55.25,-0.7433034373659253,-0.7433034373659253,-0.7433034373659253,-0.7433034373659253,-0.7433034373659253,-0.7433034373659253,-0.7433034373659253,-0.7433034373659253,-0.7433034373659253,-0.7433034373659253,-0.7433034373659254,1.1102230246251565e-16,-0.7433034373659254,1.1102230246251565e-16,52.129196,52.063572,52.207314,51.55163,51.507736,51.582226,-0.8381443,-0.9162626,-0.772521,-0.26057816,-0.29117584,-0.21668816
55.50000000000001,-0.7449832212875671,-0.7449832212875671,-0.7449832212875671,-0.7449832212875671,-0.7449832212875671,-0.7449832212875671,-0.7449832212875671,-0.7449832212875671,-0.7449832212875671,-0.7449832212875671,-0.7449832212875672,1.1102230246251565e-16,-0.7449832212875672,1.1102230246251565e-16,52.129196,52.063572,52.207314,51.55163,51.507736,51.582226,-0.8381443,-0.9162626,-0.772521,-0.26057816,-0.29117584,-0.21668816
55.75,-0.746659226153404,-0.746659226153404,-0.746659226153404,-0.746659226153404,-0.746659226153404,-0.746659226153404,-0.746659226153404,-0.746659226153404,-0.746659226153404,-0.746659226153404,-0.7466592261534039,1.1102230246251565e-16,-0.7466592261534039,1.1102230246251565e-16,52.13905,52.063572,52.207314,51.558163,51.507736,51.582226,-0.8479996,-0.9162626,-0.772521,-0.26711273,-0.29117584,-0.21668816
56.00000000000001,-0.7483314773547883,-0.7483314773547883,-0.7483314773547883,-0.7483314773547883,-0.7483314773547883,-0.7483314773547883,-0.7483314773547883,-0.7483314773547883,-0.7483314773547883,-0.7483314773547883,-0.7483314773547882,1.1102230246251565e-16,-0.7483314773547882,1.1102230246251565e-16,52.13905,52.063572,52.207314,51.558163,51.507736,51.582226,-0.8479996,-0.9162626,-0.772521,-0.26711273,-0.29117584,-0.21668816
56.25,-0.75,-0.75,-0.75,-0.75,-0.75,-0.75,-0.75,-0.75,-0.75,-0.75,-0.75,0.0,-0.75,0.0,52.13905,52.06703,52.207314,51.543102,51.507736,51.576538,-0.8479996,-0.9162626,-0.7759838,-0.2520523,-0.28549004,-0.21668816
56.50000000000001,-0.7516648189186454,-0.7516648189186454,-0.7516648189186454,-0.7516648189186454,-0.7516648189186454,-0.7516648189186454,-0.7516648189186454,-0.7516648189186454,-0.7516648189186454,-0.7516648189186454,-0.7516648189186456,1.1102230246251565e-16,-0.7516648189186456,1.1102230246251565e-16,52.13905,52.06703,52.207314,51.543102,51.507736,51.576538,-0.8479996,-0.9162626,-0.7759838,-0.2520523,-0.28549004,-0.21668816
56.75,-0.7533259586659681,-0.7533259586659681,-0.7533259586659681,-0.7533259586659681,-0.7533259586659681,-0.7533259586659681,-0.7533259586659681,-0.7533259586659681,-0.7533259586659681,-0.7533259586659681,-0.7533259586659681,0.0,-0.7533259586659681,0.0,52.13905,52.06703,52.207314,51.516037,51.46868,51.576233,-0.8479996,-0.9162626,-0.7759838,-0.22498894,-0.28518486,-0.17763042
57.00000000000001,-0.7549834435270751,-0.7549834435270751,-0.7549834435270751,-0.7549834435270751,-0.7549834435270751,-0.7549834435270751,-0.7549834435270751,-0.7549834435270751,-0.7549834435270751,-0.7549834435270751,-0.754983443527075,1.1102230246251565e-16,-0.754983443527075,1.1102230246251565e-16,52.13905,52.06703,52.207314,51.516037,51.46868,51.576233,-0.8479996,-0.9162626,-0.7759838,-0.22498894,-0.28518486,-0.17763042
57.25,-0.7566372975210777,-0.7566372975210777,-0.7566372975210777,-0.7566372975210777,-0.7566372975210777,-0.7566372975210777,-0.7566372975210777,-0.7566372975210777,-0.7566372975210777,-0.7566372975210777,-0.7566372975210777,0.0,-0.7566372975210777,0.0,52.13905,52.06703,52.207314,51.516037,51.462505,51.576233,-0.8479996,-0.9162626,-0.7759838,-0.22498894,-0.28518486,-0.17145634
57.50000000000001,-0.7582875444051551,-0.7582875444051551,-0.7582875444051551,-0.7582875444051551,-0.7582875444051551,-0.7582875444051551,-0.7582875444051551,-0.7582875444051551,-0.7582875444051551,-0.7582875444051551,-0.758287544405155,1.1102230246251565e-16,-0.758287544405155,1.1102230246251565e-16,52.13905,52.06703,52.207314,51.516037,51.462505,51.576233,-0.8479996,-0.9162626,-0.7759838,-0.22498894,-0.28518486,-0.17145634
57.75,-0.759934207678533,-0.759934207678533,-0.759934207678533,-0.759934207678533,-0.759934207678533,-0.759934207678533,-0.759934207678533,-0.759934207678533,-0.759934207678533,-0.759934207678533,-0.7599342076785331,1.1102230246251565e-16,-0.7599342076785331,1.1102230246251565e-16,52.13905,52.06703,52.207314,51.516037,51.45656,51.576233,-0.8479996,-0.9162626,-0.7759838,-0.22498894,-0.28518486,-0.16550636
57.99999999999999,-0.7615773105863908,-0.7615773105863908,-0.7615773105863908,-0.7615773105863908,-0.7615773105863908,-0.7615773105863908,-0.7615773105863908,-0.7615773105863908,-0.7615773105863908,-0.7615773105863908,-0.7615773105863909,1.1102230246251565e-16,-0.7615773105863909,1.1102230246251565e-16,52.149467,52.074722,52.207314,51.495003,51.45656,51.569008,-0.8584175,-0.9162626,-0.7836704,-0.20395088,-0.27795982,-0.16550636
58.25,-0.7632168761236874,-0.7632168761236874,-0.7632168761236874,-0.7632168761236874,-0.7632168761236874,-0.7632168761236874,-0.7632168761236874,-0.7632168761236874,-0.7632168761236874,-0.7632168761236874,-0.7632168761236874,0.0,-0.7632168761236874,0.0,52.149467,52.074722,52.207314,51.47278,51.45656,51.518135,-0.8584175,-0.9162626,-0.7836704,-0.18172646,-0.2270832,-0.16550636
58.5,-0.7648529270389177,-0.7648529270389177,-0.7648529270389177,-0.7648529270389177,-0.7648529270389177,-0.7648529270389177,-0.7648529270389177,-0.7648529270389177,-0.7648529270389177,-0.7648529270389177,-0.7648529270389178,1.1102230246251565e-16,-0.7648529270389178,1.1102230246251565e-16,52.149467,52.074722,52.207314,51.47278,51.45656,51.518135,-0.8584175,-0.9162626,-0.7836704,-0.18172646,-0.2270832,-0.16550636
58.75,-0.7664854858377946,-0.7664854858377946,-0.7664854858377946,-0.7664854858377946,-0.7664854858377946,-0.7664854858377946,-0.7664854858377946,-0.7664854858377946,-0.7664854858377946,-0.7300231942641597,-0.7664854858377945,1.1102230246251565e-16,-0.7617806740218416,0.014114435447858642,52.149467,52.074722,52.207314,51.458702,51.377357,51.49745,-0.8584175,-0.9162626,-0.7836704,-0.16765213,-0.20640182,-0.086307526
59.0,-0.7681145747868608,-0.7681145747868608,-0.7681145747868608,-0.7681145747868608,-0.7681145747868608,-0.7681145747868608,-0.7681145747868608,-0.7681145747868608,-0.7681145747868608,-0.731652283213226,-0.7681145747868607,1.1102230246251565e-16,-0.7634097629709078,0.014114435447858642,52.154373,52.074722,52.212288,51.455833,51.377357,51.50028,-0.8633213,-0.92123985,-0.7836704,-0.16478157,-0.20922947,-0.086307526
59.25,-0.7697402159170327,-0.7697402159170327,-0.7697402159170327,-0.7697402159170327,-0.7697402159170327,-0.7697402159170327,-0.7697402159170327,-0.7697402159170327,-0.7697402159170327,-0.7332779243433978,-0.7697402159170326,1.1102230246251565e-16,-0.7650354041010796,0.014114435447858642,52.154373,52.074722,52.212288,51.455833,51.377357,51.50028,-0.8633213,-0.92123985,-0.7836704,-0.16478157,-0.20922947,-0.086307526
59.5,-0.7713624310270755,-0.7713624310270755,-0.7713624310270755,-0.7713624310270755,-0.7713624310270755,-0.7713624310270755,-0.7713624310270755,-0.7713624310270755,-0.7713624310270755,-0.7345560621745474,-0.7713624310270754,1.1102230246251565e-16,-0.7665046959760589,0.014070849568083911,52.154373,52.074722,52.212288,51.455833,51.356823,51.50028,-0.8633213,-0.92123985,-0.7836704,-0.16478157,-0.20922947,-0.065773964
59.75,-0.7729812416870153,-0.7729812416870153,-0.7729812416870153,-0.7729812416870153,-0.7729812416870153,-0.7729812416870153,-0.7729812416870153,-0.7729812416870153,-0.7729812416870153,-0.7361748728344872,-0.7729812416870152,1.1102230246251565e-16,-0.7681235066359987,0.014070849568083911,52.154373,52.074722,52.212288,51.455833,51.356823,51.50028,-0.8633213,-0.92123985,-0.7836704,-0.16478157,-0.20922947,-0.065773964
60.0,-0.7745966692414834,-0.7745966692414834,-0.7745966692414834,-0.7745966692414834,-0.7745966692414834,-0.7745966692414834,-0.7745966692414834,-0.7745966692414834,-0.7745966692414834,-0.7377903003889553,-0.7745966692414834,0.0,-0.7697389341904669,0.01407084956808391,52.154373,52.074722,52.212288,51.470734,51.356823,51.52863,-0.8633213,-0.92123985,-0.7836704,-0.1796856,-0.23757935,-0.065773964
60.25,-0.7762087348130012,-0.7762087348130012,-0.7762087348130012,-0.7762087348130012,-0.7762087348130012,-0.7762087348130012,-0.7762087348130012,-0.7762087348130012,-0.7762087348130012,-0.7394023659604732,-0.7762087348130012,0.0,-0.7713509997619847,0.01407084956808391,52.154373,52.074722,52.212288,51.470734,51.356823,51.507797,-0.8633213,-0.92123985,-0.7836704,-0.1796856,-0.21674824,-0.065773964
60.5,-0.7778174593052022,-0.7778174593052022,-0.7778174593052022,-0.7778174593052022,-0.7778174593052022,-0.7778174593052022,-0.7778174593052022,-0.7778174593052022,-0.7778174593052022,-0.7413551677315673,-0.7778174593052023,1.1102230246251565e-16,-0.7731126474892495,0.014114435447858642,52.164326,52.088432,52.215397,51.49148,51.371246,51.565937,-0.87327576,-0.92434597,-0.79738045,-0.20043182,-0.27488708,-0.08019543
60.75000000000001,-0.7794228634059948,-0.7794228634059948,-0.7794228634059948,-0.7794228634059948,-0.7794228634059948,-0.7794228634059948,-0.7794228634059948,-0.7794228634059948,-0.7794228634059948,-0.7250559150460227,-0.7794228634059949,1.1102230246251565e-16,-0.7724077732950307,0.02104527033289238,52.164326,52.088432,52.215397,51.49148,51.371246,51.565937,-0.87327576,-0.92434597,-0.79738045,-0.20043182,-0.27488708,-0.08019543
61.0,-0.7810249675906654,-0.7810249675906654,-0.7810249675906654,-0.7810249675906654,-0.7810249675906654,-0.7810249675906654,-0.7810249675906654,-0.7810249675906654,-0.7810249675906654,-0.7810249675906654,-0.7810249675906655,1.1102230246251565e-16,-0.7810249675906655,1.1102230246251565e-16,52.19017,52.122437,52.257565,51.49611,51.371246,51.59729,-0.8991184,-0.9665146,-0.8313885,-0.20506096,-0.30624104,-0.08019543
61.25000000000001,-0.7826237921249265,-0.7826237921249265,-0.7826237921249265,-0.7826237921249265,-0.7826237921249265,-0.7826237921249265,-0.7826237921249265,-0.7826237921249265,-0.7826237921249265,-0.7826237921249265,-0.7826237921249265,0.0,-0.7826237921249265,0.0,52.19017,52.122437,52.257565,51.46888,51.350464,51.587036,-0.8991184,-0.9665146,-0.8313885,-0.17783165,-0.29598808,-0.059414864
61.5,-0.7842193570679061,-0.7842193570679061,-0.7842193570679061,-0.7842193570679061,-0.7842193570679061,-0.7842193570679061,-0.7842193570679061,-0.7842193570679061,-0.7842193570679061,-0.7842193570679061,-0.7842193570679061,0.0,-0.7842193570679061,0.0,52.19017,52.122437,52.257565,51.46888,51.350464,51.587036,-0.8991184,-0.9665146,-0.8313885,-0.17783165,-0.29598808,-0.059414864
61.75000000000001,-0.7858116822750856,-0.7858116822750856,-0.7858116822750856,-0.7858116822750856,-0.7858116822750856,-0.7858116822750856,-0.7858116822750856,-0.7858116822750856,-0.7858116822750856,-0.7858116822750856,-0.7858116822750855,1.1102230246251565e-16,-0.7858116822750855,1.1102230246251565e-16,52.20751,52.173935,52.342384,51.517834,51.465965,51.613014,-0.91646004,-1.0513353,-0.8828831,-0.22678375,-0.32196522,-0.17491722
62.0,-0.7874007874011811,-0.7874007874011811,-0.7874007874011811,-0.7874007874011811,-0.7874007874011811,-0.7874007874011811,-0.7874007874011811,-0.7874007874011811,-0.7874007874011811,-0.7874007874011811,-0.7874007874011812,1.1102230246251565e-16,-0.7874007874011812,1.1102230246251565e-16,52.20751,52.173935,52.342384,51.481842,51.43207,51.59935,-0.91646004,-1.0513353,-0.8828831,-0.19079018,-0.30829906,-0.14102173
62.25000000000001,-0.788986691902975,-0.788986691902975,-0.788986691902975,-0.788986691902975,-0.788986691902975,-0.788986691902975,-0.788986691902975,-0.788986691902975,-0.788986691902975,-0.788986691902975,-0.7889866919029751,1.1102230246251565e-16,-0.7889866919029751,1.1102230246251565e-16,52.251,52.20526,52.342384,51.535004,51.466076,51.626995,-0.9599514,-1.0513353,-0.9142103,-0.2439518,-0.33594513,-0.17502594
62.5,-0.7905694150420949,-0.7905694150420949,-0.7905694150420949,-0.7905694150420949,-0.7905694150420949,-0.7905694150420949,-0.7905694150420949,-0.7905694150420949,-0.7905694150420949,-0.7905694150420949,-0.7905694150420948,1.1102230246251565e-16,-0.7905694150420948,1.1102230246251565e-16,52.259777,52.217133,52.342384,51.566696,51.466076,51.626995,-0.9687271,-1.0513353,-0.92608356,-0.27564812,-0.33594513,-0.17502594
62.75000000000001,-0.792148975887743,-0.792148975887743,-0.792148975887743,-0.792148975887743,-0.792148975887743,-0.792148975887743,-0.792148975887743,-0.792148975887743,-0.792148975887743,-0.792148975887743,-0.792148975887743,0.0,-0.792148975887743,0.0,52.290546,52.236893,52.35369,51.577377,51.478554,51.626995,-0.99949646,-1.0626392,-0.9458437,-0.28632736,-0.33594513,-0.18750381
63.0,-0.7937253933193772,-0.7937253933193772,-0.7937253933193772,-0.7937253933193772,-0.7937253933193772,-0.7937253933193772,-0.7937253933193772,-0.7937253933193772,-0.7937253933193772,-0.7937253933193772,-0.7937253933193772,0.0,-0.7937253933193772,0.0,52.290546,52.236893,52.35369,51.577377,51.478554,51.626995,-0.99949646,-1.0626392,-0.9458437,-0.28632736,-0.33594513,-0.18750381
63.25000000000001,-0.7952986860293434,-0.7952986860293434,-0.7952986860293434,-0.7952986860293434,-0.7952986860293434,-0.7952986860293434,-0.7952986860293434,-0.7952986860293434,-0.7952986860293434,-0.7952986860293434,-0.7952986860293434,0.0,-0.7952986860293434,0.0,52.290546,52.236893,52.35369,51.577377,51.478554,51.626995,-0.99949646,-1.0626392,-0.9458437,-0.28632736,-0.33594513,-0.18750381
63.5,-0.7968688725254613,-0.7968688725254613,-0.7968688725254613,-0.7968688725254613,-0.7968688725254613,-0.7968688725254613,-0.7968688725254613,-0.7968688725254613,-0.7968688725254613,-0.7968688725254613,-0.7968688725254615,1.1102230246251565e-16,-0.7968688725254615,1.1102230246251565e-16,52.290546,52.236893,52.36461,51.577377,51.478554,51.641155,-0.99949646,-1.0735598,-0.9458437,-0.28632736,-0.35010624,-0.18750381
63.75000000000001,-0.7984359711335658,-0.7984359711335658,-0.7984359711335658,-0.7984359711335658,-0.7984359711335658,-0.7984359711335658,-0.7984359711335658,-0.7984359711335658,-0.7984359711335658,-0.7984359711335658,-0.7984359711335659,1.1102230246251565e-16,-0.7984359711335659,1.1102230246251565e-16,52.290546,52.236893,52.36461,51.577377,51.47637,51.639114,-0.99949646,-1.0735598,-0.9458437,-0.28632736,-0.34806347,-0.18532085
64.0,-0.8,-0.8,-0.8,-0.8,-0.8,-0.8,-0.8,-0.8,-0.8,-0.8,-0.7999999999999999,1.1102230246251565e-16,-0.7999999999999999,1.1102230246251565e-16,52.290546,52.236893,52.36461,51.577377,51.45987,51.639114,-0.99949646,-1.0735598,-0.9458437,-0.28632736,-0.34806347,-0.16882133
64.25,-0.8015609770940698,-0.8015609770940698,-0.8015609770940698,-0.8015609770940698,-0.8015609770940698,-0.8015609770940698,-0.8015609770940698,-0.8015609770940698,-0.8015609770940698,-0.8015609770940698,-0.8015609770940697,1.1102230246251565e-16,-0.8015609770940697,1.1102230246251565e-16,52.284504,52.236893,52.36461,51.57541,51.45685,51.6339,-0.993454,-1.0735598,-0.9458437,-0.28435707,-0.34284973,-0.1658001
64.5,-0.8031189202104505,-0.8031189202104505,-0.8031189202104505,-0.8031189202104505,-0.8031189202104505,-0.8031189202104505,-0.8031189202104505,-0.8031189202104505,-0.8031189202104505,-0.8031189202104505,-0.8031189202104505,0.0,-0.8031189202104505,0.0,52.284504,52.236893,52.36461,51.561623,51.45685,51.6339,-0.993454,-1.0735598,-0.9458437,-0.27057266,-0.34284973,-0.1658001
64.75,-0.804673846971554,-0.804673846971554,-0.804673846971554,-0.804673846971554,-0.804673846971554,-0.804673846971554,-0.804673846971554,-0.804673846971554,-0.804673846971554,-0.804673846971554,-0.8046738469715538,2.220446049250313e-16,-0.8046738469715538,2.220446049250313e-16,52.284504,52.236893,52.369114,51.56786,51.45685,51.608448,-0.993454,-1.078063,-0.9458437,-0.2768097,-0.31739712,-0.1658001
65.0,-0.806225774829855,-0.806225774829855,-0.806225774829855,-0.806225774829855,-0.806225774829855,-0.806225774829855,-0.806225774829855,-0.806225774829855,-0.806225774829855,-0.806225774829855,-0.8062257748298551,1.1102230246251565e-16,-0.8062257748298551,1.1102230246251565e-16,52.295315,52.236893,52.369114,51.56786,51.47307,51.608448,-1.0042648,-1.078063,-0.9458437,-0.2768097,-0.31739712,-0.18201637
65.25,-0.8077747210701756,-0.8077747210701756,-0.8077747210701756,-0.8077747210701756,-0.8077747210701756,-0.8077747210701756,-0.8077747210701756,-0.8077747210701756,-0.8077747210701756,-0.8077747210701756,-0.8077747210701756,0.0,-0.8077747210701756,0.0,52.295315,52.236893,52.369114,51.56786,51.47307,51.608448,-1.0042648,-1.078063,-0.9458437,-0.2768097,-0.31739712,-0.18201637
65.5,-0.8093207028119322,-0.8093207028119322,-0.8093207028119322,-0.8093207028119322,-0.8093207028119322,-0.8093207028119322,-0.8093207028119322,-0.8093207028119322,-0.8093207028119322,-0.8093207028119322,-0.8093207028119325,2.220446049250313e-16,-0.8093207028119325,2.220446049250313e-16,52.295315,52.236893,52.369114,51.56786,51.47307,51.608448,-1.0042648,-1.078063,-0.9458437,-0.2768097,-0.31739712,-0.18201637
65.75,-0.8108637370113427,-0.8108637370113427,-0.8108637370113427,-0.8108637370113427,-0.8108637370113427,-0.8108637370113427,-0.8108637370113427,-0.8108637370113427,-0.8108637370113427,-0.8108637370113427,-0.8108637370113427,0.0,-0.8108637370113427,0.0,52.295315,52.236893,52.369114,51.56786,51.47307,51.608448,-1.0042648,-1.078063,-0.9458437,-0.2768097,-0.31739712,-0.18201637
66.0,-0.812403840463596,-0.812403840463596,-0.812403840463596,-0.812403840463596,-0.812403840463596,-0.812403840463596,-0.812403840463596,-0.812403840463596,-0.812403840463596,-0.812403840463596,-0.812403840463596,0.0,-0.812403840463596,0.0,52.295315,52.236893,52.369114,51.56786,51.47307,51.608448,-1.0042648,-1.078063,-0.9458437,-0.2768097,-0.31739712,-0.18201637
66.25,-0.8139410298049852,-0.8139410298049852,-0.8139410298049852,-0.8139410298049852,-0.8139410298049852,-0.8139410298049852,-0.8139410298049852,-0.8139410298049852,-0.8139410298049852,-0.8139410298049852,-0.8139410298049852,0.0,-0.8139410298049852,0.0,52.295315,52.236893,52.369114,51.56786,51.47307,51.608448,-1.0042648,-1.078063,-0.9458437,-0.2768097,-0.31739712,-0.18201637
66.5,-0.8154753215150046,-0.8154753215150046,-0.8154753215150046,-0.8154753215150046,-0.8154753215150046,-0.8154753215150046,-0.8154753215150046,-0.8154753215150046,-0.8154753215150046,-0.8154753215150046,-0.8154753215150043,2.220446049250313e-16,-0.8154753215150043,2.220446049250313e-16,52.333344,52.23873,52.36948,51.55001,51.47307,51.631195,-1.0422955,-1.0784292,-0.9476824,-0.25896072,-0.3401451,-0.18201637
66.75,-0.8170067319184096,-0.8170067319184096,-0.8170067319184096,-0.8170067319184096,-0.8170067319184096,-0.8170067319184096,-0.8170067319184096,-0.8170067319184096,-0.8170067319184096,-0.8170067319184096,-0.8170067319184096,0.0,-0.8170067319184096,0.0,52.31781,52.23873,52.36948,51.554024,51.452324,51.631195,-1.0267601,-1.0784292,-0.9476824,-0.26297188,-0.3401451,-0.16127396
67.0,-0.8185352771872451,-0.8185352771872451,-0.8185352771872451,-0.8185352771872451,-0.8185352771872451,-0.8185352771872451,-0.8185352771872451,-0.8185352771872451,-0.8185352771872451,-0.8185352771872451,-0.8185352771872452,1.1102230246251565e-16,-0.8185352771872452,1.1102230246251565e-16,52.31781,52.23873,52.36948,51.531296,51.452324,51.588806,-1.0267601,-1.0784292,-0.9476824,-0.24024773,-0.2977581,-0.16127396
67.25,-0.8200609733428362,-0.8200609733428362,-0.8200609733428362,-0.8200609733428362,-0.8200609733428362,-0.8200609733428362,-0.8200609733428362,-0.8200609733428362,-0.8200609733428362,-0.8200609733428362,-0.8200609733428361,1.1102230246251565e-16,-0.8200609733428361,1.1102230246251565e-16,52.31781,52.23873,52.36948,51.51467,51.440792,51.584362,-1.0267601,-1.0784292,-0.9476824,-0.22362328,-0.29331112,-0.14974308
67.5,-0.8215838362577493,-0.8215838362577493,-0.8215838362577493,-0.8215838362577493,-0.8215838362577493,-0.8215838362577493,-0.8215838362577493,-0.8215838362577493,-0.8215838362577493,-0.8215838362577493,-0.8215838362577494,1.1102230246251565e-16,-0.8215838362577494,1.1102230246251565e-16,52.31781,52.23873,52.363117,51.51467,51.372223,51.585243,-1.0267601,-1.0720663,-0.9476824,-0.22362328,-0.2941923,-0.08117294
67.75,-0.8231038816577164,-0.8231038816577164,-0.8231038816577164,-0.8231038816577164,-0.8231038816577164,-0.8231038816577164,-0.8231038816577164,-0.8231038816577164,-0.8231038816577164,-0.8231038816577164,-0.8231038816577165,1.1102230246251565e-16,-0.8231038816577165,1.1102230246251565e-16,52.31781,52.23873,52.363117,51.51467,51.373165,51.585243,-1.0267601,-1.0720663,-0.9476824,-0.22362328,-0.2941923,-0.08211422
68.0,-0.8246211251235321,-0.8246211251235321,-0.8246211251235321,-0.8246211251235321,-0.8246211251235321,-0.8246211251235321,-0.8246211251235321,-0.8246211251235321,-0.8246211251235321,-0.8246211251235321,-0.8246211251235323,1.1102230246251565e-16,-0.8246211251235323,1.1102230246251565e-16,52.31781,52.23873,52.363117,51.40403,51.339676,51.53821,-1.0267601,-1.0720663,-0.9476824,-0.11297798,-0.24716282,-0.048627853
68.25,-0.8261355820929152,-0.8261355820929152,-0.8261355820929152,-0.8261355820929152,-0.8261355820929152,-0.8261355820929152,-0.8261355820929152,-0.8261355820929152,-0.8261355820929152,-0.8261355820929152,-0.8261355820929153,1.1102230246251565e-16,-0.8261355820929153,1.1102230246251565e-16,52.27895,52.22949,52.361897,51.341675,51.33689,51.458035,-0.9878998,-1.0708466,-0.93843746,-0.05062294,-0.1669836,-0.045840263
68.5,-0.8276472678623424,-0.8276472678623424,-0.8276472678623424,-0.8276472678623424,-0.8276472678623424,-0.8276472678623424,-0.8276472678623424,-0.8276472678623424,-0.8276472678623424,-0.8276472678623424,-0.8276472678623426,1.1102230246251565e-16,-0.8276472678623426,1.1102230246251565e-16,52.27895,52.232956,52.361897,51.347694,51.337345,51.458035,-0.9878998,-1.0708466,-0.94190407,-0.05664444,-0.1669836,-0.04629612
68.75,-0.8291561975888501,-0.8291561975888501,-0.8291561975888501,-0.8291561975888501,-0.8291561975888501,-0.8291561975888501,-0.8291561975888501,-0.8291561975888501,-0.8291561975888501,-0.8166124901903986,-0.8291561975888502,1.1102230246251565e-16,-0.8275376546987274,0.004855628670368295,52.249355,52.23159,52.361897,51.347694,51.331894,51.458035,-0.95830536,-1.0708466,-0.9405384,-0.05664444,-0.1669836,-0.04084587
69.0,-0.8306623862918076,-0.8306623862918076,-0.8306623862918076,-0.8306623862918076,-0.8306623862918076,-0.8306623862918076,-0.8306623862918076,-0.8306623862918076,-0.8306623862918076,-0.7859450836386104,-0.8306623862918074,1.1102230246251565e-16,-0.8237437684145338,0.016100853587129527,52.249355,52.23159,52.361897,51.347694,51.331894,51.444458,-0.95830536,-1.0708466,-0.9405384,-0.05664444,-0.15340805,-0.04084587
69.25,-0.8321658488546618,-0.8321658488546618,-0.8321658488546618,-0.8321658488546618,-0.8321658488546618,-0.8321658488546618,-0.8321658488546618,-0.8200267771787411,-0.8321658488546618,-0.6289475098621857,-0.8321658488546617,1.1102230246251565e-16,-0.8005642412649511,0.07349110809311908,52.249355,52.23159,52.361897,51.347694,51.289917,51.444458,-0.95830536,-1.0708466,-0.9405384,-0.05664444,-0.15340805,0.0011320114
69.5,-0.8336666000266533,-0.8336666000266533,-0.8336666000266533,-0.8336666000266533,-0.8336666000266533,-0.8183089787201917,-0.8336666000266533,-0.7096766095474938,-0.8336666000266533,-0.5935864943705998,-0.8336666000266533,0.0,-0.7641636216044168,0.09204214066918916,52.249355,52.23159,52.361897,51.277145,51.178776,51.34744,-0.95830536,-1.0708466,-0.9405384,0.013906479,-0.056388855,0.11227417
69.75,-0.8351646544245033,-0.8351646544245033,-0.8351646544245033,-0.8351646544245033,-0.8351646544245033,-0.8154889527891094,-0.8315322009965794,-0.7111746639453438,-0.8351646544245033,-0.5950845487684499,-0.835164654424503,2.220446049250313e-16,-0.7633450785653106,0.0905429976794643,52.249355,52.23159,52.361897,51.27323,51.178776,51.31734,-0.95830536,-1.0708466,-0.9405384,0.017816544,-0.026290894,0.11227417
70.0,-0.8366600265340757,-0.8366600265340757,-0.8366600265340757,-0.8366600265340757,-0.8366600265340757,-0.7985766644135401,-0.8330275731061518,-0.6371236409147576,-0.8366600265340757,-0.5561462592301587,-0.8366600265340758,1.1102230246251565e-16,-0.7374296980229499,0.10913400475910563,52.249355,52.23159,52.361897,51.256565,51.110367,51.31734,-0.95830536,-1.0708466,-0.9405384,0.034484863,-0.026290894,0.18068218
70.25,-0.8381527307120105,-0.8381527307120105,-0.8381527307120105,-0.8381527307120105,-0.8381527307120105,-0.8000693685914749,-0.823080523983388,-0.6386163450926925,-0.8381527307120105,-0.5576389634080934,-0.8381527307120107,2.220446049250313e-16,-0.7372524636229443,0.10772145627071006,52.249355,52.23159,52.361897,51.256565,51.110367,51.2774,-0.95830536,-1.0708466,-0.9405384,0.034484863,0.013648033,0.18068218
70.5,-0.8396427811873332,-0.8396427811873332,-0.8396427811873332,-0.8396427811873332,-0.8396427811873332,-0.8197101011128516,-0.8360103277594093,-0.6401063955680151,-0.8396427811873332,-0.5591290138834162,-0.8396427811873333,1.1102230246251565e-16,-0.7440425890854181,0.11119564452401033,52.26146,52.242275,52.361897,51.273003,51.110367,51.301975,-0.9704075,-1.0708466,-0.9512253,0.01804924,-0.010924339,0.18068218
70.75,-0.8411301920630362,-0.8411301920630362,-0.8411301920630362,-0.8411301920630362,-0.8411301920630362,-0.8211975119885546,-0.8374977386351123,-0.6415938064437181,-0.8411301920630362,-0.5606164247591192,-0.8411301920630361,1.1102230246251565e-16,-0.745529999961121,0.11119564452401035,52.26146,52.242275,52.361897,51.273003,51.110367,51.301975,-0.9704075,-1.0708466,-0.9512253,0.01804924,-0.010924339,0.18068218
71.0,-0.8426149773176358,-0.8426149773176358,-0.8426149773176358,-0.8426149773176358,-0.8426149773176358,-0.8226822972431542,-0.838982523889712,-0.6563382578791126,-0.8426149773176358,-0.5969168385155766,-0.8426149773176357,1.1102230246251565e-16,-0.7571679612164621,0.10167319422182029,52.292595,52.252422,52.361897,51.273003,51.122375,51.301975,-1.001543,-1.0708466,-0.9613733,0.01804924,-0.010924339,0.16867542
71.25,-0.8440971508067066,-0.8440971508067066,-0.8440971508067066,-0.8440971508067066,-0.8440971508067066,-0.8241644707322249,-0.8404646973787827,-0.6578204313681834,-0.8440971508067066,-0.5983990120046473,-0.8440971508067066,0.0,-0.7586501347055329,0.10167319422182029,52.292595,52.252422,52.361897,51.273003,51.122375,51.301975,-1.001543,-1.0708466,-0.9613733,0.01804924,-0.010924339,0.16867542
71.5,-0.8455767262643882,-0.8455767262643882,-0.8455767262643882,-0.8455767262643882,-0.8455767262643882,-0.8256440461899066,-0.8419442728364643,-0.659300006825865,-0.8455767262643882,-0.599878587462329,-0.8455767262643883,1.1102230246251565e-16,-0.7601297101632145,0.10167319422182029,52.292595,52.252422,52.361897,51.273003,51.122375,51.301975,-1.001543,-1.0708466,-0.9613733,0.01804924,-0.010924339,0.16867542
71.75,-0.8470537173048708,-0.8470537173048708,-0.8470537173048708,-0.8470537173048708,-0.8470537173048708,-0.8271210372303892,-0.8434212638769469,-0.6607769978663476,-0.8470537173048708,-0.6013555785028116,-0.8470537173048707,1.1102230246251565e-16,-0.7616067012036971,0.10167319422182029,52.292595,52.252422,52.361897,51.273003,51.122375,51.301975,-1.001543,-1.0708466,-0.9613733,0.01804924,-0.010924339,0.16867542
72.0,-0.848528137423857,-0.848528137423857,-0.848528137423857,-0.848528137423857,-0.848528137423857,-0.8285954573493755,-0.8470652560636407,-0.7026654902931687,-0.848528137423857,-0.6123463104335379,-0.8485281374238569,1.1102230246251565e-16,-0.7723374004433958,0.09153434003614869,52.292595,52.252422,52.36779,51.273003,51.15897,51.300957,-1.001543,-1.0767403,-0.9613733,0.01804924,-0.0099077225,0.13208008
72.25,-0.85,-0.85,-0.85,-0.85,-0.85,-0.8300673199255184,-0.8485371186397836,-0.7041373528693117,-0.85,-0.6138181730096809,-0.8499999999999999,1.1102230246251565e-16,-0.7738092630195388,0.09153434003614869,52.292595,52.252422,52.36779,51.273003,51.15897,51.291725,-1.001543,-1.0767403,-0.9613733,0.01804924,-0.0006752014,0.13208008
72.5,-0.85146931829632,-0.85146931829632,-0.85146931829632,-0.85146931829632,-0.85146931829632,-0.8011415654674507,-0.8472944718514692,-0.7056066711656317,-0.85146931829632,-0.6152874913060009,-0.85146931829632,0.0,-0.7681147807311276,0.08798971365709662,52.292595,52.252422,52.36779,51.245476,51.15897,51.28927,-1.001543,-1.0767403,-0.9613733,0.04557228,0.00178051,0.13208008
72.75,-0.852936105461599,-0.852936105461599,-0.852936105461599,-0.852936105461599,-0.852936105461599,-0.8026083526327299,-0.8487612590167483,-0.7458319154492136,-0.852936105461599,-0.6288785001636304,-0.8529361054615989,1.1102230246251565e-16,-0.7801379051532249,0.0769874965603297,52.308224,52.27414,52.36779,51.245476,51.194065,51.28927,-1.0171738,-1.0767403,-0.98308754,0.04557228,0.00178051,0.09698391
73.0,-0.8544003745317531,-0.8544003745317531,-0.8544003745317531,-0.8544003745317531,-0.8544003745317531,-0.8031479205982979,-0.8335187699752304,-0.7472961845193676,-0.8544003745317531,-0.6303427692337845,-0.854400374531753,1.1102230246251565e-16,-0.7780744079136737,0.07433337585458957,52.308224,52.27414,52.36779,51.24464,51.194065,51.27214,-1.0171738,-1.0767403,-0.98308754,0.046409607,0.0189085,0.09698391
73.25,-0.8558621384311845,-0.8558621384311845,-0.8558621384311845,-0.8558621384311845,-0.8558621384311845,-0.7998829663230345,-0.8470427226569212,-0.7487579484187991,-0.8558621384311845,-0.6916336424712226,-0.8558621384311846,1.1102230246251565e-16,-0.7877957116110611,0.06034196544123912,52.32307,52.281498,52.370914,51.24036,51.194065,51.288475,-1.0320206,-1.0798645,-0.99044704,0.050689697,0.0025758743,0.09698391
73.5,-0.8573214099741122,-0.8573214099741122,-0.8573214099741122,-0.8573214099741122,-0.8573214099741122,-0.8013422378659623,-0.8485019941998488,-0.7502172199617266,-0.8573214099741122,-0.6930929140141503,-0.8573214099741122,0.0,-0.7892549831539888,0.06034196544123915,52.32307,52.281498,52.370914,51.24036,51.194065,51.288475,-1.0320206,-1.0798645,-0.99044704,0.050689697,0.0025758743,0.09698391
73.75,-0.8587782018658834,-0.8587782018658834,-0.8587782018658834,-0.8587782018658834,-0.8587782018658834,-0.8027990297577334,-0.84995878609162,-0.754716678699909,-0.8587782018658834,-0.6945497059059215,-0.8587782018658834,0.0,-0.7919288417843242,0.05991546320905702,52.329815,52.31256,52.370914,51.24036,51.196823,51.288536,-1.038765,-1.0798645,-1.0215101,0.050689697,0.0025129318,0.094228745
74.0,-0.8602325267042626,-0.8602325267042626,-0.8602325267042626,-0.8602325267042626,-0.8602325267042626,-0.8042533545961126,-0.8592488469415254,-0.7561710035382883,-0.8602325267042626,-0.6960040307443007,-0.8602325267042625,1.1102230246251565e-16,-0.7965174610273139,0.062259030916759356,52.33426,52.31256,52.370914,51.24036,51.196823,51.29563,-1.0432072,-1.0798645,-1.0215101,0.050689697,-0.004582405,0.094228745
74.25,-0.8616843969807043,-0.8616843969807043,-0.8616843969807043,-0.8616843969807043,-0.8616843969807043,-0.8083887538184371,-0.860700717217967,-0.7830447818585764,-0.8616843969807043,-0.7090834381562333,-0.8616843969807044,1.1102230246251565e-16,-0.8080778520347541,0.05281744964704583,52.33426,52.31256,52.370914,51.24279,51.21984,51.29563,-1.0432072,-1.0798645,-1.0215101,0.048259735,-0.004582405,0.071208954
74.5,-0.8631338250816035,-0.8631338250816035,-0.8631338250816035,-0.8631338250816035,-0.8631338250816035,-0.8098381819193363,-0.8621501453188662,-0.7843857313560902,-0.8631338250816035,-0.7105328662571325,-0.8631338250816036,1.1102230246251565e-16,-0.8094838886942991,0.0528287987386434,52.33426,52.31256,52.37062,51.24279,51.21974,51.29563,-1.0432072,-1.0795698,-1.0215101,0.048259735,-0.004582405,0.07130718
74.75,-0.864580823289529,-0.864580823289529,-0.864580823289529,-0.864580823289529,-0.864580823289529,-0.8112851801272618,-0.8635971435267917,-0.7858327295640157,-0.864580823289529,-0.711979864465058,-0.8645808232895289,1.1102230246251565e-16,-0.8109308869022247,0.05282879873864339,52.33426,52.31256,52.37062,51.24279,51.21974,51.29563,-1.0432072,-1.0795698,-1.0215101,0.048259735,-0.004582405,0.07130718
75.0,-0.8660254037844386,-0.8660254037844386,-0.8660254037844386,-0.8660254037844386,-0.8660254037844386,-0.8127297606221715,-0.8650417240217013,-0.7872773100589252,-0.8660254037844386,-0.7134244449599675,-0.8660254037844386,0.0,-0.8123754673971341,0.05282879873864343,52.33426,52.31256,52.37062,51.24279,51.21974,51.29563,-1.0432072,-1.0795698,-1.0215101,0.048259735,-0.004582405,0.07130718
75.25,-0.8674675786448737,-0.8674675786448737,-0.8674675786448737,-0.8674675786448737,-0.8674675786448737,-0.8141719354826065,-0.8664838988821364,-0.7887194849193604,-0.8674675786448737,-0.7148666198204027,-0.8674675786448736,1.1102230246251565e-16,-0.8138176422575694,0.05282879873864339,52.33426,52.31256,52.37062,51.24279,51.21974,51.29563,-1.0432072,-1.0795698,-1.0215101,0.048259735,-0.004582405,0.07130718
75.5,-0.8689073598491384,-0.8689073598491384,-0.8689073598491384,-0.8689073598491384,-0.8689073598491384,-0.8156117166868713,-0.8679236800864011,-0.790159266123625,-0.8689073598491384,-0.7163064010246672,-0.8689073598491384,0.0,-0.8152574234618338,0.05282879873864343,52.33426,52.31256,52.37062,51.24279,51.21974,51.29563,-1.0432072,-1.0795698,-1.0215101,0.048259735,-0.004582405,0.07130718
75.75,-0.8703447592764607,-0.8703447592764607,-0.8703447592764607,-0.8703447592764607,-0.8703447592764607,-0.8170491161141935,-0.8693610795137234,-0.7915966655509474,-0.8703447592764607,-0.7114651010156571,-0.8703447592764608,1.1102230246251565e-16,-0.8139042898063419,0.056413941659193126,52.33426,52.284252,52.37062,51.24279,51.21974,51.29563,-1.0432072,-1.0795698,-0.9932022,0.048259735,-0.004582405,0.07130718
76.0,-0.8717797887081348,-0.8717797887081348,-0.8717797887081348,-0.8717797887081348,-0.8717797887081348,-0.8184841455458676,-0.8707961089453975,-0.7930316949826215,-0.8717797887081348,-0.723318394452656,-0.8717797887081347,1.1102230246251565e-16,-0.8166836113677352,0.05392585817962857,52.33426,52.284252,52.3711,51.24279,51.21974,51.29563,-1.0432072,-1.0800495,-0.9932022,0.048259735,-0.004582405,0.07130718
76.25,-0.873212459828649,-0.873212459828649,-0.873212459828649,-0.873212459828649,-0.873212459828649,-0.8199168166663819,-0.8722287800659118,-0.7944643661031356,-0.873212459828649,-0.7247510655731704,-0.8732124598286488,2.220446049250313e-16,-0.8181162824882495,0.053925858179628555,52.33426,52.284252,52.3711,51.24279,51.21974,51.29563,-1.0432072,-1.0800495,-0.9932022,0.048259735,-0.004582405,0.07130718
76.5,-0.8746427842267951,-0.8746427842267951,-0.8746427842267951,-0.8746427842267951,-0.8746427842267951,-0.8213471410645279,-0.8736591044640578,-0.7958946905012818,-0.8746427842267951,-0.7261813899713163,-0.874642784226795,1.1102230246251565e-16,-0.8195466068863955,0.05392585817962857,52.33426,52.284252,52.3711,51.24279,51.21974,51.29563,-1.0432072,-1.0800495,-0.9932022,0.048259735,-0.004582405,0.07130718
76.75,-0.8760707733967616,-0.8760707733967616,-0.8760707733967616,-0.8760707733967616,-0.8760707733967616,-0.8227751302344946,-0.8750870936340244,-0.7565368311789956,-0.8760707733967616,-0.727609379141283,-0.8760707733967619,2.220446049250313e-16,-0.8145509776314294,0.0586582418862252,52.33426,52.284252,52.3711,51.24279,51.18281,51.29563,-1.0432072,-1.0800495,-0.9932022,0.048259735,-0.004582405,0.108239174
77.0,-0.8774964387392122,-0.8774964387392122,-0.8774964387392122,-0.8774964387392122,-0.8774964387392122,-0.8053444760137242,-0.8663136638776014,-0.7562931898577003,-0.8774964387392122,-0.7212679764813407,-0.8774964387392121,1.1102230246251565e-16,-0.8056052459379787,0.05830845644911488,52.33702,52.284252,52.375587,51.225716,51.181297,51.295868,-1.0459728,-1.0845385,-0.9932022,0.06533432,-0.004817009,0.10975075
77.25,-0.8789197915623473,-0.8789197915623473,-0.8789197915623473,-0.8789197915623473,-0.8789197915623473,-0.8067678288368593,-0.8677370167007366,-0.7577165426808354,-0.8789197915623473,-0.7226913293044758,-0.8789197915623472,1.1102230246251565e-16,-0.8070285987611138,0.05830845644911488,52.33702,52.284252,52.375587,51.225716,51.181297,51.295868,-1.0459728,-1.0845385,-0.9932022,0.06533432,-0.004817009,0.10975075
77.5,-0.8803408430829505,-0.8803408430829505,-0.8803408430829505,-0.8803408430829505,-0.8803408430829505,-0.7945584911825738,-0.8612359706032349,-0.7290911274443379,-0.8803408430829505,-0.5971864116793426,-0.8803408430829505,0.0,-0.7771551529905224,0.09370313825965389,52.33702,52.284252,52.375587,51.21337,51.15409,51.27375,-1.0459728,-1.0845385,-0.9932022,0.07767677,0.017299652,0.13695812
77.75,-0.8817596044274199,-0.8817596044274199,-0.8817596044274199,-0.8817596044274199,-0.8817596044274199,-0.7959772525270432,-0.8626547319477043,-0.7305098887888073,-0.8817596044274199,-0.598605173023812,-0.8817596044274199,0.0,-0.7785739143349918,0.09370313825965389,52.33702,52.284252,52.375587,51.21337,51.15409,51.27375,-1.0459728,-1.0845385,-0.9932022,0.07767677,0.017299652,0.13695812
78.0,-0.8831760866327847,-0.8831760866327847,-0.8831760866327847,-0.8831760866327847,-0.8831760866327847,-0.7653240893626541,-0.8525703758135712,-0.7237862629789725,-0.8820841389047268,-0.6000216552291768,-0.8831760866327849,2.220446049250313e-16,-0.7690751320210749,0.09226528434394857,52.33702,52.284252,52.375587,51.184334,51.14672,51.263336,-1.0459728,-1.0845385,-0.9932022,0.106716156,0.027713776,0.14432907
78.25,-0.8845903006477066,-0.8845903006477066,-0.8845903006477066,-0.8845903006477066,-0.8845903006477066,-0.7667383033775759,-0.853984589828493,-0.7252004769938944,-0.8834983529196487,-0.6014358692440988,-0.8845903006477067,1.1102230246251565e-16,-0.7704893460359967,0.09226528434394857,52.33702,52.284252,52.375587,51.184334,51.14672,51.263336,-1.0459728,-1.0845385,-0.9932022,0.106716156,0.027713776,0.14432907
78.5,-0.8860022573334675,-0.8860022573334675,-0.8860022573334675,-0.8860022573334675,-0.8860022573334675,-0.7681502600633368,-0.8553965465142539,-0.7363239016584567,-0.8849103096054096,-0.6028478259298596,-0.8860022573334676,1.1102230246251565e-16,-0.7740434918410377,0.09138280720475836,52.33702,52.28631,52.375587,51.184334,51.155514,51.263336,-1.0459728,-1.0845385,-0.9952564,0.106716156,0.027713776,0.13553524
78.75,-0.8874119674649424,-0.8874119674649424,-0.8874119674649424,-0.8874119674649424,-0.8874119674649424,-0.7695599701948117,-0.8647083436476752,-0.7377336117899317,-0.8863200197368846,-0.6042575360613346,-0.8874119674649423,1.1102230246251565e-16,-0.7765068135727723,0.09248886829878926,52.33702,52.28631,52.375587,51.184334,51.155514,51.270493,-1.0459728,-1.0845385,-0.9952564,0.106716156,0.020558357,0.13553524
79.0,-0.8888194417315589,-0.8888194417315589,-0.8888194417315589,-0.8888194417315589,-0.8888194417315589,-0.7709674444614283,-0.8640968520629347,-0.7391410860565482,-0.887727494003501,-0.6024754234313239,-0.8888194417315589,0.0,-0.7756891073225672,0.09346656152615922,52.33702,52.28631,52.375587,51.184334,51.155514,51.26866,-1.0459728,-1.0845385,-0.9952564,0.106716156,0.02238655,0.13553524
79.25,-0.8902246907382427,-0.8902246907382427,-0.8902246907382427,-0.8902246907382427,-0.8902246907382427,-0.7723726934681121,-0.8655021010696186,-0.740546335063232,-0.8902246907382427,-0.6038806724380077,-0.8902246907382427,0.0,-0.77757966643061,0.09403836412231784,52.32793,52.279335,52.378536,51.184334,51.155514,51.26866,-1.0368805,-1.0874863,-0.988286,0.106716156,0.02238655,0.13553524
79.5,-0.8916277250063505,-0.8916277250063505,-0.8916277250063505,-0.8916277250063505,-0.8916277250063505,-0.7737757277362198,-0.8669051353377263,-0.7419493693313397,-0.8916277250063505,-0.6052837067061154,-0.8916277250063505,0.0,-0.7789827006987178,0.09403836412231784,52.32793,52.279335,52.378536,51.184334,51.155514,51.26866,-1.0368805,-1.0874863,-0.988286,0.106716156,0.02238655,0.13553524
79.75,-0.8930285549745876,-0.8930285549745876,-0.8930285549745876,-0.8930285549745876,-0.8930285549745876,-0.7710522643951643,-0.8718215146079089,-0.7268677707269446,-0.8930285549745876,-0.6066845366743525,-0.8930285549745876,0.0,-0.7779199078607503,0.09631095020805455,52.32793,52.279335,52.378536,51.1806,51.14059,51.271847,-1.0368805,-1.0874863,-0.988286,0.110450745,0.019203186,0.15046024
80.0,-0.8944271909999159,-0.8944271909999159,-0.8944271909999159,-0.8944271909999159,-0.8944271909999159,-0.7649500789320398,-0.8732201506332371,-0.7282664067522728,-0.8944271909999159,-0.6080831726996807,-0.894427190999916,1.1102230246251565e-16,-0.7778183795883881,0.09624003254600638,52.32793,52.279335,52.378536,51.173805,51.14059,51.271847,-1.0368805,-1.0874863,-0.988286,0.11724281,0.019203186,0.15046024
80.25,-0.8958236433584459,-0.8958236433584459,-0.8958236433584459,-0.8958236433584459,-0.8958236433584459,-0.798822708125438,-0.8684080460310216,-0.7112436135320959,-0.8958236433584459,-0.6094796250582108,-0.8958236433584459,0.0,-0.7815579697800421,0.09784226966106473,52.32793,52.279335,52.406555,51.203217,51.12391,51.266224,-1.0368805,-1.1155043,-0.988286,0.08783531,0.024825096,0.16713905
80.5,-0.8972179222463179,-0.8972179222463179,-0.8972179222463179,-0.8972179222463179,-0.8972179222463179,-0.80021698701331,-0.8698023249188936,-0.7126378924199679,-0.8972179222463179,-0.6108739039460829,-0.8972179222463179,0.0,-0.7829522486679141,0.09784226966106473,52.32793,52.279335,52.406555,51.203217,51.12391,51.266224,-1.0368805,-1.1155043,-0.988286,0.08783531,0.024825096,0.16713905
80.75,-0.8986100377805714,-0.8986100377805714,-0.8986100377805714,-0.8986100377805714,-0.8986100377805714,-0.7751634935086629,-0.8711944404531471,-0.7140300079542214,-0.8986100377805714,-0.6122660194803362,-0.8986100377805715,1.1102230246251565e-16,-0.7790552423943874,0.09701324061790448,52.32793,52.279335,52.406555,51.179268,51.12391,51.266224,-1.0368805,-1.1155043,-0.988286,0.111782074,0.024825096,0.16713905
81.0,-0.9,-0.9,-0.9,-0.9,-0.9,-0.7765534557280915,-0.8725844026725758,-0.7154199701736501,-0.9,-0.6136559816997649,-0.9000000000000001,1.1102230246251565e-16,-0.7804452046138162,0.09701324061790448,52.32793,52.279335,52.406555,51.179268,51.12391,51.266224,-1.0368805,-1.1155043,-0.988286,0.111782074,0.024825096,0.16713905
81.25,-0.9013878188659973,-0.9013878188659973,-0.9013878188659973,-0.9013878188659973,-0.9013878188659973,-0.773288279742083,-0.873972221538573,-0.7168077890396474,-0.9013878188659973,-0.6150438005657621,-0.9013878188659972,1.1102230246251565e-16,-0.7809024245094124,0.09704624463880725,52.32793,52.277283,52.406555,51.175056,51.12391,51.266224,-1.0368805,-1.1155043,-0.9862318,0.11599541,0.024825096,0.16713905
81.5,-0.9027735042633894,-0.9027735042633894,-0.9027735042633894,-0.9027735042633894,-0.9027735042633894,-0.7746739651394752,-0.8537306436299587,-0.7181934744370395,-0.9027735042633894,-0.5978047629522095,-0.9027735042633894,0.0,-0.7711268201278059,0.10461369525555538,52.32793,52.277283,52.406555,51.175056,51.12391,51.246643,-1.0368805,-1.1155043,-0.9862318,0.11599541,0.0444088,0.16713905
81.75,-0.9041570660012563,-0.9041570660012563,-0.9041570660012563,-0.9041570660012563,-0.9041570660012563,-0.7760575268773422,-0.8534996646009345,-0.7195770361749063,-0.9041570660012563,-0.5991883246900765,-0.9041570660012563,0.0,-0.7722951097634208,0.10444087977500245,52.32793,52.277283,52.406555,51.175056,51.12391,51.24518,-1.0368805,-1.1155043,-0.9862318,0.11599541,0.04587078,0.16713905
82.0,-0.9055385138137416,-0.9055385138137416,-0.9055385138137416,-0.9055385138137416,-0.9055385138137416,-0.7744584460725399,-0.8548811124134198,-0.7209584839873917,-0.9055385138137416,-0.6005697725025617,-0.9055385138137415,1.1102230246251565e-16,-0.7730804518524484,0.10443479989201361,52.32793,52.27323,52.406555,51.172356,51.12391,51.24518,-1.0368805,-1.1155043,-0.98218346,0.118694305,0.04587078,0.16713905
82.25,-0.9069178573608527,-0.9069178573608527,-0.9069178573608527,-0.9069178573608527,-0.9069178573608527,-0.7758377896196511,-0.8562604559605309,-0.7223378275345027,-0.9069178573608527,-0.6019491160496729,-0.9069178573608527,0.0,-0.7744597953995596,0.1044347998920136,52.32793,52.27323,52.406555,51.172356,51.12391,51.24518,-1.0368805,-1.1155043,-0.98218346,0.118694305,0.04587078,0.16713905
82.5,-0.9082951062292476,-0.9082951062292476,-0.9082951062292476,-0.9082951062292476,-0.9082951062292476,-0.7488463039172841,-0.8469699400358145,-0.7035749178345624,-0.8972884247898313,-0.6033263649180677,-0.9082951062292477,1.1102230246251565e-16,-0.7575528176888009,0.09996244516954189,52.32793,52.26638,52.406555,51.146667,51.105675,51.23552,-1.0368805,-1.1155043,-0.97533226,0.14438248,0.055530548,0.18537617
82.75,-0.9096702699330126,-0.9096702699330126,-0.9096702699330126,-0.9096702699330126,-0.9096702699330126,-0.7502214676210492,-0.8483451037395795,-0.7049500815383274,-0.8986635884935963,-0.6047015286218328,-0.9096702699330128,2.220446049250313e-16,-0.7589279813925659,0.09996244516954186,52.32793,52.26638,52.406555,51.146667,51.105675,51.23552,-1.0368805,-1.1155043,-0.97533226,0.14438248,0.055530548,0.18537617
83.0,-0.9110433579144299,-0.9110433579144299,-0.9110433579144299,-0.9110433579144299,-0.9110433579144299,-0.7495029196187446,-0.8295506502042341,-0.7063231695197447,-0.9000366764750136,-0.6060746166032501,-0.9110433579144299,0.0,-0.7561767760646907,0.09691469221819661,52.32793,52.26638,52.406555,51.144775,51.105675,51.21726,-1.0368805,-1.1155043,-0.97533226,0.14627647,0.07379246,0.18537617
83.25,-0.9124143795447329,-0.9124143795447329,-0.9124143795447329,-0.9124143795447329,-0.9124143795447329,-0.7508739412490477,-0.8309216718345372,-0.7076941911500477,-0.9014076981053166,-0.607445638233553,-0.9124143795447329,0.0,-0.7575477976949936,0.09691469221819664,52.32793,52.26638,52.406555,51.144775,51.105675,51.21726,-1.0368805,-1.1155043,-0.97533226,0.14627647,0.07379246,0.18537617
83.5,-0.9137833441248534,-0.9137833441248534,-0.9137833441248534,-0.9137833441248534,-0.9137833441248534,-0.7522429058291682,-0.8322906364146577,-0.7090631557301682,-0.9027766626854371,-0.6088146028136735,-0.9137833441248533,1.1102230246251565e-16,-0.7589167622751142,0.09691469221819665,52.32793,52.26638,52.406555,51.144775,51.105675,51.21726,-1.0368805,-1.1155043,-0.97533226,0.14627647,0.07379246,0.18537617
83.75,-0.9151502608861565,-0.9151502608861565,-0.9151502608861565,-0.9151502608861565,-0.9151502608861565,-0.7536098225904713,-0.8336575531759608,-0.6954916209340134,-0.9041435794467402,-0.6101815195749766,-0.9151502608861565,0.0,-0.7582918854954228,0.0981598891826205,52.32793,52.26638,52.406555,51.144775,51.092148,51.21726,-1.0368805,-1.1155043,-0.97533226,0.14627647,0.07379246,0.19890308
84.0,-0.9165151389911681,-0.9165151389911681,-0.9165151389911681,-0.9165151389911681,-0.9165151389911681,-0.7382668893934868,-0.8143577839312205,-0.6968564990390251,-0.8990373402432007,-0.6115463976799883,-0.9165151389911681,0.0,-0.7480615594078944,0.09140057407653433,52.32793,52.26638,52.406555,51.129646,51.092148,51.198547,-1.0368805,-1.1155043,-0.97533226,0.16140556,0.0925045,0.19890308
84.25,-0.917877987534291,-0.917877987534291,-0.917877987534291,-0.917877987534291,-0.917877987534291,-0.7396297379366097,-0.7830454026682147,-0.6982193475821479,-0.8369495791997641,-0.612909246223111,-0.917877987534291,0.0,-0.7351717939326329,0.07335182546537114,52.32793,52.26638,52.406555,51.129646,51.092148,51.168957,-1.0368805,-1.1155043,-0.97533226,0.16140556,0.12209225,0.19890308
84.5,-0.9192388155425117,-0.9192388155425117,-0.9192388155425117,-0.9192388155425117,-0.9192388155425117,-0.706719752797645,-0.7472728462282651,-0.6639223107863043,-0.8157770842661293,-0.614270074231332,-0.9192388155425117,0.0,-0.7081428235636092,0.06401683736306522,52.32793,52.26638,52.406555,51.09861,51.05986,51.135334,-1.0368805,-1.1155043,-0.97533226,0.19243813,0.1557169,0.23119164
84.75,-0.9205976319760986,-0.9205976319760986,-0.9205976319760986,-0.9205976319760986,-0.9205976319760986,-0.7080785692312318,-0.7486316626618519,-0.6652811272198911,-0.8171359006997161,-0.6156288906649187,-0.9205976319760987,1.1102230246251565e-16,-0.7095016399971961,0.06401683736306524,52.32793,52.26638,52.406555,51.09861,51.05986,51.135334,-1.0368805,-1.1155043,-0.97533226,0.19243813,0.1557169,0.23119164
85.0,-0.9219544457292888,-0.9219544457292888,-0.9219544457292888,-0.9219544457292888,-0.9219544457292888,-0.6934879750964478,-0.7499884764150421,-0.6368158037550202,-0.8184927144529063,-0.5505935342562546,-0.9219544457292888,0.0,-0.6917257770461137,0.08307073336944865,52.32793,52.26638,52.406555,51.08417,51.032852,51.135334,-1.0368805,-1.1155043,-0.97533226,0.20687866,0.1557169,0.25819588
85.25,-0.9233092656309694,-0.9233092656309694,-0.9233092656309694,-0.9233092656309694,-0.9233092656309694,-0.6610269600709671,-0.6929144035146466,-0.6187497940797464,-0.8198475343545869,-0.5454431134828823,-0.9233092656309694,0.0,-0.6684506880276935,0.08346824392441929,52.34668,52.280205,52.406555,51.05355,51.015266,51.082424,-1.0556297,-1.1155043,-0.98915386,0.23749924,0.20862484,0.27578163
85.5,-0.9246621004453464,-0.9246621004453464,-0.9246621004453464,-0.9246621004453464,-0.9246621004453464,-0.662379794885344,-0.6942672383290236,-0.6201026288941234,-0.8212003691689639,-0.5467959482972593,-0.9246621004453461,2.220446049250313e-16,-0.6698035228420705,0.08346824392441929,52.34668,52.280205,52.406555,51.05355,51.015266,51.082424,-1.0556297,-1.1155043,-0.98915386,0.23749924,0.20862484,0.27578163
85.75,-0.9260129588726067,-0.9260129588726067,-0.9260129588726067,-0.9260129588726067,-0.9260129588726067,-0.6799982310591141,-0.6980551791663204,-0.6408743168983382,-0.8225512275962242,-0.5481468067245197,-0.9260129588726065,2.220446049250313e-16,-0.6792963850271139,0.08177776300133859,52.361553,52.280205,52.417984,51.068283,51.032852,51.084633,-1.0705032,-1.126934,-0.98915386,0.22276878,0.20641804,0.25819588
86.0,-0.9273618495495705,-0.9273618495495705,-0.9273618495495705,-0.9273618495495705,-0.9273618495495705,-0.6977010610891662,-0.753289499587064,-0.673927395902583,-0.8952934680082053,-0.5661128290165719,-0.9273618495495703,1.1102230246251565e-16,-0.7142879661419521,0.09522096763136526,52.364433,52.320763,52.43587,51.08309,51.06156,51.133427,-1.0733852,-1.1448212,-1.0297108,0.20796013,0.15762424,0.22948742
86.25,-0.9287087810503355,-0.9287087810503355,-0.9287087810503355,-0.9287087810503355,-0.9287087810503355,-0.7004992888565822,-0.7827260702226964,-0.6977936429138926,-0.8982877998139743,-0.5681024172531209,-0.9287087810503356,1.1102230246251565e-16,-0.7284855047016199,0.0961865625978996,52.364433,52.34616,52.43587,51.084404,51.081955,51.15886,-1.0733852,-1.1448212,-1.0551109,0.20664597,0.1321888,0.20909595
86.5,-0.9300537618869138,-0.9300537618869138,-0.9300537618869138,-0.9300537618869138,-0.9300537618869138,-0.7018442696931605,-0.7840710510592748,-0.6991386237504709,-0.8996327806505526,-0.5694473980896992,-0.9300537618869138,0.0,-0.7298304855381983,0.0961865625978996,52.364433,52.34616,52.43587,51.084404,51.081955,51.15886,-1.0733852,-1.1448212,-1.0551109,0.20664597,0.1321888,0.20909595
86.75,-0.931396800509858,-0.931396800509858,-0.931396800509858,-0.931396800509858,-0.931396800509858,-0.7547620384887437,-0.8312763155367775,-0.7026986280057084,-0.931396800509858,-0.6774544984885751,-0.9313968005098581,1.1102230246251565e-16,-0.7789660372417664,0.09063021029719204,52.42998,52.350327,52.48792,51.131104,51.08396,51.20039,-1.1389313,-1.196868,-1.0592756,0.15994453,0.090660095,0.20708847
87.0,-0.9327379053088815,-0.9327379053088815,-0.9327379053088815,-0.9327379053088815,-0.9327379053088815,-0.7869595134041236,-0.8555348417888666,-0.713084531308359,-0.9327379053088815,-0.6790088743282349,-0.9327379053088813,1.1102230246251565e-16,-0.7959744013025455,0.0893766520588851,52.435955,52.350327,52.499878,51.159046,51.09215,51.22114,-1.1449051,-1.2088261,-1.0592756,0.13200378,0.06990814,0.19889832
87.25,-0.9340770846134703,-0.9340770846134703,-0.9340770846134703,-0.9340770846134703,-0.9340770846134703,-0.7882986927087123,-0.8568740210934555,-0.7144237106129478,-0.9340770846134703,-0.6803480536328237,-0.9340770846134703,0.0,-0.7973135806071343,0.08937665205888509,52.435955,52.350327,52.499878,51.159046,51.09215,51.22114,-1.1449051,-1.2088261,-1.0592756,0.13200378,0.06990814,0.19889832
87.5,-0.9354143466934853,-0.9354143466934853,-0.9354143466934853,-0.9354143466934853,-0.9354143466934853,-0.7896359547887275,-0.8582112831734705,-0.7157609726929629,-0.9354143466934853,-0.6633954019059349,-0.9354143466934854,1.1102230246251565e-16,-0.7962908538088392,0.09286558613850829,52.435955,52.350327,52.499878,51.159046,51.09215,51.22114,-1.1449051,-1.2088261,-1.0592756,0.13200378,0.06990814,0.19889832
87.75,-0.9367496997597597,-0.9367496997597597,-0.9367496997597597,-0.9367496997597597,-0.9367496997597597,-0.7601149377386454,-0.847852010880607,-0.7080515272556103,-0.9366880881257982,-0.6624065745649195,-0.93674969975976,2.220446049250313e-16,-0.7824897555367193,0.09559364343229262,52.435955,52.350327,52.499878,51.131104,51.08396,51.210552,-1.1449051,-1.2088261,-1.0592756,0.15994453,0.08049774,0.20708847
88.0,-0.9380831519646861,-0.9380831519646861,-0.9380831519646861,-0.9380831519646861,-0.9380831519646861,-0.7250311749158096,-0.8208030370405579,-0.691189010230545,-0.9213419545294151,-0.6544252955861443,-0.9380831519646862,1.1102230246251565e-16,-0.7580242575617607,0.09084579284112135,52.435955,52.350327,52.499878,51.09813,51.067486,51.184853,-1.1449051,-1.2088261,-1.0592756,0.19292068,0.10619831,0.2235651
88.25,-0.939414711402797,-0.939414711402797,-0.939414711402797,-0.939414711402797,-0.939414711402797,-0.7635550974602422,-0.8159923905083435,-0.702480590563952,-0.9141587861540335,-0.665600814345832,-0.9394147114027971,1.1102230246251565e-16,-0.767717726897333,0.07992185931385405,52.47509,52.370537,52.499878,51.131805,51.076504,51.17929,-1.1840382,-1.2088261,-1.0794868,0.15924263,0.11176014,0.2145462
88.5,-0.9407443861113389,-0.9407443861113389,-0.9407443861113389,-0.9407443861113389,-0.9407443861113389,-0.7648847721687841,-0.8173220652168854,-0.7038102652724939,-0.9154884608625754,-0.6669304890543739,-0.9407443861113389,0.0,-0.769047401605875,0.07992185931385405,52.47509,52.370537,52.499878,51.131805,51.076504,51.17929,-1.1840382,-1.2088261,-1.0794868,0.15924263,0.11176014,0.2145462
88.75,-0.9420721840708386,-0.9420721840708386,-0.9420721840708386,-0.9420721840708386,-0.9420721840708386,-0.7662125701282838,-0.8186498631763851,-0.7051380632319936,-0.9168162588220751,-0.6682582870138736,-0.9420721840708384,2.220446049250313e-16,-0.7703751995653747,0.07992185931385405,52.47509,52.370537,52.499878,51.131805,51.076504,51.17929,-1.1840382,-1.2088261,-1.0794868,0.15924263,0.11176014,0.2145462
89.0,-0.9433981132056602,-0.9433981132056602,-0.9433981132056602,-0.9433981132056602,-0.9433981132056602,-0.7675384992631055,-0.8199757923112068,-0.7064639923668152,-0.9181421879568967,-0.6695842161486952,-0.9433981132056604,1.1102230246251565e-16,-0.7717011287001962,0.07992185931385405,52.47509,52.370537,52.499878,51.131805,51.076504,51.17929,-1.1840382,-1.2088261,-1.0794868,0.15924263,0.11176014,0.2145462
89.25,-0.9447221813845592,-0.9447221813845592,-0.9447221813845592,-0.9447221813845592,-0.9447221813845592,-0.7688625674420044,-0.8212998604901057,-0.7077880605457142,-0.9194662561357957,-0.6709082843275942,-0.9447221813845592,0.0,-0.7730251968790953,0.07992185931385405,52.47509,52.370537,52.499878,51.131805,51.076504,51.17929,-1.1840382,-1.2088261,-1.0794868,0.15924263,0.11176014,0.2145462
89.5,-0.9460443964212251,-0.9460443964212251,-0.9460443964212251,-0.9460443964212251,-0.9460443964212251,-0.7701847824786703,-0.8226220755267716,-0.70911027558238,-0.9207884711724615,-0.6908632266216682,-0.9460443964212251,0.0,-0.7767516347876847,0.07690484774008048,52.47509,52.37598,52.499878,51.131805,51.076504,51.17929,-1.1840382,-1.2088261,-1.0849295,0.15924263,0.11176014,0.2145462
89.75,-0.9473647660748208,-0.9473647660748208,-0.9473647660748208,-0.9473647660748208,-0.9473647660748208,-0.7641159688181709,-0.8239424451803673,-0.7104306452359758,-0.926266098992495,-0.6921835962752639,-0.9473647660748206,2.220446049250313e-16,-0.7783749019785002,0.07912713388790467,52.47509,52.37598,52.50549,51.125114,51.076504,51.17929,-1.1840382,-1.2144394,-1.0849295,0.16593361,0.11176014,0.2145462
90.0,-0.9486832980505139,-0.9486832980505139,-0.9486832980505139,-0.9486832980505139,-0.9486832980505139,-0.8036800542243155,-0.8444395729584651,-0.7046622595205991,-0.9275846309681881,-0.6791326101065942,-0.9486832980505138,1.1102230246251565e-16,-0.7887803600707857,0.08356706841398578,52.47509,52.43989,52.50549,51.159748,51.070087,51.196655,-1.1840382,-1.2144394,-1.1488419,0.13130188,0.09439373,0.22096348
90.25,-0.95,-0.95,-0.95,-0.95,-0.95,-0.7793262952134605,-0.8265776791055465,-0.7059789614700851,-0.9289013329176742,-0.6804493120560802,-0.95,0.0,-0.7813585312629014,0.08129639418724363,52.47509,52.43989,52.50549,51.136505,51.070087,51.17929,-1.1840382,-1.2144394,-1.1488419,0.15454674,0.11176014,0.22096348
90.5,-0.9513148795220224,-0.9513148795220224,-0.9513148795220224,-0.9513148795220224,-0.9513148795220224,-0.7180690311982801,-0.7885769638278015,-0.6614832214634314,-0.8792914060160782,-0.4926685029180135,-0.9513148795220225,1.1102230246251565e-16,-0.710604860733107,0.11800156979994461,52.47509,52.43989,52.50549,51.07984,51.028603,51.14369,-1.1840382,-1.2144394,-1.1488419,0.21120644,0.1473608,0.26244545
90.75,-0.9526279441628824,-0.9526279441628824,-0.9526279441628824,-0.9526279441628824,-0.9526279441628824,-0.7074452367054523,-0.759795114956651,-0.6627962861042913,-0.8806044706569383,-0.4939815675588735,-0.9526279441628824,0.0,-0.7038412194162801,0.11455899579742865,52.47509,52.43989,52.50549,51.069035,51.028603,51.11644,-1.1840382,-1.2144394,-1.1488419,0.22201538,0.17461205,0.26244545
91.0,-0.9539392014169457,-0.9539392014169457,-0.9539392014169457,-0.9539392014169457,-0.9539392014169457,-0.6899254509640738,-0.7551379426438702,-0.6041346735411042,-0.8819157279110015,-0.4934321534672966,-0.9539392014169457,0.0,-0.6886999587029162,0.11974741127181207,52.47509,52.43989,52.50549,51.051983,50.974297,51.111034,-1.1840382,-1.2144394,-1.1488419,0.23906708,0.18001652,0.31675148
91.25,-0.9552486587271399,-0.9552486587271399,-0.9552486587271399,-0.9552486587271399,-0.9552486587271399,-0.6572926905082112,-0.6958436691326604,-0.5810954237477404,-0.8571084875205208,-0.48715579682988075,-0.9552486587271398,1.1102230246251565e-16,-0.6495652224620055,0.11035694896555123,52.47509,52.43989,52.50549,51.021248,50.95225,51.056156,-1.1840382,-1.2144394,-1.1488419,0.2698021,0.2348938,0.33879948
91.5,-0.9565563234854496,-0.9565563234854496,-0.9565563234854496,-0.9565563234854496,-0.9565563234854496,-0.6586003552665208,-0.6971513338909701,-0.58240308850605,-0.8584161522788305,-0.48846346158819043,-0.9565563234854496,0.0,-0.6508728872203153,0.11035694896555123,52.47509,52.43989,52.50549,51.021248,50.95225,51.056156,-1.1840382,-1.2144394,-1.1488419,0.2698021,0.2348938,0.33879948
91.75,-0.9578622030334009,-0.9578622030334009,-0.9578622030334009,-0.9578622030334009,-0.9578622030334009,-0.6599062348144721,-0.6984572134389213,-0.5837089680540013,-0.7482848061828612,-0.4897693411361417,-0.9578622030334009,0.0,-0.6377997699109865,0.08320769395749893,52.47509,52.43989,52.50549,51.021248,50.95225,51.056156,-1.1840382,-1.2144394,-1.1488419,0.2698021,0.2348938,0.33879948
92.0,-0.9591663046625439,-0.9591663046625439,-0.9591663046625439,-0.9591663046625439,-0.9591663046625439,-0.6612103364436152,-0.6997613150680644,-0.5850130696831444,-0.7495889078120043,-0.49107344276528475,-0.959166304662544,1.1102230246251565e-16,-0.6391038715401296,0.08320769395749893,52.47509,52.43989,52.50549,51.021248,50.95225,51.056156,-1.1840382,-1.2144394,-1.1488419,0.2698021,0.2348938,0.33879948
92.25,-0.9604686356149272,-0.9604686356149272,-0.9604686356149272,-0.9604686356149272,-0.9604686356149272,-0.6625126673959985,-0.7010636460204476,-0.5863154006355277,-0.7508912387643876,-0.49237577371766805,-0.9604686356149272,0.0,-0.6404062024925128,0.0832076939574989,52.47509,52.43989,52.50549,51.021248,50.95225,51.056156,-1.1840382,-1.2144394,-1.1488419,0.2698021,0.2348938,0.33879948
92.5,-0.9617692030835674,-0.9617692030835674,-0.9617692030835674,-0.9617692030835674,-0.9617692030835674,-0.6638132348646386,-0.7023642134890877,-0.5876159681041678,-0.7521918062330277,-0.4936763411863082,-0.9617692030835674,0.0,-0.641706769961153,0.0832076939574989,52.47509,52.43989,52.50549,51.021248,50.95225,51.056156,-1.1840382,-1.2144394,-1.1488419,0.2698021,0.2348938,0.33879948
92.75,-0.9630680142129112,-0.9630680142129112,-0.9630680142129112,-0.9630680142129112,-0.9630680142129112,-0.6314099556218271,-0.7036630246184317,-0.5787051522313968,-0.7534906173623716,-0.49497515231565203,-0.9630680142129113,1.1102230246251565e-16,-0.6343525693874459,0.08520360390278274,52.47509,52.43989,52.50549,50.99073,50.943005,51.056156,-1.1840382,-1.2144394,-1.1488419,0.30031967,0.2348938,0.3480444
93.0,-0.9643650760992954,-0.9643650760992954,-0.9643650760992954,-0.9643650760992954,-0.9643650760992954,-0.5827162855830637,-0.5981676408283727,-0.5253016150631247,-0.7153418048058935,-0.451685191191934,-0.9643650760992954,0.0,-0.5751446897048293,0.080024123424712,52.47509,52.43989,52.50549,50.945465,50.893475,50.959454,-1.1840382,-1.2144394,-1.1488419,0.34558678,0.33159542,0.39757633
93.25,-0.9656603957913983,-0.9656603957913983,-0.9656603957913983,-0.9656603957913983,-0.9656603957913983,-0.5701495142289694,-0.5934208076309426,-0.5265969347552275,-0.5995214125834648,-0.38108310425989106,-0.9656603957913983,0.0,-0.5402338537101257,0.07459629627519641,52.47509,52.43989,52.50549,50.93291,50.893475,50.953983,-1.1840382,-1.2144394,-1.1488419,0.35813904,0.33706665,0.39757633
93.5,-0.9669539802906858,-0.9669539802906858,-0.9669539802906858,-0.9669539802906858,-0.9669539802906858,-0.5714430987282568,-0.59471439213023,-0.5278905192545151,-0.6082789569098606,-0.3823766887591786,-0.9669539802906859,1.1102230246251565e-16,-0.5426564582368804,0.0755371542791277,52.47509,52.43989,52.507534,50.93291,50.893475,50.953983,-1.1840382,-1.216485,-1.1488419,0.35813904,0.33706665,0.39757633
93.75,-0.9682458365518543,-0.9682458365518543,-0.9682458365518543,-0.9682458365518543,-0.9682458365518543,-0.5418870103956619,-0.5794027029314914,-0.41565899047772653,-0.6095708131710291,-0.37140688199069766,-0.9682458365518543,0.0,-0.5063982879576526,0.08976289721104407,52.47509,52.43989,52.507534,50.904976,50.790676,50.93895,-1.1840382,-1.216485,-1.1488419,0.38607216,0.35210133,0.5003729
94.0,-0.969535971483266,-0.969535971483266,-0.969535971483266,-0.969535971483266,-0.969535971483266,-0.522943252819891,-0.5729434634579557,-0.41694912540913825,-0.6108609481024407,-0.3726970169221094,-0.9695359714832661,1.1102230246251565e-16,-0.5019548547645015,0.08657850261667299,52.47509,52.43989,52.507534,50.886658,50.790676,50.93193,-1.1840382,-1.216485,-1.1488419,0.40439415,0.35911846,0.5003729
94.25,-0.9708243919473799,-0.9708243919473799,-0.9708243919473799,-0.9708243919473799,-0.9708243919473799,-0.48607669422142846,-0.5567626160157277,-0.41458929459046634,-0.5987924929188426,-0.3739854373862233,-0.97082439194738,1.1102230246251565e-16,-0.48537779712233586,0.08003202981312336,52.47509,52.43989,52.507534,50.852104,50.787373,50.916115,-1.1840382,-1.216485,-1.1488419,0.43894386,0.37493706,0.5036764
94.5,-0.972111104761179,-0.972111104761179,-0.972111104761179,-0.972111104761179,-0.972111104761179,-0.4873634070352275,-0.5580493288295268,-0.41587600740426545,-0.6000792057326417,-0.33878700439635384,-0.972111104761179,0.0,-0.48195674918727455,0.08782089407036327,52.47509,52.43989,52.507534,50.852104,50.787373,50.916115,-1.1840382,-1.216485,-1.1488419,0.43894386,0.37493706,0.5036764
94.75,-0.9733961166965892,-0.9733961166965892,-0.9733961166965892,-0.9733961166965892,-0.9733961166965892,-0.4886484189706377,-0.559334340764937,-0.41716101933967564,-0.6013642176680519,-0.34007201633176404,-0.9733961166965892,0.0,-0.48324176112268474,0.08782089407036327,52.47509,52.43989,52.507534,50.852104,50.787373,50.916115,-1.1840382,-1.216485,-1.1488419,0.43894386,0.37493706,0.5036764
95.0,-0.9746794344808964,-0.9746794344808964,-0.9746794344808964,-0.9746794344808964,-0.9746794344808964,-0.48993173675494495,-0.5606176585492443,-0.4184443371239829,-0.6026475354523592,-0.3413553341160713,-0.9746794344808964,0.0,-0.484525078906992,0.08782089407036327,52.47509,52.43989,52.507534,50.852104,50.787373,50.916115,-1.1840382,-1.216485,-1.1488419,0.43894386,0.37493706,0.5036764
95.25,-0.9759610647971567,-0.9759610647971567,-0.9759610647971567,-0.9759610647971567,-0.9759610647971567,-0.4721337711592688,-0.5608092368800301,-0.41972596744024315,-0.6039291657686194,-0.34263696443233155,-0.9759610647971566,1.1102230246251565e-16,-0.4815547692466753,0.08652304955382305,52.47509,52.43989,52.507534,50.83483,50.787373,50.915127,-1.1840382,-1.216485,-1.1488419,0.45622063,0.3759241,0.5036764
95.5,-0.9772410142846033,-0.9772410142846033,-0.9772410142846033,-0.9772410142846033,-0.9772410142846033,-0.4734137206467154,-0.5620891863674767,-0.42100591692768974,-0.605209115256066,-0.34391691391977813,-0.9772410142846033,0.0,-0.4828347187341217,0.08652304955382306,52.47509,52.43989,52.507534,50.83483,50.787373,50.915127,-1.1840382,-1.216485,-1.1488419,0.45622063,0.3759241,0.5036764
95.75,-0.9785192895390462,-0.9785192895390462,-0.9785192895390462,-0.9785192895390462,-0.9785192895390462,-0.4385317593124839,-0.48313963549100386,-0.4063030822037863,-0.5252800973781524,-0.3358330644259335,-0.9785192895390462,0.0,-0.4374718285702796,0.06038351846253141,52.47509,52.43989,52.507534,50.802086,50.772903,50.84248,-1.1840382,-1.216485,-1.1488419,0.48896408,0.4485712,0.51814747
96.0,-0.9797958971132713,-0.9797958971132713,-0.9797958971132713,-0.9797958971132713,-0.9797958971132713,-0.439808366886709,-0.48441624306522896,-0.4075796897780114,-0.5265567049523776,-0.1900459666238326,-0.9797958971132713,0.0,-0.41977247416046276,0.10502023890818368,52.47509,52.43989,52.507534,50.802086,50.772903,50.84248,-1.1840382,-1.216485,-1.1488419,0.48896408,0.4485712,0.51814747
96.25,-0.9810708435174292,-0.9810708435174292,-0.9810708435174292,-0.9810708435174292,-0.9810708435174292,-0.4410833132908669,-0.4856911894693869,-0.34770219320189344,-0.5278316513565355,-0.17602890547872235,-0.9810708435174293,1.1102230246251565e-16,-0.4025226453154357,0.11331631423265631,52.47509,52.43989,52.507534,50.802086,50.71753,50.84248,-1.1840382,-1.216485,-1.1488419,0.48896408,0.4485712,0.5735216
96.5,-0.982344135219425,-0.982344135219425,-0.982344135219425,-0.982344135219425,-0.982344135219425,-0.40160024582968556,-0.4833162298885968,-0.32388533181214363,-0.5291049430585313,-0.1773021971807181,-0.982344135219425,0.0,-0.38936975723363043,0.11421564386655832,52.47509,52.43989,52.507534,50.765182,50.69481,50.839176,-1.1840382,-1.216485,-1.1488419,0.52586937,0.45187473,0.596241
96.75,-0.9836157786453001,-0.9836157786453001,-0.9836157786453001,-0.9836157786453001,-0.9836157786453001,-0.3332244131208535,-0.38421251628295205,-0.30377510527753454,-0.497884295837579,-0.17783639674163754,-0.9836157786452999,2.220446049250313e-16,-0.3433868571964473,0.09303389365276177,52.47509,52.43989,52.507534,50.702114,50.675446,50.748283,-1.1840382,-1.216485,-1.1488419,0.58893585,0.5427656,0.6156025
97.0,-0.9848857801796105,-0.9848857801796105,-0.9848857801796105,-0.9848857801796105,-0.9848857801796105,-0.33449441465516383,-0.38150356477269987,-0.3050451068118449,-0.4991542973718893,-0.17910639827594788,-0.9848857801796103,2.220446049250313e-16,-0.3430652775129326,0.09275567666793173,52.47509,52.43989,52.507534,50.702114,50.675446,50.744682,-1.1840382,-1.216485,-1.1488419,0.58893585,0.5463686,0.6156025
97.25,-0.986154146165801,-0.986154146165801,-0.986154146165801,-0.986154146165801,-0.986154146165801,-0.31126557370209396,-0.34151741257239987,-0.2984872154994265,-0.3837506605271042,-0.13862335088072342,-0.986154146165801,0.0,-0.29204316518220547,0.08029619675329117,52.47509,52.43989,52.507534,50.67993,50.66836,50.707325,-1.1840382,-1.216485,-1.1488419,0.6111183,0.583725,0.62268925
97.5,-0.9874208829065748,-0.9874208829065748,-0.9874208829065748,-0.9874208829065748,-0.9874208829065748,-0.31170029008680517,-0.3427841493131737,-0.26970748548309964,-0.38501739726787804,-0.046073999928658044,-0.9874208829065749,1.1102230246251565e-16,-0.2762305250746303,0.10784585636838176,52.47509,52.43989,52.507534,50.679176,50.64115,50.707325,-1.1840382,-1.216485,-1.1488419,0.6118717,0.583725,0.6498966
97.75,-0.9886859966642594,-0.9886859966642594,-0.9886859966642594,-0.9886859966642594,-0.9886859966642594,-0.31296540384448973,-0.34404926307085826,-0.2709725992407842,-0.3862825110255626,-0.04733911368634261,-0.9886859966642592,2.220446049250313e-16,-0.27749563883231476,0.10784585636838176,52.47509,52.43989,52.507534,50.679176,50.64115,50.707325,-1.1840382,-1.216485,-1.1488419,0.6118717,0.583725,0.6498966
98.0,-0.9899494936611666,-0.9899494936611666,-0.9899494936611666,-0.9899494936611666,-0.9899494936611666,-0.2821171278586777,-0.32190981787527595,-0.1615099847006233,-0.3875460080224698,-0.008474690186481011,-0.9899494936611666,0.0,-0.234148942631989,0.12926116559034595,52.47509,52.43989,52.507534,50.6501,50.54089,50.686134,-1.1840382,-1.216485,-1.1488419,0.64094925,0.6049166,0.7501602
98.25,-0.9912113800799505,-0.9912113800799505,-0.9912113800799505,-0.9912113800799505,-0.9912113800799505,-0.2833790142774616,-0.32317170429405984,-0.16822950337904807,-0.3888078944412537,-0.009736576605264897,-0.9912113800799502,2.220446049250313e-16,-0.2375938819546292,0.1292790438606957,52.477867,52.43989,52.51452,50.6501,50.54583,50.686134,-1.1868153,-1.2234697,-1.1488419,0.64094925,0.6049166,0.7452183
98.5,-0.9924716620639604,-0.9924716620639604,-0.9924716620639604,-0.9924716620639604,-0.9924716620639604,-0.25730690096965353,-0.28622118812831454,-0.16832916962586694,-0.3056518123752835,-0.010996858589274856,-0.9924716620639604,0.0,-0.21051449742082343,0.10687736670808681,52.477867,52.43989,52.51452,50.62535,50.54478,50.651535,-1.1868153,-1.2234697,-1.1488419,0.665699,0.63951683,0.7462692
98.75,-0.9937303457175896,-0.9937303457175896,-0.9937303457175896,-0.9937303457175896,-0.9937303457175896,-0.25830439342289846,-0.2684613609088068,-0.08092713222327255,-0.30289225898526,-0.011965493627638626,-0.9937303457175896,0.0,-0.19559617769581802,0.11653264094825777,52.477867,52.43989,52.51438,50.625114,50.464497,50.63431,-1.1868153,-1.2233324,-1.1488419,0.6659355,0.6567383,0.8265524
99.0,-0.99498743710662,-0.99498743710662,-0.99498743710662,-0.99498743710662,-0.99498743710662,-0.24993111248808547,-0.2695878566976451,-0.04519512623853836,-0.3041493503742904,0.03774319051055802,-0.99498743710662,0.0,-0.17261346186080537,0.12903231769888474,52.477867,52.43989,52.51438,50.616394,50.431004,50.634193,-1.1868153,-1.2233324,-1.1488419,0.6746559,0.65685654,0.8600464
99.25,-0.9962429422585637,-0.9962429422585637,-0.9962429422585637,-0.9962429422585637,-0.9962429422585637,-0.2446589440110724,-0.27084336184958885,-0.11181478247695328,-0.30540485552623414,-0.014478090168612758,-0.9962429422585635,2.220446049250313e-16,-0.19087925457583516,0.10637077929682268,52.505424,52.443325,52.52147,50.61048,50.490192,50.634193,-1.2143726,-1.2304211,-1.152276,0.6805668,0.65685654,0.8008585
99.5,-0.9974968671630001,-0.9974968671630001,-0.9974968671630001,-0.9974968671630001,-0.9974968671630001,-0.25554324123935224,-0.3194139684462073,-0.1482737003460783,-0.36242678787883253,-0.049812095452534774,-0.9974968671630002,1.1102230246251565e-16,-0.22969415920003877,0.10566490776007757,52.512527,52.458694,52.55412,50.6192,50.52207,50.67704,-1.2214794,-1.2630682,-1.1676445,0.6718464,0.6140108,0.76898
99.75,-0.9987492177719091,-0.9987492177719091,-0.9987492177719091,-0.9987492177719091,-0.9987492177719091,-0.2230513738631406,-0.2637139990874702,-0.14952605095498725,-0.3470885472688211,-0.04801514411599054,-0.9987492177719091,0.0,-0.20578874189839302,0.0917774702737872,52.52941,52.482445,52.559334,50.588646,50.52207,50.62547,-1.2383633,-1.2682838,-1.1913948,0.7024021,0.6655817,0.76898
100.0,-1.0,-1.0,-1.0,-1.0,-1.0,-0.20675600529122817,-0.22560916528347671,-0.1422891723609157,-0.26565662203948204,-0.04926592634408148,-1.0,0.0,-0.18049660030163373,0.06970559977389215,52.52941,52.482445,52.559334,50.57276,50.514385,50.589832,-1.2383633,-1.2682838,-1.1913948,0.7182903,0.7012186,0.7766657
