observed,predicted,outer_fold
47.27737508000001,48.227486,1
48.53862446000005,48.433437,1
47.19192457999998,51.306374,1
52.85900174000005,51.506783,1
46.15113749,45.670933,1
51.06625025,50.30385,1
50.5450022,51.145058,1
49.88874236000004,49.772552,1
53.93396903000007,51.960632,1
53.06066492000002,52.886646,1
49.25299064000001,50.981346,1
47.67386540000007,49.12579,1
49.550358380000034,49.323353,1
49.42047362000005,50.56123,1
50.16218395999999,48.778793,1
54.83461729999999,52.66215,1
50.47322378000001,49.597576,1
50.025463160000015,51.051674,1
54.19886558000002,51.83284,1
49.6050467,50.769,1
51.05941421,51.699505,1
49.71784136000002,50.663803,1
47.446567070000015,52.221607,1
50.107495640000025,51.234734,1
53.31530741000006,50.945942,1
54.13050518,51.935577,1
51.334564820000026,51.28651,1
50.40486338000005,50.94187,1
50.462969720000046,50.23483,1
41.41205276000005,43.32968,1
51.00301688000002,49.12993,1
50.37410120000004,52.269688,1
50.539875170000016,50.569332,1
50.83211588000006,51.624775,1
53.72034278000001,52.714325,1
48.98296706000002,51.537315,1
52.876091840000015,50.562824,1
48.34721534000005,50.335537,1
52.28135636000002,50.29187,1
52.206159920000005,51.27836,1
45.23681714000003,46.065,1
49.96393880000005,49.708935,1
50.69881310000005,52.087284,1
44.50365184999998,44.30438,1
44.92919533999998,47.16275,1
50.36726515999999,50.750053,1
48.74199665000003,47.456448,1
51.50546582000004,51.32159,1
54.06385379,51.22433,1
46.11866630000003,49.335354,1
50.27839664000004,50.90646,1
47.30813726000002,49.93608,1
51.33798284000005,51.264156,1
46.609152170000016,47.614635,1
49.550358380000034,51.420357,1
50.86458707000003,50.979694,1
54.39369272000005,51.801098,1
52.64366647999998,51.373398,1
49.42047362000005,50.409157,1
47.06545784000002,46.07339,1
50.288650700000005,48.373875,1
52.3223726,51.14058,1
49.71955037000004,48.517807,1
45.226563080000005,47.208584,1
51.67636682,51.302357,1
54.29457014000002,50.510376,1
44.28489857,46.83695,1
45.30175952000002,48.278145,1
51.713965040000005,51.174282,1
45.758065190000025,44.664963,1
51.04745114000002,49.999123,1
47.20217864000006,47.688583,1
54.72865868000002,51.952724,1
50.42537149999998,48.82548,1
53.40588494000002,52.001873,1
53.67590852000001,53.285862,1
53.70667070000002,51.248127,1
48.58305872000005,48.690773,1
49.32818708000002,50.079823,1
50.292068719999975,48.970844,1
53.00939462000002,52.170536,1
46.94240911999998,44.671757,1
52.07627516000002,51.60391,1
47.60892302000002,47.283222,1
51.148282730000005,49.372158,1
51.15511877000006,50.54221,1
51.63193256,51.959373,1
52.04209495999999,50.790913,1
53.22472988000004,49.027664,1
49.78278374000001,49.94617,1
49.93317662000004,50.97394,1
54.09290696000005,53.216743,1
52.375351910000006,51.560314,1
51.19784402000005,48.666386,1
49.23590053999999,50.70777,1
43.63547477000003,44.921726,1
49.62042779000001,49.028885,1
51.58749829999999,50.931854,1
49.43585471000006,48.73941,1
50.13483980000001,51.462795,1
51.96348050000006,51.04535,1
47.39016974000003,48.118587,1
47.48758330999999,48.71671,1
46.829614460000016,48.9013,1
48.50273525,52.17729,1
50.07331543999999,48.83059,1
47.84989343000001,46.99158,1
48.91802468000003,49.05645,1
48.90435260000004,48.824986,1
52.45909340000003,51.519466,1
51.420015320000005,51.14642,1
49.49396105000005,51.421066,1
54.14759528000002,51.168633,1
46.730491880000045,47.34274,1
47.39871479000004,48.89538,1
47.44485806000006,48.32846,1
50.44929764000005,49.02657,1
52.88292788000001,51.21421,1
47.36282558000005,50.860924,1
47.99857730000002,49.68265,1
50.18440109000005,48.826496,1
50.50056794,50.37826,1
50.84578796000005,49.63882,1
49.02227429000004,48.298096,1
45.96485540000003,45.612324,1
53.62805623999998,53.811638,1
48.43950188000002,50.238544,1
48.73003358000005,49.168224,1
45.76661023999998,46.723854,1
52.04893100000004,51.989315,1
53.51867960000004,51.07224,1
51.65585870000001,51.14913,1
50.29206872000003,50.601456,1
46.48268543000006,45.849834,1
52.219832,49.0788,1
50.13313079,49.653885,1
54.80727314000001,52.008213,1
53.170041560000016,52.60531,1
52.96837837999999,51.094437,1
53.54260574,52.16965,1
47.82767630000001,46.882122,1
49.27520777000001,51.27849,1
51.026943019999976,49.286396,1
49.69733323999998,50.37236,1
43.50388099999998,49.78646,1
46.72023782000002,50.295166,1
48.65483714000004,50.570217,1
53.744268920000025,52.418736,1
47.90629076000005,49.38499,1
54.16468538000004,51.202568,1
47.20217864000006,49.254585,1
50.44587962000003,49.84539,1
50.33479397000002,51.213516,1
41.72480159000003,45.97616,1
51.23544224,49.9231,1
43.175751080000055,44.635975,1
50.3911913,48.51422,1
51.32089273999998,51.28417,1
51.57382622,49.80274,1
46.05372392000004,48.626637,1
48.28910900000005,48.725437,1
49.010311220000006,49.54906,1
50.39802734,49.68821,1
49.25982668000006,49.819412,1
50.41853546000005,50.517445,1
54.479143220000026,52.458626,1
48.21049454000001,48.915462,1
52.751334110000016,50.55654,1
47.81742223999999,47.893707,1
50.32624892000001,49.782818,1
46.97829833000003,50.17634,1
51.45761354000001,48.71795,1
46.53395573,47.015583,1
48.34550633000004,51.60991,1
51.33798284,47.122513,1
46.99026140000001,48.573277,1
45.27099734000001,46.997635,1
47.93363492000003,48.719673,1
44.24388233000002,47.51559,1
52.18906982000004,50.089794,1
48.35063336000002,49.089844,1
50.63557973000002,51.581562,1
54.475725200000056,52.72838,1
54.05872676000001,50.008144,1
52.78380530000004,49.71765,1
53.4844994,50.89801,1
53.81262932000004,51.25545,1
49.94172167000005,50.73903,1
54.24329984000002,51.367386,1
50.780845580000005,48.00256,1
52.94787026000006,51.383503,1
53.593876040000055,50.592873,1
54.51674144000003,52.31102,1
46.84328654000001,47.97303,1
50.01350008999998,51.065113,1
49.394838470000025,49.54252,1
50.336502980000034,51.61049,1
50.53474814000003,50.184036,1
53.6895806,51.342102,1
52.452257359999976,53.89492,1
43.16036999000005,45.11993,1
50.828697860000034,50.354893,1
46.764672080000025,48.344376,1
43.68674507000003,46.218166,1
50.14851188,51.07051,1
46.42457909000007,47.892544,1
54.51674144000003,53.271935,1
52.28135636000002,51.99244,1
50.927820440000005,49.767204,1
49.11285182000006,46.699883,1
45.67090568000003,45.47651,1
51.74814523999999,50.35585,1
50.39802734,47.336002,1
50.45100665000007,50.05479,1
52.1172914,51.65175,1
51.17391788000003,50.075344,1
50.370683180000015,53.258137,1
53.11022621000001,51.55221,1
47.59183292,48.229557,1
50.15876594000002,48.289272,1
45.92554817000001,46.795784,1
52.19761487000005,51.66228,1
52.120709420000026,51.159817,1
46.0332158,48.75308,1
53.47766336000001,51.242393,1
49.15728608000006,46.860363,1
44.932613360000005,45.730915,1
47.5029644,48.031994,1
51.01668896000001,50.611507,1
47.30130122000003,47.87724,1
53.93567804000003,51.120083,1
50.90389430000005,50.094738,1
52.089947240000015,51.27346,1
46.38527185999999,46.01339,1
52.28648339000006,51.05482,1
47.930216900000005,46.282684,1
50.90047628000002,51.635696,1
50.18269208000004,51.69307,1
50.07331543999999,48.959766,1
44.71386008000002,48.169384,1
52.62315836000005,51.68215,1
50.59798151000001,51.307358,1
50.74324736,50.17026,1
48.81548408000003,51.42357,1
53.84339150000005,52.394775,1
46.95608120000003,50.22894,1
46.45363226000006,49.060093,1
45.99561758000005,44.300926,1
50.84066093000001,50.3199,1
52.23350407999999,51.1499,1
46.15626451999998,50.70001,1
45.183837830000016,51.169926,1
49.31451500000003,50.724045,1
49.43072768000002,51.76044,1
51.95322643999998,50.183006,1
45.51025874000004,47.82444,1
50.00153702,51.294853,1
48.651419120000014,51.219433,1
52.90001798000003,50.01015,1
49.581120560000045,49.569355,1
48.43950188000002,50.635586,1
54.07923488000006,52.913334,1
49.451235800000006,52.256454,1
52.236922100000015,50.76272,1
48.85991834000004,49.65828,1
51.39779819,51.04273,1
48.52153436000003,46.599483,1
51.05086916000005,49.31762,1
49.10943380000003,47.596256,1
51.87803000000002,49.661026,1
50.36384714000002,51.203358,1
48.44633792000002,48.52665,1
51.69516593000003,52.885273,1
48.89751655999999,49.240337,1
50.80818973999999,49.82551,1
49.13677796000002,50.331837,1
49.30255193000005,50.925434,1
50.99618084000002,49.487995,1
54.37660262000003,53.408474,1
49.74176750000004,51.423203,1
48.17289632000001,48.336468,1
52.77355124000002,50.936977,1
51.36532700000004,51.584583,1
44.91381424999997,47.378754,1
52.512072709999984,50.18133,1
51.368745020000006,51.794918,1
48.39164960000005,48.612328,1
49.67340710000002,50.79668,1
50.06647940000005,48.882565,1
50.67146894000001,51.119923,1
47.74906183999997,50.34285,1
47.75418887000001,51.051598,1
48.75225071,49.93703,1
49.35894926000003,47.91488,1
45.79053638000005,47.367188,1
54.09632498000002,53.94674,1
53.925423980000005,53.091,1
51.46957660999999,49.812504,1
49.55890343000004,50.5979,1
52.780387280000014,49.22271,1
47.98832324,51.804752,1
49.20172034000001,47.17121,1
44.68651592000003,46.68971,1
48.83941021999999,45.76849,1
49.909250480000026,51.077618,1
50.28181466000001,48.72928,1
50.23908941000002,51.10717,1
51.55673612000004,53.11782,1
50.656087850000006,51.43986,1
52.51719974000002,51.552288,1
50.86971410000001,50.35569,1
50.02888117999999,50.318398,1
52.1172914,51.1961,1
50.81844380000001,48.78609,1
48.89751655999999,50.90739,1
53.463991280000016,52.95787,1
44.38231214000001,44.52927,1
43.46286476,44.51702,1
53.45373722,52.02317,1
52.08311120000002,50.218594,1
49.42730965999999,49.564915,1
45.98194550000005,47.03214,1
45.79737241999999,47.7042,1
48.53349743000001,50.387962,1
47.25003091999997,51.150696,1
53.88440774000003,51.965725,1
54.81410918000006,52.678574,1
52.23863111000003,51.387905,1
52.13779952000005,51.840218,1
50.49714992000003,51.423172,1
49.43072768000002,50.242958,1
45.42822626000003,49.481857,1
53.399048900000025,51.05212,1
51.25424135000003,50.60832,1
54.034800620000055,51.55807,1
47.47562024000001,46.609352,1
49.92634057999999,51.265743,1
47.66019332000002,50.04858,1
44.77880246000001,48.36001,1
45.38721002,50.71126,1
54.22279172000003,51.443436,1
47.01418754000002,47.97356,1
51.99424268000001,51.133427,1
48.17973236,50.263092,1
46.66384049000004,49.407402,1
49.28717084000005,48.142513,1
49.909250480000026,50.985043,1
49.44269075,49.994205,1
51.61826048,50.853497,1
49.47857996000005,52.072067,1
47.03469566000001,49.49917,1
49.74176750000004,50.355846,1
51.63535058000002,50.508995,1
51.38754413000004,50.953686,1
50.42708051,47.189938,1
48.46001000000001,48.155704,1
53.91175190000001,53.216446,1
48.20024048000005,49.137127,1
43.68161803999999,46.415054,1
53.33410651999998,53.34006,1
49.65631700000006,50.3388,1
44.41649233999999,48.162872,1
53.30676235999999,52.34723,1
50.43733457000002,50.590157,1
53.874153680000006,52.87119,1
52.64024846000001,51.15843,1
50.30574080000002,47.357265,1
48.26689187,51.133427,1
49.46148986000003,50.772396,1
49.11968786,51.20671,1
47.98832324,48.31998,1
49.83747205999998,49.468143,1
43.56540536,48.118317,1
47.95414304000002,46.256035,1
52.267684280000026,51.648956,1
47.37991568000001,47.847218,1
50.01008207000007,50.31871,1
51.73105514000002,51.4583,1
49.38287539999999,51.34031,1
45.758065190000025,46.88245,1
49.94513969000002,46.814255,1
49.33160510000005,47.8072,1
48.47880911000004,48.593925,1
49.04620043,49.999123,1
49.25811766999999,50.186375,1
50.392900310000016,49.56153,1
51.43710542000002,49.293262,1
49.533268280000016,51.323624,1
47.42093192000005,46.673927,1
46.80227030000003,49.427517,1
49.403383520000034,50.68395,1
54.75600284000001,52.94779,1
53.30334434000002,50.395954,1
49.88190631999999,49.33946,1
49.89216038000001,50.199497,1
50.14851188,49.82584,1
48.66850922000003,49.31859,1
53.57678594000004,52.029694,1
52.66417460000002,51.986675,1
50.743247360000055,51.608845,1
49.67340710000002,50.475773,1
49.28717083999999,50.38548,1
48.98296706000002,51.459774,1
51.94126337,50.63999,1
52.267684280000026,50.54958,1
46.04176085000006,47.64017,1
52.06602110000006,50.553722,1
53.79553922000002,52.49351,1
44.21312015000001,51.40179,1
49.55377640000006,49.22712,1
47.04494971999998,47.920177,1
50.83382489000002,51.50249,1
48.89068051999999,49.89366,1
48.02250344000004,52.09791,1
53.08117304000001,52.308804,1
52.89659996,51.184547,1
48.93853280000002,47.556423,1
49.14019598000005,47.825344,1
52.77696925999999,52.338306,1
47.831094320000034,49.384846,1
54.63295412000002,53.7802,1
49.16754014000003,51.58655,1
48.95904092000001,50.099678,1
53.06066492000002,51.529327,1
50.40486338000005,51.04542,1
47.26370300000002,46.06596,1
53.06237393000004,52.13106,1
51.58749829999999,51.409733,1
51.775489400000026,51.57291,1
52.60606826000003,53.901676,1
48.68047229000001,49.051506,1
52.40782310000003,51.64286,1
49.434145700000045,50.607155,1
52.53258083000003,51.885098,1
48.48735416,50.90249,1
50.82357083000005,48.956654,1
40.595145979999984,42.964718,1
49.454653819999976,51.11016,1
53.68445357000002,51.462467,1
53.27941820000001,51.964355,1
46.88430277999999,49.79069,1
49.29742490000001,47.72093,1
51.006434900000045,51.635696,1
53.40246692000005,51.17853,1
51.32089273999998,51.202106,1
51.76181731999998,51.588276,1
44.008038950000014,45.53989,1
50.54329318999999,50.963303,1
48.79155794000002,49.240337,1
48.71977952000003,50.822372,1
51.47299463000002,51.50671,1
51.02352500000001,49.977997,1
49.697333240000034,51.059883,1
47.44998509000004,50.77303,1
50.4424616,50.054386,1
46.77834416000002,47.95596,1
52.992304520000005,51.954136,1
51.49179374000005,51.386463,1
51.82163266999999,50.801105,1
47.41067786000002,46.486935,1
47.299592210000014,48.04221,1
52.60265024,50.8574,1
49.33502312000002,51.210575,1
48.70610743999998,51.52569,1
51.24569630000002,50.43475,1
50.7500834,50.048843,1
51.02010698000004,49.065247,1
49.92292256000002,49.344723,1
43.22360336000003,44.69179,1
48.309617119999984,49.082542,1
49.31109698,48.31804,1
45.75464717,47.55939,1
46.730491880000045,49.692352,1
50.73982934000003,49.58762,1
46.00416263,46.594933,1
49.13506895,48.191307,1
50.43220754000004,51.260906,1
47.52689054000001,47.654266,1
51.99766069999998,52.555206,1
48.02250344000004,48.118587,1
43.95164162000003,48.864265,1
50.08015148000004,49.92931,1
52.71886291999999,51.00332,1
48.48222713000001,49.855705,1
50.32283089999999,50.706856,1
47.20388765000001,48.566727,1
49.42047362000005,49.85927,1
48.02421245000005,48.3677,1
47.412386870000034,48.808323,1
50.53816616000006,52.880817,1
51.114102530000025,51.106327,1
44.84374484,47.23327,1
49.29400687999998,49.646664,1
50.26814258000002,50.909306,1
54.13050518,53.107,1
47.95414304000002,48.414944,1
51.597752360000015,50.38182,1
49.39996550000001,48.67837,1
49.355531240000005,51.164032,1
47.61917707999999,47.21396,1
54.21253766000001,51.410156,1
47.50638242000002,48.25402,1
43.51413506000006,47.82287,1
48.3403793,48.31479,1
46.52370167000004,47.39933,1
48.44291989999999,50.214222,1
51.09188540000002,51.956875,1
50.13483980000001,52.203217,1
48.51469831999998,51.27125,1
50.80477172000002,50.80999,1
49.82038196000002,49.923634,1
51.57724424000003,51.55723,1
51.81137861000002,49.758236,1
53.46057326000005,46.589733,1
49.06158152,48.093025,1
47.31155527999999,49.45235,1
49.14703201999998,50.430492,1
52.10703734000003,52.189022,1
54.185193500000025,51.595276,1
51.27474947000002,50.23118,1
50.68855904000003,51.30634,1
54.19202954000002,52.780457,1
49.123105880000026,51.11565,1
52.30870052,52.195133,1
49.71442334,49.23134,1
49.18463024000005,48.757854,1
48.57622268,46.366203,1
45.41113616000001,49.09372,1
50.91073034000004,49.05764,1
51.90879217999998,51.41235,1
47.520054500000015,48.290276,1
46.82277842000002,46.84713,1
51.95493545000005,51.51335,1
53.317016420000016,49.42791,1
49.50592412000003,50.478806,1
50.08527851000002,51.143513,1
49.208556380000005,49.344494,1
49.68195215000003,50.59784,1
51.96006248000003,50.26521,1
44.64891770000003,46.13891,1
50.21003624000002,50.36063,1
49.00347518000001,50.017586,1
47.468784200000016,50.07634,1
50.51082200000002,49.698433,1
52.34971675999998,50.403477,1
47.53030855999998,47.706085,1
49.06499954000003,49.25636,1
48.39164960000005,50.158627,1
50.41682645000003,50.569553,1
43.74997844000001,46.538475,1
52.13779952000005,51.2517,1
49.143614000000014,51.106968,1
49.256408660000034,48.245354,1
50.12629475,47.3694,1
51.122647580000034,48.915737,1
47.80033214000002,49.38055,1
48.35234236999997,47.35199,1
46.22462492,48.088684,1
50.19807317000004,48.753784,1
47.76956996000001,49.982307,1
50.596272500000055,49.987907,1
49.32476906,48.689075,1
50.23054436000001,49.45757,1
52.24717615999998,53.20248,1
51.35165491999999,50.311573,1
50.45784269000001,47.742588,1
49.04449141999999,50.237526,1
48.04130255000001,50.75193,1
48.025921460000006,51.124126,1
51.21151610000004,51.67039,1
46.04688787999999,47.371563,1
50.12458574000004,50.719242,1
47.07229388000002,50.1543,1
50.14509386000003,50.034363,1
51.179044910000016,51.103863,1
53.61438415999999,52.333145,1
48.43950188000002,49.239544,1
46.88772080000001,46.594032,1
47.94730700000002,50.2928,1
50.401445360000025,49.955765,1
49.34185916000001,50.262123,1
44.92577732000001,47.330242,1
52.10361932000001,49.828873,1
50.57234635999998,47.984188,1
43.89353528000004,45.368668,1
53.64514634,52.050217,1
54.79018303999999,51.806698,1
45.69312280999998,47.43266,1
54.17493944,54.04799,1
45.35302982000002,46.5794,1
54.32533232000003,50.863506,1
47.60208698000002,50.091095,1
42.07173062000004,47.465996,1
50.89705826,51.640007,1
51.50717483000005,49.845444,1
48.60698486000001,49.06055,1
49.27691678000002,49.594437,1
44.55834017000001,44.82264,1
52.732534999999984,50.31083,1
47.89945472,48.566525,1
51.52597393999997,49.879013,1
53.62292921,51.37932,1
47.226104780000014,48.26686,1
47.94730700000002,50.29628,1
50.82698885000002,49.831207,1
47.26028498000005,44.8545,1
49.24957261999998,46.9887,1
48.26689187,49.339073,1
52.21641398000003,50.705276,1
51.965189510000016,48.988632,1
49.42730965999999,49.68785,1
48.600148820000015,47.17121,1
52.23008606000002,49.158802,1
49.53155927,49.01506,1
50.98592678,51.2666,1
49.28717084000005,48.2547,1
52.23008606000002,51.036823,1
51.860939900000005,51.40917,1
53.20593077000001,51.22557,1
48.54546049999999,49.064713,1
50.32283089999999,49.530907,1
53.93909606,52.4916,1
53.21789383999999,52.213512,1
52.34971675999998,50.776817,1
51.84726782000001,50.690815,1
54.58168382000002,52.352463,1
54.32533232000003,53.343983,1
45.39746408000002,47.026054,1
48.70268942000001,51.38465,1
52.70348183000005,52.52651,1
52.67271965000003,50.970623,1
46.07765006,47.244755,1
52.76671520000002,51.434124,1
48.61382090000001,49.963184,1
50.72273924000001,49.629227,1
48.32328920000003,51.193077,1
50.4424616,49.050236,1
48.71977952000003,47.717346,1
52.91027204,51.238113,1
51.40634324000001,48.600323,1
47.21414171000004,50.755634,1
54.40052876000004,53.20574,1
48.60698486000001,50.922382,1
51.67807583000001,48.591213,1
49.12652390000005,47.460857,1
51.76523534,51.22854,1
47.41409587999999,47.028545,1
51.85752188000004,50.697002,1
51.464449580000064,51.50844,1
51.74814523999999,51.27425,1
46.52541068000005,47.8072,1
51.1773359,51.605568,1
50.08527851000002,46.15091,1
50.32624892000001,51.45864,1
47.30471924000005,49.058636,1
50.97225470000001,50.311802,1
44.07469034000002,45.53368,1
51.69687494000004,48.254593,1
48.81206606000001,49.84474,1
49.88190631999999,49.548107,1
47.62943114000001,50.683167,1
50.53133012000001,51.09389,1
48.89751655999999,47.100937,1
51.399507200000016,50.67049,1
50.31770387,51.7487,1
52.573597070000005,52.334663,1
48.69585338000002,50.252888,1
54.35609450000004,51.105347,1
51.37558106000006,51.207943,1
49.50934214000006,49.316532,1
51.662694740000006,47.04666,1
54.897850670000025,51.735977,1
50.36726515999999,49.42985,1
51.44052343999999,51.54119,1
49.57770254000002,48.83201,1
47.49271034000003,47.702385,1
52.17368872999998,50.687878,1
48.47539109000002,48.915157,1
51.34481888000005,51.117146,1
53.91175190000001,53.877033,1
50.44929764000005,48.57043,1
50.50056794,47.912395,1
49.07183558000003,49.713287,1
49.86481622000002,51.0997,1
47.94559799000001,47.991547,1
51.105557480000016,50.208633,1
51.89853812000001,51.146183,1
54.20228359999999,53.61728,1
51.99936971,52.717396,1
51.41147027000005,51.159687,1
46.89797485999998,44.728333,1
50.73641132,50.539223,1
48.77104982000003,48.288357,1
51.19100798,50.27213,1
46.323747500000025,48.25739,1
52.47789251,50.993195,1
50.89193123000001,51.1061,1
53.252074040000025,51.785538,1
50.75691944000005,49.899754,1
49.256408660000034,47.94119,1
45.27441536000004,47.167404,1
50.41682645000003,50.890266,1
47.884073630000046,49.387993,1
51.9122102,51.55482,1
49.63239085999999,51.050373,1
53.61438415999999,51.05481,1
54.42787292000003,51.002693,1
44.84032682000003,42.586082,1
48.84282824000002,47.14088,1
51.15853679000003,51.606045,1
52.23350407999999,51.57598,1
49.01372924000003,47.934578,1
53.65540040000002,52.353344,1
52.53428984000004,52.456985,1
53.01281263999999,52.36212,1
50.56209230000002,49.538425,1
51.26620442000001,51.050846,1
50.49031388000003,50.345222,1
49.97077483999999,50.503654,1
54.46888916,51.734455,1
49.35894926000003,48.87261,1
52.85045668999999,51.50671,1
44.87450702000001,48.364357,1
54.68764243999999,53.860806,1
50.05451633000007,53.541374,1
50.89022222,50.40217,1
46.84328654000001,47.973446,1
50.695395080000026,50.01465,1
50.44075258999999,49.6298,1
50.87484113000005,50.730946,1
46.453632260000006,46.809734,1
52.46422043000007,51.39078,1
54.52015946000006,51.19908,1
46.15113749,48.1262,1
49.91950454000005,46.91203,1
52.89318193999998,50.936592,1
49.64777195000005,50.26478,1
53.00939462000002,48.726864,1
51.97202555000001,52.589478,1
54.45521708000001,52.32521,1
50.29206872000003,50.624744,1
44.08494440000004,44.305023,1
50.04597128,48.97827,1
51.55331810000001,50.50774,1
53.11535323999999,48.946964,1
46.74929098999996,46.89718,1
47.45853013999999,47.79797,1
47.64993926,48.527195,1
45.98878153999999,47.635075,1
53.47424534000004,50.692455,1
50.022045140000046,48.490597,1
44.87792504000004,47.690735,1
48.05326562000005,48.386078,1
50.87313212000004,49.68497,1
49.76056661000001,50.627254,1
49.42730965999999,50.08376,1
46.87575773000003,48.940346,1
50.83895192,50.964096,1
50.00153702,49.73812,1
47.39016974000003,45.7035,1
48.591603770000006,49.937008,1
50.48347783999998,48.004333,1
54.41761886000006,53.981915,1
52.77013322000005,51.13777,1
50.958582620000016,50.242958,1
50.57576438000001,50.767006,1
49.437563720000014,48.771297,1
50.23396237999998,46.95318,1
49.14190499000006,50.60247,1
46.03492481000001,47.481068,1
50.17927406000001,47.99696,1
53.60754812000005,51.971523,1
48.42753881000005,48.86985,1
53.6895806,53.92664,1
51.12606560000006,51.450268,1
47.70462758000002,49.35088,1
48.107953940000016,49.346584,1
50.21687228000002,50.070435,1
49.70246027000002,48.049995,1
48.77446784000006,50.1133,1
54.96792008,52.983265,1
48.189986420000025,47.9899,1
53.050410860000056,52.616985,1
48.52666139000007,50.687073,1
43.568823380000026,47.304287,1
51.49862977999999,47.85522,1
50.582600420000006,52.233273,1
52.22154101000001,52.331184,1
46.71340178000003,49.762554,1
44.95312148000005,47.044697,1
45.06249811999999,46.7713,1
51.07821332000003,51.774693,1
49.82379997999999,48.110466,1
48.88042646000002,47.161083,1
49.08892567999999,51.09495,1
50.16218395999999,48.40091,1
49.93659464000001,50.960705,1
49.93317662000004,50.261288,1
53.07946403000005,51.25531,1
49.50934214000006,48.957207,1
50.68343200999999,50.146393,1
49.53668630000004,51.53156,1
50.38777328000003,49.668247,1
50.22029029999999,48.41003,1
53.95960418000004,50.216732,1
50.25788852000005,50.446846,1
48.38139554000003,46.06379,1
46.750999999999976,47.34596,1
49.39312946000001,50.70597,1
51.502047800000014,51.1846,1
46.00245361999998,44.251385,1
50.84920598000002,51.042713,1
47.07571189999999,47.425938,1
46.23829699999999,48.402653,1
49.041073400000016,50.366467,1
49.34527718000004,51.135,1
49.59821066000001,47.853645,1
51.56015414000001,52.62314,1
48.62749298,46.37527,1
53.4844994,51.108532,1
50.84578796000005,49.74398,1
46.02979778000002,49.571724,1
47.98148720000006,48.476265,1
52.48301953999999,47.639366,1
48.42412079000002,50.199654,1
48.20024047999999,48.602047,1
47.88920066000003,48.33408,1
49.02056528000003,50.5621,1
53.06750096000002,53.026016,1
48.24467474000005,48.21103,1
50.13483980000001,50.271133,1
42.47163896000001,45.337925,1
44.60448344000002,45.74656,1
48.09086384,49.9576,1
50.27839663999998,51.283623,1
50.42195348000001,52.047512,1
51.56015414000001,50.725784,1
47.644812230000014,47.774075,1
49.66998908000005,50.878773,1
48.95562290000004,49.364933,1
49.30596995000002,50.095917,1
51.4849577,51.0728,1
52.780387280000014,50.491837,1
47.61917707999999,47.8678,1
47.96781512000001,48.95422,1
46.97146228999998,48.096104,1
50.55183824000005,53.72364,1
48.89238953,50.53017,1
53.19738572000006,51.548565,1
50.19636416000003,50.108765,1
48.125044040000034,48.249542,1
45.54443894000002,46.556606,1
53.27941820000001,51.490963,1
48.306199100000015,49.608543,1
54.80385511999998,52.914158,1
49.99811900000003,47.63561,1
51.826759700000025,50.39811,1
50.02888117999999,50.96883,1
53.692998620000026,51.36705,1
54.29457014000002,51.10707,1
48.91289764999999,48.962406,1
44.65062670999998,46.86871,1
51.74814523999999,49.98873,1
49.54694036000001,50.170216,1
52.88634590000004,51.056164,1
50.466387740000016,50.57678,1
53.06750096000002,53.8987,1
50.18269208000004,51.382744,1
49.49908807999998,49.651905,1
49.78278374000001,49.94617,1
49.13335993999999,52.07364,1
50.18952811999998,48.699276,1
49.98786494000001,50.785896,1
46.24000601,47.836376,1
47.21585072000005,47.850014,1
48.8701724,48.943447,1
51.80966960000001,51.827705,1
48.48735416,51.220146,1
52.50352766000003,47.069256,1
52.41295013000001,51.773438,1
48.77446784000006,48.156776,1
50.57918240000004,52.139393,1
47.44998509000004,50.06969,1
46.85012258,46.722633,1
48.96074993000002,50.469475,1
48.07035572000001,50.28617,1
50.21345426000005,48.868748,1
49.86481622000002,49.930695,1
47.75247986,47.555935,1
50.96883667999998,49.526966,1
49.85456216,51.02734,1
54.89272363999999,54.05084,1
49.680243140000016,47.6524,1
49.82038196000002,50.60299,1
50.00666405000004,51.688572,1
48.972713,50.89489,1
49.77936571999999,45.970634,1
47.66019332000002,45.854877,1
45.529057850000015,47.837574,1
52.18565180000002,49.894768,1
50.866296079999984,49.10118,1
48.025921460000006,51.10103,1
49.157286080000006,51.468384,1
51.81650564000006,51.41976,1
53.65198238000005,53.358875,1
51.24911431999999,50.51686,1
48.32158019000002,48.36464,1
48.93511478000005,49.084854,1
49.51617818,52.905632,1
50.89705826,50.821415,1
49.21881044000003,47.994335,1
49.76911166000002,49.858902,1
53.67590852000001,51.92642,1
53.92200595999998,52.146427,1
50.36555615000003,51.18801,1
47.771278970000026,50.724434,1
47.82084026000001,47.061737,1
49.41534659000001,49.1876,1
48.95562290000004,49.712696,1
50.71248518000005,51.325043,1
51.532809980000025,51.38744,1
49.36578530000003,45.80447,1
47.27737508000001,47.746006,1
48.62236595000002,48.902317,1
48.66167317999998,49.462505,1
48.24296573000004,48.50839,1
44.25413638999999,47.39878,1
49.041073400000016,48.99217,1
48.28227296,50.214222,1
52.71031786999998,50.56222,1
49.11968786,49.990036,1
51.00814391,51.678455,1
45.72901202000003,45.686676,1
47.23635884000004,48.42804,1
49.98444691999998,51.319115,1
53.83313744000003,51.99449,1
51.39608917999999,49.58518,1
53.78528516000006,53.342766,1
53.19738572000006,50.664585,1
51.34481888000005,52.571484,1
54.10657904000004,51.236786,1
54.55946669000002,51.01667,1
49.03765538000005,46.428627,1
52.876091840000015,51.602165,1
51.34823690000002,47.984188,1
53.68787158999999,50.249847,1
49.09917974000001,50.442493,1
51.13631966000003,52.156116,1
52.34800775000002,50.172283,1
51.24911431999999,51.138477,1
49.63580888000001,50.889824,1
45.141112580000026,45.78783,1
50.38435526000001,52.585636,1
54.89272363999999,52.29163,1
44.48997977000005,46.671696,1
49.38287539999999,50.768803,1
54.89614166000001,53.251484,1
51.72080108,50.2419,1
48.670218230000046,51.105927,1
50.15876594000002,49.891426,1
53.23156591999998,52.285664,1
52.15659863000002,51.025967,1
50.27497862000001,51.485577,1
51.89512009999999,49.766304,1
47.48929232,50.994534,1
51.818214650000016,51.84716,1
48.63774704000002,49.90848,1
50.39631832999999,50.28464,1
46.87575773000003,45.26494,1
51.56015414000001,50.75257,1
50.462969720000046,49.320786,1
50.32112188999997,48.75692,1
46.34425562000001,48.030174,1
51.09017639000001,50.559166,1
47.35940756000002,47.93558,1
46.18019066,46.016987,1
49.04620043,51.67692,1
50.30574080000002,46.37657,1
48.93169676000002,50.465614,1
50.36384714000002,49.19989,1
52.18906981999999,49.541634,1
48.716361500000005,48.231327,1
49.59650164999999,50.756306,1
48.747123680000016,50.49787,1
50.13825782000004,50.54352,1
42.95699780000001,44.620567,1
51.48837572000002,51.27346,1
53.92371496999999,52.74892,1
46.31349344,49.582664,1
47.05007675000002,47.65949,1
52.358261810000045,47.72124,1
54.69106046000002,51.05404,1
50.94149252,49.350353,1
50.74495637000001,49.299618,1
53.76477704000001,51.552967,1
49.97761087999999,49.008144,1
44.39256620000003,45.438496,1
48.11137196000004,50.875393,1
53.053828880000026,51.479603,1
54.815818190000016,51.952724,1
46.46388632000003,50.021866,1
54.52015946000006,51.86233,1
50.18269208000004,51.98056,1
46.10157620000001,46.817875,1
51.13290164,50.75265,1
45.06249811999999,47.95272,1
49.533268280000016,50.732395,1
48.25151077999999,47.75763,1
53.07604601000003,50.773514,1
52.61974034000002,51.396633,1
52.36338884000003,52.37353,1
46.31691146000003,49.69126,1
50.14509386000003,50.62734,1
53.58362198000003,52.76157,1
50.97909074000006,49.729305,1
46.92190100000005,47.776096,1
50.55525626000002,50.875233,1
53.76135901999999,51.32278,1
49.041073400000016,49.875214,1
49.92634057999999,50.503536,1
49.66315304,49.775974,1
49.170958160000055,48.644775,1
52.18223378000005,51.18191,1
50.06306138000002,50.095848,1
46.63136930000002,48.97112,1
54.64320817999999,51.216625,1
54.80043710000001,54.051075,1
49.83234503,51.328568,1
49.79987384000003,47.277138,1
45.03344494999999,44.70951,1
52.04209495999999,49.90009,1
50.31257684000002,51.151108,1
47.02102358000002,48.516033,1
49.82892701000003,51.265205,1
51.70371097999998,50.521152,1
49.66657106000002,47.4333,1
48.651419120000014,46.569622,1
50.73982934000003,49.10592,1
52.40611409000002,50.635845,1
49.63239086000005,48.913784,1
50.07331543999999,49.023426,1
48.17973236,49.241238,1
51.28500352999998,52.222828,1
50.52278507,48.430656,1
49.47857996000005,49.080578,1
51.72080108,50.601086,1
50.89705826,51.202568,1
53.65540040000002,49.789703,1
49.02740132000002,50.34579,1
54.75258482000004,53.070534,1
48.57964070000003,49.21784,1
51.96177149000005,49.639492,1
54.86879750000003,50.8706,1
49.905832460000056,51.17119,1
52.60094122999999,51.092216,1
47.85502045999999,47.85322,1
51.69687494000004,49.245842,1
51.049160150000034,48.82298,1
54.26893499000005,51.62187,1
48.94365983,51.17465,1
49.611882740000055,51.125813,1
50.59285448000003,49.955963,1
46.0332158,48.349304,1
46.4604683,44.59769,1
52.99401353000002,50.95616,1
51.13290164,51.60142,1
47.070584870000005,46.776405,1
50.48860487000002,50.31565,1
49.270080740000026,52.818718,1
49.84259909000002,51.223454,1
49.15215905000002,50.56871,1
48.793266949999975,49.734753,1
48.798393980000014,50.353645,1
53.59045802000003,53.819912,1
50.052807320000056,50.632343,1
44.68651592000003,45.857185,1
50.12116772000002,51.083195,1
51.86435792000003,50.289494,1
51.43539641000001,51.636173,1
48.449755940000045,51.17718,1
54.250135880000016,51.118294,1
52.07285714,50.047634,1
43.97044073000001,48.517063,1
50.85604202000002,50.709927,1
50.76375547999999,50.890266,1
51.70712900000001,50.349323,1
53.166623540000046,53.21526,1
52.61974034000002,50.651382,1
46.96120823000001,49.01457,1
53.166623540000046,52.285664,1
48.57622268,46.17086,1
50.99105381000004,51.047405,1
48.150679190000005,50.53494,1
50.72615726000004,51.31413,1
52.93078016000004,48.593376,1
54.145886270000005,53.2318,1
47.48929232,48.28212,1
50.292068719999975,51.468994,1
53.60413010000002,52.723454,1
50.95174658000002,50.442493,1
51.006434900000045,49.623016,1
50.315994860000046,49.998062,1
48.85479131,50.424908,1
49.14019598000005,51.04279,1
43.685036060000016,45.936638,1
53.21447582000002,51.800415,1
53.89637081000001,51.788723,1
48.30961712000004,49.1917,1
49.95026672000006,50.85719,1
47.53543559000002,49.964912,1
51.888284060000046,51.238,1
53.61780218000001,52.004566,1
48.03617552000003,48.874084,1
48.89751655999999,48.92743,1
49.07696261000001,51.118786,1
50.370683180000015,49.72206,1
47.76615193999999,48.20567,1
49.46661689000001,51.26324,1
50.54158418000003,50.65035,1
47.50980044000005,49.75518,1
53.38537682000003,52.195393,1
54.01600151000002,50.832012,1
46.87063069999999,46.506416,1
53.64514634,51.272137,1
46.98342536000001,48.09234,1
49.76569364,49.301323,1
50.695395080000026,51.839622,1
49.1777942,48.598415,1
51.597752360000015,51.10591,1
50.89364023999997,51.24677,1
54.95082997999998,51.981785,1
53.69641664000005,51.791115,1
54.89101463000003,50.30514,1
51.942972380000015,50.748928,1
50.72615726000004,51.24238,1
48.03617552000003,50.070732,1
50.75179241000001,50.113117,1
52.92052610000002,51.0219,1
50.141675840000005,49.168865,1
54.54408560000002,52.408905,1
53.37854077999998,52.361965,1
49.61017373000004,50.114033,1
46.62795128000005,46.89221,1
51.81137861000002,51.910236,1
49.91779553000004,47.7849,1
52.03525892000005,49.341587,1
49.96564781000001,51.196766,1
51.32772878000003,51.29864,1
51.90537416000001,48.795506,1
51.08163134000006,51.502907,1
47.01247853000007,48.715534,1
46.49806652000001,47.632984,1
52.14805358000001,48.16421,1
49.70075126,51.51597,1
47.41751390000002,49.457996,1
48.33012524000003,48.85057,1
53.19054968,52.43664,1
48.7676318,50.016678,1
49.56061244,48.075695,1
48.71977952000003,49.669865,1
49.26324470000003,50.612495,1
47.97977818999999,48.951183,1
48.49419020000005,49.724,1
47.93363492000003,49.09217,1
48.19682246000002,50.00226,1
45.38721002,49.601154,1
51.29013056000002,51.28235,1
48.51469831999998,48.18262,1
49.33844113999999,50.231163,1
45.12402248000001,43.984554,1
51.66953078,51.26411,1
49.502506100000005,50.835194,1
52.80089540000006,51.05402,1
50.90047628000002,51.260475,1
53.03673878000001,51.685547,1
50.11091366000005,51.32299,1
50.16560198000002,47.716087,1
47.64652124000003,47.78103,1
51.11922956000001,50.87909,1
48.11308097,48.914852,1
49.65631700000006,50.22278,1
49.54694036000001,51.099148,1
50.276687630000026,50.159954,1
50.466387740000016,50.22729,1
48.94707785000003,51.241005,1
53.38537682000003,51.64844,1
48.14555216000002,48.52531,1
52.50352766000003,50.66349,1
53.21789383999999,51.165028,1
48.410448710000026,52.252613,1
46.25196907999998,51.23491,1
52.70860886000003,54.043148,1
46.81936040000005,49.162502,1
47.57132480000001,48.610706,1
54.37318460000006,52.85284,1
49.25811767000005,49.5019,1
52.64366647999998,51.749844,1
50.41853546000005,50.63121,1
49.28033479999999,50.690815,1
53.27941820000001,52.17833,1
53.62122020000004,53.539112,1
53.54260574,51.00408,1
44.79760157000004,48.95424,1
46.79201624000001,46.979626,1
53.68445357000002,48.788074,1
51.891702080000016,51.487953,1
54.6295361,52.167847,1
48.65483714000004,46.736824,1
53.56824089000003,52.18234,1
51.71054702000004,51.53476,1
49.18463023999999,45.884003,1
54.30482420000004,51.320103,1
51.43026938000003,50.42081,1
51.84043178000002,51.375763,1
48.43779287000001,50.91465,1
54.417618860000005,53.27304,1
45.77344628000003,46.65704,1
49.86652523000004,50.61628,1
45.54785695999999,44.62842,1
51.81992366000003,50.14739,1
46.17677264000002,47.914665,1
50.06989742000002,50.04466,1
48.06010165999999,48.536533,1
49.03081934,50.98429,1
52.54112587999998,51.35097,1
48.52495238000006,47.53997,1
54.154431320000015,51.048023,1
53.34777860000003,52.92766,1
50.07331543999999,50.94274,1
52.55821598,49.74627,1
45.725594,47.328236,1
47.59183292,48.142647,1
46.75441802,48.22413,1
49.417055600000026,49.96488,1
47.63797619000002,51.793446,1
50.811607760000015,49.958717,1
50.28181466000001,48.51926,1
47.36624360000002,47.867073,1
47.667029360000015,49.880573,1
52.44029429,52.284107,1
51.303802640000015,50.739048,1
50.03229920000001,50.79672,1
50.517658040000015,50.28214,1
50.01179108000002,50.676502,1
48.64116506000005,49.13256,1
49.64606293999998,51.253326,1
52.73937103999998,50.96171,1
49.791328789999966,50.315937,1
51.22518818000003,51.347984,1
50.68343201000005,50.331955,1
48.62407496000003,50.89314,1
49.459780850000016,49.263325,1
51.76010831000002,50.27636,1
48.80864804000004,51.48744,1
53.24523800000003,51.581154,1
52.79064133999998,49.841915,1
52.03525892000005,49.341587,1
53.7921212,51.406254,1
48.00199531999999,49.472137,1
51.14315570000002,51.79762,1
50.60310854,49.671276,1
50.60994458000005,48.692905,1
50.04084425000002,50.843407,1
44.66600779999999,48.37262,1
45.75293815999999,48.27784,1
51.53964602000002,49.541775,1
46.70656574000003,49.779408,1
46.78688921000003,50.17898,1
46.49806652000001,47.02169,1
52.85900174000005,51.944572,1
47.27737508000001,49.71844,1
54.28773410000002,51.472385,1
48.17802334999999,48.697422,1
53.874153680000006,51.94241,1
52.77696925999999,50.20713,1
46.26564116000003,44.41278,1
51.46444958000001,51.368958,1
51.93100931000004,50.49599,1
54.45521708000001,51.784946,1
45.69483181999999,42.565998,1
47.08254794000004,46.715984,1
49.35894926000003,49.516987,1
51.08504936000003,48.217903,1
48.302781080000045,49.080887,1
49.26666272,48.517204,1
47.93363492000003,49.587605,1
47.07742091,49.019554,1
53.53918772000003,51.924458,1
45.58203716000003,45.693882,1
47.65677530000005,49.831585,1
49.08038063000004,49.822464,1
45.722175979999975,48.41766,1
51.625096520000056,50.483677,1
49.63068184999997,48.24808,1
49.51617818,49.08682,1
44.53612304000001,47.41187,1
53.925423980000005,52.39901,1
52.67101064000002,51.27891,1
44.98388366,47.214928,1
52.78209629000003,53.355915,1
46.05714194000007,44.654263,1
50.743247360000055,51.11373,1
54.52357748000003,54.060368,1
52.77696925999999,50.525246,1
49.44269075,50.260536,1
49.12481489000004,49.643856,1
52.03013189000001,51.41688,1
51.09872144000002,51.196476,1
47.98148720000006,50.747063,1
48.96587696000006,50.283764,1
47.32864538000001,46.341217,1
51.74814523999999,51.03674,1
51.76010831000002,50.818237,1
50.24934346999999,50.137093,1
49.92634057999999,50.816402,1
51.78574346000005,51.658134,1
50.27156060000004,50.373882,1
52.383896960000015,50.704453,1
46.48097642000005,43.96478,1
49.63239085999999,45.607002,1
46.07935907000001,47.087223,1
51.11922956000001,50.71414,1
48.95733190999999,48.891155,1
49.59137462000001,51.622665,1
49.29742490000001,49.306698,1
49.16412212,52.777267,1
53.42810207000002,51.903656,1
49.03252835000001,50.942745,1
47.868692539999984,49.651905,1
52.26255724999999,51.65526,1
49.09405271000003,52.57445,1
53.93567804000003,50.56829,1
50.55867427999999,49.15773,1
50.58430943000002,48.10743,1
47.74906184000002,44.506477,1
49.65973502000003,50.484432,1
49.85285314999999,50.976467,1
45.70679488999997,47.40085,1
52.31211854000003,49.7603,1
47.36966161999999,45.571903,1
46.99880645000002,48.30644,1
51.98740664000002,51.03513,1
54.448381040000015,54.200546,1
45.58545518,46.78005,1
49.44952678999999,48.22512,1
44.64037265000002,47.660923,1
51.90366515000005,51.919865,1
53.679326540000034,52.560955,1
48.92486072000003,51.1924,1
54.22279172000003,52.576385,1
49.84772612,47.172142,1
51.74814523999999,50.668808,1
45.38037398,48.665684,1
51.037197080000055,50.62618,1
48.12162602000001,51.512478,1
48.82402913000004,48.79752,1
54.11683310000001,53.602306,1
49.84259909000002,51.069237,1
48.665091200000006,45.566048,1
51.39608917999999,51.796223,1
51.07821332000003,48.42415,1
49.731513440000015,50.966877,1
46.443378199999984,47.879265,1
51.94468139000003,52.04582,1
49.51276016000003,48.522232,1
52.21641398000003,52.00051,1
48.49077218000002,47.356388,1
43.80808478000006,45.994255,1
45.00439177999999,46.429153,1
50.88338618,51.183002,1
53.51867960000004,52.895145,1
48.42241178,51.38234,1
49.157286080000006,48.14745,1
50.842369940000026,50.59546,1
48.94707785000003,48.602676,1
48.72319754,50.6943,1
46.81252436,46.915714,1
49.03765538000005,49.890926,1
43.88157221,43.040726,1
50.300613769999984,49.12563,1
48.15751523000006,50.639572,1
45.165038719999984,47.460857,1
50.37410120000004,50.66333,1
51.295257590000006,51.75052,1
51.86435792000003,52.01571,1
52.315536560000055,51.11573,1
47.95927007,47.490074,1
47.08938397999998,47.246765,1
54.09974299999999,52.400383,1
49.734931459999984,48.986725,1
46.29640333999998,47.138805,1
49.11285182000006,47.810375,1
45.62818042999999,48.06323,1
50.41340843,49.366005,1
50.6475428,50.42176,1
49.85798018000003,51.18711,1
43.63547477000003,44.921726,1
50.52449408000001,50.980354,1
54.09290696000005,52.74547,1
50.5450022,49.634815,1
49.04449141999999,50.237526,1
53.252074040000025,50.279373,1
46.48097642000005,48.349304,1
49.1777942,49.955368,1
48.95904092000001,49.213245,1
49.454653819999976,51.516747,1
50.37410120000004,50.641666,1
46.26905918,49.068962,1
50.29548674,48.45563,1
52.80089540000006,49.3492,1
50.54158418000003,50.68623,1
53.234983940000006,51.64281,1
45.03857198000003,46.798645,1
51.95322643999998,50.968357,1
48.015667399999984,50.599636,1
51.79941554000004,50.428043,1
50.169020000000046,50.2057,1
48.31645316000004,46.348,1
52.609486280000056,48.86238,1
47.21926874000002,47.815704,1
48.613820900000064,50.815952,1
54.20228359999999,51.211025,1
53.29992632000005,51.67556,1
49.57770254000002,49.75125,1
49.25299064000001,51.293617,1
49.74689453000002,50.403885,1
50.96541866000001,51.70338,1
50.43220754000004,50.478546,1
49.734931459999984,49.708206,1
54.55433965999998,53.625458,1
51.013270939999984,51.598568,1
51.447359480000046,49.964165,1
50.03571722000004,51.596893,1
52.97863244000001,51.586967,1
49.37262134000002,48.375748,1
44.734368200000006,47.14979,1
54.513323420000006,52.723454,1
50.23396237999998,50.182846,1
48.54204248000002,50.103703,1
48.11820799999998,51.038795,1
51.61142444000001,49.435345,1
46.17677264000002,45.136837,1
54.89272363999999,53.802883,1
51.83701375999999,50.469997,1
51.07821332000003,49.321335,1
47.75247986,46.82284,1
46.12208432,46.61785,1
50.24934347000004,48.249542,1
53.713506740000014,50.59976,1
49.44781778000004,50.38605,1
45.17358377000005,47.768257,1
52.992304520000005,51.366394,1
52.18223378000005,48.14151,1
48.627492980000056,51.220146,1
50.62874369000002,51.09413,1
49.688788190000025,48.941303,1
52.35997082,50.22434,1
49.93146761000003,49.134422,1
53.28796325000002,51.26211,1
50.80818973999999,51.937664,1
51.90366515000005,50.276726,1
44.32249679000006,44.774036,1
49.40680154000006,50.65164,1
50.743247360000055,49.069878,1
48.47710010000003,49.901997,1
49.78278374000001,50.656483,1
49.47003490999998,50.31754,1
43.63718377999999,48.741947,1
44.23875529999998,45.022312,1
46.11183026000003,47.007553,1
50.91414836000001,50.785088,1
52.20957794000003,49.083694,1
50.90389430000005,49.269478,1
52.56505202000005,49.776867,1
50.55012923000004,49.13167,1
50.975672720000034,50.597076,1
46.65529544000003,48.235756,1
52.79064133999998,51.728687,1
50.26814258000002,52.740402,1
52.52574479000003,50.431133,1
51.84384980000005,51.3388,1
45.84522470000002,49.00143,1
54.24842687,51.127705,1
52.77013322000005,51.161545,1
49.11626984000003,49.60627,1
46.094740160000015,48.25987,1
53.12560730000001,50.779087,1
48.08060978000003,49.914345,1
54.94228493000003,53.251484,1
49.85114414000003,50.245853,1
44.37889412000004,45.69889,1
50.59456349000004,47.458477,1
50.71248518000005,50.26133,1
49.611882740000055,51.36511,1
53.93909606,52.30764,1
48.59843981,47.90413,1
48.45830099,50.911945,1
47.055203780000056,48.213745,1
51.26962244000004,50.637535,1
49.81354592000002,51.441067,1
52.67442865999999,48.49327,1
48.47880911000004,48.72325,1
51.14657371999999,48.476265,1
48.67192724000006,49.10994,1
44.73265918999999,44.065063,1
54.05872676000001,54.026493,1
51.67807583000001,49.450447,1
51.03036104,49.090145,1
50.55525626000002,51.57907,1
51.29354857999999,50.30514,1
51.31576571000005,50.656578,1
53.54431475000001,50.17827,1
49.89557839999998,48.734577,1
50.28352367000002,51.293545,1
50.21687228000002,50.84292,1
51.04403312,47.958626,1
53.01281263999999,50.23627,1
50.72615726000004,51.27052,1
45.32910368,45.433807,1
53.54773277000004,51.493877,1
52.19077883,50.635845,1
52.383896960000015,54.05084,1
50.927820440000005,50.455276,1
51.97715258000005,51.55963,1
50.17927406000001,49.069256,1
51.44052343999999,48.807262,1
46.14771947000003,47.453365,1
49.69049719999998,51.169563,1
51.555027110000026,49.174255,1
49.59137462000001,50.125854,1
51.628514540000026,50.39147,1
49.685370170000056,50.830307,1
49.550358380000034,50.375687,1
51.37045403000002,50.890465,1
49.62042779000001,50.002003,1
54.04163666,50.975582,1
53.06920996999997,50.68371,1
47.438022020000005,47.076057,1
49.0752536,52.02179,1
49.74518552000001,50.636364,1
49.15386806000004,50.070385,1
44.09348945000005,46.06915,1
54.151013300000045,52.659588,1
52.91369006000002,49.486652,1
49.018856270000015,51.01039,1
50.04426226999999,49.87389,1
45.50854973000003,48.244595,1
47.109892100000025,47.962234,1
46.90481090000003,50.920868,1
49.99470098000006,50.902737,1
52.236922100000015,53.726433,1
51.38583512000002,48.874878,1
50.401445360000025,51.274307,1
46.25196907999998,46.850178,1
53.43664712000003,51.886223,1
45.1958009,46.917034,1
48.09769987999999,51.017063,1
50.48005982000001,51.707603,1
48.93682379000006,51.00094,1
50.34675704000006,49.123886,1
41.35394642000006,44.262432,1
53.51013455000003,50.712463,1
54.45863510000004,51.17248,1
48.81548408000003,47.972805,1
52.19590586000004,48.78609,1
48.61040288000004,47.82434,1
48.88042646000002,50.356644,1
52.59068717000002,51.685703,1
48.80523002000001,47.930923,1
52.94787026000006,51.130096,1
48.26860088000001,48.101517,1
48.49419020000005,49.606247,1
50.23396237999998,49.56423,1
53.04357482,51.94298,1
52.141217540000014,50.377907,1
50.095532570000046,48.305405,1
50.365556149999975,47.74857,1
49.762275620000025,50.163918,1
50.056225340000026,48.83742,1
48.894098540000016,49.517143,1
53.19738572000006,51.878555,1
51.05086916000005,50.52075,1
46.83645050000001,47.778206,1
48.92144270000006,51.05315,1
50.78426360000003,49.137863,1
54.95766602000003,52.997078,1
50.84407895000004,50.23707,1
47.99515928000005,48.39524,1
47.28079309999998,46.61042,1
47.56961579,49.874218,1
52.49840062999999,50.599144,1
41.900829620000025,47.212532,1
51.77719840999998,51.205048,1
49.46148986000003,51.525925,1
53.85022753999999,53.980198,1
45.178710799999976,47.033005,1
50.00153702,46.083485,1
53.96302220000001,52.102306,1
48.72661556000003,51.372734,1
51.84043178000002,51.97896,1
52.03184090000002,51.919865,1
50.29890476000003,51.051056,1
50.67488695999998,50.21622,1
48.65483714000004,47.442944,1
50.715903200000014,49.87521,1
50.55354725000001,48.383858,1
46.453632260000006,47.83698,1
49.02227429000004,51.329147,1
48.26176484000001,50.238117,1
52.50694568000006,51.66874,1
52.18565180000002,48.502125,1
49.72467740000002,48.921566,1
49.80670988000003,48.947662,1
51.66611276000003,51.577454,1
52.14805358000001,51.885098,1
39.34756868,44.889347,1
48.09769988000005,48.3882,1
54.36976658000003,54.08019,1
45.55811102000001,46.865383,1
53.78186714000003,53.682613,1
48.99663914000001,49.51929,1
48.306199100000015,49.259815,1
54.68764243999999,53.502586,1
51.99424268000001,52.018497,1
46.15626451999998,48.4166,1
47.73197174000006,49.458305,1
49.85798018000003,49.62666,1
47.39358776000006,49.659164,1
47.92508987000002,48.85293,1
53.73401486,52.153103,1
51.91733722999999,50.81242,1
45.49658666000005,46.506416,1
48.67876328,53.608517,1
49.49908807999998,49.723343,1
48.73516061000004,49.971886,1
50.37751922000001,50.196003,1
44.08494440000004,47.97098,1
48.24125672000002,47.81753,1
51.428560370000014,49.566845,1
42.53316332000003,46.26126,1
50.56551032000005,51.47691,1
50.41169941999999,48.542183,1
48.73003358000005,49.56406,1
50.67659597,51.33011,1
50.28181466000001,49.953976,1
47.92167185,50.39956,1
48.27885494000003,49.02777,1
47.86014749000003,50.785027,1
48.17289632000001,47.165134,1
54.23304578,53.283176,1
50.91756638000004,48.49589,1
49.16754014000003,47.911137,1
48.77275882999999,50.066967,1
45.47607854,47.92739,1
47.91654482000001,49.78995,1
50.12116772000002,51.206573,1
51.86264891000002,51.97716,1
51.39267116000002,50.573128,1
52.45909340000003,50.632828,1
47.60208698000002,44.65654,1
50.60994458000005,51.87301,1
51.29867561000003,51.23751,1
47.62601312000004,46.55758,1
41.43256087999998,44.412952,1
48.82573814,51.519466,1
45.03002693000002,46.826042,1
49.22564648000002,47.80277,1
49.437563720000014,47.400616,1
53.19054968,50.463852,1
48.83257418,50.02782,1
50.669759930000055,50.335865,1
49.88361533,49.23082,1
49.87677929,45.491287,1
51.1773359,50.222477,1
50.41853546000005,49.393597,1
50.75350142000002,51.491825,1
49.16412212,51.900406,1
49.875070280000045,50.405403,1
51.29354857999999,51.036343,1
50.695395080000026,48.826355,1
49.73834948000001,48.699814,1
46.48781245999999,46.835808,1
53.11193522000002,51.235085,1
50.27156060000004,50.457954,1
52.98546848000001,52.49347,1
44.68651592000003,46.80284,1
49.7075873,51.65738,1
52.37193389000004,50.63022,1
51.29183956999998,48.899178,1
54.32020529000005,51.77971,1
52.08652921999999,51.21165,1
51.29696660000002,53.183136,1
45.52563982999999,46.504814,1
49.44439976000001,46.754837,1
49.76911166000002,49.874218,1
51.40976126000004,50.386105,1
53.023066700000015,51.557167,1
53.85022753999999,52.403843,1
50.29377772999999,48.113213,1
48.98980310000002,48.411465,1
50.03571722000004,50.069416,1
45.81788054000003,44.619495,1
48.85308229999998,50.858593,1
49.9126685,49.205875,1
50.23054436000001,48.776764,1
50.89705826,48.801575,1
48.04130255000001,47.901115,1
50.370683180000015,49.77221,1
47.52859955000002,48.45196,1
51.06454124000004,50.86718,1
47.75247986,51.154907,1
48.58476773000001,50.88436,1
54.80727314000001,50.945168,1
50.88680420000003,51.877705,1
48.16606028000001,47.75007,1
49.60846472000003,47.789948,1
46.00074461000003,46.1926,1
48.73686961999999,49.10961,1
52.70519084,51.460472,1
52.46592943999997,51.06581,1
50.53474814000003,50.193825,1
47.69095550000003,48.485287,1
49.42389164000002,49.831863,1
51.73960019000003,48.821976,1
46.23487898000002,49.142666,1
45.32568565999998,46.775295,1
48.77446784000006,51.84783,1
45.69141380000002,47.314713,1
51.86264891000002,51.13057,1
50.63728874000003,51.20699,1
46.54591879999998,49.06273,1
50.83895192,48.839607,1
48.01566740000004,49.675735,1
51.47470364000003,51.60352,1
49.11968786,49.917885,1
47.03469566000001,47.82434,1
53.32385246000001,53.24524,1
50.26643357,49.915565,1
49.25469965000002,50.857426,1
45.633307460000026,47.667156,1
42.84078512000002,43.984997,1
49.601628679999976,51.089066,1
44.63866364,47.05136,1
49.95368474000003,50.56868,1
50.180983070000025,48.491398,1
48.26176484000001,49.99901,1
52.04551298000001,51.732662,1
50.08356950000001,50.847878,1
52.95128828000003,50.49175,1
51.05086916000005,49.31762,1
50.42878952000001,48.656887,1
50.55867428000005,50.09318,1
49.32306005000004,50.478058,1
50.65437884000005,51.24565,1
45.44873438000002,49.812008,1
51.76181731999998,51.119347,1
49.56061244,50.495644,1
52.93078016000004,51.084442,1
50.65779686000002,48.766464,1
43.83371993000003,45.702797,1
43.83884696000001,42.99844,1
51.94639040000004,51.934723,1
48.63432902,49.385292,1
49.55548541000002,49.77521,1
47.4516941,51.635777,1
54.02112854000006,51.683178,1
45.749520140000016,48.36001,1
50.26643357,48.74816,1
50.10407762,49.361378,1
47.53030855999998,46.63637,1
43.90037132000003,44.855377,1
51.156827780000015,52.77291,1
49.85456216,50.005165,1
51.355072940000014,50.088154,1
53.10851720000005,51.0997,1
50.52107606000004,51.080254,1
45.48975062,48.410248,1
45.79053637999999,46.285072,1
51.49862977999999,50.520634,1
49.82038196000002,50.197773,1
52.14805358000001,50.351486,1
47.98148720000006,48.961273,1
53.64856436000002,50.361168,1
50.38093723999998,52.65103,1
50.75350142000002,48.990852,1
52.03013189000001,50.733818,1
48.04130255000001,48.838036,1
51.47983067000001,52.00178,1
50.42878952000001,49.400814,1
48.40532168000004,48.27247,1
49.77252968000005,48.716877,1
50.83895192,50.368107,1
51.221770160000005,49.949524,1
49.48541599999999,48.946026,1
50.025463160000015,52.176228,1
44.50536086,44.222404,1
51.54306403999999,51.958004,1
52.24034012000004,51.136784,1
53.8946618,51.53174,1
51.99766069999998,50.72937,1
46.34767364000004,46.193905,1
42.44087678,43.310455,1
53.63489228000003,51.296024,1
52.23350407999999,50.107063,1
47.41067786000002,49.189587,1
50.57918240000004,50.89489,1
47.08767497000002,44.216934,1
45.44531635999999,46.000824,1
50.12800376000001,48.071854,1
50.83211588000006,48.2207,1
44.27635352000004,45.475273,1
44.71386008000002,45.07327,1
47.89432769000001,45.277195,1
54.18861152,52.363895,1
45.13769456,48.546795,1
52.99914056,50.516457,1
49.76569364,48.936985,1
50.97909074000006,51.202316,1
44.73607721000002,47.45845,1
53.240110970000046,51.26307,1
45.85889678000001,49.262184,1
54.58339282999998,54.011265,1
51.92246426000003,51.129787,1
45.01806386000004,47.91302,1
53.68274456000006,51.004192,1
51.50888384000001,51.348644,1
47.57132480000001,49.28507,1
53.41272098000002,53.17251,1
48.254928800000016,48.840237,1
52.76671520000002,51.564106,1
50.076733460000014,48.993584,1
50.87313212000004,48.14938,1
52.90001798000003,50.873337,1
52.14805358000001,51.14131,1
47.52518153000005,50.422855,1
51.900247130000025,50.466755,1
49.092343700000015,49.841724,1
52.86925580000002,51.056267,1
48.483936140000026,48.851482,1
54.69618749000006,51.057297,1
52.95983333000004,51.22587,1
49.25811767000005,49.384857,1
48.94707785000003,49.139908,1
50.816734790000055,48.089397,1
50.517658040000015,50.717136,1
51.65073167000003,52.267406,1
44.51903293999999,45.79423,1
53.95960418000004,53.183693,1
50.052807320000056,50.30067,1
50.92611142999999,51.516747,1
49.51276015999997,53.532597,1
48.98638507999999,49.07045,1
51.252532340000016,50.157093,1
49.97590187000003,53.302788,1
48.88042646000002,50.909435,1
49.203429349999965,49.94583,1
48.74028764000002,50.660175,1
46.64162336000004,47.91703,1
50.71932121999998,53.014423,1
51.73105514000002,51.030495,1
54.90297770000001,53.504597,1
51.973734560000025,50.403885,1
49.7075873,51.50725,1
48.41215771999998,48.015755,1
54.01258349,54.011265,1
49.81354592000002,50.80967,1
52.68980975000005,51.262016,1
51.96006248000003,51.59558,1
48.21391256000004,50.63361,1
54.352676480000014,54.00183,1
48.60356683999999,48.02489,1
45.56494706000001,49.782677,1
54.49623331999999,52.625443,1
50.93123846000003,51.66358,1
51.160245799999984,50.896404,1
47.23464983000002,48.288208,1
45.96314639000002,45.75638,1
49.49567006000001,46.535706,1
51.97031654,49.376015,1
48.47368208,48.599964,1
49.21197440000003,48.814415,1
45.69824984000002,46.59015,1
50.32624892000001,51.242615,1
50.27839663999998,49.840874,1
49.68537017,51.514297,1
49.41363758,47.258614,1
53.69641664000005,50.032005,1
50.17585603999999,50.095863,1
49.39312946000001,49.598618,1
53.48791742000003,52.8606,1
53.050410860000056,50.852646,1
47.15774438000005,49.56463,1
49.16241310999999,47.074028,1
46.14430145,44.50547,1
51.61484245999998,50.475693,1
47.97294215,51.29275,1
52.24375814000001,51.272137,1
51.73447315999999,51.927284,1
46.798852280000006,48.940014,1
51.93613634000002,51.94358,1
47.63455816999999,50.18216,1
51.63876860000005,51.407284,1
49.34527718000004,47.932835,1
46.590353059999984,45.6081,1
52.94787026000006,51.479595,1
52.55479796000003,51.693707,1
54.43470896000002,51.135624,1
52.361679830000014,51.56258,1
53.515261580000015,48.55431,1
46.49977553000002,46.94486,1
50.27156060000004,51.09413,1
49.48883402000001,49.74495,1
49.47174392,50.487743,1
49.041073400000016,49.081944,1
49.85114413999997,48.87203,1
44.16526787000004,44.29236,1
52.17710675000001,51.618725,1
50.25617951000004,50.79875,1
50.65096082000002,49.658524,1
51.20809808000001,51.363182,1
47.26199399000007,51.14425,1
46.24513304000004,47.031788,1
48.06181067,49.13278,1
49.66657106000002,50.892788,1
50.656087850000006,51.169712,1
47.20046963000004,48.93185,1
50.39460932000003,51.401157,1
53.19396770000003,53.05468,1
47.73880778,49.48706,1
52.83849362000001,49.197075,1
46.03150679000004,44.0798,1
48.46342802000004,48.069637,1
46.95095416999999,47.212997,1
50.63045270000004,48.493916,1
51.221770160000005,50.986576,1
50.37751922000001,50.591213,1
50.315994860000046,49.10118,1
50.715903200000014,51.539406,1
53.368286720000015,51.825188,1
51.41659730000004,50.911915,1
47.77298798000004,46.599483,1
44.40794729000004,44.702618,1
53.139279380000005,50.682575,1
47.99857730000002,51.997265,1
49.123105880000026,48.986835,1
45.60596329999999,48.30833,1
48.67534526000003,50.993034,1
47.79007808000006,48.309753,1
50.52620309000002,50.423195,1
48.91118863999998,50.752087,1
43.89011726000001,44.34371,1
51.32089273999998,50.6278,1
49.05816349999998,49.925842,1
48.97954904000005,49.07783,1
47.70462758000002,48.108368,1
53.49475346000003,52.975155,1
45.67432370000006,48.00911,1
47.244903890000046,46.42863,1
49.20513835999998,50.010876,1
47.90629076000005,51.120808,1
49.68707918000001,49.210785,1
48.30107207000003,49.624165,1
49.37774837000006,51.676704,1
45.34619378000002,46.298977,1
47.5029644,48.57114,1
50.65096082000002,48.820305,1
53.234983940000006,50.315937,1
50.34333902000003,50.62734,1
48.07890077000002,51.83129,1
50.07331543999999,48.033184,1
49.434145700000045,49.260166,1
49.48199798000002,51.33643,1
50.052807320000056,50.646297,1
52.20445091000005,50.161865,1
47.400423800000056,49.17975,1
48.65825516000001,45.66473,1
48.26176484000001,51.085133,1
52.92565313,50.734303,1
51.22518818000003,49.859444,1
48.60356684000004,49.696632,1
49.83234503,51.602715,1
45.35302982000002,48.599964,1
54.50306936000004,53.299202,1
45.24707120000005,45.516014,1
49.48883402000001,51.063114,1
49.59137462000001,49.663467,1
48.480518120000056,48.299362,1
49.64264492000001,51.597008,1
47.48074727000005,49.123886,1
45.97510946,46.696842,1
49.78449275000003,50.142532,1
45.43506230000003,47.94131,1
48.71636150000006,50.972855,1
48.74883269000003,45.966366,1
53.02648471999999,52.041065,1
49.290588860000014,50.977226,1
52.70519084,51.174046,1
50.34675704000006,47.186066,1
50.77059152000004,50.39128,1
49.03252835000001,49.021336,1
46.62111524,47.53085,1
46.19386273999999,47.333523,1
49.39312946000001,48.446533,1
54.643208180000045,51.821796,1
53.66565446000004,53.8337,1
52.414659140000026,51.682976,1
49.24273658000004,48.31445,1
49.48541599999999,50.443012,1
48.64971011,49.93872,1
48.68559932000005,50.021446,1
48.23954771000001,44.135418,1
46.44679622000001,47.446426,1
50.885095190000015,50.76098,1
50.44929764000005,51.34747,1
52.27452032000002,50.626286,1
49.40680154000006,51.0316,1
49.00347518000001,50.743237,1
42.74508056000002,47.935043,1
50.66121487999999,49.82872,1
54.09974299999999,51.494812,1
52.55479796000003,51.573326,1
47.82084026000001,49.80974,1
48.80181200000004,50.572636,1
52.36338884000003,51.561897,1
54.81069116000003,51.074207,1
53.053828880000026,51.3357,1
44.09178043999998,45.51653,1
52.65733855999997,48.892365,1
52.15147160000004,51.124763,1
53.78357615000005,52.975166,1
49.360658270000044,52.119263,1
53.546023760000026,52.040024,1
47.53714460000003,49.005985,1
43.49020891999999,44.08868,1
50.568928340000014,50.326336,1
53.41613900000005,51.858223,1
52.80089540000006,52.26438,1
50.842369940000026,51.05016,1
49.62897284000002,51.24637,1
47.07229388000002,50.330387,1
49.9639388,51.763702,1
49.1777942,48.2524,1
49.71100532000003,51.83351,1
50.203200200000026,47.76033,1
54.83461729999999,52.551506,1
53.053828880000026,49.35982,1
51.4849577,51.0728,1
46.54250078000001,48.08962,1
54.84487136000001,53.980198,1
46.84670456000004,47.061737,1
49.98102890000001,49.887833,1
45.90674906000004,46.637886,1
54.09974299999999,52.00051,1
51.074795300000005,51.164894,1
45.50513171,47.74568,1
48.80523002000007,50.49015,1
49.36236728000006,51.8872,1
51.27645847999997,50.703648,1
50.81502578000004,51.20586,1
50.141675840000005,50.963863,1
52.612904300000025,50.043385,1
47.03298665,47.11195,1
51.160245799999984,51.337734,1
47.667029360000015,50.522438,1
44.87279801000005,47.125465,1
50.62019864000001,50.55042,1
48.44975593999999,50.1949,1
48.38823158000002,49.28563,1
52.17539774,49.726383,1
48.80523002000001,49.890842,1
52.55479796000003,51.73697,1
51.300384620000045,50.97229,1
48.87359042000003,47.126812,1
52.14463555999998,50.88402,1
51.662694740000006,50.657333,1
48.76079576000001,48.58443,1
54.06556280000001,50.26322,1
45.90674906000004,46.846382,1
45.51367676000001,48.72408,1
53.64514634,52.062237,1
49.649480960000005,49.80539,1
52.83678461000005,53.885582,1
48.84282824000002,51.2739,1
52.47960152000002,52.72623,1
50.03571722000004,51.18218,1
50.49202289000005,50.438694,1
49.21881044000003,50.351284,1
47.709754610000005,46.881023,1
49.07867162000002,49.878998,1
53.610966140000016,53.682667,1
52.03525892000005,52.216824,1
47.01418754000002,48.67837,1
51.90366515000005,51.829716,1
48.58818575000004,51.02992,1
48.61723891999998,50.85863,1
49.26837173000001,50.843483,1
44.95995751999999,52.010967,1
52.27793833999999,50.445625,1
47.20901468,48.982986,1
49.66998908000005,49.460335,1
53.23840196000003,51.452396,1
52.69664579000005,50.77005,1
44.54637710000003,46.89846,1
50.52791209999998,50.80794,1
52.19761487000005,51.66228,1
47.63626718,51.71254,1
51.75156326000001,49.80593,1
51.114102530000025,49.664642,1
51.35849096000004,50.95933,1
50.56551032000005,50.02345,1
50.06989742000002,51.160603,1
48.72661556000003,48.140636,1
50.19978218000006,50.66277,1
53.05895591000001,49.200035,1
50.73641132,50.97394,1
52.40440508000006,50.649925,1
50.12287673000003,51.581493,1
50.223708320000014,49.028416,1
46.58864405000003,47.170322,1
48.306199100000015,46.9516,1
44.59422938,45.66033,1
51.49008473000004,51.307743,1
46.258805120000034,50.002335,1
50.28523268000004,49.051987,1
47.205596660000026,45.854992,1
48.15751523000006,48.437935,1
49.46148986000003,51.181145,1
50.98421776999999,49.323944,1
51.11239352000001,51.23113,1
54.96450206000003,52.300438,1
51.50546582000004,51.554405,1
48.39164960000005,49.092533,1
52.512072709999984,50.18133,1
51.96006248000003,50.808277,1
44.30711570000005,45.608727,1
51.18075392000003,51.164772,1
52.66759262000005,51.181988,1
54.03480062,52.072624,1
49.355531240000005,50.405926,1
50.73982934000003,50.781277,1
49.929758600000014,50.27213,1
48.91460666,50.044697,1
43.43210257999999,44.27764,1
54.50990539999998,53.70099,1
51.39267116000002,51.18801,1
48.93511478000005,49.96658,1
47.48587429999998,46.671272,1
52.01133278000003,51.285393,1
49.05474548000007,50.425117,1
49.89045137000005,48.90477,1
53.692998620000026,50.728397,1
52.74449807000002,48.22042,1
44.994137720000026,48.933857,1
54.120251120000034,53.454338,1
47.55936173000004,51.27332,1
46.10499421999998,46.471657,1
51.160245799999984,51.50439,1
53.53576970000006,52.72697,1
50.05109831000004,48.22597,1
53.01623066000002,52.25059,1
52.63170341,50.078903,1
50.89705826,48.36709,1
50.15192990000003,49.05249,1
51.60117038000004,48.258118,1
53.031611750000025,51.40008,1
49.28375282000002,49.94839,1
52.43345825000006,49.604614,1
52.41978617000007,50.84206,1
47.30130122000003,46.401337,1
54.060435770000026,51.924244,1
47.40725984000005,49.884575,1
49.11626984000003,50.339657,1
51.78232544000002,50.33,1
48.22587563000002,50.68737,1
47.65677530000005,46.204285,1
50.18781911000002,50.981968,1
47.89774571000004,51.368183,1
50.90389430000005,48.871807,1
51.54306403999999,50.680183,1
53.58362198000003,52.862633,1
50.859460040000045,51.05514,1
51.41317928000001,49.667175,1
50.35701110000002,51.31756,1
48.569386640000005,50.963867,1
50.23054436000001,51.157578,1
49.758857600000056,49.643353,1
54.258680930000025,50.970947,1
50.57234635999998,51.479824,1
46.39552592000001,51.259556,1
48.95904092000001,49.032597,1
47.878946600000006,49.089134,1
48.42241178,48.958214,1
48.90093458000001,50.139828,1
49.64264492000007,49.082542,1
50.28523268000004,50.280544,1
45.66406963999998,45.730858,1
44.02000201999999,45.9203,1
49.52643224000002,48.446106,1
47.49954638000003,43.040726,1
54.12708716000003,51.150677,1
47.44144004000003,48.196156,1
50.755210430000034,50.47675,1
50.29206872000003,50.71053,1
51.55673611999998,50.753307,1
49.76740265000001,48.78035,1
50.82186181999998,51.321335,1
48.79326695000003,49.96755,1
49.17437618000002,48.942375,1
48.83599220000002,50.913002,1
49.37603936000005,47.189564,1
50.97396371000002,50.450356,1
48.98980310000002,49.773212,1
49.85114414000003,48.988327,1
49.564030460000026,50.79456,1
48.71807051000002,46.915714,1
51.88144801999999,46.4497,1
53.52893366000001,51.10268,1
46.54420978999997,48.035965,1
49.70758730000006,49.00901,1
47.76615193999999,47.805313,1
49.31109698,48.410427,1
49.46148986000003,49.80327,1
43.61325764000003,45.263927,1
45.580328150000014,47.376705,1
49.64606293999998,50.88897,1
42.66646609999998,46.644596,1
54.48256124,52.62314,1
46.34083759999999,50.101837,1
50.17585604000004,51.55394,1
45.65723360000004,46.976936,1
48.66850922000003,49.447205,1
53.863899619999984,53.215405,1
48.68901734000002,47.653446,1
48.54887852000002,47.14487,1
46.58864405000003,47.403793,1
50.73982934000003,50.007732,1
47.44144004000003,48.035637,1
51.91391921000002,50.72263,1
48.27201890000004,49.390793,1
49.08721667000003,49.662872,1
50.15363891000004,48.79101,1
48.14897017999999,50.297703,1
47.26712101999999,49.379616,1
49.07867162000002,45.880093,1
52.92052610000002,48.759678,1
52.941034220000006,50.195866,1
54.94399394000004,52.65039,1
50.17414703000003,50.327827,1
50.203200200000026,51.174385,1
50.11774969999999,50.011654,1
48.54887852000002,49.03093,1
52.20957794000003,51.93819,1
54.479143220000026,52.273422,1
47.87552858000004,47.20188,1
48.16776929000002,47.60589,1
45.29834149999999,43.310455,1
51.11581153999998,51.666565,1
49.29742490000001,51.32087,1
54.71327759000002,50.94061,1
52.54112587999998,50.300934,1
51.17391788000003,50.840897,1
48.012249380000014,49.723724,1
50.90731232000002,50.23366,1
50.83553390000003,49.659977,1
49.42560064999998,50.951958,1
44.52928700000001,46.561993,1
53.53918772000003,52.41753,1
54.44154500000002,53.89651,1
50.29548674,51.28301,1
50.218581289999975,48.601913,1
53.35974167000006,51.460182,1
53.36486869999999,52.58651,1
47.27908408999997,46.96839,1
54.42103688000003,51.18551,1
49.208556380000005,49.61034,1
47.69950055000004,48.086346,1
51.93100931000004,53.0144,1
43.60983962,44.43871,1
53.77161308000001,52.03037,1
44.12254261999999,45.615788,1
46.65529544000003,47.02462,1
54.61928204000003,54.00955,1
51.17049986000001,48.117874,1
43.59616754000001,45.231396,1
51.29696660000002,51.655987,1
46.39210790000004,46.99707,1
46.45192325000005,49.129,1
50.25788852000005,50.26518,1
48.81890210000006,49.203724,1
43.47653684,44.262432,1
52.84874768000003,52.75612,1
52.02842288,51.21956,1
48.83599220000002,51.14663,1
48.61723891999998,48.255974,1
45.05224406000002,48.40267,1
47.91312679999999,50.297527,1
49.03081934,51.095802,1
53.95276813999999,52.574738,1
47.32693637,47.98555,1
51.97715258000005,50.917816,1
48.27885494000003,49.26148,1
48.24809276000002,52.33548,1
50.28523268000004,50.922153,1
45.42139021999998,44.681858,1
47.31155527999999,46.99624,1
53.809211300000015,53.69652,1
49.72638641000003,50.81054,1
51.97031654,51.8863,1
50.30744980999998,48.9379,1
50.47835081,50.319435,1
52.13779952000005,49.862938,1
52.47276548000002,50.811897,1
48.20365850000002,48.058067,1
47.550816680000025,47.495354,1
42.15376309999999,43.757774,1
52.27622933000004,50.942715,1
50.20661822,51.583218,1
48.39506762000002,50.611332,1
47.99686829000001,47.962234,1
51.87290297000004,51.780426,1
50.39802734,49.338978,1
49.85798018000003,52.67507,1
46.94411812999999,47.41783,1
50.29548674,50.808403,1
46.954372190000015,51.943443,1
51.184171940000056,49.43909,1
44.78905652000003,44.418873,1
53.19054968,51.101624,1
54.01771052000004,51.125088,1
48.68559932000005,45.746075,1
49.36236728000006,51.02734,1
52.462511420000055,51.17875,1
54.28773410000002,52.708347,1
49.14019598000005,52.18331,1
51.368745020000006,51.325397,1
49.62897284000002,48.567574,1
52.66075658,51.221466,1
48.64458308000002,50.904884,1
50.99276282,51.033234,1
51.33798284,50.94246,1
50.59969052000002,50.31565,1
50.01520909999999,50.664265,1
48.483936140000026,48.254654,1
51.3824171,50.88467,1
47.80375016000005,46.101738,1
47.49783737000001,49.616707,1
52.83849362000001,51.36093,1
47.101347050000015,51.0993,1
47.98490522000003,48.95432,1
48.78643091000004,51.65596,1
47.783242040000005,48.764694,1
52.78380530000004,50.880272,1
50.07331543999999,50.94046,1
51.826759700000025,52.067413,1
51.68832988999998,52.3009,1
52.729116980000015,51.706028,1
46.90139288,46.082138,1
49.758857600000056,49.472137,1
54.42103688000003,50.94264,1
50.70052211000007,51.574947,1
47.27395706000004,49.28132,1
50.42537149999998,51.42782,1
50.48518684999999,49.25303,1
54.28773410000002,52.708347,1
53.26232809999999,50.898987,1
47.90970878000002,47.983345,1
52.87950985999999,51.352135,1
52.93590719000002,50.639477,1
52.80431342000003,50.896107,1
47.34573548000003,46.875134,1
50.26130654000002,49.95754,1
54.92006780000003,53.364323,1
52.65392054,51.35044,1
49.12481489000004,49.643856,1
50.401445360000025,50.337173,1
46.094740160000015,48.77553,1
48.608693870000025,49.292313,1
47.00393348,49.40714,1
49.49225204000004,49.872826,1
45.800790440000014,47.09985,1
48.12162602000001,49.38739,1
49.76569364,49.819145,1
54.40394678000001,50.76741,1
54.63808115000006,51.06307,1
48.59331278000002,48.301945,1
49.56744848000005,47.567657,1
47.39358776000006,48.6194,1
48.78813992000005,51.177402,1
49.905832460000056,50.551605,1
47.624304110000026,47.35638,1
52.67442865999999,54.00183,1
51.45761354000001,50.505203,1
52.07114813000004,51.18599,1
50.45955170000002,50.932236,1
54.67055234000003,53.667023,1
54.742330760000016,54.05084,1
48.19682246000002,47.894707,1
46.31007542000003,47.62406,1
49.78961978000001,51.22058,1
51.40292522000004,51.968075,1
51.02010698000004,50.397568,1
49.29400687999998,49.691147,1
46.07423204000003,45.335175,1
50.74666538000002,51.145565,1
45.64014350000002,48.4137,1
46.74929099000002,45.332603,1
49.88190631999999,49.68486,1
52.291610419999984,51.410156,1
47.36966161999999,50.656216,1
54.78676502000002,52.158867,1
53.44348316000003,51.9892,1
47.72513570000001,48.3216,1
53.84680952000002,53.61728,1
53.19396770000003,52.06919,1
47.54056262000006,47.789948,1
49.32818708000002,50.83318,1
49.429018670000005,47.860332,1
48.83941021999999,50.967304,1
46.94240911999998,45.606438,1
50.30915881999999,50.595768,1
52.47960152000002,51.72403,1
50.91243935,51.610332,1
50.93465648000006,51.273422,1
53.72376080000004,53.980198,1
47.06545784000002,47.95864,1
54.70131451999998,53.803787,1
51.717383059999975,51.76852,1
51.53451899000004,51.92277,1
47.33889943999998,45.970554,1
49.63239085999999,51.27351,1
45.58203716000003,45.095257,1
44.16697687999999,45.991104,1
50.79793568000002,51.063087,1
51.10897550000004,50.084652,1
50.47835081000005,49.02846,1
47.76956996000001,47.05729,1
53.8946618,52.31911,1
49.80670988000003,50.81242,1
49.468325900000025,49.96552,1
52.756461140000056,49.96361,1
52.86925580000002,53.883865,1
51.35165491999999,50.26322,1
48.84624626000004,49.801487,1
47.27053904000002,46.726994,1
48.78813992000005,48.447685,1
52.91710808000005,51.76774,1
52.62486737000006,49.3482,1
47.67728341999998,47.677322,1
47.79520510999998,49.000504,1
47.81058619999999,49.34239,1
54.10657904000004,51.34424,1
51.27304046,51.5437,1
46.53224671999999,46.777752,1
50.27326961,51.569416,1
50.955164600000046,50.043156,1
52.120709420000026,51.650314,1
50.99959885999999,49.90528,1
47.01418754000002,48.681675,1
50.49714992000003,51.095577,1
53.45715524000002,51.87861,1
47.11843714999998,47.826576,1
49.731513440000015,50.112064,1
47.88578264,46.77971,1
54.19886558000002,50.335785,1
54.73378571000001,51.41178,1
49.52301422000005,48.843575,1
49.99640999000002,51.562164,1
49.85456216,51.45805,1
48.39506762000002,48.1644,1
53.887825760000055,51.73774,1
49.9639388,51.94495,1
48.302781080000045,49.39551,1
44.63182760000001,48.164165,1
48.26518285999998,48.35596,1
53.29992632000005,50.842197,1
47.83963936999999,49.718876,1
48.63432902,46.339928,1
50.172438020000016,50.11865,1
53.07262799,51.19508,1
50.18269208000004,50.281105,1
48.93511478000005,47.742588,1
50.99618084000002,50.556866,1
47.82767630000001,51.041756,1
48.87871745000007,50.161304,1
50.00495504000003,51.250286,1
50.327957930000025,48.74692,1
45.38721002,46.466415,1
52.79747738000003,52.253574,1
51.2798765,50.669415,1
49.32818708000002,51.143948,1
51.86264891000002,51.78091,1
52.25743022000006,49.714573,1
47.26712101999999,50.361626,1
49.36920332,51.553623,1
46.578389990000005,46.62647,1
50.27497862000001,49.957287,1
49.53668630000004,48.805347,1
52.291610419999984,50.845806,1
48.94707785000003,49.139908,1
44.173812920000046,49.596508,1
47.99515928000005,50.851486,1
44.75487632,47.99401,1
47.33548142000001,49.98331,1
51.89853812000001,49.011723,1
50.48005982000001,48.96567,1
49.170958160000055,50.020374,1
50.65266983000004,49.644196,1
51.34823690000002,51.689137,1
49.74176750000004,51.73677,1
50.33308496000001,48.796078,1
50.186110100000064,51.654808,1
41.44623296000003,42.586082,1
49.42560065000004,51.944447,1
49.92634057999999,51.09731,1
48.83941021999999,49.09648,1
50.42537149999998,47.329697,1
51.76523534,50.077057,1
49.49225204000004,50.08399,1
54.48939728000005,52.08423,1
49.62555482000005,49.967743,1
44.45409056000005,45.494705,1
49.18463024000005,50.5289,1
46.03663382000002,47.661755,1
53.92200595999998,53.894066,1
44.39940224000003,46.120113,1
53.02648471999999,50.40781,1
48.87700844,50.94274,1
48.54887852000002,49.5953,1
46.64162336000004,49.41081,1
50.63728874000003,49.254074,1
48.98296706000002,50.61797,1
50.04597128,49.354645,1
52.50694568000006,52.30311,1
53.36999573000003,51.239563,1
50.95003757000006,51.579426,1
49.80670988000003,50.82545,1
47.33548142000001,49.037582,1
45.16845674000001,45.139763,1
45.44873438000002,48.165543,1
54.72182264000003,51.263947,1
51.97202555000001,48.29985,1
54.86879750000003,50.957455,1
40.87542361999999,44.27097,1
46.54933682000001,46.971268,1
50.74153834999999,51.712437,1
52.414659140000026,51.0569,1
50.26130654000002,52.914158,1
49.62897284000002,48.707233,1
49.48541599999999,47.763943,1
52.655629550000015,50.126747,1
48.26860088000001,50.738598,1
49.34527718000004,50.726955,1
50.21687228000002,50.070435,1
49.87165226000002,49.78455,1
44.21482916000002,42.586082,1
50.11604068999998,52.058685,1
49.46661689000001,49.55027,1
50.17756505,50.98594,1
46.945827140000006,49.908546,1
47.70804559999999,48.853195,1
52.77355124000002,51.458458,1
45.77344628000003,48.021973,1
51.34140086000002,50.04707,1
46.39210790000004,48.723988,1
52.48985558000004,51.763264,1
53.31018038000002,50.51948,1
50.78768162000006,49.80741,1
49.29400687999998,51.916786,1
49.71271433000004,51.21381,1
44.44383650000003,47.060158,1
53.80579327999999,51.3344,1
54.26722598000004,51.79915,1
46.92873703999999,47.955338,1
47.09963804000006,49.9841,1
49.66486205000001,52.112556,1
48.14213414000005,46.65323,1
50.19636416000003,50.091915,1
49.63922690000004,51.38859,1
50.300613769999984,50.620617,1
52.78380530000004,50.986534,1
46.19386273999999,47.828827,1
47.08425695000005,47.371563,1
51.41659730000004,50.87224,1
50.50056794,48.635117,1
49.48541599999999,48.621,1
51.61142444000001,49.742203,1
53.01281263999999,51.86778,1
51.45761354000001,49.7603,1
44.71386008000002,46.93467,1
44.23191926000004,46.96399,1
46.48097642000005,47.493023,1
51.83359574000002,49.491707,1
44.61131948000002,46.78593,1
51.26278639999998,50.523132,1
51.17391788000003,51.19339,1
51.10384847,51.403694,1
50.72273924000001,51.427902,1
46.70998376,45.701668,1
48.63945605000004,49.006268,1
52.93078016000004,51.1499,1
46.53224671999999,47.818687,1
51.65585870000001,51.44049,1
48.39506762000002,49.784416,1
52.78722332000001,51.18778,1
47.54739866,47.922794,1
50.81502578000004,52.35597,1
52.27110230000005,51.702965,1
49.56744848000005,48.582535,1
49.78961978000001,48.19085,1
49.99128296000004,49.046875,1
49.31451500000003,50.225388,1
52.41636815000004,50.773514,1
45.70166786000004,51.19618,1
48.49760822000002,51.466274,1
47.745643820000055,46.846275,1
46.65016840999999,47.27576,1
50.58943646,51.358738,1
54.301406180000015,52.06636,1
53.30676235999999,51.142086,1
49.05474548000001,50.674988,1
51.50888384000001,51.422253,1
45.966564410000046,47.925488,1
48.00199531999999,49.802883,1
50.02717217000003,50.031685,1
45.57861914,49.100796,1
47.03127764000004,47.747982,1
51.05941421,53.993122,1
52.219832,49.520603,1
50.11774969999999,49.415585,1
54.69276947000003,52.189804,1
51.85410386000001,51.117233,1
47.64823025000004,50.419918,1
53.93909606,52.65084,1
51.02352500000006,48.091236,1
54.12708716000003,54.069622,1
50.70564914000005,50.863567,1
52.92052610000002,51.581776,1
45.27441536000004,48.472645,1
44.83690880000006,47.27548,1
47.98148720000006,48.03274,1
51.66098572999999,51.987896,1
48.46001000000001,49.416492,1
49.98786494000001,52.14088,1
43.90378934,50.457504,1
48.52495238000006,48.94197,1
46.453632260000006,46.38837,1
48.86675438000003,50.215538,1
47.80033214000002,51.183918,1
52.56334301000004,51.18704,1
51.85752188000004,51.694683,1
50.04426226999999,47.847015,1
45.33423071000004,45.18458,1
49.84259909000002,51.069237,1
54.10657904000004,54.05084,1
51.04574213000001,50.99007,1
51.76523534,50.728397,1
49.69049719999998,51.21934,1
50.99276282000005,50.68811,1
48.21220355000003,49.72785,1
49.42730966000005,50.301197,1
50.03229920000001,47.78756,1
49.49567006000001,48.93232,1
51.52255592000006,50.31021,1
45.24023516,44.992626,1
50.681723000000034,50.095844,1
51.19271699000001,49.289585,1
54.96792008,53.372696,1
51.07821332000003,51.365124,1
50.715903200000014,51.274387,1
51.99424268000001,50.33613,1
48.20024048000005,49.440063,1
50.48347783999998,50.355625,1
53.59045802000003,53.819912,1
50.67146894000001,50.742947,1
49.54864937000002,50.944717,1
52.04209495999999,49.57656,1
50.62361666000004,47.78283,1
47.868692539999984,47.7549,1
49.39312946000001,48.84713,1
53.58020396000006,51.879963,1
50.41511744000002,51.088676,1
49.48199798000002,51.128506,1
47.935343930000045,48.258495,1
54.45863510000004,51.17248,1
49.74689453000002,51.895973,1
52.13096347999999,51.573383,1
50.08186049000005,47.08427,1
50.49714992000003,50.48473,1
47.868692539999984,47.766537,1
50.38777328000003,48.018074,1
46.02637976000005,45.907204,1
53.00939462000002,51.842926,1
51.19613501000004,51.38465,1
54.61928204000003,54.003548,1
50.26130654000002,50.92453,1
49.584538580000014,49.507553,1
52.89318193999998,53.520386,1
52.84874768000003,50.717136,1
45.11718644000001,45.142826,1
53.17687760000001,51.61778,1
43.736306360000015,44.991047,1
51.96006248000003,51.25704,1
45.69824984000002,48.419483,1
53.20763978000002,51.627235,1
54.26722598000004,54.05084,1
43.52438912000002,44.738552,1
48.97954904000005,47.91632,1
50.07331543999999,49.049755,1
45.41797220000001,48.907658,1
53.050410860000056,51.10473,1
49.32476906,51.096107,1
50.93123846000003,51.073277,1
48.63774704000002,46.785557,1
49.8101279,50.607426,1
50.462969720000046,49.906197,1
49.123105880000026,49.077343,1
51.06795926000001,49.950756,1
52.69151876000001,51.669712,1
44.9907197,46.76945,1
48.83086517000004,52.346764,1
52.93761619999998,51.631794,1
54.03309161000004,51.807655,1
49.34527717999998,49.45233,1
48.20194949000006,48.120674,1
48.24809276000002,48.875774,1
51.65756770999997,50.97093,1
51.44394146000002,51.227375,1
52.76671520000002,52.468372,1
47.892618680000055,46.25759,1
51.84214079000003,51.634346,1
53.08117304000001,48.121456,1
49.86139820000005,50.372993,1
50.00837306,51.66776,1
54.120251120000034,53.185238,1
52.97179640000002,51.216972,1
51.81650564000006,50.91919,1
49.21881044000003,50.763016,1
50.94832856000005,50.10015,1
54.41420084000004,50.90146,1
48.67192724000006,49.229828,1
48.37285049000002,48.280666,1
53.956186160000016,51.609127,1
48.90947963000002,51.01224,1
53.81946535999998,51.517624,1
53.63489228000003,49.965294,1
47.12698220000004,46.58801,1
51.63535058000002,50.575653,1
50.76375547999999,52.358925,1
53.99036636000005,52.532177,1
54.09974299999999,51.164032,1
50.55867427999999,50.42245,1
48.42412079000002,48.486973,1
48.84624626000004,50.44367,1
47.28079309999998,50.737465,1
47.74222580000003,50.63371,1
44.82323672000001,45.198746,1
44.9907197,47.072456,1
52.12241843000004,51.904903,1
48.00541334000002,47.99401,1
46.504902560000005,49.790398,1
50.06647940000005,48.579155,1
47.960979080000016,51.27947,1
54.499651340000014,51.526688,1
53.51697059000003,50.851486,1
48.33012524000003,48.295116,1
50.29206872000003,50.976307,1
48.20024048000005,48.73941,1
48.96245894000003,50.98493,1
46.16993660000003,47.986927,1
50.62703468000001,51.611805,1
46.79543425999998,47.93939,1
52.84874768000003,50.687504,1
50.879968159999976,48.504482,1
54.024546559999976,51.1282,1
46.18360868000002,50.01655,1
46.77492614000005,46.390842,1
50.669759930000055,50.765682,1
52.49327360000001,51.57906,1
50.41511744000002,49.951164,1
53.91175190000001,53.64342,1
50.04597128,49.459602,1
45.452152400000045,48.290504,1
52.69493678000004,50.970028,1
54.08948894000002,52.72137,1
54.68764243999999,50.453293,1
49.835763050000025,49.710945,1
45.693122810000034,48.521976,1
51.21493412000001,49.618835,1
51.68320286000005,52.747448,1
52.48985558000004,51.273357,1
49.36749431000004,49.479286,1
48.71977952000003,49.05455,1
47.78495105000002,49.86398,1
54.34242242000005,51.1496,1
54.82778126000005,51.54192,1
51.442232450000006,51.56416,1
45.39062804000002,46.9534,1
48.90777062000001,52.00266,1
49.52814125000003,51.39044,1
53.92200595999998,51.32893,1
50.20320019999997,50.777943,1
49.77594770000002,51.2255,1
50.93807450000003,49.08821,1
53.19567670999999,49.246964,1
51.63705959000004,48.301514,1
51.35849096000004,49.376743,1
50.91243935,50.44563,1
46.26905918,46.23714,1
49.23590053999999,49.50086,1
53.57678594000004,51.88827,1
53.84339150000005,52.341637,1
50.223708320000014,50.564953,1
46.357927700000005,48.024765,1
49.581120560000045,50.747906,1
49.92292256000002,48.276806,1
51.63364157000001,50.95445,1
48.10624493,50.5985,1
48.155806220000045,50.59509,1
48.64629209000003,51.049374,1
49.38458441,48.871735,1
46.583517020000045,48.383785,1
48.627492980000056,47.32327,1
51.04574213000001,51.224762,1
48.02763047000002,50.697884,1
52.44883934000006,49.780216,1
53.19396770000003,51.797684,1
46.98342536000001,48.302612,1
49.95368474000003,49.782276,1
48.99663914000001,48.34254,1
51.70371097999998,51.292507,1
45.59570924000002,49.0858,1
51.95151742999997,49.949875,1
44.52586898000004,45.09207,1
52.95812432000002,50.83953,1
52.34971675999998,51.774723,1
43.59958556000004,45.911522,1
52.66759262000005,51.093887,1
52.49156459000005,50.795612,1
49.23590053999999,48.584373,1
45.84522470000002,45.651028,1
48.75395972000001,49.742687,1
52.016459810000015,50.856396,1
51.36019997000005,47.13834,1
50.707358150000005,51.17543,1
52.54967093000005,48.22941,1
47.54056262000006,47.412495,1
52.33946270000001,50.170216,1
52.898308970000016,50.9787,1
53.45715524000002,51.288574,1
49.30938796999999,50.377823,1
49.27178975000004,49.611115,1
48.68901734000002,48.7511,1
53.33068850000001,52.188816,1
49.59821066000001,48.762146,1
47.26370300000002,47.0041,1
53.06750096000002,49.846424,1
48.38994059000004,48.594902,1
49.08550766000002,50.92656,1
52.99059551000005,52.1213,1
44.98388366,48.043285,1
50.48860487000002,50.88575,1
52.88634590000004,51.36657,1
53.70325267999999,52.47495,1
50.33137595000005,49.751312,1
52.64366647999998,51.205063,1
49.56744848000005,50.304768,1
53.63489228000003,51.11854,1
50.09382356000003,49.564964,1
50.06135237000001,50.694695,1
51.013270939999984,51.409218,1
50.62703468000007,51.931583,1
49.71442334000005,48.985516,1
50.64583378999998,50.027637,1
49.76056661000001,48.493916,1
52.92052610000002,50.407463,1
52.09678328000001,51.044537,1
48.68047229000001,51.58694,1
45.97510946,48.12337,1
50.97225470000001,50.921024,1
52.10361932000001,51.125233,1
47.47903826000004,48.289112,1
49.157286080000006,50.41972,1
49.75031254999999,50.02558,1
47.118437150000034,49.76493,1
48.96587696000006,50.491142,1
52.71544490000002,50.663815,1
50.70564913999999,51.23775,1
50.49373190000006,49.905773,1
48.46684604000001,48.57502,1
54.04163666,50.484894,1
43.83542894000004,46.707676,1
50.41853546000005,48.16913,1
46.01099867000005,47.65118,1
45.65723360000004,47.59145,1
52.99914056,51.165028,1
51.88486604000002,50.30984,1
49.9126685,51.217136,1
47.43460400000004,46.78262,1
44.62499156000001,46.677063,1
48.17973236,50.381065,1
50.36384714000002,52.91751,1
53.84680952000002,52.00126,1
49.31793302,50.037754,1
47.403841820000025,49.8982,1
50.28010565,49.218666,1
49.92292256000002,50.699337,1
46.19728076000001,47.098244,1
51.77378039000007,47.796978,1
53.98353032,52.473526,1
48.55913257999998,49.496754,1
46.13233838000002,47.41865,1
48.33867029000004,49.209137,1
48.976131020000025,45.600758,1
48.24125672000002,48.829758,1
48.591603770000006,49.937008,1
49.94684870000003,49.187767,1
47.97294215,47.51596,1
53.21960285,51.952408,1
48.138716120000026,47.775276,1
52.28990141000003,51.207943,1
50.811607760000015,51.88581,1
46.79030723,49.27904,1
49.47857996000005,47.949795,1
50.21687228000002,49.2847,1
50.203200200000026,50.475693,1
50.86971410000001,51.11041,1
54.56801174000003,51.222813,1
51.467867600000034,51.236504,1
49.97419286000002,51.62762,1
53.053828880000026,51.10272,1
49.56744848000005,49.43338,1
48.36430544000001,47.003872,1
52.13438150000002,49.724876,1
54.73549472000002,51.11496,1
50.13142177999998,48.318123,1
49.43927273000003,50.3751,1
48.64800109999999,47.66889,1
48.44121088999998,48.170704,1
44.53099601000002,47.19397,1
50.67146894000001,51.242363,1
48.14213414000005,48.903595,1
45.99390857000003,49.59326,1
48.29594503999999,47.567123,1
53.12560730000001,48.266285,1
46.42287008000005,51.689743,1
54.05189072000002,53.258507,1
54.773092940000026,53.922585,1
51.40976125999998,48.879898,1
45.47607854,46.28292,1
45.226563080000005,46.60313,1
48.56255060000001,50.6046,1
49.97077483999999,49.51604,1
49.092343700000015,49.841724,1
51.69345692000002,48.55136,1
51.74301821000006,51.7375,1
47.60892302000002,47.283222,1
52.60265024,51.235115,1
49.304260940000006,50.751656,1
54.86367046999999,52.66328,1
42.6835562,47.924103,1
48.159224240000015,50.1133,1
52.462511420000055,53.885582,1
47.60208698000002,47.738125,1
48.504444260000014,50.09977,1
51.16879085000005,50.493557,1
48.863336360000005,47.218525,1
51.81650564000006,50.779903,1
50.15534792,51.691147,1
50.24421644000006,49.6344,1
52.90001798000003,51.22607,1
46.48097642000005,49.38442,1
54.10999706000001,51.13123,1
51.775489400000026,51.02688,1
49.66315304,48.479546,1
48.64458308000002,51.23372,1
49.722968390000005,50.20115,1
43.77390458000002,46.69376,1
47.74735283000001,50.33181,1
54.26380796000001,53.70424,1
48.89751655999999,50.460476,1
52.54112587999998,50.76253,1
49.56061244,50.20922,1
47.43631300999999,52.002388,1
49.09917974000001,50.24075,1
48.976131020000025,45.674572,1
41.063414720000026,42.73178,1
48.23100266000006,48.890236,1
51.84726782000001,51.73232,1
52.07969318000005,51.98055,1
52.500109640000005,50.755466,1
50.03059019,48.375015,1
52.59239618000004,52.284542,1
52.07285714,51.264275,1
48.27543692,49.240337,1
46.04176085000006,47.435276,1
47.865274520000014,48.36105,1
48.95391389000002,50.76323,1
51.74814523999999,50.988842,1
49.84089008000001,50.808117,1
49.8101279,49.860157,1
53.59900306999998,51.9483,1
54.323623310000016,50.888218,1
51.92930030000002,50.05272,1
50.32283089999999,50.69295,1
47.72855372000004,47.07848,1
50.20320019999997,49.024544,1
49.16924915000004,49.34342,1
50.36726515999999,48.83371,1
48.480518120000056,47.86424,1
48.96587696,48.418472,1
53.35461464000002,51.346115,1
51.05770519999999,50.408367,1
49.19488430000001,50.73333,1
47.878946600000006,47.877453,1
52.95128828000003,51.130123,1
54.773092940000026,52.834316,1
47.51321846000002,48.34793,1
48.19511345000001,50.091427,1
48.16947830000004,47.05729,1
50.866296079999984,51.154907,1
53.50500752000005,51.635014,1
45.13769456,46.88911,1
54.07068982999999,51.50671,1
51.03377906000003,49.973637,1
45.749520140000016,45.69456,1
53.39221286000003,52.27609,1
47.23294082000001,48.4758,1
51.23202422000003,45.255703,1
49.29742490000001,51.304695,1
49.87677929000006,49.977962,1
51.29696660000002,48.765373,1
49.91950454000005,50.74574,1
54.297988160000045,52.182304,1
49.929758600000014,50.11287,1
50.68855904000003,50.16714,1
49.42218263000001,52.08512,1
52.06431208999999,52.251057,1
54.07410785000002,50.950043,1
49.23248252000002,48.610752,1
49.86823423999999,50.784023,1
54.63979016000002,52.156975,1
53.4844994,50.69775,1
49.04278240999997,50.81882,1
49.87165226000002,50.38405,1
54.22962776000003,53.059162,1
50.48689586,50.353973,1
53.08288205000002,51.92361,1
48.17973236,50.55929,1
50.00153702,51.95013,1
45.67090568000003,46.61359,1
51.66098572999999,51.117146,1
49.91950454000005,51.180668,1
48.42412079000002,48.618557,1
50.55183824000005,50.69103,1
53.956186160000016,52.042194,1
48.46001000000001,48.71194,1
51.98911565000003,49.552414,1
48.58647674000002,50.41588,1
49.87165226000002,50.32131,1
44.78222047999998,46.535908,1
48.24125672000002,49.84827,1
50.79109964000003,48.313534,1
47.15945339000001,47.042732,1
51.13119262999999,50.086555,1
49.36920332,51.18443,1
49.21197440000003,50.524895,1
48.92827874,50.90778,1
46.83645050000001,50.932087,1
45.35473883000003,50.523304,1
49.15045004000001,48.191936,1
46.4604683,48.53937,1
52.512072709999984,50.18133,1
52.06943912000003,51.33566,1
48.49760822000002,48.678837,1
53.63489228000003,53.36775,1
47.08938397999998,47.98992,1
50.223708320000014,50.42766,1
53.64856436000002,52.102116,1
51.65585870000001,51.181602,1
52.732534999999984,51.58233,1
44.91894128000001,46.92671,1
52.03184090000002,51.184772,1
50.69881310000005,48.461857,1
50.50056794000005,48.692165,1
52.54112587999998,52.331684,1
51.532809980000025,49.86359,1
46.85354059999997,49.367435,1
51.11239352000001,50.521545,1
47.13723626000001,48.682404,1
51.05086916000005,50.6809,1
49.459780850000016,49.900944,1
49.90241444000003,51.086704,1
52.27110230000005,51.791115,1
49.87848830000007,48.050823,1
53.96985824000001,51.433678,1
45.43848032000005,46.767864,1
53.07775502000004,53.425003,1
51.60971543,50.846775,1
49.31109698,49.954903,1
46.23829699999999,47.014454,1
51.66953078000006,47.980186,1
48.02250344000004,48.997623,1
49.83747205999998,46.957535,1
50.41340843,51.06268,1
49.63922690000004,50.402847,1
50.93465648,51.239445,1
52.70519084,51.602715,1
45.36157487000003,48.30701,1
53.97669428000006,50.74769,1
48.96245894000003,50.037193,1
44.37205807999999,48.049988,1
53.6895806,52.24816,1
50.32966694000004,47.998135,1
48.17289632000006,49.90735,1
51.09530342000005,48.725677,1
50.28694168999999,48.682777,1
50.215163270000005,48.409092,1
53.29650830000003,52.119534,1
46.552754840000034,48.390305,1
45.41455417999998,48.573566,1
51.17391788000003,51.34696,1
46.34425562000001,47.467564,1
50.715903200000014,50.99411,1
51.869484950000015,51.18292,1
53.35119662,51.027046,1
53.01623066000002,51.378193,1
49.34185916000001,48.594246,1
48.75395972000001,46.964283,1
54.10657904000004,51.299824,1
49.89216038000001,50.665104,1
48.23100266000006,52.075226,1
51.29183956999998,51.77648,1
52.06260308000003,50.535545,1
50.09382356000003,50.36773,1
51.58749829999999,51.010315,1
45.55127498000002,47.929283,1
49.65973502000003,49.63595,1
50.38435526000001,50.79109,1
52.77184223000006,50.974266,1
52.71886291999999,51.770744,1
53.11535323999999,49.293713,1
44.77538444000004,45.483307,1
51.34823690000002,50.075584,1
46.29982136000001,49.88861,1
49.91608652000002,48.87045,1
46.55959088000003,46.08028,1
51.85239485,51.054028,1
46.84328654000001,48.55941,1
51.99082466000005,52.043182,1
54.46547113999998,52.912518,1
53.94251408000002,52.554314,1
50.902185290000034,50.319393,1
49.07867162000002,51.391254,1
47.93363492000003,44.1039,1
48.029339479999976,50.022076,1
52.75304312000003,51.25625,1
46.858667630000014,46.877884,1
46.11866630000003,47.02897,1
47.95414304000002,48.570377,1
51.21493412000001,51.176754,1
52.05918506,51.463093,1
53.13244334000001,50.296173,1
53.4844994,52.32696,1
46.71511079000004,48.19624,1
54.711568580000005,53.473938,1
51.70029296000001,49.712654,1
45.39746408000002,45.91916,1
53.00255858000003,52.48746,1
48.79497595999999,49.362865,1
48.32328920000003,47.812824,1
51.18588095000001,51.135376,1
50.254470500000025,50.64216,1
51.85410386000001,47.223255,1
50.41169941999999,49.77115,1
54.793601060000015,54.05084,1
52.02500486000002,51.026955,1
49.14703201999998,49.626778,1
53.87928070999999,50.982227,1
53.19396770000003,50.11501,1
52.88976392000001,52.27955,1
48.84282824000002,49.60528,1
46.36476374000006,46.379307,1
51.44052343999999,51.765057,1
47.54398064000003,48.022316,1
46.78859822000004,48.560043,1
49.10943380000003,49.00555,1
48.95562289999998,51.20135,1
51.42343334000003,50.095318,1
46.12892036000005,45.293053,1
50.669759930000055,51.66358,1
48.034466510000016,47.73557,1
47.5029644,48.301624,1
47.11672814000002,48.12364,1
48.24467474000005,49.06929,1
45.9306752,49.495716,1
49.73834948000001,50.407463,1
50.53816616000006,50.670113,1
48.72832457000004,50.386982,1
46.09815818000004,47.52725,1
44.49339779000002,49.59563,1
52.13096347999999,50.39788,1
50.87313212000004,49.097702,1
50.67488695999998,50.89373,1
52.383896960000015,51.34059,1
51.21493412000001,51.65758,1
49.05474548000001,51.313213,1
53.50500752000005,53.793938,1
47.78666006000003,45.220905,1
49.10430677,46.847485,1
50.31257684000002,49.438854,1
51.55673611999998,47.75356,1
52.980341450000026,51.389896,1
52.03525892000005,48.50173,1
52.62144934999998,52.443947,1
53.35803266000005,51.73122,1
51.22518818000003,51.35449,1
49.12994192000002,50.073494,1
47.079129920000014,48.080856,1
50.58430943000002,46.406097,1
48.401903660000016,50.494247,1
51.24227828000005,49.710835,1
52.98888650000004,51.163815,1
49.39996550000001,51.20678,1
50.33137595000005,48.018074,1
44.748040280000055,46.4118,1
48.025921460000006,48.206093,1
47.18508854000004,47.973507,1
49.84430810000004,50.094105,1
53.48108137999998,52.345325,1
50.44758863000004,50.856857,1
49.07867162000002,50.88309,1
51.63193256,49.899876,1
53.62463822000001,52.647854,1
48.55571456000001,50.73732,1
44.742913250000015,47.397854,1
51.026943019999976,49.9295,1
49.42730965999999,51.28764,1
49.90241444000003,49.294434,1
48.24125672000002,47.098103,1
50.613362600000016,50.807636,1
48.224166620000005,49.239986,1
49.15045004000001,50.786236,1
44.56859423000003,46.162014,1
50.93978351000004,50.7722,1
51.649022660000014,48.543327,1
48.84966428000001,45.782295,1
51.09872144000002,49.970367,1
48.88726250000002,50.87528,1
52.315536560000055,51.922905,1
49.96052078000002,49.195934,1
49.21881044000003,50.11135,1
46.094740160000015,47.367756,1
47.79691412,46.915283,1
54.29969717,51.902397,1
53.019648680000046,50.786434,1
53.84680952000002,51.890854,1
53.105099180000025,51.926903,1
48.91118863999998,48.28212,1
52.54283489,51.927895,1
47.73880778,49.16376,1
49.65973502000003,50.085594,1
48.60698486000001,46.970127,1
53.21789383999999,51.202736,1
51.826759700000025,51.294556,1
49.59650165000005,49.859234,1
50.056225340000026,50.957462,1
49.43243669000003,50.75909,1
47.52347252000004,48.994884,1
49.34527718000004,50.96367,1
54.55433965999998,51.67847,1
45.88624094000005,47.564583,1
50.46980576000004,51.053795,1
50.41511744000002,49.72485,1
52.291610419999984,51.489365,1
47.14065428000004,48.78993,1
52.64537548999999,52.02343,1
47.23294082000001,50.40193,1
48.93169676000002,49.18165,1
50.55696526999998,50.47558,1
48.46342802000004,48.72968,1
52.60948628,49.770557,1
54.103161020000016,53.330093,1
46.70314772000006,47.42706,1
51.65073167000003,52.021683,1
52.05576703999998,49.463276,1
51.13461065000001,48.844593,1
51.25082333,52.424076,1
49.304260940000006,48.928276,1
52.267684280000026,50.65371,1
49.20172034000001,49.23677,1
49.94684870000003,50.951077,1
47.77640600000001,48.03145,1
52.21641397999997,50.28126,1
49.68707918000001,49.643055,1
50.82186182000004,49.855423,1
51.16537283000002,47.319813,1
48.81548408000003,50.647957,1
53.36145068000002,52.659588,1
45.028317920000006,46.876965,1
47.38333369999998,46.05983,1
48.47368208,50.28354,1
44.39598422000006,44.591652,1
48.967585970000016,48.557957,1
47.80716818000002,50.047012,1
51.355072940000014,52.223053,1
44.59764740000003,47.723286,1
47.05178576000003,47.810604,1
50.715903200000014,48.43832,1
50.64070676000006,48.99602,1
47.36282558000005,46.25654,1
46.58180801000003,47.46783,1
51.39096215000001,50.15855,1
52.438585279999984,49.409294,1
51.942972380000015,51.702126,1
48.1352981,49.70258,1
45.94434727999999,48.195606,1
50.64925181000001,50.914677,1
50.025463160000015,50.78716,1
49.79132879000002,50.611076,1
52.824821540000016,52.40491,1
52.448839340000006,49.698097,1
52.70519084,51.9486,1
51.10213945999999,50.589287,1
48.39848564000005,51.146732,1
45.183837830000016,49.420395,1
46.81936040000005,47.000065,1
51.29354857999999,48.753742,1
49.70587828999999,51.700954,1
49.12652390000005,48.892708,1
53.65881841999999,52.606037,1
47.90287274000002,49.52234,1
51.72763712000005,51.352787,1
53.13244334000001,51.930473,1
44.43700046000004,48.23529,1
48.69243535999999,52.46366,1
53.41272098000002,52.808784,1
42.73140848000003,42.565998,1
49.96052078000002,49.67773,1
50.29548674,50.128326,1
53.18029562000004,51.04861,1
51.53964602000002,50.72092,1
52.89659996,51.123524,1
50.26814258000002,50.31273,1
51.156827780000015,49.70587,1
50.60310854,51.30011,1
53.30334434000002,52.201523,1
49.80670988000003,48.904114,1
45.21972704000001,46.10016,1
46.59206207000005,48.645115,1
48.829156160000025,48.033184,1
50.18269207999998,50.413445,1
52.71886291999999,52.2209,1
50.55012923000004,49.23798,1
48.79155794000002,49.96642,1
46.14942847999998,47.050644,1
52.40782310000003,51.81049,1
47.44314904999999,50.548866,1
48.64116506000005,50.944305,1
49.48883402000001,50.770557,1
53.07091897999999,51.199104,1
51.18075392000003,49.534744,1
52.086529220000045,51.894226,1
52.318954580000025,51.228424,1
51.03890609000001,50.229004,1
52.99059551000005,50.98027,1
45.98536352000002,46.015526,1
49.53668630000004,51.253845,1
53.20763978000002,51.415096,1
53.82288338000001,50.319958,1
44.52928700000001,46.711533,1
51.87803000000002,51.125668,1
48.08744582000003,47.38334,1
51.173917879999976,50.002083,1
46.439960180000014,47.287586,1
45.38379200000003,47.006985,1
53.76819506000004,53.871548,1
49.32476906,50.332542,1
49.63239085999999,51.003204,1
47.77982401999998,48.798985,1
49.805000870000015,50.88866,1
53.30334433999997,52.1839,1
46.26735016999999,50.965515,1
51.11239352000001,51.491062,1
44.85058088000005,46.71343,1
48.328416230000016,50.22704,1
51.026943019999976,51.235477,1
49.11626984000003,50.848724,1
46.292985320000014,47.98033,1
50.49885893000004,51.106316,1
46.30323938000004,47.016163,1
45.25903427000003,46.470165,1
45.26757931999998,49.092155,1
50.83553390000003,49.039356,1
54.46205312000001,50.267975,1
54.91323176000003,51.81127,1
51.72763712000005,51.298504,1
53.04015679999998,51.383526,1
42.013624280000045,48.11684,1
53.87073566000004,54.00955,1
53.91516992000004,53.88808,1
52.69151876000001,52.702023,1
49.20513835999998,47.867252,1
49.66315304,51.170456,1
53.53576970000006,52.143864,1
48.62236595000002,46.29415,1
45.78711836000002,49.52364,1
49.6050467,50.74916,1
50.48689586,51.43372,1
51.10897550000004,49.433556,1
50.02888117999999,51.549507,1
48.617238920000034,51.41184,1
50.12458574000004,51.410156,1
49.19146627999999,50.55699,1
49.70075126,50.995144,1
52.56505202000005,49.924774,1
51.99766069999998,51.991478,1
51.43026938000003,50.553867,1
46.60744316,49.393475,1
53.37683177000002,51.268375,1
48.87700844000005,48.983833,1
45.03515396,46.927814,1
48.302781080000045,51.29259,1
50.99959885999999,48.881317,1
48.357469400000014,48.33599,1
51.52939196,50.400013,1
48.60356683999999,49.8063,1
50.56209230000002,52.086708,1
47.62943114000007,47.946846,1
48.00199532000005,48.39544,1
50.35188407000004,49.050236,1
50.38435526000001,51.577366,1
49.82038196000002,48.671875,1
52.016459810000015,51.586967,1
49.95539375000004,49.80377,1
52.24717615999998,50.49175,1
49.29400687999998,47.909798,1
49.13677796000002,50.698418,1
54.80385511999998,52.726128,1
44.04392816000001,48.15374,1
52.63683044000004,51.719242,1
51.29354857999999,50.7621,1
52.21299596,49.554054,1
48.01395838999997,48.324417,1
48.73003358000005,48.76957,1
54.86196146000003,51.047405,1
50.97909074000006,51.269444,1
50.93807450000003,51.158653,1
52.10532833000002,48.965805,1
49.48883402000001,52.63308,1
49.49396105000005,52.12929,1
47.672156390000055,50.523182,1
47.18850656000001,49.43507,1
51.87973901000004,48.846024,1
48.80693903000002,48.539967,1
47.74906184000002,47.91326,1
47.62943114000007,47.983253,1
51.34994591000003,50.93985,1
51.19784402000005,48.666386,1
48.62407496000003,51.409985,1
47.72513570000001,47.964638,1
52.57188805999999,49.32329,1
52.04551298000001,51.41854,1
50.32283089999999,49.59241,1
54.43470896000002,52.227146,1
54.62782709000004,52.876953,1
49.533268280000016,50.771225,1
50.37410120000004,50.503902,1
50.91414836000001,52.98288,1
50.54329318999999,50.672047,1
52.794059360000006,51.71181,1
47.14236329000005,49.182663,1
52.759879160000025,51.362675,1
47.63114015000002,51.4138,1
53.48108137999998,49.463333,1
49.355531240000005,49.27313,1
49.65289898000003,50.66735,1
47.904581750000034,47.67596,1
49.53155927,47.60589,1
49.36236728000006,49.083694,1
54.73207669999999,53.00535,1
47.05862179999997,47.552505,1
44.00291192000003,45.753494,1
48.75737774000004,50.2156,1
52.16514368000003,50.869743,1
49.796455820000006,49.719604,1
53.62122020000004,53.951935,1
49.59479264000004,51.264046,1
47.68070144000001,49.10719,1
53.744268920000025,51.270428,1
47.94730700000002,47.963196,1
43.620093680000025,43.874832,1
49.50592412000003,45.702454,1
49.290588860000014,48.54059,1
50.315994860000046,50.589012,1
47.00051545999997,48.68365,1
47.12356418000002,48.46866,1
51.93613634000002,51.388912,1
51.53964602000002,51.39986,1
50.854333010000005,50.80976,1
50.08527851000002,51.493526,1
53.286254240000005,52.361965,1
52.17539774,51.31281,1
48.06181067,47.793705,1
49.18463024000005,51.14756,1
45.96314639000002,46.778946,1
50.401445360000025,51.629623,1
52.903436000000056,51.117146,1
46.44679622000001,49.034397,1
48.53178842,48.737553,1
48.56084159,47.976807,1
48.89751655999999,49.12801,1
49.33160510000005,48.64441,1
54.34242242000005,50.888348,1
50.350175060000026,48.921944,1
50.96541866000001,50.3822,1
50.35359308,51.784946,1
50.99618084000002,50.92253,1
47.56277975,48.679432,1
52.52403578000002,51.086872,1
43.52780714000005,46.292294,1
49.615300760000025,50.41145,1
47.43118598000001,50.00118,1
48.224166620000005,47.139812,1
48.53007940999999,48.410427,1
53.88098972,53.003048,1
46.79201624000001,46.760117,1
49.34527718000004,48.025963,1
47.17141645999999,50.37484,1
50.24934346999999,51.89006,1
46.21437086000003,45.213028,1
53.92884200000003,54.00955,1
48.627492980000056,49.942207,1
51.37729007000007,51.20927,1
52.02842288,49.69534,1
52.375351910000006,50.47281,1
43.86106409000001,46.89578,1
51.88486604000002,51.488564,1
50.50056794,52.38604,1
45.718757960000005,46.193295,1
50.17756505,50.25572,1
50.29377772999999,51.927055,1
50.27156060000004,51.200233,1
49.38800243000003,48.81695,1
50.47664179999998,51.211792,1
49.14703201999998,49.965004,1
49.81183691000001,51.071026,1
48.866754379999975,50.917816,1
50.288650700000005,47.17936,1
50.82186181999998,51.263893,1
53.10851720000005,51.698925,1
46.51515662000003,48.028667,1
51.58066226000005,51.194973,1
52.94787026000006,51.0314,1
48.50102623999999,47.316868,1
52.63170341,50.19067,1
49.360658270000044,51.624928,1
41.72821961,45.691788,1
50.10407762,50.46174,1
48.480518120000056,49.67128,1
52.47618350000005,49.710835,1
44.51561492000002,45.199272,1
46.69460267,49.836964,1
50.60994458000005,51.402676,1
49.25299064000001,47.153015,1
52.70177282000003,49.55027,1
53.20422176,51.636913,1
47.88578264,50.669937,1
52.500109640000005,53.857506,1
54.13221419000001,51.540596,1
47.47220221999999,49.7817,1
53.38879484000006,50.87818,1
49.61359175000001,50.63871,1
52.40953210999999,50.311546,1
52.69835480000006,53.24564,1
46.89797485999998,46.594025,1
53.593876040000055,52.781773,1
51.54990008000004,51.143158,1
51.22518818000003,51.11278,1
50.63045269999998,50.64458,1
49.507633130000045,49.88991,1
46.77492614000005,44.8576,1
54.27748004,51.93514,1
46.90139288,48.65222,1
48.09428186000002,48.27541,1
48.24809276000002,48.756416,1
50.18440109000005,50.442318,1
48.84966428000001,48.464832,1
47.12698219999999,48.98936,1
47.51663647999999,47.69267,1
52.0147508,51.178726,1
50.73641132,50.130146,1
53.546023760000026,52.85644,1
53.20763978000002,53.167828,1
48.34721534000005,48.987713,1
50.44587962000003,48.053677,1
51.05599618999997,50.27648,1
49.76569364,50.96557,1
54.352676480000014,51.97716,1
49.95026672000006,50.556324,1
49.64264492000001,49.78258,1
49.680243140000016,50.990925,1
53.46740929999999,51.829178,1
44.881343060000006,44.26198,1
48.26860088000001,49.95765,1
53.99720239999999,53.290943,1
54.87905155999999,50.9643,1
51.566990180000005,50.68786,1
51.07137727999998,51.14959,1
50.596272500000055,49.058933,1
50.80477172000002,51.236256,1
52.69151876000001,50.354137,1
49.14019598000005,49.18447,1
53.52551563999998,52.77749,1
49.79132879000002,51.37049,1
51.536228,49.37011,1
48.89751655999999,48.25859,1
52.51378172,50.90249,1
48.27372790999999,52.862167,1
48.20194949000006,51.1102,1
51.20126204000002,52.03084,1
52.585560139999984,51.3685,1
51.860939900000005,51.78517,1
53.88440774000003,53.61503,1
53.64685535000001,54.299416,1
51.49521176000002,50.084984,1
47.438022020000005,47.870865,1
50.03742623000005,49.244167,1
53.10851720000005,51.563534,1
44.00291192000003,45.741127,1
52.21299596000006,51.63735,1
46.02637976000005,45.725845,1
49.21881044000003,48.205685,1
47.35598954,47.509922,1
51.153409760000045,50.337177,1
49.48541599999999,50.069294,1
47.40725984,49.890495,1
50.60994458000005,49.530174,1
52.647084500000005,51.76702,1
47.03298665,48.737934,1
51.38925314000005,51.393425,1
47.092802000000006,48.814846,1
49.55890343000004,51.624416,1
48.98980310000002,46.81464,1
50.17585603999999,51.618855,1
49.11285182000006,49.51484,1
49.93317662000004,50.500168,1
49.80670988000003,49.427414,1
51.826759700000025,49.649323,1
48.86675438000003,50.033676,1
50.879968159999976,50.098656,1
48.972713,50.410416,1
50.77059152000004,51.343834,1
53.24523800000003,49.79415,1
49.728095420000045,47.806618,1
54.5269955,51.284595,1
52.23008606000002,51.94056,1
51.303802640000015,50.914894,1
51.45590453,49.838737,1
53.234983940000006,51.82029,1
46.28614928000002,48.291374,1
51.31576571000005,47.521343,1
51.148282730000005,50.866142,1
51.83701375999999,51.02242,1
46.012707680000005,47.486794,1
52.81114946000002,52.307266,1
49.437563720000014,52.342182,1
50.29548674,50.525063,1
45.05566208000005,46.750305,1
46.236587989999975,47.527714,1
50.43220754000004,48.028908,1
48.95562289999998,50.37783,1
51.2798765,49.939327,1
47.14749032000003,48.885437,1
49.20172034000007,49.11864,1
48.32328919999998,48.486973,1
52.70689985000001,52.443783,1
50.24421644000006,49.986336,1
52.19590586000004,50.733852,1
51.187589960000025,47.743652,1
45.96827342000006,46.26767,1
52.37706092000002,51.559963,1
49.71784136000002,47.665493,1
50.34504802999999,49.114155,1
49.42047362,50.079823,1
48.60356683999999,49.256973,1
45.800790440000014,47.832973,1
54.67226134999999,51.29145,1
48.31132613,51.164032,1
47.03127763999999,47.13154,1
51.28671254000005,51.701244,1
50.93807450000003,50.49327,1
48.890680520000046,45.7035,1
50.09211455000002,50.511585,1
46.12892036000005,48.26416,1
44.71044205999999,47.193913,1
48.777885860000026,48.76959,1
51.54990008000004,51.143158,1
51.63193256,49.930695,1
49.63922690000004,48.122883,1
49.63751789000003,49.98518,1
49.19146627999999,50.314518,1
51.671239790000016,48.375015,1
49.77082067000004,50.219845,1
51.82334168,51.24274,1
46.36134572000003,47.514347,1
54.19544756000005,50.625202,1
51.25936838000001,51.196075,1
49.71784136000002,50.50418,1
45.36328388000004,47.127888,1
53.03332076000004,51.089184,1
49.72125937999999,49.649746,1
49.47174392,49.543938,1
53.863899619999984,51.632072,1
48.01395839000003,49.732,1
46.323747500000025,46.770927,1
51.900247130000025,51.120083,1
54.010874479999984,53.07704,1
50.052807320000056,49.877563,1
48.67876328,47.076603,1
50.69710409000004,50.700485,1
52.37706092000002,51.004738,1
51.03377906000003,51.108616,1
48.66167317999998,53.275406,1
46.15284650000001,49.036606,1
49.86823423999999,50.292892,1
53.94935012000002,53.205585,1
47.01760555999999,47.108467,1
52.61119529000001,51.904915,1
45.63672548,49.72951,1
46.53053771000003,46.623524,1
45.36328388000004,47.41309,1
51.442232450000006,50.868362,1
43.29709079000003,46.904903,1
48.716361500000005,49.69285,1
51.72080108,49.240337,1
47.80375016000005,48.822334,1
50.70906716000002,49.083694,1
45.46240646000001,47.52268,1
48.06010165999999,49.897884,1
49.46832589999997,50.136726,1
50.87313212000004,50.2512,1
50.16047495000004,51.130447,1
54.95766602000003,51.55807,1
49.82038196000002,48.139473,1
50.69197706,48.37163,1
48.95904092000001,48.823338,1
53.53576970000006,51.80624,1
50.91414836000001,51.03065,1
49.99128296000004,50.945755,1
51.04745114000002,50.641666,1
51.52255592000006,51.14748,1
54.151013300000045,53.19969,1
54.28089806000003,50.5979,1
51.481539680000026,48.93586,1
47.851602439999965,46.91364,1
49.45294481000002,50.23658,1
53.399048900000025,49.704227,1
52.980341450000026,50.15007,1
51.05086916000005,49.437447,1
54.024546559999976,47.90473,1
49.994700980000005,51.097424,1
46.63478731999999,47.740017,1
47.50467341000001,50.946877,1
54.37660262000003,51.999218,1
52.6983548,50.457195,1
52.95812432000002,49.509552,1
45.75635618000001,47.85717,1
50.90389430000005,48.346195,1
50.876550140000006,50.785767,1
53.26574612000002,51.978577,1
50.77400954000001,50.21293,1
51.41488829000002,51.094536,1
47.37991568000007,46.593487,1
48.69585338000002,49.46907,1
53.740850900000055,51.731396,1
48.14213414000005,48.04809,1
52.05234902000001,52.238144,1
54.08948894000002,54.054157,1
52.20274189999998,51.96991,1
48.232711670000015,46.52021,1
47.51321846000002,46.725285,1
48.724906550000014,49.58579,1
46.81936040000005,49.788586,1
49.32818708000002,49.20165,1
48.92486072000003,50.44367,1
52.647084500000005,51.125153,1
48.24296573000004,50.140007,1
46.73049187999999,49.890427,1
49.01372924000003,51.26556,1
50.56721933,49.905697,1
53.19738572000006,51.66406,1
51.73789118000002,51.22665,1
48.029339479999976,50.040367,1
50.04938930000003,52.986122,1
48.61723891999998,46.392673,1
49.64264492000001,50.752304,1
51.27816748999999,51.116337,1
52.414659140000026,51.058014,1
49.23248252000002,50.397366,1
49.63068184999997,50.504475,1
52.70348182999999,50.40525,1
52.83849362000001,52.58181,1
48.371141480000006,50.044777,1
48.83941021999999,49.939804,1
49.35211321999998,48.94525,1
49.43927273000003,51.295208,1
50.21174525000004,51.980125,1
53.01281263999999,50.88437,1
48.829156160000025,48.963512,1
48.99322112000005,51.49245,1
47.37991568000001,49.01506,1
52.876091840000015,52.91214,1
54.120251120000034,53.185238,1
52.18736080999997,52.491573,1
51.51230185999998,50.5985,1
54.004038440000045,51.830807,1
53.52551563999998,52.211594,1
53.58362198000003,52.20282,1
54.47401619000004,53.92932,1
45.74781113,48.093796,1
50.91756638000004,48.395405,1
45.94092926000002,44.250004,1
54.270644,52.349777,1
48.224166620000005,50.95516,1
47.550816680000025,49.520367,1
52.13096347999999,51.295647,1
48.125044040000034,48.851673,1
50.72273924000001,50.317005,1
52.927362140000014,50.75058,1
48.53178842,48.09136,1
49.73834948000001,49.24091,1
52.88976392000001,51.616688,1
50.00495504000003,51.019756,1
53.52893366000001,52.430252,1
48.57109565000002,51.94259,1
53.35119662,50.95891,1
53.692998620000026,52.222687,1
48.24296573000004,51.253326,1
47.99857730000002,45.186646,1
54.74916680000001,54.080425,1
54.61586402,51.84096,1
47.92338086000001,49.90427,1
50.288650700000005,49.900856,1
54.28089806000003,50.614822,1
43.767068540000025,45.69101,1
49.94001265999998,50.290558,1
48.24809276000002,48.73267,1
50.65437884000005,50.505478,1
47.46365717000003,49.478554,1
48.90606161,49.072174,1
49.49908807999998,48.210396,1
48.84966428000001,49.252228,1
52.98888650000004,49.285275,1
52.903436000000056,51.81972,1
49.82209097000003,51.1221,1
50.664632900000015,50.81367,1
45.74268410000002,47.761684,1
45.15136663999999,47.95641,1
45.53931191000004,44.702618,1
51.56357216000004,50.74757,1
53.286254240000005,53.35529,1
46.47414038,47.73652,1
49.74518552000001,51.27384,1
45.814462520000006,47.47052,1
44.79931058,44.40395,1
47.149199330000044,47.745743,1
51.9122102,49.724323,1
43.65769190000003,45.890804,1
51.037197080000055,52.073257,1
51.76523534,51.295498,1
50.27839663999998,50.890266,1
51.28671254000005,52.288708,1
48.83599220000002,48.58155,1
53.21447582000002,50.26647,1
50.07502445,50.69441,1
45.30688655,47.38206,1
51.18075392000003,51.607906,1
53.50158950000002,52.681507,1
45.84522470000002,46.76986,1
53.04699284000003,51.517838,1
44.52928700000001,47.79009,1
50.70223112000002,48.740154,1
44.91552325999999,44.932377,1
50.61848963,49.783478,1
54.14417725999999,54.010906,1
53.64514634,51.9026,1
53.433229100000005,52.015926,1
48.20024048000005,47.969173,1
50.517658040000015,50.368702,1
47.95243403000006,48.884815,1
52.47789251,51.117928,1
51.31747472000001,50.349632,1
52.98888650000004,49.606094,1
50.65437884000005,50.29722,1
51.09359441000004,51.4702,1
47.51321846000002,47.67431,1
48.518116340000006,52.250553,1
45.653815580000014,49.086643,1
53.09484512000006,49.59756,1
48.28910900000005,50.32884,1
49.87165226000002,50.38146,1
45.77686430000006,46.7956,1
53.76135901999999,51.960278,1
51.99082466000005,49.076923,1
48.92144270000006,49.84841,1
49.98786494000001,49.304462,1
49.16070410000003,50.155148,1
51.20809808000001,47.544693,1
49.21539242000006,50.34395,1
46.323747500000025,46.04471,1
53.24181998000006,51.280266,1
54.03138260000003,51.240616,1
47.62943114000007,46.247055,1
52.69493678000004,50.048725,1
47.54056262,47.9184,1
52.21299596000006,49.802414,1
46.932155060000014,47.186913,1
49.68707918000001,48.511406,1
51.009852920000014,51.11157,1
47.08596596000001,47.49221,1
52.42491319999999,51.198544,1
43.95505964000006,48.997158,1
48.68730833000001,50.293877,1
49.57086650000002,50.21622,1
53.399048900000025,51.823338,1
47.01418754000002,48.555458,1
54.6295361,52.349777,1
53.62805623999998,52.824608,1
49.827218000000016,49.56311,1
51.09188540000002,49.714043,1
52.45567538,51.806435,1
46.57668097999999,49.27358,1
50.20661822,51.03119,1
54.20911964000004,52.334034,1
53.38195880000001,51.40284,1
51.25595036000004,49.726307,1
48.09940889000001,50.287704,1
47.92679887999998,46.879253,1
50.07160642999997,49.873108,1
49.63580888000001,51.36208,1
52.34288072000004,51.08184,1
45.58716419000001,49.115807,1
44.324205800000016,44.44789,1
54.63295412000002,52.977753,1
49.77765671000003,50.475693,1
47.34915350000006,47.589127,1
52.720571930000006,49.642704,1
53.631474260000005,49.697563,1
51.65585870000001,50.38182,1
53.40930295999999,52.464287,1
47.70291857000001,47.339382,1
50.866296079999984,51.154907,1
51.11922956000001,50.839165,1
48.33012524000003,50.097054,1
50.09724158000006,48.02527,1
51.937845349999975,51.256477,1
48.107953940000016,49.462605,1
53.41272098000002,50.886074,1
48.33525227000001,50.965084,1
46.35109166000001,47.962234,1
53.81262932000004,50.889606,1
54.61586402,51.407074,1
50.88338618,50.315968,1
47.01760555999999,46.58222,1
53.15295146000005,51.863926,1
53.59045802000003,51.35306,1
49.304260940000006,51.325565,1
54.78334700000005,53.883865,1
46.99026140000001,48.20715,1
46.43312414000002,47.855026,1
52.05234902000001,51.314518,1
47.37991568000001,48.282883,1
42.85103918000004,46.913246,1
46.405779980000034,45.71656,1
47.38846073000002,48.28235,1
50.31428585000003,51.07763,1
51.85068583999998,51.667496,1
52.82140351999999,52.188465,1
49.097470730000055,49.823757,1
52.52745379999999,52.19556,1
54.328750340000056,54.054157,1
54.18006647000004,51.814606,1
54.09290696000005,51.26155,1
51.64218662000002,50.900513,1
51.61826048,52.58284,1
53.29309028,50.71794,1
53.36145068000002,51.631863,1
50.4937319,50.812813,1
50.743247360000055,50.903767,1
51.63876860000005,52.574703,1
51.92588228,51.049896,1
46.699729700000034,47.890785,1
54.63979016000002,53.2437,1
50.25959753000001,50.04142,1
49.59821066000001,51.294167,1
48.50273525000006,50.134598,1
51.86435792000003,51.63439,1
48.78130388,50.433167,1
48.95562289999998,50.83985,1
54.38343866000002,53.815094,1
53.37854077999998,51.652393,1
44.65917176000005,49.25077,1
52.288192400000014,48.00052,1
46.71340178000003,45.051754,1
51.05770519999999,50.336597,1
50.62532567000005,48.328728,1
48.28398197000001,48.05662,1
47.44144004000003,50.02345,1
52.20786893000002,51.540833,1
49.42047362000005,50.230278,1
51.06966827000002,50.68712,1
46.272477200000026,50.39634,1
49.76740265000001,49.025246,1
50.11774969999999,51.20823,1
51.04403312,50.346992,1
50.49031388000003,48.932716,1
46.28956730000005,47.90288,1
51.43368740000005,52.048855,1
54.43470896000002,50.93218,1
44.61131948000002,46.909462,1
49.89557839999998,48.047085,1
51.11239352000001,49.61049,1
44.77538444000004,46.402695,1
44.53441402999999,47.78328,1
53.26574612000002,50.618114,1
52.49327360000001,50.397453,1
51.86777594,51.79381,1
49.86823423999999,51.023865,1
51.68662088000002,49.77232,1
50.24250742999999,50.397175,1
50.69026805000004,52.28698,1
53.43664712000003,52.099224,1
52.9547063,51.372356,1
50.32966694000004,49.989033,1
51.76181731999998,49.205925,1
53.25549206000005,49.223595,1
48.23100266000006,49.307346,1
54.14417725999999,53.09329,1
51.4849577,51.20656,1
51.48837572000002,51.83174,1
52.83165758000001,51.58233,1
47.57474281999998,49.45235,1
52.51549073000001,51.308544,1
52.66075658,50.726246,1
46.651877420000005,48.76916,1
50.327957930000025,50.144127,1
50.14167584000006,50.112534,1
52.414659140000026,51.132412,1
50.48689586,48.849968,1
49.22735549000004,50.21348,1
48.75395972000001,47.50156,1
49.84772612,50.40352,1
51.50033879,51.295307,1
53.20593077000001,51.885098,1
52.34971675999998,50.84658,1
46.53908276000004,46.71493,1
48.972713,49.883514,1
50.57234635999998,50.960842,1
47.34915350000006,49.050083,1
46.67409455000001,48.494873,1
50.11604068999998,51.66691,1
46.92531902000002,49.683743,1
52.00449674000004,51.413094,1
47.86014749000003,52.04166,1
50.09724158000006,50.384983,1
50.72273924000001,50.524307,1
42.99801404000005,45.655586,1
48.56425961000002,48.85101,1
50.91414836000001,51.091534,1
52.500109640000005,51.0203,1
52.732534999999984,50.29748,1
49.611882740000055,50.611374,1
54.54750362000004,51.93819,1
50.65096082000002,48.45173,1
53.13073433000005,51.71036,1
51.08163134000006,48.972504,1
54.98842820000005,51.012238,1
46.18702670000005,47.8165,1
48.41215771999998,49.83082,1
47.34573548000003,47.408035,1
51.88315703000001,51.727833,1
46.976589320000016,47.10688,1
49.38287539999999,51.905636,1
51.594334340000046,51.606148,1
53.12902531999998,49.78142,1
49.57428451999999,49.265965,1
52.64366647999998,50.368835,1
52.86583777999999,50.157383,1
47.54739866,50.199028,1
46.880884760000015,49.36163,1
50.06989742000002,48.409046,1
53.98523933000001,51.948315,1
54.45179905999999,51.27125,1
50.41340843,51.323086,1
51.541355030000034,49.540947,1
49.49225204000004,47.133247,1
51.184171940000056,51.274513,1
48.3403793,52.13149,1
49.41192856999999,48.989597,1
48.26518285999998,44.806656,1
50.77230053000005,50.906864,1
48.66850922000003,49.03107,1
50.32966694000004,51.431965,1
52.66075658,53.410202,1
50.215163270000005,49.13167,1
45.40771814000004,47.371326,1
50.69710408999998,48.387775,1
51.53964602000002,49.537758,1
50.70564913999999,50.891766,1
47.91141778999997,50.28561,1
51.03890609000007,51.09299,1
49.21026539000002,49.830013,1
47.80033214000002,48.84011,1
53.93226002000006,52.655693,1
47.12014615999999,47.928406,1
50.61678061999999,50.46476,1
51.083340350000014,52.05715,1
48.483936140000026,46.857323,1
53.15295146000005,51.067772,1
53.29309028,51.380573,1
45.78711836000002,47.10503,1
44.52757799,46.399574,1
53.12560730000001,52.18697,1
49.99811900000003,50.69541,1
54.19715657,51.035706,1
48.13017107000002,49.52155,1
51.17049986000001,52.80183,1
54.13050518,51.426483,1
46.09986719,45.200752,1
54.32533232000003,53.343983,1
48.871881410000015,48.771427,1
53.06920997000003,51.38275,1
53.98011230000003,52.659428,1
53.857063580000045,54.12059,1
51.420015320000005,49.047974,1
49.73834948000001,50.855484,1
52.02671387000004,51.54297,1
50.43220754000004,49.536896,1
52.07456615000001,51.74896,1
50.92440242000004,50.897747,1
50.42537149999998,51.11514,1
51.39608917999999,50.99401,1
46.84328654000001,44.429287,1
46.96462625000004,45.730915,1
47.868692539999984,50.60959,1
53.631474260000005,49.697563,1
50.169020000000046,51.025444,1
53.031611750000025,51.06349,1
46.88772080000001,47.079556,1
51.32089274000003,51.099792,1
53.28967226000003,53.064777,1
50.15534792000005,50.68263,1
49.67169809000001,49.63907,1
49.32818708000002,50.49672,1
51.04745114000002,49.099365,1
52.81798550000002,51.402878,1
49.70075126,47.947243,1
53.32727048000004,50.843987,1
50.68514102000006,51.613808,1
49.878488300000015,48.725708,1
50.67488695999998,48.84011,1
54.63979016000002,51.960632,1
53.18371364000001,51.109715,1
50.94149252,50.737507,1
48.16606028000001,50.78159,1
49.72467740000002,51.38024,1
50.82527984000001,49.968796,1
48.043011560000025,46.032143,1
53.08459105999998,52.952072,1
45.57691012999999,49.091434,1
50.462969720000046,49.320786,1
51.12435659000005,51.22162,1
49.24615460000007,48.393482,1
46.47414038,48.436123,1
50.26130654000002,50.73106,1
47.865274520000014,47.8072,1
52.21128695000005,52.436035,1
50.958582620000016,48.18842,1
46.60573414999999,48.90291,1
51.50375681000003,51.428726,1
49.86139820000005,50.873028,1
53.34094256000003,51.383354,1
51.13290164,52.118572,1
49.91437751000001,48.224434,1
54.70131451999998,50.158474,1
45.58374617000004,46.35731,1
51.50375681000003,50.82446,1
54.91323176000003,53.980198,1
48.57622268,49.67743,1
49.44952679000005,49.257153,1
47.86698352999997,46.715557,1
49.94001265999998,49.844032,1
50.30574080000002,47.599598,1
51.93613634000002,50.446354,1
48.55229654000004,50.742603,1
50.48005982000001,49.711624,1
50.72273924000001,53.2968,1
48.98809409,52.462784,1
49.507633130000045,50.677094,1
53.11535323999999,47.506355,1
51.02352500000001,51.768635,1
49.70075126,50.48284,1
48.8701724,51.064007,1
49.533268280000016,49.907413,1
44.57030324000005,46.926258,1
54.77992898000002,54.011265,1
44.03367409999999,44.80795,1
54.29115211999999,53.682667,1
49.79303780000004,51.325188,1
41.91791971999999,42.99844,1
53.74768694,52.05724,1
52.59239618000004,51.415577,1
50.76375547999999,52.354057,1
49.58453858000007,48.423122,1
48.76934081000002,51.3637,1
43.00485007999998,43.98261,1
51.49862977999999,51.538082,1
51.19784402000005,52.85155,1
44.8881791,47.01076,1
46.95949922,48.525753,1
50.33137595000005,48.018074,1
47.48587429999998,51.05372,1
50.30232278000005,51.377316,1
46.5630089,47.322807,1
52.254012200000034,50.997726,1
52.80089540000006,52.052006,1
50.12458574000004,51.2858,1
50.70906716000002,50.379154,1
46.52370166999998,48.676037,1
47.731971740000006,47.26719,1
48.83257418000005,48.81353,1
52.3223726,51.366425,1
49.909250480000026,51.091785,1
50.50398596000002,49.531414,1
53.735723870000015,51.099438,1
51.74985425,50.397175,1
51.67807583000001,49.463276,1
53.53918772000003,51.75809,1
46.73561890999997,47.27283,1
45.08984228000003,46.066788,1
44.68309790000001,47.152893,1
48.28227296,48.640335,1
48.67876328,51.243362,1
50.35701110000002,49.338097,1
50.60310854,49.666492,1
47.67728341999998,47.366135,1
51.71054702000004,51.50766,1
52.04893100000004,50.736687,1
51.52255592000006,50.957455,1
52.452257359999976,51.311802,1
51.43710542000002,50.284855,1
51.75669029000005,51.18319,1
50.15876594000002,50.91436,1
50.927820440000005,50.663918,1
53.50842554000002,53.26061,1
44.37889412000004,44.82373,1
47.027859620000015,47.772926,1
49.86823423999999,47.221977,1
48.54716951,51.198944,1
54.79018303999999,51.94029,1
46.458759290000046,47.766056,1
51.80625157999998,50.676727,1
51.68149385000004,52.03341,1
46.74416396000004,47.78328,1
48.05668364000002,50.029568,1
43.72947032000002,45.31387,1
48.86675438000003,50.141487,1
47.26883003,49.710747,1
51.28329452000003,51.197098,1
51.79257949999999,51.22921,1
53.023066700000015,51.830822,1
50.26130654000002,49.407932,1
53.52893366000001,53.027275,1
45.36499289000005,46.66419,1
51.11239352000001,51.206543,1
53.30505334999998,51.96145,1
48.46342802000004,46.387623,1
48.53178842,48.66733,1
48.50102623999999,51.515896,1
45.82984361000001,46.79478,1
50.01862712000002,51.448383,1
49.91095948999998,50.243973,1
49.01714726,49.112423,1
52.64366647999998,51.497265,1
43.96360469000001,48.423122,1
53.18371364000001,52.245213,1
51.19784402000005,50.05101,1
49.35040421000002,50.479527,1
52.288192400000014,51.809635,1
48.47197306999999,51.77397,1
51.40292522000004,50.68054,1
53.30505335000004,49.299618,1
50.27497862000001,46.41574,1
46.84670456000004,48.253716,1
47.56961579000006,51.301872,1
52.732534999999984,51.57257,1
49.81183691000001,48.884663,1
45.98878153999999,44.610825,1
48.07377373999998,49.89806,1
45.55811102000001,48.078392,1
51.35165491999999,52.019554,1
48.24125672000002,47.91511,1
52.872673820000045,52.676495,1
47.00906051000004,49.233627,1
48.56596862000004,49.93737,1
49.39142045,47.79841,1
48.98638507999999,48.06954,1
48.52837040000003,50.02269,1
48.198531470000034,46.931202,1
51.75839930000001,49.51799,1
44.38573015999998,46.10187,1
47.24661290000006,45.098614,1
47.882364619999976,49.37087,1
50.88851321000004,50.648247,1
48.83599220000002,51.934914,1
47.550816680000025,48.801125,1
53.67590852000001,50.832664,1
48.05668364000002,45.985332,1
54.86537948,51.407074,1
52.431749240000045,50.885773,1
51.74814523999999,49.568478,1
51.55331810000001,51.22388,1
51.891702080000016,50.62618,1
52.61974034000002,51.09824,1
52.40611409000002,51.22692,1
52.90856302999998,50.249237,1
51.21493412000001,50.155907,1
49.25982668000006,51.44238,1
50.01008207000007,50.874783,1
47.49783737000001,49.57318,1
48.02250344000004,46.39281,1
46.96633526000005,45.781483,1
51.355072940000014,52.600033,1
52.26939329000004,52.572937,1
49.40680154,49.70015,1
49.16412212,48.08713,1
44.59081136000003,44.41278,1
49.55377640000006,47.223255,1
52.46251142,50.898293,1
50.81502578000004,49.02247,1
54.98842820000005,51.27346,1
49.14019598000005,50.794872,1
51.79087049000003,48.293232,1
46.18702670000005,51.19011,1
46.47755840000002,47.108654,1
50.80818973999999,50.230164,1
53.15295146,51.920288,1
46.651877420000005,47.74251,1
50.51424001999999,51.65471,1
48.58989475999999,48.859764,1
49.02398330000005,48.582882,1
51.70883801000002,51.577625,1
46.84670456000004,48.089287,1
53.70667070000002,53.05729,1
50.88167716999999,48.181686,1
53.57678594000004,53.885582,1
50.09382356000003,50.60773,1
49.454653819999976,49.828354,1
48.00541334000002,48.480705,1
47.67044738000004,48.450623,1
51.76181731999998,51.069405,1
50.621907650000026,49.050236,1
50.93465648000006,52.56817,1
49.584538580000014,49.109505,1
51.41317928000001,49.53442,1
50.01862712000002,50.513897,1
50.99447183000001,51.091316,1
53.37854077999998,51.1866,1
53.40588494000002,51.161728,1
46.63136930000002,46.23492,1
50.90731232000002,51.44134,1
47.70462758000002,47.68281,1
49.875070280000045,50.20276,1
48.453173960000015,45.819008,1
49.417055600000026,50.552216,1
49.64606293999998,46.707794,1
44.71215107,49.74544,1
52.53428984000004,51.8123,1
50.55012923000004,51.895836,1
48.83257418000005,48.84247,1
49.188048260000016,48.330837,1
50.68855904000003,50.125576,1
50.53133012000001,50.632828,1
50.51594903,51.904434,1
46.80568832000006,47.507935,1
54.77651096,51.17029,1
53.69983466000002,51.371517,1
47.56790677999999,51.047405,1
52.50352766000003,52.00226,1
50.401445360000025,51.0254,1
49.762275620000025,51.825558,1
47.10818309000001,47.01438,1
48.98638507999999,47.58857,1
52.08311120000002,51.639427,1
47.13723626000001,46.08647,1
54.51845044999999,51.540947,1
49.675116109999976,50.64416,1
53.27258216000001,50.79002,1
51.50888384000001,51.050976,1
53.68274456000006,52.99193,1
47.83451234000006,48.255848,1
50.568928340000014,50.75671,1
49.697333240000034,50.597076,1
51.84043178000002,51.037018,1
49.05132746000004,49.139854,1
46.146010460000014,46.623524,1
48.46001000000001,51.42881,1
51.973734560000025,52.288708,1
48.34379732000002,48.91435,1
50.55183824000005,48.977318,1
53.14098839000002,51.09796,1
51.60117037999999,50.451435,1
45.67090568000003,45.812572,1
53.42981107999998,52.2519,1
48.21049454000001,48.416718,1
48.88555349000001,51.07522,1
52.21641398000003,49.917194,1
47.991741260000026,47.971764,1
51.86435792000003,50.289494,1
49.18121222000002,49.34962,1
45.37695596000003,45.420753,1
48.302781080000045,46.92399,1
45.00780980000002,48.117847,1
48.08744582000003,51.116066,1
52.530871820000016,52.313534,1
53.19054968,52.163456,1
49.270080740000026,49.167473,1
48.54204248000002,50.91144,1
45.905040050000025,48.653988,1
47.43460400000004,48.811943,1
50.22029029999999,50.62818,1
50.27497862000001,50.366215,1
51.13631966000003,48.75462,1
44.12937866000004,48.573326,1
50.780845580000005,51.12158,1
52.83849362000001,51.89812,1
44.49510680000003,46.088974,1
47.82767630000001,49.82669,1
51.18075392000003,50.336044,1
53.00939462000002,51.8863,1
48.34379732000002,50.010876,1
43.25094752000001,46.165897,1
52.38731497999999,51.902206,1
50.66121487999999,49.252228,1
54.444963020000046,51.573887,1
48.49419020000005,50.398636,1
44.72753216000001,46.014595,1
46.345964630000026,48.644295,1
51.07821332000003,51.2044,1
52.206159920000005,49.71832,1
51.67807583000001,51.014946,1
48.36430544000001,47.228867,1
53.06066492000002,51.04592,1
47.01418754000002,47.496655,1
46.67580356000002,46.771626,1
43.702126160000034,45.561043,1
50.81844380000001,50.96557,1
52.66075658,51.661194,1
45.20605496000002,44.107346,1
50.92098440000001,49.223576,1
52.24717615999998,51.190945,1
41.91791971999999,44.262432,1
53.46057326000005,53.276993,1
52.93761619999998,51.34609,1
47.84134838,48.136784,1
48.95562289999998,48.851048,1
51.891702080000016,47.116398,1
46.58009900000002,50.176117,1
52.92394411999999,49.367386,1
48.596730800000046,48.660824,1
47.43802202000006,50.178516,1
47.96610611,47.971504,1
47.03127763999999,48.85057,1
48.51128030000001,48.004604,1
47.08425695,46.2953,1
49.99470098000006,51.333157,1
50.99959885999999,50.169407,1
47.438022020000005,47.232796,1
48.55229654000004,50.293877,1
49.62726383,47.118465,1
45.71021291,44.292397,1
49.86139820000005,49.715065,1
52.941034220000006,51.063965,1
51.1773359,51.556732,1
50.25276149000001,52.039013,1
48.65483714000004,47.069332,1
50.811607760000015,47.125957,1
52.963251350000064,52.452778,1
51.184171940000056,51.720684,1
46.68605762000004,50.625942,1
46.453632260000006,47.28115,1
45.06933416000004,48.985176,1
50.65096082000002,50.131283,1
48.98296706000002,50.818672,1
48.55571456000001,50.06873,1
52.315536560000055,51.782543,1
48.36430544000001,48.97894,1
48.716361500000005,51.1991,1
53.11193522000002,51.59905,1
49.61359175000001,50.63871,1
52.12754546000002,49.440834,1
50.90047628000002,49.556046,1
52.51719974000002,51.121765,1
48.34037930000005,48.443813,1
48.17118730999999,51.338745,1
51.64731365,50.942627,1
46.67922157999999,50.92057,1
54.072398840000005,51.97098,1
46.93899110000001,48.642548,1
45.87598688000003,48.86094,1
49.14019598000005,51.63222,1
46.55959088000003,48.486073,1
48.80181200000004,49.877132,1
50.48347783999998,51.201813,1
45.15478466000002,48.98496,1
51.15853679000003,51.08407,1
50.79451766,51.49443,1
50.77059152000004,48.91094,1
50.10578663000001,51.382324,1
50.31770387,50.203632,1
50.99959885999999,48.95871,1
54.46205312000001,52.46512,1
50.06647940000005,48.284885,1
46.36818176000003,48.132946,1
53.22472988000004,51.490963,1
46.51515662000003,48.255386,1
49.10601578000001,48.668655,1
53.11193522000002,52.199093,1
52.599232219999976,53.871548,1
50.01179108000002,52.74477,1
51.86777594,51.743332,1
49.83918107000005,50.581036,1
52.04038595000003,51.8206,1
50.77400954000001,52.68086,1
51.9122102,51.23148,1
53.93226002000006,51.531322,1
47.08938397999998,47.064213,1
54.62270006000006,52.493076,1
51.01668896000001,50.63714,1
51.00814391000006,50.45488,1
50.18952811999998,51.113533,1
54.63124511000001,51.91617,1
50.28181466000001,47.75264,1
49.55548541000002,53.38646,1
51.63876860000005,50.499966,1
46.45021424000004,48.3727,1
49.994700980000005,49.78503,1
47.62601312000004,51.159267,1
53.73401486,51.441135,1
47.91654482000001,47.74308,1
48.15238820000002,49.27313,1
50.11433168000002,50.84659,1
47.882364619999976,49.681747,1
50.39119130000006,50.87775,1
48.89751655999999,50.48359,1
47.60208698000002,46.329052,1
50.05964336,46.185524,1
47.53543559000002,48.3856,1
51.795997520000014,51.180256,1
49.35211321999998,51.17409,1
46.20069878000004,45.29859,1
48.366014449999966,50.92416,1
52.7496251,52.624123,1
49.57770254000002,51.00956,1
49.10088875000002,50.465694,1
54.17152142000003,50.898144,1
54.024546559999976,52.788326,1
52.90001798000003,48.967293,1
44.90185118,47.596306,1
52.474474490000034,49.083107,1
52.13779952000005,51.843727,1
52.23008606000002,49.158802,1
45.00097376000002,44.49891,1
50.04255325999998,51.694683,1
53.48108137999998,51.202106,1
49.89899642,49.876137,1
45.99903560000001,49.926434,1
53.891243780000025,53.639324,1
48.67534525999997,50.837307,1
52.47618350000005,49.59643,1
45.32397664999996,46.35975,1
48.05668364000002,48.70653,1
53.00939462000002,51.92261,1
48.102826909999976,48.482574,1
50.76033746000002,50.473278,1
44.31395173999999,45.12196,1
52.27793834000005,51.048504,1
49.76911166000002,49.972046,1
51.22518818000003,50.274033,1
46.29127631,46.63564,1
51.722510090000014,52.001617,1
53.94422309000004,51.098614,1
48.80864803999998,48.589787,1
49.12139687000001,50.092827,1
53.86560863,51.617554,1
49.41363758,50.583794,1
52.06431209000005,50.936855,1
50.06989742000002,49.96392,1
46.75441802,47.710255,1
50.022045140000046,51.513042,1
50.811607760000015,48.4505,1
51.80283356000001,49.917473,1
49.86481622000002,49.560337,1
48.47710010000003,51.038795,1
52.94445224000003,50.375656,1
53.53576970000006,51.899513,1
50.44075258999999,49.169353,1
48.44633792000002,49.400814,1
53.45202821000004,51.377674,1
52.49669161999998,50.981922,1
44.190903020000064,47.632133,1
45.50000468000002,45.332603,1
50.53303913000002,50.909798,1
46.92190100000005,48.283367,1
47.77298798000004,49.85015,1
47.99515928000005,48.263798,1
50.81844380000001,50.109352,1
48.1352981,48.906822,1
45.79737241999999,48.436718,1
50.03913524000001,50.950256,1
52.76671520000002,51.08909,1
53.26916414000004,51.562164,1
50.49885892999998,49.011322,1
52.729116980000015,51.207527,1
45.99561758000005,48.820717,1
50.288650700000005,51.18191,1
50.141675840000005,48.96468,1
51.21835213999998,48.969048,1
50.74837438999998,50.04248,1
49.80329186000006,51.1866,1
44.11570658,46.751778,1
53.02648471999999,51.18577,1
52.57872409999999,51.19673,1
45.93580223000004,46.874622,1
46.82277842000002,49.331074,1
54.4244549,52.43923,1
53.62634723000002,49.771877,1
50.16047494999998,49.21461,1
49.37603936000005,48.16885,1
51.4849577,51.77648,1
52.47960152000002,51.321014,1
54.154431320000015,52.298412,1
53.43664712000003,50.998722,1
47.318391320000046,47.227043,1
50.19978218000006,50.06526,1
49.59479264000004,47.04585,1
53.02990274000001,52.324203,1
48.31987118000001,49.06277,1
47.550816680000025,46.71717,1
45.79395440000002,48.485386,1
47.90287274000002,48.329197,1
53.22814790000001,50.028645,1
53.252074040000025,51.661335,1
47.98148720000006,48.03274,1
43.30392683000002,44.75826,1
47.844766400000026,49.3627,1
48.851373290000026,49.67625,1
49.00005715999998,47.258865,1
49.123105880000026,50.884346,1
48.94878686000004,47.977104,1
42.56905253000002,44.793026,1
48.48906317000001,51.43144,1
49.697333240000034,50.840675,1
47.77640600000001,47.893814,1
48.72661556000003,49.82405,1
48.95733190999999,51.232334,1
52.23350407999999,50.324306,1
46.730491880000045,47.750427,1
53.27941820000001,51.490963,1
51.143155699999966,51.096897,1
48.57280466000003,49.651672,1
53.15295146000005,51.085964,1
49.49908807999998,49.967373,1
50.838951920000056,50.23921,1
49.84430810000004,51.082848,1
46.19728076000001,47.399605,1
48.53349743000001,51.230618,1
48.747123680000016,45.696632,1
48.35063336000002,50.631645,1
49.23590053999999,51.189728,1
49.06670855000005,50.180634,1
51.46444958000001,51.71411,1
54.63295412000002,51.988697,1
54.70815056000004,50.918472,1
49.63409987,48.993816,1
50.42878952000001,49.97569,1
46.903101890000016,45.48823,1
51.21151610000004,51.07955,1
52.65733856000003,50.378754,1
51.46444958000001,51.52555,1
46.84328654000001,50.005135,1
51.50546582000004,50.108753,1
48.20365850000002,50.66574,1
48.83257418000005,49.660366,1
49.60162868000003,52.27384,1
48.92315171000001,50.873497,1
51.22006114999999,51.271507,1
50.46980575999999,50.058716,1
51.93271832000005,51.226425,1
47.978069180000034,48.8236,1
50.254470500000025,50.979248,1
48.357469400000014,51.064606,1
51.89853812000001,51.783344,1
50.350175060000026,49.899933,1
50.613362600000016,51.426037,1
52.21299596000006,51.220196,1
52.94787026000006,50.76228,1
48.738578630000006,49.12691,1
49.010311220000006,49.955624,1
50.26814258000002,50.752216,1
45.47266051999998,44.42572,1
54.13050518,52.649292,1
50.695395080000026,49.09598,1
52.647084500000005,51.635822,1
51.12948362000003,51.095802,1
48.523243370000046,48.29455,1
50.28352367000002,52.046276,1
50.18269208000004,51.135525,1
50.04597128,48.544315,1
53.49133544000006,52.13106,1
46.93557308000004,50.197342,1
48.52153436000003,50.13497,1
48.83257418000005,50.726784,1
50.99618084000002,50.784954,1
50.444170610000015,49.85386,1
49.30084292000004,50.159416,1
48.63603803000001,48.198326,1
49.37603936000005,48.945454,1
52.32920864000005,51.18214,1
50.49373190000006,51.407375,1
47.465366180000046,50.407227,1
49.60846472000003,49.26912,1
50.43562556000006,47.80232,1
47.412386870000034,50.559807,1
46.737327919999984,46.950367,1
50.5450022,51.37231,1
46.34254661,50.13487,1
49.587956599999984,50.7412,1
50.45271566000002,49.088562,1
46.52711969000006,47.99069,1
48.14726117000004,51.307335,1
52.14463555999998,48.099724,1
46.52711969000006,47.99069,1
49.59479264000004,47.518063,1
49.85798018000003,47.857582,1
47.36624360000002,48.474335,1
48.79668497,50.726204,1
51.18588095000007,49.84097,1
49.437563720000014,50.19136,1
50.35530209000001,48.72834,1
53.41442999000003,54.037563,1
44.522450960000015,49.326363,1
50.95516459999999,53.08788,1
47.80716818000002,47.949795,1
48.306199100000015,51.20007,1
44.62499156000001,47.19,1
45.9819455,45.805077,1
50.71248518000005,50.991207,1
50.85604202000002,49.093132,1
50.40486338000005,50.43475,1
53.874153680000006,52.4916,1
51.51913790000003,50.055645,1
47.90287274000002,50.310295,1
49.20172034000007,48.065456,1
49.52301422000005,50.82189,1
51.76010831000002,49.254925,1
53.713506740000014,52.5804,1
50.77742755999998,51.296944,1
54.68251541000001,50.859966,1
52.96496036000002,48.98344,1
52.34629874000001,50.60629,1
53.98523933000001,53.55163,1
50.57234635999998,51.11915,1
53.074337000000014,49.891956,1
51.18075392000003,50.040016,1
49.47174392000005,50.27581,1
47.91141779000003,49.727215,1
49.76911166000002,50.43012,1
50.74666538000002,49.766144,1
51.08163134000006,51.617992,1
50.45955170000002,47.7696,1
46.37501780000002,47.222366,1
45.61963537999998,47.14014,1
45.59570924000002,46.343636,1
48.379686530000015,49.465454,1
52.03184090000002,51.721977,1
47.63626718,47.742363,1
49.57770254000002,47.86439,1
49.31622401000004,48.26264,1
50.57234635999998,51.275387,1
54.68251541000007,50.92941,1
51.03036104,51.14297,1
51.11581153999998,53.232704,1
51.26620442000001,51.131058,1
47.41067786000002,49.786636,1
51.69858395,50.506,1
54.69276947000003,54.299416,1
51.63535058000002,51.17615,1
49.34698619,49.691917,1
46.60744316,49.125153,1
44.96508455000003,48.018356,1
46.22120690000003,48.83691,1
52.400987060000034,51.310177,1
50.99959885999999,49.80844,1
53.15807849000004,48.45689,1
50.50911299000006,50.365356,1
49.61017373000004,50.95409,1
53.15636948000002,51.469986,1
53.41272098000002,51.308784,1
47.78666006000003,50.777462,1
45.96485540000003,47.72711,1
48.73686961999999,46.503456,1
48.125044040000034,47.916058,1
53.57678594000004,50.98666,1
54.120251120000034,51.139103,1
48.67534526000003,48.686348,1
48.64458308000002,53.114285,1
49.36236728000006,51.17853,1
48.71294348000004,49.184437,1
50.37751922000001,48.957825,1
45.35815685000006,48.228336,1
48.72319754,51.44767,1
51.89512009999999,50.498386,1
52.35655280000003,52.402706,1
52.65050252000003,49.945576,1
47.30471924000005,49.69226,1
50.04426226999999,50.43466,1
50.22712634000004,51.088676,1
44.78734751000002,45.26324,1
51.58749829999999,50.651188,1
52.23521309,50.76017,1
49.00689320000004,49.27694,1
54.742330760000016,51.296703,1
49.808418889999984,51.491867,1
51.35849096000004,52.29573,1
51.79428851,50.999554,1
44.674552850000055,48.078667,1
51.34994591000003,53.28611,1
46.68947564000001,47.862106,1
49.33160510000005,46.873222,1
49.76740265000001,52.851566,1
49.440981739999984,51.374477,1
50.512531009999975,50.015175,1
44.0507642,47.279808,1
51.69687494000004,51.47237,1
53.35119662,51.71152,1
49.26324470000003,50.927696,1
52.18223378000005,50.6886,1
47.91654482000001,50.512394,1
50.77571855000002,50.16206,1
48.309617119999984,49.620136,1
53.631474260000005,51.56691,1
51.85410386000001,51.119106,1
54.323623310000016,51.833218,1
49.56061244,50.692253,1
47.256866960000025,47.85973,1
48.23442068000003,47.12749,1
53.631474260000005,51.688614,1
47.70291857000001,48.86032,1
53.12902531999998,51.246506,1
51.85581287000002,48.883286,1
49.85114414000003,50.502876,1
46.62453326000002,47.45795,1
51.96006248000003,51.725956,1
54.11341507999998,53.18621,1
50.975672720000034,49.96548,1
52.05918506,51.10631,1
51.12435659000005,51.19842,1
46.80568832000006,47.823334,1
53.58362198000003,51.605846,1
51.4849577,51.662716,1
45.55811102000001,46.61478,1
45.45898843999999,46.94991,1
46.540791770000055,46.46712,1
47.41409587999999,48.458767,1
54.04847270000005,49.313793,1
54.024546559999976,53.016506,1
47.91654482000001,45.874443,1
49.451235800000006,50.208694,1
47.61746806999997,50.18221,1
49.55719442000003,48.49888,1
48.77104982000003,49.36616,1
49.01372924000003,50.009327,1
53.38195880000001,50.979595,1
47.01418754000002,47.4131,1
49.541813330000025,48.9979,1
53.31872543000003,50.625786,1
49.982737910000026,52.402542,1
47.27737508000001,48.3669,1
48.65483714000004,46.736824,1
50.090405540000006,50.69836,1
49.21881044000003,50.71825,1
53.16320552000002,51.15194,1
51.70200196999997,51.028538,1
48.40361267000003,50.991566,1
53.12902531999998,52.650192,1
49.79303779999998,51.531384,1
50.77059152000004,51.0372,1
52.46251142,52.13963,1
43.71921626000005,46.688198,1
47.42264093000006,47.28603,1
51.73447315999999,51.270092,1
53.50842554000002,51.943005,1
48.86675438000003,50.315533,1
45.76148321,47.35014,1
50.87142311000002,50.950146,1
47.39700578000003,46.923374,1
50.129712770000026,50.41972,1
52.73937104000004,52.05567,1
41.15570126,45.665314,1
51.69003889999999,51.614388,1
49.440981739999984,49.18599,1
48.65825516000001,51.358044,1
50.30232278000005,50.564102,1
45.25390723999999,48.384712,1
50.75862845000006,50.26094,1
46.30323938000004,46.800068,1
47.82767630000001,50.455734,1
53.71521574999997,51.589333,1
52.677846680000016,51.167618,1
48.64287407000006,50.25482,1
49.02398330000005,48.645237,1
54.04163666,52.858932,1
51.79941554000004,50.35564,1
54.45179905999999,51.746735,1
47.38846073000002,50.729916,1
53.17345957999999,52.11059,1
46.70314772000006,46.168232,1
50.62361666000004,51.120083,1
47.68411946000003,51.108833,1
48.012249380000014,50.561085,1
49.59821066000001,50.81703,1
45.594000230000006,48.587948,1
53.45715524000002,53.124054,1
48.74028764000002,49.9425,1
51.85410386000001,51.394955,1
48.39164960000005,49.90667,1
51.98057060000002,51.75954,1
48.04642958,48.9373,1
47.87894660000006,49.077164,1
47.25003092000003,47.277454,1
52.33091765,51.116314,1
49.1777942,50.189587,1
54.108288050000056,51.480503,1
41.19671749999998,45.24692,1
49.89045137,49.15164,1
48.10111790000002,51.193645,1
49.57770254000002,51.00956,1
48.38310454999999,51.06835,1
49.929758600000014,50.073494,1
54.30824222000001,53.460445,1
51.81308762000003,51.53604,1
49.06841756000006,51.04288,1
49.95368474000003,49.857468,1
48.28910900000005,49.38352,1
48.95220488000001,51.123833,1
49.65118997000002,50.04781,1
49.93659464000001,49.976864,1
49.57086650000002,49.088562,1
50.08869652999999,48.206223,1
49.10430677000005,51.287888,1
51.69345692000002,51.31756,1
48.61040288000004,51.611443,1
43.85935508,44.509144,1
45.84180668000005,47.573475,1
50.89534925000004,52.675488,1
47.520054500000015,49.44154,1
53.47766336000001,50.780148,1
52.45054835000002,50.68192,1
49.63239085999999,51.406113,1
52.530871820000016,49.53663,1
49.18121222000002,50.248688,1
48.49419020000005,50.606472,1
51.51913790000003,47.988514,1
47.93363492000003,47.518883,1
50.77400954000001,49.77521,1
49.9126685,50.968792,1
49.18121222000002,47.546425,1
48.87700844000005,47.434883,1
48.945368840000015,51.258625,1
54.45521708000001,50.633537,1
47.1953426,48.178356,1
52.788932329999966,49.661697,1
48.78301289000001,49.468735,1
49.12652390000005,48.67752,1
46.27076819000001,50.532566,1
54.56972074999999,50.656216,1
48.98638508000005,50.75492,1
52.70519084,51.863926,1
50.84578796000005,52.316196,1
46.95949922,46.55554,1
46.81765139000004,46.836994,1
52.05747604999999,50.695423,1
50.57234635999998,50.67461,1
51.074795300000005,49.396664,1
50.13142178000004,51.975563,1
46.52541068000005,47.300697,1
48.64458308000002,47.947903,1
54.61244599999998,52.576935,1
47.06887586000005,50.55949,1
52.79235035000005,51.955124,1
53.72034278000001,53.023163,1
50.435625560000005,50.429844,1
53.24865602,50.480995,1
46.62453326000002,47.366375,1
50.06306138000002,51.38168,1
49.64264492000001,51.138462,1
52.63683044000004,51.809635,1
51.64560463999999,52.833843,1
44.67797086999997,47.90853,1
48.43608386000005,49.273228,1
49.93317662000004,51.5548,1
48.1352981,49.173744,1
54.86196146000003,53.69561,1
50.37922823000002,48.97969,1
49.98102890000001,50.724335,1
48.59331278000002,48.67974,1
49.680243140000016,50.08107,1
48.77617685000001,51.811295,1
53.40930295999999,52.22158,1
47.97465116000001,50.174152,1
53.29650830000003,51.39634,1
46.54591879999998,51.323673,1
50.65950587000003,52.04329,1
51.891702080000016,50.986576,1
50.48005982000001,49.544273,1
39.64493642000002,46.97715,1
49.57941155000003,52.892315,1
49.68707918000001,49.915462,1
50.80135370000005,49.390163,1
47.49954638000003,49.813274,1
53.52893366000001,49.35324,1
51.33969185000001,51.656834,1
51.57382622,51.273174,1
52.73424401000005,50.510956,1
49.28033479999999,49.56336,1
53.19396770000003,50.175385,1
52.08652921999999,51.828453,1
50.107495640000025,50.354992,1
54.20741063000003,54.0214,1
52.8521657,51.175602,1
46.39552592000001,48.033035,1
51.42343333999997,50.579475,1
48.890680520000046,49.006702,1
49.16070410000003,49.28844,1
50.61678061999999,50.047382,1
50.39119130000006,47.667156,1
53.851936550000005,50.909904,1
49.06158152,50.196976,1
45.77515529000004,48.181316,1
54.51674144000003,51.064606,1
53.49475346000003,51.233162,1
53.14611542,49.662006,1
49.39654747999998,50.41538,1
49.62897284000002,49.600643,1
52.47276548000002,51.109898,1
54.06556280000001,52.401634,1
52.23521309,52.058735,1
50.65266983000004,50.86999,1
53.35461464000002,51.139103,1
49.49567006000001,50.18558,1
50.75350142000002,52.03179,1
46.01612570000003,45.56188,1
49.97590187000003,49.83931,1
54.87905155999999,51.238903,1
52.00107872000001,50.095085,1
52.67442865999999,51.154762,1
53.221311860000014,52.165035,1
45.96143738000001,49.084793,1
50.19978218000006,49.720623,1
50.73982934000003,50.29716,1
49.96393880000005,47.949535,1
48.24467474000005,48.275547,1
46.012707680000005,48.096985,1
50.08186049000005,50.00553,1
47.49271034000003,48.98442,1
53.88098972,52.137554,1
53.79553922000002,51.42328,1
53.463991280000016,51.585747,1
51.25595035999999,51.085922,1
46.49464850000004,49.477463,1
48.14555216000002,50.150288,1
53.14269740000003,51.0657,1
50.076733460000014,51.184128,1
44.85228989000001,45.006046,1
52.37364290000005,51.24962,1
46.764672080000025,48.08751,1
46.40919800000006,48.382267,1
49.07354458999998,52.9506,1
52.18736081000003,51.101505,1
48.83257418000005,48.40776,1
50.94149252,49.397175,1
45.27441536000004,46.906845,1
45.95118332000004,50.09107,1
52.23350407999999,51.57598,1
51.20980709000003,48.859715,1
50.780845580000005,50.74038,1
50.25788852000005,50.236607,1
47.57303381000003,48.073936,1
49.67340710000002,50.634537,1
54.21253766000001,52.455296,1
54.55433965999998,52.368137,1
52.236922100000015,50.540237,1
53.27258216000001,52.990494,1
46.97317129999999,46.52526,1
51.70883801000002,51.265194,1
49.343568170000026,48.955788,1
44.75487632,43.73708,1
49.35894926000003,50.80644,1
53.18713165999998,53.244396,1
45.34619378000002,44.428043,1
52.48643756000001,50.200478,1
53.27258216000001,52.552937,1
46.49977553000002,48.98552,1
54.668843330000016,54.00955,1
50.79451766,48.76382,1
53.82801041000005,51.110043,1
52.168561700000055,50.905243,1
49.13677796000002,47.822487,1
47.605505,49.694954,1
53.04699284000003,52.82847,1
53.09826314000003,49.86863,1
50.00495504000003,50.55188,1
46.97146228999998,42.565998,1
50.48860487000002,50.856506,1
45.0932603,47.437263,1
49.123105880000026,50.47675,1
48.976131020000025,45.674572,1
52.288192400000014,51.398,1
48.78813992000005,49.87759,1
51.35165491999999,51.135624,1
48.75737774000004,49.240337,1
50.462969720000046,50.30385,1
53.59045802000003,50.994316,1
46.91506496000005,49.083694,1
46.47755840000002,44.48481,1
49.217101430000014,48.87533,1
50.70906716000002,51.251194,1
52.647084500000005,50.064312,1
51.679784840000025,52.190723,1
50.51082200000002,51.060337,1
51.2798765,51.32985,1
48.83257418,51.6391,1
46.125502340000025,46.89802,1
52.21812298999998,50.017498,1
48.83428319000001,50.60656,1
49.63239085999999,50.109352,1
45.98194550000005,48.533157,1
46.439960180000014,49.302906,1
51.47470364000003,51.08789,1
45.48120557000004,48.07579,1
51.11581153999998,50.92866,1
47.39016974000003,48.184216,1
50.01179108000002,51.43132,1
46.92531902000002,49.142746,1
48.87871745000001,50.22003,1
52.25059418000001,50.23536,1
42.77413373000002,45.41702,1
50.79451766,50.392384,1
51.70029296000001,51.879276,1
45.80249945000003,46.798462,1
49.42730965999999,50.788803,1
49.98444691999998,50.20824,1
46.72194683000004,52.031002,1
49.14019598000005,47.54094,1
47.239776860000006,48.78626,1
46.81252436,49.4468,1
49.13335993999999,48.126324,1
47.70804559999999,48.46173,1
50.203200200000026,50.917725,1
49.48883402000001,49.768948,1
49.05132746000004,51.002747,1
48.48051812,48.95462,1
48.95733191000005,51.06438,1
50.69197706,51.307137,1
51.502047800000014,48.32966,1
53.45031920000002,52.02181,1
52.05576703999998,48.32207,1
45.703376870000056,47.922718,1
49.85456216,49.371784,1
43.739724379999984,48.053238,1
49.77765670999997,50.94265,1
50.45955170000002,51.169712,1
50.14509386000003,50.667942,1
50.18269208000004,51.222664,1
46.586935040000014,46.657356,1
49.87336127000003,48.524364,1
52.69493678000004,50.994026,1
51.36532699999998,51.10417,1
49.685370170000056,50.399403,1
54.010874479999984,50.92093,1
47.99515928,49.05554,1
49.62555482000005,48.95688,1
50.27156060000004,49.559208,1
51.38754413000004,50.66394,1
50.33308496000001,49.105988,1
54.02283755000002,51.10809,1
53.06750096000002,51.127277,1
52.219832,49.369656,1
48.58647674000002,48.62756,1
48.18827741000007,49.15551,1
47.77640600000001,48.89945,1
50.989344800000026,51.04149,1
46.73220089000006,47.480972,1
46.761254060000056,46.95785,1
50.96883667999998,48.649605,1
46.90481090000003,46.65138,1
51.93271832000005,50.948574,1
53.580203960000006,50.691498,1
52.56505202,50.51829,1
54.73036769000004,50.453293,1
49.94001265999998,50.11645,1
51.31747472000001,51.72335,1
49.454653819999976,48.879845,1
50.64070676,50.66704,1
52.61632232,51.99941,1
46.07252303000001,48.803375,1
46.43312414000002,47.650906,1
49.64264492000001,50.785767,1
48.430956830000014,47.705715,1
47.978069180000034,47.668514,1
49.37603936000005,51.072475,1
50.65779686000002,51.087982,1
50.57918240000004,50.22484,1
45.59058220999998,44.44846,1
50.58089141000005,51.348392,1
49.51617818,51.31528,1
53.18542265000002,49.533287,1
49.55377640000006,49.640125,1
49.94001265999998,50.388752,1
49.59479264000004,47.79528,1
51.891702080000016,51.418823,1
54.19544756000005,50.936558,1
46.985134370000026,48.57338,1
47.74906184000002,47.818455,1
47.56107074000005,48.171173,1
50.53474814000003,50.299606,1
49.77765670999997,50.660175,1
50.548420220000025,51.253845,1
48.23442068000003,49.410408,1
48.69585338000002,50.252888,1
48.58305872,48.105915,1
52.74278906000001,48.681534,1
53.49133544000006,52.163456,1
52.10020130000004,50.944717,1
48.87700844000005,47.05729,1
52.25059418000001,51.124638,1
45.85547875999998,48.668854,1
42.88863739999999,45.1311,1
47.39871478999999,50.954372,1
46.18189967000001,47.420498,1
51.13631966000003,49.83116,1
45.40771814000004,47.185043,1
51.61996949000002,51.218105,1
46.42116107000004,48.5969,1
48.09769988000005,48.85819,1
47.70462758000002,48.71703,1
48.41215771999998,48.771976,1
44.62499156000001,48.608414,1
50.55867427999999,48.90322,1
51.48837572000002,51.387524,1
48.20707651999999,49.942547,1
49.63068185000003,51.280575,1
47.62943114000007,47.008656,1
46.04005184000005,48.23228,1
51.67636682,50.075058,1
48.19682246000002,48.35707,1
49.48199798000002,46.377296,1
54.85170740000001,50.9861,1
51.24911431999999,51.03988,1
48.35063336000002,47.807873,1
47.814004220000015,48.25756,1
51.73105514000002,49.410385,1
50.88680420000003,49.74398,1
46.89455684000001,47.078953,1
51.722510090000014,50.10376,1
51.22689718999999,51.62249,1
46.18702670000005,47.523453,1
49.13165092999998,49.604465,1
50.189528120000034,51.353477,1
49.94172167000005,50.8741,1
44.35154996000006,46.069515,1
53.86731764000001,50.517685,1
50.22029029999999,50.73203,1
46.22462492,52.188007,1
51.43539641000007,50.108303,1
49.02056528000003,48.55369,1
52.36680686,51.580368,1
51.57724424000003,50.81064,1
52.15830764000003,51.80778,1
51.71054702000004,45.501762,1
50.370683180000015,51.29103,1
47.44485806,49.397614,1
51.46274057000005,51.7271,1
49.44439976000001,50.778683,1
49.28033479999999,49.808327,1
50.04255325999998,51.06141,1
48.88897151000003,49.71218,1
46.590353059999984,46.923313,1
47.09622002000003,50.034023,1
45.667487660000006,46.069515,1
54.53724956000002,50.6196,1
54.81752720000003,52.65768,1
53.04186580999999,51.06573,1
47.61746807000003,48.197895,1
48.92144270000006,50.276657,1
49.91779553000004,50.64563,1
48.682181300000025,50.944195,1
48.81035704999999,50.531033,1
49.08208964000005,49.838367,1
51.08504936000003,52.64602,1
48.01395838999997,50.290558,1
47.64652124000003,47.73543,1
47.814004220000015,52.27362,1
53.44348316000003,49.538494,1
49.587956599999984,51.23541,1
44.34471392,45.63401,1
47.16799844000002,47.480442,1
51.90537416000001,50.40549,1
50.025463160000015,48.442684,1
54.352676480000014,53.031208,1
49.32818708000002,47.90733,1
53.49817148,51.863792,1
50.707358150000005,50.39788,1
47.99515928000005,48.10732,1
47.978069180000034,49.077343,1
50.350175060000026,51.206005,1
49.38116639000003,49.19393,1
48.45659197999999,48.601288,1
52.8521657,51.780636,1
45.257325260000016,47.45137,1
50.99447183000007,49.583603,1
51.94980842000001,47.964417,1
50.141675840000005,50.30758,1
54.4244549,53.69561,1
54.151013300000045,51.34826,1
49.88190631999999,50.095676,1
53.40930295999999,51.567116,1
49.13335993999999,49.412212,1
45.90333104000001,49.099796,1
47.63455816999999,44.706562,1
52.62999439999999,50.986855,1
48.55400555,50.86134,1
49.86139820000005,49.359528,1
51.31747472000001,49.05405,1
50.664632900000015,50.95377,1
49.19488430000001,50.320168,1
47.26712101999999,47.305527,1
50.01520909999999,50.523933,1
49.14703201999998,49.353413,1
46.92531902000002,47.909378,1
45.19921892000002,47.40023,1
50.87313212000004,51.16495,1
50.591145470000015,50.641666,1
47.805459170000006,46.947113,1
54.103161020000016,52.286716,1
53.33752454,51.777073,1
51.888284060000046,50.896927,1
51.91391921000002,50.929417,1
51.20297105000003,47.653934,1
52.77013322000005,51.21083,1
51.96177149000005,49.639492,1
44.70360602000005,48.20776,1
49.748603539999976,46.86218,1
49.19317529,50.07993,1
46.27418621000004,47.687294,1
52.84703867000002,52.309807,1
53.40588494000002,50.69733,1
51.75669029,53.211884,1
54.04847270000005,51.9026,1
52.97863244000001,50.446655,1
50.95687361,51.961193,1
51.70371097999998,51.23984,1
49.47174392,47.801067,1
47.76956996000001,50.351925,1
47.99003225000001,49.604614,1
51.40121621000003,51.44679,1
51.97202555000001,52.000755,1
50.62361666000004,50.9512,1
48.04813859000001,50.981968,1
52.34629874000001,51.139202,1
53.546023760000026,51.82859,1
48.162642259999984,51.50512,1
51.69003889999999,51.570972,1
41.52142939999999,42.586082,1
49.64435393000002,50.48284,1
49.40509253000005,48.102,1
51.58066226,48.870464,1
46.98000734000004,49.5141,1
45.57861914,47.67584,1
53.66052743,51.15807,1
52.33604467999999,49.462505,1
50.64412478000003,50.01348,1
50.052807320000056,50.825024,1
51.08675837000004,50.816933,1
50.91243935,49.14219,1
52.44713032999999,51.161354,1
54.03138260000003,51.900093,1
51.43368740000005,50.334812,1
48.61211189000005,51.388874,1
52.154889620000006,50.911774,1
49.06329053000002,50.827488,1
44.40794728999998,46.31235,1
51.08163134000006,50.93296,1
50.203200200000026,50.898766,1
50.94832856000005,50.978714,1
45.6230534,47.44379,1
47.868692539999984,49.2731,1
46.6655495,48.73681,1
54.53383154000005,50.99939,1
54.84145334000005,51.91102,1
49.70416928000003,51.05481,1
48.96074993000002,50.458565,1
44.471180660000016,45.226334,1
53.30163533000001,51.182972,1
50.223708320000014,52.131287,1
49.98786494000001,50.99115,1
50.77571855000002,51.97343,1
48.11137195999999,49.349697,1
52.725698960000045,52.216347,1
49.19146627999999,51.41187,1
44.70702404000002,47.018253,1
50.63728874000003,48.539932,1
52.15659863000002,50.871952,1
50.83211588000006,51.042686,1
45.52734884000006,47.224083,1
46.36818176000003,47.00223,1
48.15580621999999,49.02562,1
51.51742889000002,51.30907,1
50.6475428,51.262695,1
53.662236440000015,50.726746,1
54.33558638,53.148827,1
45.947765300000015,47.53458,1
49.69049719999998,49.750137,1
47.205596660000026,51.395935,1
49.52301422000005,50.0376,1
50.99276282000005,51.221504,1
49.728095420000045,51.05255,1
48.26518285999998,50.81148,1
53.61780218000001,52.77749,1
50.48005982000001,48.92154,1
47.51663647999999,47.866764,1
51.73447316000005,50.526924,1
52.80089540000006,51.09503,1
50.19978218000006,50.637516,1
48.453173960000015,49.461937,1
49.91608652000002,48.898228,1
51.21493412000001,51.01318,2
48.60356684000004,50.464996,2
53.75623199,52.039886,2
49.321351040000025,50.953102,2
51.94809941,52.256226,2
43.77219557000001,44.114506,2
48.91802468000003,50.677765,2
53.24181998000006,51.406475,2
52.992304520000005,51.400517,2
50.91073033999999,50.9212,2
45.800790440000014,48.5686,2
49.018856270000015,51.183414,2
49.91950454000005,51.363617,2
51.01668896000001,50.002148,2
51.09872144000002,46.79609,2
46.39552592000001,48.090538,2
54.62782708999998,54.060345,2
48.47026405999998,48.2225,2
49.50592412000003,49.641384,2
51.26620442000001,51.496925,2
53.65540040000002,52.982357,2
52.38047893999999,50.44891,2
50.67830498000001,48.448788,2
51.741309200000046,51.01143,2
49.94684870000003,50.253357,2
50.548420220000025,50.632656,2
53.67249049999998,51.901184,2
46.21437086000003,50.73695,2
48.125044040000034,50.919987,2
50.80477172000002,51.226994,2
48.62407496000003,49.440582,2
53.03673878000001,52.16808,2
46.67922157999999,47.264618,2
51.23544224,50.56441,2
48.20024048000005,51.386223,2
54.69789650000001,53.93017,2
52.318954580000025,51.99933,2
48.08402780000006,47.770203,2
45.98878153999999,49.454403,2
50.14509386000003,51.311424,2
46.70143870999999,48.74574,2
50.99276282000005,50.60842,2
46.54250078000001,49.635254,2
47.91312679999999,49.976032,2
52.97863244000001,51.188263,2
47.12527319000003,49.74886,2
53.79895724000005,51.982574,2
52.29844646000004,52.239742,2
49.61871878,48.151436,2
49.581120560000045,48.21986,2
46.626242270000034,50.809456,2
43.35690613999998,46.551018,2
51.105557480000016,50.096035,2
51.597752360000015,54.20881,2
48.42241178,46.957146,2
46.12379333000001,48.368477,2
47.37991568000001,49.742218,2
42.46822094000004,45.3,2
50.319412880000016,51.35107,2
50.92440241999998,50.963894,2
49.49225204000004,50.253643,2
54.45863510000004,53.05143,2
46.737327919999984,50.25904,2
53.60071208,52.865074,2
52.013041790000045,51.137745,2
54.83119928000002,50.66928,2
50.11774969999999,47.71202,2
50.989344800000026,51.257942,2
45.42480824,48.367416,2
54.82094522,52.741966,2
48.49760822000002,50.064182,2
49.52985025999999,47.484432,2
50.31257684000002,50.349537,2
53.34436058000006,52.929707,2
49.63922690000004,48.912743,2
51.15340975999999,50.80836,2
43.54831525999998,44.31241,2
49.66657106000002,50.13416,2
52.04551298000001,52.257755,2
47.35428052999998,48.44197,2
52.20957794000003,51.407303,2
49.00689320000004,51.319458,2
45.65723360000004,49.625763,2
44.31736976000002,48.862072,2
53.45031920000002,52.06323,2
50.32283089999999,51.528755,2
52.585560139999984,51.765175,2
48.976131020000025,47.463852,2
50.08698751999998,50.21644,2
46.83986851999998,47.126724,2
47.814004220000015,47.81423,2
54.01258349,52.495796,2
49.23419153000003,48.907948,2
52.120709420000026,50.752026,2
47.42434994000001,49.38128,2
46.61086118000003,48.400307,2
49.30767896000003,51.97861,2
48.025921460000006,48.308277,2
47.605505,48.25687,2
47.99857730000002,48.701267,2
48.90435260000004,48.235794,2
52.76671520000002,51.36172,2
50.09211455000002,51.76362,2
45.58887320000002,44.478405,2
46.97829833000003,48.46873,2
49.041073400000016,51.248962,2
51.95322643999998,50.85299,2
49.827218000000016,51.03754,2
51.184171940000056,51.87693,2
52.77013322000005,51.14606,2
47.15432636000003,49.099995,2
53.01281263999999,52.578968,2
52.28135636000002,48.92262,2
51.42685136,50.85752,2
51.478121660000056,51.155266,2
50.62703468000001,49.72039,2
47.07400289000003,50.918114,2
54.31166024000004,52.015255,2
46.36134572000003,47.19664,2
51.41317928000001,51.369804,2
52.677846680000016,51.416615,2
49.13677796000002,47.952133,2
49.5537764,50.286636,2
49.01714726,48.117203,2
47.661902329999975,48.368477,2
54.58168382000002,51.300636,2
53.956186160000016,53.109062,2
50.582600420000006,51.966946,2
50.51082200000002,51.159813,2
49.35040421000002,51.082718,2
43.52438912000002,47.99625,2
51.334564820000026,49.729523,2
46.22804294000002,48.07739,2
45.71875796000006,47.461903,2
53.14953344000003,52.265312,2
52.25059418000001,51.27563,2
47.47903826000004,50.93398,2
49.80670988000003,50.396225,2
49.78620176000004,51.29517,2
50.12458574000004,51.937378,2
44.69676998,46.075504,2
54.54066757999999,54.02455,2
52.71202688,50.897003,2
50.48005982000001,51.298286,2
50.890222220000055,48.952473,2
52.00107872000001,50.361595,2
50.548420220000025,50.589878,2
51.19613501000004,50.27408,2
50.47664180000004,51.368504,2
44.95312148000005,47.250862,2
53.44348316000003,50.250755,2
54.43299995000007,54.07983,2
52.267684280000026,50.569458,2
50.14851188,48.664593,2
48.224166620000005,48.22831,2
44.40965630000005,44.991234,2
48.569386640000005,51.476036,2
53.94251408000002,52.14241,2
53.46740929999999,52.46682,2
48.043011560000025,48.607903,2
53.42981108000004,51.049152,2
49.89899642,49.887447,2
53.25549206000005,51.911865,2
54.81752719999997,52.66276,2
52.85558372000003,53.01389,2
51.63193256,47.603416,2
47.615759060000016,48.60187,2
50.30232278000005,50.057568,2
49.41363758,52.37822,2
47.256866960000025,49.158783,2
49.329896090000034,50.84118,2
48.14897017999999,50.05661,2
48.28910900000005,52.44229,2
53.12560730000001,50.86448,2
47.44998509000004,50.78371,2
53.04357482,51.43096,2
49.99299197000005,50.271667,2
46.87917575000006,48.1755,2
49.95710276,48.783108,2
50.01862712000002,51.12582,2
47.87552858000004,50.861374,2
50.92098440000001,52.5741,2
47.02956862999997,48.136528,2
50.62361666000004,48.12574,2
49.53497729000003,49.321754,2
52.03525892000005,51.420113,2
49.04790944000001,50.34118,2
48.125044040000034,46.32444,2
47.84647541000004,46.82835,2
49.601628679999976,51.57132,2
46.91506496,47.620045,2
50.17585603999999,51.03171,2
50.862878060000014,50.760445,2
50.163892970000006,51.979286,2
51.03377906000003,49.977715,2
45.14794862000002,47.956284,2
50.21687228000002,50.256607,2
49.29742490000001,48.026367,2
47.80375016000005,49.190697,2
48.67021822999999,49.837738,2
51.41317928000001,51.895596,2
51.35165491999999,50.846592,2
48.33867029000004,49.179745,2
48.8701724,51.868103,2
51.36532699999998,51.257973,2
52.85045669000005,50.779034,2
46.981716350000056,45.589264,2
48.24467474000005,50.76871,2
52.34288072000004,51.238422,2
50.03571722000004,49.54711,2
46.51515662000003,46.235474,2
47.57474281999998,51.08351,2
49.78791077000005,50.734222,2
47.85843848000002,46.992702,2
46.67238554000005,47.68442,2
52.29844646000004,47.57393,2
49.49225204000004,49.362343,2
53.33752454,51.19073,2
53.37170474000004,51.48369,2
49.762275620000025,48.299015,2
47.82084026000007,49.495552,2
46.985134370000026,50.05228,2
45.580328150000014,49.17489,2
52.992304520000005,52.012043,2
53.82971942000006,52.559803,2
49.85114414000003,49.955605,2
50.58772744999999,48.829945,2
48.72319754,51.010376,2
54.53554055000001,52.22125,2
50.11774969999999,50.17241,2
48.79497595999999,49.849953,2
51.083340350000014,51.69471,2
45.87940490000005,47.184784,2
54.58168382000002,51.072254,2
52.69493678000004,52.63435,2
53.41613900000005,51.690716,2
51.92588228,52.18249,2
49.24615460000001,49.95304,2
50.53474814000003,48.734486,2
49.99811900000003,48.342945,2
51.24911431999999,51.454967,2
53.42981108000004,52.31544,2
45.84180667999999,45.45559,2
47.00735150000003,47.38537,2
51.32772878000003,51.063774,2
49.434145700000045,50.82653,2
45.72901202000003,47.768482,2
52.23008606000002,51.91809,2
53.65027337000004,52.198795,2
48.32499820999999,51.34764,2
51.52597394000003,50.543873,2
51.83701375999999,52.74437,2
48.55913257999998,50.83982,2
50.70394012999998,51.211563,2
47.53714460000003,49.988518,2
49.601628679999976,49.23964,2
51.074795300000005,51.5976,2
46.733909900000015,46.01689,2
49.53668630000004,50.57184,2
47.90970878000002,48.757782,2
49.95368474000003,52.144505,2
49.04278241000003,47.44488,2
54.01771052000004,51.15279,2
54.34925845999999,51.693737,2
53.28967226000003,52.539673,2
48.60356683999999,50.21352,2
53.15636948000002,52.84327,2
50.52791209999998,50.480927,2
50.66121487999999,51.582108,2
52.76158816999998,52.461414,2
53.826301400000034,51.19627,2
46.61940623000004,47.515743,2
50.57234635999998,49.166527,2
49.943430680000006,50.045967,2
48.747123680000016,47.36169,2
49.79474680999999,50.965477,2
45.71533994000004,47.209846,2
49.91437751000001,50.0065,2
51.20126204000002,50.559864,2
54.13050518,52.807743,2
48.84966428000001,51.624607,2
50.21003624000002,51.08107,2
53.52551563999998,50.888935,2
50.18781911000002,50.930412,2
47.03298665,48.58734,2
50.55183824000005,50.646946,2
49.27691678000002,49.143185,2
48.53520644000002,48.21721,2
48.39506762000002,50.861374,2
47.26370300000002,46.661392,2
46.53908276000004,47.09545,2
50.582600420000006,51.23941,2
51.68491187000001,48.803444,2
51.08846738,52.03663,2
52.24717615999998,52.50963,2
49.9126685,50.781654,2
51.05770519999999,50.162903,2
45.29321447000001,44.713318,2
49.98444691999998,48.01673,2
53.01281263999999,52.87347,2
46.01612570000003,49.39026,2
54.27748004,51.268745,2
42.669884120000006,45.814014,2
47.73197174000006,48.820835,2
48.254928800000016,50.128777,2
50.22712634000004,48.392593,2
48.41215771999998,50.591873,2
48.97954904000005,48.793045,2
52.530871820000016,49.190697,2
54.04505468000002,51.14545,2
52.22666804000005,52.763237,2
50.7500834,48.040783,2
46.13233838000002,50.112564,2
48.59502179000003,48.833294,2
48.87700844,50.63766,2
48.83599220000002,50.596745,2
51.331146800000056,49.210423,2
51.02010698000004,52.074326,2
50.92440241999998,51.236958,2
47.22268675999999,47.451893,2
51.96348050000006,50.04733,2
47.80033214000002,49.57789,2
49.321351040000025,51.892166,2
49.123105880000026,50.256607,2
51.41317928000001,51.499187,2
52.51719974000002,50.813198,2
49.049618450000025,50.57184,2
46.95949922,47.562332,2
46.012707680000005,47.33206,2
49.60333768999999,50.852417,2
50.545002200000056,49.24031,2
51.53622800000005,51.769783,2
51.006434900000045,53.03904,2
48.70610743999998,50.897797,2
42.38277044000006,45.103786,2
45.94092926000002,50.593666,2
53.147824430000014,51.629177,2
52.68810073999998,50.79559,2
51.52597394000003,49.816177,2
47.71488163999999,48.79251,2
47.19876062000003,48.0252,2
50.15192990000003,48.864323,2
54.46205312000001,54.02455,2
46.30153037000002,47.68351,2
50.23396237999998,48.986744,2
43.82517488000002,46.18363,2
47.468784200000016,48.807014,2
48.49419020000005,49.55935,2
49.88532434000001,51.48411,2
51.81992366000003,51.462166,2
52.27793833999999,50.723423,2
49.62897284000002,48.852894,2
44.13621469999998,44.414677,2
49.75202156,48.954514,2
50.62361666000004,50.96667,2
50.04938930000003,48.96874,2
46.59718910000004,43.944973,2
51.85752188000004,51.214836,2
48.798393980000014,49.2521,2
50.88338618,50.348072,2
50.13825782000004,49.35023,2
50.25788852000005,49.517868,2
42.44429480000002,45.79643,2
53.72205179000002,51.950527,2
48.26176484000001,47.56292,2
52.03525891999999,50.930164,2
48.37797752000006,47.037678,2
49.47174392,50.356323,2
54.151013300000045,54.02077,2
46.10499421999998,48.93917,2
49.66315304,49.314835,2
44.62157353999999,47.060574,2
47.44144004000003,50.669125,2
53.01110362999998,52.49473,2
45.05566208000005,46.568752,2
48.12675304999999,46.01329,2
44.18064895999999,44.443027,2
50.71419419000006,51.185364,2
51.29696660000002,50.896107,2
51.21835213999998,50.330402,2
50.85262399999999,50.924202,2
45.49145963000001,46.64164,2
54.120251120000034,51.501568,2
51.71054702000004,50.598866,2
48.83941021999999,49.475147,2
49.23419153000003,50.896862,2
49.03423736000002,50.816082,2
46.43825117000006,49.543827,2
48.95049587000005,50.35662,2
49.57428451999999,49.468376,2
50.55696527000004,48.76219,2
49.92634057999999,49.432816,2
51.4849577,51.015896,2
52.20957794000003,49.861633,2
48.577931690000014,50.054424,2
53.34094256000003,54.139584,2
45.165038719999984,46.542496,2
50.31428585000003,46.61536,2
52.867546790000006,52.625774,2
48.35405137999999,51.52433,2
51.303802640000015,50.94904,2
46.71169277000001,46.7072,2
50.39802734,51.834457,2
52.609486280000056,51.156277,2
49.21539242000006,51.77158,2
46.51173860000006,47.674023,2
45.80933549000002,49.136997,2
46.51857464,47.73232,2
51.23886026000002,51.247437,2
50.975672720000034,50.949768,2
50.842369940000026,51.808395,2
50.30915881999999,50.39734,2
53.62805623999998,52.281467,2
51.68662088000002,51.371475,2
47.64310322000006,48.61874,2
52.99914056,53.562645,2
51.55331810000001,51.714024,2
51.524264930000015,51.64194,2
50.01008207000001,50.421883,2
54.93032186000005,54.00526,2
47.41067786000002,48.46351,2
52.85558372000003,51.282578,2
49.52301422000005,48.612682,2
48.92827874,49.55935,2
50.56551032000005,51.94942,2
46.911646940000026,46.959675,2
49.476870950000034,50.97957,2
48.90435260000004,51.182728,2
53.56311386000005,53.297672,2
44.36864006000002,44.50719,2
48.31303514000001,50.089527,2
50.01179108000002,49.155247,2
46.504902560000005,48.431778,2
52.62828538999997,49.481995,2
50.39973635000001,49.90644,2
49.143614000000014,49.97882,2
49.21881044000003,50.54445,2
50.29548674,48.165203,2
49.88874236000004,51.558624,2
49.29742490000001,48.691044,2
54.34925845999999,52.202694,2
52.27793833999999,51.540817,2
48.66850922000003,46.487476,2
49.19830232000004,50.711555,2
52.089947240000015,52.188564,2
53.48791742000003,52.47159,2
46.31007542000003,47.334587,2
50.34333902000003,48.33207,2
53.23840196000003,51.07374,2
43.77732260000005,44.22584,2
45.0932603,47.11541,2
53.29650830000003,51.236164,2
51.60458840000001,50.81636,2
48.21049454000001,52.155857,2
50.63045269999998,50.848824,2
50.78426360000003,50.788372,2
49.355531240000005,47.714207,2
49.67682511999999,51.22617,2
49.61871878,51.013416,2
46.146010460000014,47.582993,2
51.795997520000014,50.777092,2
49.52301422000005,48.223225,2
51.67636682,51.512245,2
50.292068719999975,51.58564,2
50.65779686000002,51.714813,2
50.7500834,51.098244,2
50.288650700000005,52.14584,2
49.9126685,50.08165,2
51.93955435999999,51.04474,2
46.90651991000004,48.514664,2
50.854333010000005,47.759804,2
50.743247360000055,51.45427,2
48.99663914000007,50.692173,2
50.97225470000001,50.739765,2
49.03081934,51.19341,2
48.63774704000002,50.60354,2
47.75589788000002,51.31713,2
50.57234635999998,48.232544,2
51.44052343999999,49.634186,2
45.78028231999997,46.469517,2
48.21562157000005,50.754658,2
49.07354458999998,50.11231,2
50.46980575999999,51.59109,2
53.11535323999999,52.076595,2
46.67580356000002,47.55807,2
48.84966428000001,48.7344,2
53.727178820000006,52.32327,2
51.221770160000005,50.249413,2
51.50033879,51.232536,2
47.36966161999999,46.078102,2
49.19146627999999,48.405437,2
51.14657371999999,51.171333,2
51.27474947000002,49.56069,2
53.70667070000002,51.305775,2
48.224166620000005,50.29256,2
52.67101064000002,51.916176,2
51.99082466000005,50.549973,2
48.36088742000004,49.7266,2
52.431749240000045,51.263496,2
52.39415101999998,48.8331,2
54.24159083000001,52.60296,2
44.65917176000005,49.158157,2
50.076733460000014,50.850433,2
43.201386230000026,45.898243,2
49.256408660000034,51.393536,2
52.33604467999999,50.201527,2
49.437563720000014,49.69266,2
53.66394545000003,53.533997,2
45.978527480000025,45.555088,2
50.26814258000002,48.795795,2
54.646626200000014,53.94277,2
47.77298798000004,50.613174,2
47.61234104000005,46.573673,2
50.466387740000016,49.993294,2
48.63774704000002,46.470608,2
46.35963671000002,49.58777,2
50.03913524000001,50.543755,2
50.025463160000015,52.187664,2
47.82767630000001,49.716656,2
48.15409721000003,48.700256,2
51.34140086000002,52.09874,2
51.39608917999999,51.23622,2
49.09917974000001,49.10149,2
49.34869520000001,51.916176,2
53.78870318000003,53.752487,2
45.17529278000001,50.152493,2
46.45534127000002,48.748413,2
48.45830099,50.961,2
49.14703201999998,49.450405,2
49.21197440000003,46.91869,2
47.584996880000006,48.79626,2
47.14749032000003,50.099022,2
50.00153702,50.573105,2
49.92292256000002,49.40621,2
49.18121222000002,48.891903,2
49.56061244,48.570374,2
47.12698220000004,50.49135,2
52.69151876000001,50.75198,2
47.85502045999999,49.025875,2
49.502506100000005,50.599308,2
54.05872676000001,53.682476,2
54.10657904000004,52.913815,2
45.46924250000001,50.20757,2
50.66805092000004,51.2697,2
54.28773410000002,52.754185,2
45.39062804000002,47.7673,2
49.93317662000004,47.96264,2
50.10407762,50.32115,2
41.98628012,45.627026,2
47.85160244000002,49.123253,2
52.02500486000002,48.369713,2
54.70815056000004,52.610622,2
50.613362600000016,50.74005,2
53.22472988000004,53.25229,2
52.45567538,49.912216,2
46.30323938000004,48.41025,2
43.68674507000003,43.239487,2
50.14338485000002,51.35215,2
48.81890210000006,50.819534,2
49.55719442000003,50.67477,2
47.805459170000006,48.601994,2
53.17345957999999,50.135532,2
50.090405540000006,51.20641,2
49.00347518000001,51.23622,2
54.072398840000005,51.12194,2
48.92144270000006,49.50597,2
49.68707918000001,50.392033,2
50.04938930000003,49.25918,2
49.09576171999999,50.24111,2
48.27714593000002,48.326405,2
51.532809980000025,51.435974,2
51.160245799999984,51.14545,2
52.65733856000003,50.637398,2
47.03811368000004,48.618626,2
50.090405540000006,50.87476,2
48.13188008000003,46.771095,2
50.95516459999999,51.262447,2
49.66315304,51.41626,2
50.45613367999999,49.203087,2
49.16754014000003,48.504566,2
54.475725200000056,53.034985,2
48.92827874,48.218285,2
50.84920598000002,51.402267,2
48.76079576000001,48.186893,2
46.96975328000002,49.1108,2
51.69687494000004,50.326168,2
50.62019864000001,50.26046,2
51.84384980000005,52.082428,2
51.97886159000001,50.839134,2
52.291610419999984,51.283875,2
48.66167317999998,48.62085,2
49.77252968000005,48.923832,2
45.13085852,46.02706,2
53.88098972,51.244015,2
49.64777194999999,50.790405,2
51.33798284,51.62878,2
51.307220659999984,50.94121,2
47.63284915999998,46.403408,2
44.021711030000006,49.297604,2
50.789390630000014,51.08214,2
54.83119928000002,53.977856,2
52.318954580000025,51.631996,2
51.153409760000045,50.8632,2
49.49567006000001,50.83201,2
52.93078016000004,51.190765,2
45.05566208000005,47.85376,2
47.93705294000006,46.88243,2
46.40236196000001,49.2944,2
49.44439976000001,49.865227,2
54.14759528000002,54.009407,2
46.70998376,48.44197,2
50.06989742000002,48.680557,2
45.718757960000005,46.62992,2
48.43950188000002,47.24052,2
50.55525626000002,50.493187,2
48.01908542000001,50.27693,2
50.95174658000002,51.95331,2
50.32453991,51.3219,2
51.41317928000001,49.65246,2
49.1777942,50.214355,2
46.77150812000002,46.768932,2
52.10020129999998,48.66163,2
48.82232012000003,49.63498,2
49.99811900000003,51.142616,2
49.09576172000004,50.2721,2
52.88121887,51.15412,2
52.77013322000005,49.7695,2
54.140759239999966,53.86512,2
44.62157353999999,45.704918,2
51.23886026000002,50.114944,2
43.99436687000002,44.84887,2
52.941034220000006,52.13562,2
47.42093192000005,48.370426,2
50.53474814000003,50.214554,2
51.83701375999999,51.07611,2
54.171521419999976,51.48592,2
51.16708184000004,51.206005,2
49.28033479999999,50.190147,2
49.94001265999998,50.76796,2
51.33456481999997,50.47097,2
53.25036503000001,48.005505,2
49.18121222000002,48.6093,2
46.91848298000002,49.173824,2
54.11341507999998,50.974598,2
44.45067254000003,48.88976,2
51.17049986000001,51.640793,2
50.96029163000003,50.711437,2
49.355531240000005,49.753746,2
51.88657505000003,50.768806,2
54.31166024000004,51.396904,2
51.08846738,51.32911,2
47.55765272000002,50.483086,2
48.67876328,49.065098,2
54.49452430999997,53.73136,2
48.26860088000001,47.817417,2
49.11285182000006,46.841736,2
49.19488430000001,49.201878,2
51.31747472000001,50.74009,2
51.66611276000003,49.877865,2
47.96439710000004,51.476547,2
48.401903660000016,47.795067,2
48.51469831999998,49.2652,2
45.831552620000025,45.86818,2
53.15978749999999,51.15727,2
48.64800109999999,46.514194,2
51.38583512000002,53.141495,2
52.01816882000003,50.406326,2
50.28352367000002,50.047012,2
52.647084500000005,50.859116,2
51.040615100000025,50.589657,2
49.403383520000034,49.515396,2
45.95118332000004,48.47273,2
50.811607760000015,51.444004,2
46.16310056000003,48.926697,2
48.84966428000001,50.781075,2
53.887825760000055,53.281,2
51.71225603000005,50.445408,2
51.753272270000025,50.757004,2
50.57747339000002,50.928055,2
52.194196850000026,51.521908,2
49.08550766000002,46.458424,2
45.20263694000005,45.98942,2
51.16366382000001,51.484352,2
51.94809941000005,51.283623,2
49.56232145000001,49.451473,2
54.54750361999999,54.173607,2
48.43950188000002,49.040447,2
48.07377373999998,50.468014,2
48.894098540000016,52.04487,2
51.55673611999998,51.21054,2
48.40361267000003,44.49602,2
46.467304340000055,45.06996,2
47.70804560000005,48.802856,2
53.96302220000001,52.910786,2
54.626118080000026,53.702595,2
45.41797220000001,46.524544,2
49.68366116000004,48.918194,2
49.63239085999999,49.940178,2
50.73641132,49.384514,2
49.24957261999998,50.34946,2
49.13677796000002,51.57698,2
51.11922956000001,50.775867,2
53.38537682000003,51.708374,2
49.21539242000006,47.951252,2
50.743247360000055,50.877773,2
49.208556380000005,51.161224,2
53.740850900000055,51.103703,2
46.15626452000004,47.885574,2
48.072064729999965,48.303802,2
50.76717350000001,51.92938,2
44.45921758999998,44.617165,2
50.91073033999999,51.25961,2
52.08311120000002,51.674004,2
48.13188008000003,49.13369,2
50.05280732,51.285515,2
51.29183957000004,52.20583,2
51.83017772000005,48.245113,2
53.92200595999998,53.152435,2
50.19294614,50.64072,2
47.584996880000006,48.928947,2
48.93169676000002,48.951393,2
50.16560198000002,50.341595,2
47.98148720000006,48.871403,2
50.19978218000006,50.066254,2
51.20468005999999,50.695,2
52.547961920000034,51.363617,2
50.94491054000002,51.126144,2
46.52199266000002,46.966427,2
47.91654482000001,49.58685,2
48.38652257000001,48.28743,2
52.00449674000004,51.574142,2
50.339921,51.345352,2
49.97077483999999,51.75229,2
42.78951482000002,46.005573,2
53.64172832000003,50.752243,2
51.78916148000002,51.135925,2
50.72615726000004,51.219784,2
54.29115211999999,53.11113,2
48.88384447999999,51.096046,2
53.8946618,51.08471,2
50.35701110000002,51.218388,2
46.36305473000005,46.221508,2
47.13040022000001,47.695694,2
43.32956198,45.619488,2
48.84282824000002,46.56546,2
47.15432636000003,47.156155,2
49.93659464000007,53.716904,2
51.93271832000005,51.3795,2
46.72878287000003,49.797535,2
47.52347252000004,47.241783,2
45.42139022000004,47.549732,2
48.99322112000005,47.77766,2
47.96439710000004,52.215588,2
50.975672720000034,47.952656,2
52.24375814000001,50.520546,2
48.72661556000003,49.45152,2
44.742913250000015,45.79643,2
50.56551032000005,51.33091,2
48.53862446000005,51.311714,2
52.92394411999999,52.20799,2
52.29844646000004,52.147423,2
43.58762249000006,44.65882,2
48.02250344000004,50.496086,2
46.98684337999998,47.70576,2
46.86037664000003,47.50596,2
49.99128296000004,49.212696,2
53.92200595999998,52.53306,2
49.04449141999999,48.52303,2
53.10168116,52.917824,2
45.21972704000001,50.559315,2
49.96393880000005,49.542263,2
53.610966140000016,53.96065,2
49.03423736000002,48.491405,2
51.79941554000004,49.638252,2
49.94001265999998,51.808,2
47.32010033,49.178123,2
49.05474548000001,50.95499,2
51.50546582000004,51.063976,2
54.49281530000002,51.263916,2
49.71784136000002,48.18494,2
53.56994989999998,50.863937,2
50.392900310000016,49.066692,2
50.03229920000001,50.527393,2
49.70416928000003,48.762405,2
48.83257418000005,46.87972,2
49.20172034000007,50.54376,2
51.03377906000003,51.15088,2
49.17437618000002,49.073368,2
44.02000201999999,46.06769,2
46.28273125999999,46.702614,2
46.59377108000001,47.383907,2
50.67317794999997,51.2429,2
50.78426360000003,50.33933,2
50.50398596000002,50.856647,2
49.28033479999999,52.23764,2
49.13335993999999,48.179447,2
50.05964336,49.32793,2
51.05428718000002,51.919003,2
47.279084090000026,49.910095,2
52.50352766000003,52.183346,2
45.48633259999997,48.131462,2
49.16924915000004,50.403225,2
51.80625157999998,50.194016,2
49.97077483999999,47.82449,2
44.52586898000004,45.44264,2
48.540333470000064,48.574326,2
54.52357748000003,52.293026,2
51.891702080000016,47.897564,2
48.70610743999998,51.814297,2
48.00199531999999,49.492306,2
53.60413010000002,51.286602,2
52.28135636000002,51.75786,2
48.22074859999998,49.166813,2
52.77355124000002,50.997307,2
45.68799578000005,45.79643,2
47.28421112000001,48.62432,2
50.00153702,50.50668,2
44.669425820000015,46.59643,2
53.48108137999998,54.173607,2
46.315202450000015,46.581272,2
51.85239485,51.6195,2
52.99572254000003,51.52433,2
51.64560463999999,51.233967,2
48.577931690000014,49.257576,2
48.945368840000015,52.8444,2
45.36670190000001,45.769157,2
46.86379466000005,47.549065,2
49.900705430000016,50.938942,2
48.21049454000001,50.1705,2
45.03515396,49.424267,2
54.54066757999999,50.58431,2
47.48074727,49.647816,2
45.29834149999999,48.065296,2
49.649480960000005,50.757904,2
48.28569098000003,48.37995,2
51.69687494000004,51.729225,2
48.11820799999998,45.775177,2
54.366348560000006,54.111534,2
48.61040288000004,48.512745,2
54.83119928000002,53.977856,2
48.44291989999999,51.2697,2
47.91996284000004,49.70888,2
53.860481600000014,52.660496,2
53.00939462000002,51.211315,2
47.73709876999999,48.67949,2
47.80033214000002,48.84641,2
49.04278241000003,47.929073,2
48.55913257999998,50.83982,2
50.99105381000004,50.52307,2
47.80375016000005,49.520176,2
54.219373700000006,53.25575,2
45.78370034,47.79237,2
46.976589320000016,50.195,2
52.44542132000004,48.063923,2
54.96792008,52.162876,2
51.741309200000046,50.36286,2
54.19202954000002,54.01648,2
52.94787026000006,48.580074,2
48.31987118000001,49.43023,2
54.595355900000015,53.504578,2
50.7500834,51.220345,2
51.54990008000004,51.025017,2
52.42491319999999,48.985832,2
52.14805358000001,52.53191,2
42.19819736,43.68727,2
49.11968786,51.934128,2
43.22702138,43.68727,2
49.71100532000003,50.307293,2
48.68559932000005,52.822784,2
50.96883667999998,48.656414,2
50.36042912000005,52.445564,2
49.758857600000056,51.72639,2
52.438585279999984,52.08916,2
50.65779686000002,50.25313,2
48.24809276000002,49.80726,2
51.97031654,51.49289,2
54.16810340000001,52.31827,2
53.58704,51.279312,2
44.980465640000034,46.75668,2
52.10703734000003,50.83899,2
48.19682246000002,49.103645,2
50.5450022,51.296932,2
49.39825649,50.574783,2
49.010311220000006,50.415176,2
47.48416529000002,50.246597,2
49.50934214000006,49.785168,2
50.319412880000016,50.504616,2
52.11045536000006,50.122166,2
49.875070280000045,50.54297,2
47.73538976000003,47.11541,2
52.47960152000002,52.35607,2
51.11922956000001,51.4856,2
51.51401086999999,50.419422,2
50.50398596000002,48.205105,2
45.83838866000002,50.438114,2
48.74028764000002,50.683025,2
53.286254240000005,52.21061,2
45.87940490000005,49.10474,2
52.70177281999997,51.87873,2
50.78426360000003,49.708706,2
49.89557839999998,49.17511,2
50.33821199000005,51.23622,2
48.96245894000003,50.327156,2
46.18360868000002,47.013138,2
53.679326540000034,52.542892,2
45.42822626000003,48.820892,2
48.665091200000006,47.699875,2
49.62897284000002,52.225872,2
52.353134780000005,49.357727,2
45.36157487000003,46.936905,2
51.18075392000003,51.20728,2
52.8521657,51.873203,2
46.323747500000025,44.978275,2
51.46786759999998,50.02908,2
50.31086783000001,49.04903,2
50.29548674,50.99879,2
50.73470230999999,49.262825,2
48.97954904000005,51.25129,2
45.409427150000056,45.634857,2
49.85798018000003,50.32094,2
52.39756904000001,49.971897,2
54.27577102999999,53.316338,2
51.62167850000003,51.475155,2
50.17585603999999,51.214836,2
51.35849096000004,51.281178,2
50.789390630000014,51.008522,2
53.99720239999999,51.520912,2
46.02637976,49.121777,2
52.141217540000014,51.53607,2
48.309617119999984,48.38257,2
48.88726250000002,50.72464,2
47.17996151,45.94962,2
48.75737774000004,47.063587,2
53.65881841999999,52.505966,2
49.22735549000004,49.901978,2
50.11091366000005,49.075737,2
50.370683180000015,50.737267,2
52.62999439999999,51.98599,2
47.91483581,46.2481,2
48.155806220000045,49.552814,2
51.46103156000004,51.566826,2
48.07548274999999,51.704735,2
45.39062804000002,47.7673,2
53.363159689999975,51.893394,2
46.79543425999998,48.498123,2
45.36670190000001,45.66083,2
49.437563720000014,49.96687,2
52.88463689000002,51.834785,2
53.23840196000003,51.366646,2
43.67478200000005,47.74212,2
48.25151077999999,49.505352,2
51.81308762000003,53.910282,2
47.092802000000006,46.734886,2
49.53497729000003,50.38168,2
52.02671387000004,51.235394,2
48.34892435,50.069904,2
46.56984494000005,48.459538,2
50.664632900000015,50.56022,2
51.98398861999999,50.992165,2
53.37512276000001,53.9528,2
48.88384447999999,50.614887,2
48.302781080000045,49.47092,2
49.59479264000004,50.328,2
44.74462226000003,50.00531,2
47.13381823999998,48.793785,2
46.320329480000055,48.274586,2
50.33308496000001,51.165577,2
51.394380170000034,50.58244,2
46.99026140000001,51.40266,2
50.80989875,50.498417,2
51.14657371999999,51.538483,2
54.08948894000002,52.983665,2
50.23054436000001,50.833603,2
47.33206340000004,49.478306,2
47.84818442000005,49.624317,2
49.37945738000002,48.639984,2
48.60356683999999,48.96788,2
45.54785695999999,45.914074,2
44.428455410000026,45.24894,2
54.67397036,52.48791,2
49.66998908000005,48.55239,2
48.46342802000004,50.112545,2
51.96006248000003,51.160892,2
50.13142177999998,44.693295,2
50.22712634000004,51.809246,2
46.357927700000005,45.05312,2
50.36726515999999,51.675655,2
50.76375547999999,50.015682,2
48.22929364999999,50.990086,2
46.34083759999999,44.62724,2
50.38435526000001,49.27297,2
48.17973236,51.866882,2
50.06989742000002,50.025387,2
46.95266318000006,49.358295,2
47.36624360000002,48.79881,2
47.30471924000005,50.94233,2
50.090405540000006,49.873028,2
54.51674144000003,51.298286,2
54.28089806000003,53.82397,2
48.74199665000003,51.49246,2
54.76283888,54.246037,2
51.81308762000003,50.769276,2
51.56015414000001,50.3636,2
45.64014350000002,47.291126,2
52.578724100000045,49.885838,2
49.85798018000003,48.96484,2
48.93169676000002,48.899567,2
53.04015679999998,51.71008,2
48.15238820000002,50.698296,2
49.47857996000005,48.52134,2
50.93294746999999,50.55736,2
53.55627781999999,47.856865,2
45.25048922000002,45.678345,2
52.32920864000005,50.400017,2
48.39848563999999,50.265656,2
52.10361932000001,50.88738,2
49.63922690000004,50.033867,2
47.814004220000015,47.275578,2
48.54887852000002,51.314342,2
49.615300760000025,48.55051,2
52.22666804000005,51.20919,2
47.46707519,49.13676,2
47.83109431999998,50.36822,2
52.13096347999999,51.073013,2
51.40292522000004,50.058952,2
49.14874103,47.550686,2
51.368745020000006,51.46408,2
53.01793967000003,52.70274,2
49.59137462000001,47.99408,2
47.256866960000025,48.36822,2
51.49521176000002,48.75696,2
47.98148720000006,50.34637,2
44.60448344000002,46.560562,2
53.21960285000006,49.62157,2
52.48301953999999,52.301632,2
53.98353032,51.632286,2
48.72661556000003,51.32556,2
51.93613634000002,51.19007,2
45.95118332000004,46.74831,2
53.41272098000002,49.45947,2
49.45807184,51.600376,2
47.41922291000003,51.367565,2
49.24957261999998,50.878506,2
50.15876594000002,47.330723,2
51.80966960000001,49.85459,2
45.40600913000003,45.040295,2
51.06454124000004,50.922516,2
49.82379997999999,49.966526,2
54.53383154000005,50.785538,2
54.06898081999998,51.119587,2
49.36236728000006,48.969704,2
48.58989475999999,48.79159,2
54.59877391999999,52.49697,2
48.64629208999997,50.957565,2
50.63387072,48.489418,2
48.26005583,51.17308,2
44.66771681,43.68727,2
50.80818973999999,50.889484,2
48.972713,49.14407,2
52.09336526000004,50.298054,2
48.24467474000005,48.610962,2
49.82379997999999,51.85256,2
49.451235800000006,47.94042,2
46.79714326999999,47.700962,2
54.20057459000003,53.25225,2
48.67705427000004,47.95601,2
45.93751124000005,48.47857,2
49.57086650000002,49.002182,2
49.57941155000003,50.51601,2
54.19886558000002,51.157307,2
54.88246958000002,52.542965,2
48.17973236,48.16109,2
50.45271566000002,49.38189,2
48.31474415000002,50.576134,2
49.79303779999998,50.451454,2
49.05303647000005,49.973206,2
49.80670988000003,51.34422,2
52.81114946000002,51.195515,2
45.34619378000002,45.209026,2
45.192382880000025,45.925266,2
49.41363758,50.455963,2
50.25105248,50.18641,2
47.82084026000001,46.596603,2
51.69687494000004,51.311245,2
50.025463160000015,50.547123,2
47.73880778,48.513863,2
47.68582846999999,46.930584,2
50.05964336,49.38326,2
53.023066700000015,50.12687,2
52.61461330999998,50.525482,2
51.9122102,49.573776,2
46.07081402000006,48.312553,2
49.63239085999999,47.160286,2
51.34481888000005,51.196243,2
47.14236328999999,46.520752,2
48.78813992000005,48.86517,2
49.71784136000002,50.271046,2
50.859460040000045,50.88216,2
48.32670722,50.30336,2
48.43608386000005,51.056118,2
45.041990000000055,46.29252,2
45.66236062999997,49.923496,2
49.93659464000001,51.586037,2
50.15705693000007,50.518284,2
49.27349876000005,48.233715,2
49.85285314999999,47.908535,2
50.64583379000004,51.236412,2
53.46057326000005,54.00526,2
49.76740265000001,50.526394,2
47.18679755000005,48.220814,2
47.31155527999999,48.32023,2
44.57713927999998,47.201244,2
49.85285315000005,46.732166,2
54.499651340000014,50.84015,2
49.7588576,50.720337,2
48.58647674000002,48.62582,2
49.58282957000006,50.684483,2
53.87586269000002,54.05936,2
48.64800109999999,50.85416,2
51.54819107000003,50.600716,2
46.292985320000014,46.043007,2
53.99378438000002,52.255024,2
49.02398330000005,50.613697,2
53.54089672999999,53.156475,2
48.2378387,48.449535,2
49.994700980000005,49.466507,2
44.24900936000006,49.269154,2
53.34436058000006,51.583633,2
45.93751124000005,47.093178,2
50.517658040000015,51.487774,2
47.33206340000004,46.77381,2
51.05086916000005,50.442116,2
47.85160244000002,48.842987,2
52.10020129999998,52.152546,2
52.41295013000001,49.873585,2
49.92121355,51.32361,2
52.318954580000025,51.585224,2
49.74518552000001,46.906162,2
49.27349876000005,49.21576,2
51.173917879999976,52.043488,2
51.18588095000001,50.77402,2
48.90606161,49.152504,2
50.06989742000002,50.614384,2
50.58601844000003,53.053646,2
49.81696394000005,50.167683,2
47.06033080999998,46.6095,2
53.37854077999998,52.187664,2
52.73595302000001,51.549503,2
54.154431320000015,53.21704,2
52.59752321000002,51.317963,2
52.36338884000003,51.43954,2
52.48985558000004,50.43123,2
50.54329318999999,50.618065,2
51.399507200000016,49.257027,2
54.11854211000002,54.12798,2
50.32283089999999,47.77595,2
49.533268280000016,49.168434,2
51.900247130000025,51.041775,2
49.84772612,49.337494,2
49.59821066000001,50.36379,2
48.38139554000003,47.755085,2
52.81798550000002,53.70403,2
51.74814523999999,51.053684,2
46.405779980000034,49.28375,2
52.56847004000002,51.253628,2
50.19636416000003,49.828785,2
54.63979016000002,52.19084,2
49.35211321999998,51.59848,2
51.35165491999999,50.24915,2
49.70416928000003,50.44136,2
50.12800376000001,51.455322,2
49.29400687999998,48.49098,2
51.38925314000005,51.375782,2
45.93238421000001,47.935593,2
53.45886425000003,52.168774,2
53.97840329000008,51.90219,2
52.038676940000016,50.61258,2
49.41876461000004,51.913338,2
49.14703201999998,46.48348,2
46.98684337999998,46.37556,2
48.27201890000004,48.4554,2
53.02990274000001,51.25017,2
50.45613367999999,50.69951,2
50.55696526999998,50.283558,2
49.56232145000001,48.454838,2
49.27862579000004,50.493633,2
46.47755840000002,48.47061,2
50.016918110000006,50.97538,2
49.9126685,50.17807,2
50.40486338000005,51.179295,2
44.871088999999984,47.009113,2
49.0752536,50.271275,2
43.83542893999999,45.147923,2
47.77640600000001,48.454063,2
48.50102623999999,50.342842,2
51.78916148000002,51.602493,2
52.431749240000045,51.631294,2
46.89797485999998,47.933266,2
44.83861781000002,45.767014,2
51.31063868000001,50.67893,2
51.81308762000003,51.311047,2
49.03081934,50.3984,2
50.53816616000006,50.55378,2
48.09428186000002,50.508644,2
53.39563088,52.765522,2
53.4844994,52.692196,2
50.42878952000001,49.604595,2
50.016918110000006,51.200798,2
47.04836774,47.77438,2
48.75737774000004,50.354233,2
52.39073300000001,51.22594,2
49.23590053999999,49.211063,2
49.53155927,47.7151,2
50.70906716000002,51.741478,2
48.60356683999999,49.17245,2
46.79201624000001,50.050106,2
49.02056528000003,48.938663,2
50.927820440000005,51.251007,2
47.81742224000004,45.971336,2
47.67386540000001,48.9524,2
52.25743022000006,52.002537,2
50.811607760000015,51.332035,2
54.38343866000002,51.250385,2
50.16731099000003,50.876667,2
48.86675438000003,51.143856,2
51.013270939999984,51.328735,2
50.98250876000003,49.491653,2
52.33604467999999,52.171192,2
53.49133544000006,54.149986,2
50.00153702,49.57992,2
44.38060313000005,48.132404,2
50.05793434999998,50.50313,2
49.65631700000006,50.74211,2
47.03469566000001,46.638767,2
49.85456216,51.607033,2
53.29309028,51.459362,2
53.52893366000001,54.02455,2
51.58066226000005,49.077816,2
48.77959487000004,51.407696,2
51.334564820000026,50.656197,2
49.01372924000003,50.66547,2
53.21105780000005,51.397354,2
50.74837438999998,49.73254,2
54.19202954000002,50.27173,2
47.35598954,45.047993,2
52.09336526000004,50.37433,2
46.11866630000003,49.66147,2
53.60413010000002,51.40495,2
49.96735682000002,50.613167,2
45.792245390000005,47.720657,2
49.77936571999999,51.069004,2
51.01668896000001,51.525352,2
52.11045536,51.043823,2
54.01429250000001,49.851646,2
49.70075126,50.360424,2
48.401903660000016,49.6705,2
48.150679190000005,48.64482,2
54.29457014000002,51.96808,2
51.22860620000006,51.326122,2
49.60846472000003,50.633476,2
52.82823956000004,51.325874,2
52.15830764000003,50.619606,2
48.630911000000026,49.108395,2
43.74656042000004,47.15755,2
51.94639040000004,49.722477,2
52.17197971999997,48.921722,2
50.63387072,50.49679,2
49.57770254000002,47.35357,2
48.51982535000002,46.57936,2
53.42126602999997,50.951077,2
49.39312946000001,50.53057,2
49.92804959,49.46695,2
49.70246027000002,50.23191,2
49.86310721000007,50.227818,2
49.244445590000055,49.41732,2
50.10578663000001,48.3057,2
47.86014749000003,51.91176,2
54.16468538000004,48.209076,2
47.09792902999999,47.93288,2
48.61723891999998,49.26862,2
49.56061244,49.709568,2
45.77686430000006,47.01989,2
50.20320019999997,50.703835,2
44.75487632,46.02375,2
54.50648738000001,51.20316,2
47.53030855999998,50.162743,2
48.87700844000005,50.001064,2
46.590353059999984,47.8499,2
51.179044910000016,50.49354,2
52.38731498000004,50.704468,2
46.42628810000002,48.437855,2
48.47197307000005,46.783596,2
49.808418889999984,51.14005,2
49.82038196000002,49.63855,2
51.09188540000002,50.40627,2
50.90389430000005,49.43707,2
49.25469965000002,50.621105,2
51.43539641000001,51.214836,2
54.39027470000002,54.020405,2
48.63262000999998,49.730118,2
47.08938397999998,48.439354,2
49.02740132000002,48.034016,2
49.46319886999999,52.03848,2
53.96985824000001,54.01648,2
49.41876461000004,48.318344,2
49.69220621,50.444668,2
47.67044738000004,47.739025,2
47.01418754000002,47.617573,2
48.61894792999999,50.72799,2
43.75168745000002,45.22452,2
47.205596660000026,46.269245,2
48.16606028000001,47.462627,2
49.63922690000004,50.821,2
48.73686961999999,47.991066,2
50.82527984000001,51.658985,2
53.19054968,50.977047,2
46.604025139999976,49.476982,2
52.77355124000002,51.428154,2
43.87302715999999,45.48658,2
50.47322378000001,51.707844,2
49.23590053999999,46.74149,2
50.95003757000006,48.218513,2
48.83257418000005,47.853157,2
51.420015320000005,50.894165,2
51.53964602000002,51.11589,2
52.73595302000001,51.23268,2
49.03423736000002,48.370426,2
47.73538976000003,50.760567,2
53.39221286000003,52.84918,2
50.47664180000004,48.398064,2
54.58168382000002,50.89495,2
44.85058088000005,49.39485,2
52.52061776000005,54.156696,2
49.092343700000015,51.3802,2
51.66611276000003,51.088104,2
51.942972380000015,51.499107,2
50.49714992000003,47.376644,2
48.28569098000003,49.17677,2
48.59843981,49.25513,2
52.65050252000003,50.99828,2
46.13233838000002,46.572025,2
49.80670988000003,49.106586,2
54.46034411000005,54.031128,2
52.1172914,50.76287,2
49.40680154000006,46.86277,2
48.63432902,49.089806,2
51.26620442000001,51.145832,2
47.42093192000005,47.453457,2
49.79132879000002,49.230328,2
49.08208964000005,46.16619,2
44.90185118,48.6071,2
53.10851720000005,53.177963,2
51.72080108,50.89232,2
46.443378199999984,48.763195,2
47.87552858000004,48.34181,2
51.156827780000015,49.56204,2
49.46148986000003,49.520576,2
50.29206872000003,50.244022,2
52.318954580000025,51.42038,2
51.66611276000003,51.441128,2
49.07183558000003,49.55755,2
48.92998775000001,48.95611,2
53.20763978000002,51.75374,2
49.611882740000055,48.05049,2
51.33627382999998,50.967293,2
52.27793833999999,50.958588,2
53.35461464000002,53.528725,2
49.45123580000006,50.903164,2
50.25788852000005,51.265167,2
48.86162735000005,49.97676,2
52.448839340000006,51.12774,2
49.80841889000004,50.395466,2
51.91904624,51.23255,2
49.90241444000003,51.474655,2
50.47322378000001,51.340813,2
54.38856569000001,52.501865,2
53.713506740000014,52.57594,2
50.63045269999998,48.347546,2
49.092343700000015,49.27152,2
53.243528990000016,51.170986,2
52.95299728999999,51.595566,2
47.82938531000002,48.913006,2
54.34242242000005,50.97458,2
45.831552620000025,49.81557,2
48.60698486000001,48.86785,2
52.089947240000015,51.265697,2
51.95322643999998,51.20641,2
52.301864480000006,50.962738,2
45.82984361000001,47.877865,2
49.8101279,49.388943,2
45.529057850000015,48.923428,2
49.74176750000004,48.738674,2
47.89945472000005,48.812973,2
50.98250875999997,50.247517,2
50.33650297999998,51.865963,2
48.68389031000004,51.982635,2
48.90777062000001,46.95175,2
48.80864803999998,47.991066,2
48.72148852999999,49.80473,2
51.87461198000005,51.21603,2
47.27737508000001,48.370697,2
54.76967492000006,52.748554,2
50.107495640000025,50.15024,2
46.70314772000006,50.145226,2
46.94924516000003,49.760372,2
48.20024048000005,49.28467,2
52.19932388000001,52.000774,2
50.09724158000006,51.68719,2
50.57918240000004,50.417816,2
49.883615330000055,50.916584,2
49.51276016000003,51.096287,2
48.99493013,50.770054,2
54.70815056000004,53.43329,2
52.77355124000002,52.510803,2
52.34971676000004,51.255863,2
50.90731232000002,49.69748,2
50.90389430000005,51.017784,2
51.04745114000002,51.02052,2
47.67044738000004,47.235104,2
50.43733457000002,48.883713,2
48.029339479999976,49.21901,2
54.479143220000026,54.0127,2
48.57280466000003,51.550785,2
45.80762648000001,46.957024,2
45.28125140000003,49.400997,2
47.50980044000005,46.795033,2
48.20365850000002,47.167995,2
49.157286080000006,52.019825,2
47.38162469000002,46.44599,2
53.41272098000002,49.45947,2
52.19590586000004,48.353886,2
48.90093458000001,48.33497,2
49.25811767000005,52.338375,2
48.86675438000003,51.236134,2
48.600148820000015,44.783768,2
49.69562423000002,50.616745,2
53.88440774000003,51.08059,2
53.90149784000005,52.439598,2
49.06158152,50.48393,2
50.01520909999999,50.983902,2
47.94388898,51.513306,2
49.19830232000004,50.848484,2
48.88726250000002,46.352993,2
52.64879351000002,51.332333,2
50.83211588000006,47.769814,2
50.44929764000005,51.483494,2
45.24023516,46.941322,2
53.13244334000001,50.604034,2
47.71317263000003,48.64482,2
44.173812920000046,46.31561,2
52.154889620000006,51.274723,2
50.31257684000002,47.689434,2
50.54158418000003,49.64254,2
48.75908675000005,50.07405,2
49.965647810000064,50.45736,2
43.81662983000001,44.944225,2
51.75839930000001,51.657043,2
45.84864272000004,46.40097,2
51.795997520000014,51.28357,2
50.172438020000016,51.07053,2
48.35405137999999,49.488083,2
52.96496036000002,51.406258,2
52.95299728999999,50.81975,2
48.35063336000002,50.44511,2
49.80670988000003,50.094112,2
53.34777860000003,53.11113,2
53.10851720000005,51.541378,2
46.34767364000004,49.344814,2
49.02740132000002,50.453365,2
46.85183159000002,51.22314,2
49.75543958000003,50.58812,2
50.78426360000003,50.85628,2
50.70564913999999,51.207024,2
45.96485540000003,45.00874,2
49.71442334000005,49.92075,2
53.877571699999976,52.43348,2
52.95128828000003,51.41098,2
54.34242242000005,51.632263,2
46.33912858999997,48.84296,2
50.00495504000003,51.266907,2
49.994700980000005,52.56433,2
53.35461464000002,51.07768,2
51.11581153999998,51.03223,2
49.66998908000005,48.037193,2
51.10213945999999,51.512768,2
50.71932121999998,51.18302,2
50.00837306000005,47.35039,2
53.286254240000005,52.371143,2
49.78278374000001,51.265697,2
49.32306004999998,50.865643,2
47.27224805000003,49.637096,2
54.22962776000003,51.53208,2
50.38777328000003,51.087727,2
48.50102623999999,50.86617,2
49.72125937999999,51.49675,2
45.46924250000001,48.886078,2
47.34402647000002,48.978325,2
49.95710276,50.558582,2
53.56311386000005,53.098347,2
54.31507826000001,52.554943,2
51.03377906000003,51.396004,2
51.18075392000003,51.29934,2
44.71044205999999,46.457886,2
50.18781911000002,50.05742,2
49.22906450000005,49.05522,2
54.007456460000014,53.420216,2
51.006434900000045,51.065426,2
49.182921230000034,53.95658,2
50.10065960000003,49.223167,2
52.14805358000001,49.48924,2
52.70860886000003,51.530724,2
51.66611276000003,49.064304,2
54.444963020000046,51.384846,2
47.91654482000001,50.38306,2
50.10065960000003,47.96888,2
45.23681714000003,47.15755,2
48.16947830000004,50.36955,2
50.05964336,50.50373,2
45.57178310000006,48.938557,2
49.09917974000001,51.180527,2
49.39825649,51.186417,2
49.94684870000003,53.108578,2
49.581120560000045,51.256004,2
48.13188008000003,48.053303,2
48.68559932000005,47.72764,2
50.738120330000015,51.185955,2
53.01623066000002,51.75396,2
51.35849096000004,51.980247,2
45.95460134000001,47.97823,2
53.139279380000005,54.06725,2
50.738120330000015,49.0873,2
54.010874479999984,53.64198,2
54.59706491000003,51.46731,2
53.12560730000001,51.40705,2
50.98250876000003,49.468803,2
49.05987250999999,49.79751,2
50.43904358000003,51.717167,2
48.26518285999998,49.84393,2
54.07581686000003,51.126575,2
51.26791343000002,51.557793,2
46.98342536000001,47.560257,2
50.84920598000002,50.848362,2
45.66406963999998,46.327873,2
46.80227030000003,48.90566,2
44.82152771,46.510666,2
50.808189740000046,49.93922,2
51.32772878000003,51.06348,2
48.98296706000002,50.836975,2
43.69187210000001,46.162373,2
48.24125672000002,49.454422,2
52.93248917000005,51.101143,2
54.297988160000045,51.436054,2
51.00301688000002,49.910225,2
52.87950985999999,51.317215,2
52.53428984000004,51.059616,2
51.62680553000001,46.56625,2
52.547961920000034,51.102642,2
48.57280466000003,50.42951,2
48.56596862000004,51.468082,2
50.96883667999998,51.43601,2
46.12037530999999,48.45352,2
50.71248518000005,51.93289,2
52.74278906000001,51.015545,2
49.805000870000015,49.48491,2
49.58112055999999,50.341595,2
50.50398596000002,51.018677,2
47.969524130000025,51.300526,2
50.107495640000025,51.221695,2
50.591145470000015,49.43435,2
52.73595302000001,51.60085,2
53.35461464000002,51.36441,2
50.86971410000001,51.348953,2
50.54671121000001,51.239822,2
51.81992366000003,51.685562,2
46.764672080000025,48.047806,2
48.46684604000001,50.96952,2
46.06055995999998,47.010803,2
50.12458574000004,47.18607,2
48.98809409,48.969574,2
49.83405404000001,49.939697,2
49.54694036000001,48.25817,2
49.20513835999998,46.764675,2
54.68935145,52.942192,2
49.65289898000003,48.58467,2
49.533268280000016,51.069557,2
54.007456460000014,52.47159,2
52.94445224000003,51.57757,2
46.55104583000002,46.90794,2
49.170958160000055,50.963017,2
54.29115211999999,53.399555,2
48.38139554000003,45.66394,2
50.65437884000005,49.14883,2
52.42149518000002,54.169827,2
48.58305872000005,52.103714,2
53.54089673000004,50.837082,2
51.91562822000003,52.49151,2
52.05918506,51.399506,2
46.47755840000002,49.26511,2
48.07035572000001,47.713955,2
48.72319754,50.321037,2
46.11866630000003,47.88712,2
50.67146894000001,51.056664,2
49.96906582999998,49.67906,2
49.74176750000004,50.970184,2
53.52209762000001,51.333637,2
51.63535058000002,51.01165,2
51.94639040000004,51.01895,2
48.55571456000001,45.920464,2
53.17175056999997,51.301704,2
49.80670988000003,50.400745,2
49.33844114000004,46.54509,2
48.12162602000001,48.15031,2
51.72421910000003,51.666412,2
50.06306138000002,49.647453,2
53.52209762000001,51.89362,2
54.43470896000002,52.78807,2
49.96393880000005,50.246284,2
50.568928340000014,51.327946,2
48.83428319000007,51.99578,2
54.06556280000001,50.741756,2
53.32385246000001,51.338654,2
52.84191164000004,51.348217,2
52.66075658,51.315838,2
50.03571722000004,50.623466,2
52.09165625000003,51.42498,2
50.755210430000034,51.332676,2
47.590123910000045,51.4708,2
54.29457014000002,54.02077,2
47.76273392000002,46.05255,2
46.71340178000003,46.643173,2
53.03673878000001,52.72201,2
49.79987384000003,50.71319,2
53.7921212,53.752785,2
50.95516459999999,51.012215,2
52.77696925999999,53.4859,2
52.604359250000016,52.182026,2
46.04688787999999,48.58132,2
49.39654747999998,51.458897,2
49.72125937999999,51.59506,2
52.25743022000006,51.233757,2
49.26324470000003,49.974934,2
52.06943912000003,50.71319,2
54.83803532000002,50.895855,2
54.23304578,52.99813,2
52.236922100000015,53.198837,2
51.94468139000003,50.4984,2
45.03344494999999,44.110657,2
51.368745020000006,52.046543,2
50.466387740000016,50.527393,2
51.92588228,50.19626,2
50.17585603999999,49.317276,2
51.18588095000001,50.852436,2
48.0327575,50.3291,2
49.95881177000001,51.313477,2
51.69345692000002,51.457195,2
50.223708320000014,52.254425,2
51.93613634000002,51.67731,2
44.11912460000002,46.58998,2
49.929758600000014,50.688965,2
47.66019332000002,49.27471,2
47.79691412,48.739666,2
48.32328919999998,50.21119,2
49.95368474000003,51.604908,2
43.63034774000005,45.845566,2
47.13894527000002,47.54206,2
48.71977952000003,47.550526,2
49.78278374000001,50.966324,2
52.84191164000004,51.43784,2
51.00472589000003,50.133446,2
51.89853812000001,52.121822,2
49.47857996000005,49.39635,2
49.437563720000014,50.92393,2
48.52837040000003,49.220192,2
48.22074859999998,50.065647,2
46.03663382000002,47.588303,2
50.32283089999999,51.25126,2
54.59877391999999,53.56462,2
49.12652390000005,51.121483,2
49.36920332,50.795208,2
53.050410860000056,51.397808,2
48.93511478000005,49.86197,2
51.53622800000005,52.019405,2
49.42047362000005,51.458393,2
46.34425562000001,49.30894,2
48.92998775000001,48.866905,2
53.32043443999999,52.46209,2
52.021586840000055,51.21654,2
47.94559799000001,51.443394,2
47.731971740000006,48.08826,2
53.67590852000001,51.424202,2
49.29400687999998,48.43783,2
48.81890210000006,50.408554,2
51.032070050000016,49.22156,2
45.542729930000064,48.819637,2
49.61871878,51.1123,2
51.679784840000025,51.254402,2
46.77834416000002,47.19216,2
46.516865629999984,51.15132,2
49.85114414000003,51.037334,2
52.59752321000002,50.141476,2
48.56255060000001,50.408554,2
49.550358380000034,49.272923,2
46.16993660000003,48.804684,2
49.59137462000001,50.141052,2
50.58772744999999,50.87661,2
53.83313744000003,53.812164,2
47.17654349000003,48.25182,2
49.18121222000002,49.586178,2
49.564030460000026,46.94034,2
47.66019332000002,51.169697,2
48.11820799999998,48.650608,2
53.50500752000005,51.496147,2
54.46888916,50.9017,2
50.297195750000014,49.241894,2
45.51709478000004,49.118996,2
50.288650700000005,52.240463,2
54.25697192000001,52.676533,2
52.46763845000004,51.19832,2
49.71784136000002,49.795326,2
50.13142177999998,52.403824,2
43.840555970000025,45.52071,2
49.11285182,50.632454,2
49.52643224000002,50.109848,2
46.92873703999999,46.534203,2
49.43072768000002,49.258003,2
49.44439976000001,51.171333,2
48.61382090000001,51.248554,2
47.71146362000002,47.021187,2
45.47266051999998,47.298847,2
50.80477172000002,51.051243,2
51.86777594,51.908775,2
51.26962244000004,51.49141,2
48.224166620000005,49.049206,2
49.59991967000002,50.533253,2
54.19202954000002,50.137684,2
51.39608917999999,51.149075,2
51.02352500000001,50.55746,2
52.48985557999998,51.994816,2
48.77104982000003,49.639877,2
48.03617552000003,49.07659,2
53.863899619999984,52.952217,2
52.20957794000003,51.74531,2
49.67340710000002,50.68058,2
49.731513440000015,48.34864,2
51.355072940000014,50.505184,2
45.036862970000016,44.840054,2
52.00620575000005,51.620674,2
49.06670855000005,53.183666,2
53.20763978000002,52.324265,2
50.32624892000001,50.607887,2
54.13050518,51.245956,2
53.88953477000001,49.76348,2
45.03857198000003,48.565674,2
49.59137462000001,50.408806,2
50.23054436000001,50.833603,2
51.515719880000006,50.645035,2
53.790412189999984,51.168243,2
46.63478731999999,47.137936,2
51.19442600000002,50.06415,2
51.08846738,50.19659,2
47.11331012000005,48.826355,2
50.401445360000025,52.057102,2
48.54546049999999,50.22775,2
49.63239085999999,49.06047,2
51.040615100000025,50.52768,2
51.17049986000001,50.46786,2
51.73447315999999,49.893112,2
50.90902132999997,51.085777,2
47.24319488000003,49.31685,2
52.21299596000006,52.117683,2
52.26426626,53.701546,2
50.54158417999997,50.636463,2
49.18463024000005,48.32558,2
47.98832324,50.081177,2
53.13586136000004,51.221695,2
48.54887852000002,48.02934,2
49.878488300000015,48.42868,2
50.73641132,49.667377,2
48.51128030000001,47.983723,2
53.07775502000004,54.24189,2
52.90001798000003,49.84426,2
50.21003624000002,51.230644,2
50.94661955000004,49.438972,2
54.34584044000002,52.2931,2
46.84670456000004,47.228497,2
50.05793435000004,51.345493,2
47.2978832,51.5634,2
48.90777062000001,52.504578,2
50.879968159999976,52.786583,2
48.60698486000001,51.90373,2
49.437563720000014,48.841984,2
44.34300490999999,43.988743,2
49.649480960000005,48.69551,2
47.41067786000002,47.811417,2
49.892160380000064,51.2429,2
51.19613500999998,51.211926,2
53.744268920000025,52.194546,2
48.95562289999998,49.11662,2
54.417618860000005,50.90385,2
45.746102120000046,47.894676,2
53.80237526000002,53.0608,2
48.53691545000004,49.26097,2
47.33889943999998,49.056946,2
53.42639306000001,52.48341,2
48.46001000000001,50.07109,2
51.18246293000004,50.34686,2
43.58249546000002,47.304554,2
46.14430145000006,47.79152,2
45.571783100000005,47.132618,2
52.31211854000003,50.393642,2
48.42412079000002,48.504566,2
50.65437884000005,51.34457,2
48.21220355000003,46.818275,2
54.60731897000005,53.54462,2
46.64504138000001,50.165375,2
50.435625560000005,46.8405,2
45.90333104000001,50.490383,2
50.83211588000006,51.743717,2
46.64162336000004,47.20356,2
48.96587696000006,48.19194,2
50.58943646,50.117912,2
52.26426626,52.087692,2
49.86139820000005,50.547764,2
50.659505869999975,51.217102,2
50.681723000000034,49.194016,2
54.87905155999999,51.342743,2
49.36578530000003,46.621616,2
47.12356418000002,49.51026,2
46.83645050000001,46.07994,2
49.33502312000002,47.034115,2
51.12948362000003,50.110622,2
49.87165226000002,48.54722,2
46.71681980000005,47.010803,2
51.99424268000001,50.1002,2
46.67922157999999,48.86591,2
54.27748004,50.272255,2
46.09986719,47.16793,2
54.80385511999998,51.6223,2
49.13335993999999,49.242714,2
52.11045536000006,50.79266,2
49.68537017,50.89083,2
53.47766336000001,51.939255,2
47.28592013000002,49.16908,2
45.571783100000005,44.399124,2
45.067625150000026,44.853184,2
53.01793967000003,51.886166,2
48.67534526000003,51.345863,2
54.33045935000001,51.243942,2
50.54671121000001,50.858818,2
51.46786759999998,50.2007,2
49.58966561,51.47818,2
46.24513304000004,47.663437,2
47.20901468,46.374237,2
50.21687228000002,49.556747,2
48.50786227999998,49.85933,2
49.697333240000034,48.681133,2
53.49817148,53.816685,2
51.67465780999999,51.141663,2
54.297988160000045,52.097744,2
46.95949922,48.128708,2
51.90879217999998,51.344017,2
48.945368840000015,52.078693,2
49.13335993999999,48.576164,2
52.33946270000001,50.56066,2
49.67340710000002,49.131317,2
46.04005184000005,44.478405,2
47.95414304000002,47.901592,2
46.97317129999999,47.700424,2
52.32920864000005,49.699093,2
54.98159215999999,50.59679,2
50.958582620000016,50.015343,2
54.33900440000002,53.86845,2
48.95220488000001,51.207836,2
48.43608386000005,50.150455,2
48.32328919999998,50.451454,2
49.762275620000025,47.34235,2
54.371475590000045,54.112316,2
46.504902560000005,46.797546,2
45.57861914,45.884686,2
50.95174658000002,50.564392,2
47.15090834,44.86978,2
53.38879484000006,52.865387,2
50.38093723999998,51.41809,2
50.59285448000003,50.474216,2
48.57280466000003,48.105713,2
54.33558638,53.03265,2
48.401903660000016,51.080498,2
50.18269208000004,50.7321,2
45.814462520000006,46.087128,2
50.15876594000002,51.35038,2
50.512531009999975,50.839314,2
49.30084292000004,51.365,2
46.85695862,46.485416,2
50.7500834,50.554184,2
47.50125539000004,49.63184,2
49.31109698,48.53111,2
49.49908807999998,48.896946,2
51.20468005999999,50.607887,2
50.370683180000015,50.39975,2
50.48689586,50.960003,2
45.34619378000002,47.02394,2
50.36726515999999,48.563015,2
49.40680154000006,52.566666,2
50.75350142000002,49.741158,2
53.73401486,52.499268,2
52.55137994000006,50.691143,2
51.62167850000003,49.251286,2
50.37922823000002,50.798172,2
54.626118080000026,53.17242,2
48.92827874,49.514175,2
47.62601312000004,48.30755,2
50.09382356000003,49.868473,2
51.888284060000046,50.856552,2
51.3824171,49.8431,2
50.811607760000015,50.93256,2
48.11820799999998,49.51771,2
48.71294348000004,48.44261,2
49.48199798000002,49.661686,2
49.10772479000002,51.624374,2
49.98444691999998,50.90046,2
46.89797485999998,47.016273,2
50.95687361,51.266907,2
48.29594503999999,50.61449,2
49.31451500000003,50.702606,2
49.63239085999999,50.170376,2
52.87950985999999,52.0003,2
45.46240646000001,48.787857,2
50.63387072,50.55674,2
51.29013056000002,51.403233,2
47.88578264,49.217644,2
49.464907880000055,49.785168,2
51.23202422000003,51.853848,2
47.12698220000004,45.98562,2
48.155806220000045,47.6012,2
54.23304578,53.868084,2
50.87142311000002,50.36003,2
49.91608652000002,50.711002,2
49.8101279,50.074093,2
48.70952546000001,51.37788,2
49.00005715999998,50.56227,2
49.533268280000016,51.509964,2
52.63170341,51.00791,2
50.25105248,51.395203,2
48.67192724000006,50.427258,2
46.96291724000002,48.43694,2
47.055203780000056,47.709908,2
52.56334301000004,51.979618,2
52.992304520000005,51.576,2
48.41899376000004,50.20899,2
49.65289898000003,49.296783,2
50.02888117999999,50.383915,2
53.99036636000005,49.324776,2
50.36555615000003,51.584145,2
53.77503109999998,51.520573,2
51.79257949999999,50.599617,2
50.21858129000003,51.788616,2
49.49225204000004,51.5615,2
47.85843848000002,49.18754,2
49.34185916000001,49.748516,2
49.98957395000002,51.541782,2
52.14463555999998,52.082363,2
49.96735682000002,48.37654,2
49.59991967000002,48.92525,2
44.42674640000007,46.75123,2
48.05326562000005,48.17627,2
53.65198238000005,53.466694,2
49.188048260000016,51.225353,2
50.72615726000004,51.12123,2
50.169020000000046,51.18054,2
47.59183292,49.49518,2
54.270644,51.872524,2
51.09017639000001,50.84972,2
54.103161020000016,52.286922,2
45.84864272000004,44.41345,2
48.94878686000004,50.90507,2
54.31166024000004,52.815166,2
52.609486280000056,51.693516,2
51.009852920000014,50.15291,2
48.50273525,50.56619,2
52.85900174000005,48.87098,2
53.61438415999999,50.43735,2
48.81548408000003,46.964516,2
52.84532966000006,50.928444,2
50.15192990000003,50.748867,2
50.75350142000002,49.49759,2
51.037197080000055,48.21843,2
49.39654747999998,46.594494,2
53.14098839000002,51.049328,2
49.35211321999998,49.640224,2
47.615759060000016,48.700153,2
50.30915881999999,51.54819,2
45.893076980000046,48.502766,2
50.24079842000003,49.507206,2
48.49760822000002,49.055653,2
51.90195614000004,51.18884,2
48.06864671000005,45.93494,2
51.662694740000006,50.325264,2
47.51834549,46.736504,2
52.45909340000003,51.336227,2
47.32693637,47.555843,2
49.33673212999997,49.95887,2
53.105099180000025,50.345024,2
51.09530342000005,50.70604,2
47.97123313999998,48.73134,2
48.3403793,47.79816,2
48.46001000000001,51.805466,2
52.49327360000001,50.63476,2
50.7500834,50.70497,2
53.75110496000002,50.943375,2
50.69881310000005,49.277958,2
52.65733855999997,50.87379,2
51.53622800000005,49.45257,2
54.50648738000001,54.02455,2
50.42537149999998,51.15528,2
50.40828140000002,50.61313,2
52.56847004000002,50.687893,2
49.611882740000055,50.43235,2
45.26757931999998,46.944206,2
49.343568170000026,51.27155,2
44.259263420000025,49.161636,2
47.76273392000002,47.692085,2
41.64960515000001,44.461884,2
49.48883402000001,50.328213,2
51.888284060000046,50.526176,2
52.353134780000005,51.830044,2
50.43904358000003,50.407585,2
50.08015148000004,47.250763,2
53.55627781999999,50.440296,2
50.83040687000005,51.655113,2
50.288650700000005,52.14584,2
52.25743022000006,50.969143,2
48.33867028999998,51.78209,2
49.170958160000055,49.9675,2
51.55673612000004,51.448284,2
50.76546449,50.56688,2
51.00472589000003,51.348217,2
50.40828140000002,50.595272,2
52.50352766000003,50.602028,2
50.780845580000005,50.418766,2
44.13279668000001,43.31363,2
54.76967492000006,53.883957,2
49.81696394000005,49.669037,2
48.58647674000002,49.11418,2
50.10065959999997,51.116398,2
48.82573814,47.95917,2
44.80956464000002,48.49724,2
46.82277842000002,44.77389,2
52.647084500000005,52.16812,2
43.97214974000002,46.90459,2
51.75669029000005,51.80518,2
50.35359308,49.062447,2
52.64366647999998,51.730392,2
48.69585338000002,50.428574,2
51.23202422000003,51.96443,2
46.36818176000003,47.506947,2
47.44144004000003,47.383698,2
42.09565676,44.459652,2
48.38481356,46.212547,2
44.73778622000003,45.658752,2
49.60846472000003,50.98969,2
48.483936140000026,50.114056,2
53.69641664000005,52.05592,2
49.62726383000006,50.672337,2
54.02796458,53.974075,2
48.51640732999999,51.287205,2
54.04163666,50.64666,2
50.370683180000015,50.757153,2
53.90833387999999,53.448692,2
51.49862977999999,51.758774,2
50.17927406000001,51.304993,2
49.71784136000002,50.229134,2
48.02933948000003,51.235394,2
50.24079842000003,49.992867,2
54.76625690000003,54.005627,2
51.32260174999999,49.072018,2
50.60994458000005,49.45456,2
48.254928800000016,49.288155,2
53.778449120000005,51.04572,2
50.23908941000002,50.13579,2
52.38047893999999,50.095123,2
45.77344628000003,44.847565,2
52.06260308000003,50.885696,2
51.00301688000002,51.68604,2
52.71202688000005,51.489727,2
50.24079842000003,48.961884,2
51.63364157000001,49.223984,2
52.41807716,49.862324,2
52.51378172000005,50.824608,2
51.122647580000034,52.208607,2
51.29354857999999,50.00986,2
39.54581384000005,43.86958,2
48.28739998999998,51.38865,2
54.02283755000002,50.744923,2
51.01839797000002,50.87183,2
49.528141249999976,49.166603,2
43.85935508,43.828682,2
47.318391320000046,45.600025,2
49.18121222000002,48.181087,2
53.580203960000006,53.11113,2
47.80375016000005,49.39866,2
50.25617951000004,49.65005,2
51.566990180000005,52.70658,2
53.79895724000005,51.53704,2
50.04597128,50.76776,2
49.360658270000044,48.138767,2
52.35655280000003,51.08041,2
50.95516459999999,50.98737,2
53.662236440000015,50.43024,2
50.98592678000006,51.83288,2
48.77446784000006,49.940483,2
54.45863510000004,53.82465,2
45.28466942,48.659798,2
48.53178842,46.92243,2
49.68707918000001,51.18246,2
51.65414969,50.009495,2
43.40134039999998,43.85948,2
49.34527718000004,49.97183,2
50.681723000000034,51.074383,2
51.98057060000002,51.77488,2
51.65244068000004,48.857925,2
52.02500486000002,50.982014,2
47.62772213,49.996315,2
54.06556280000001,51.311092,2
49.010311220000006,47.686775,2
49.10088875000002,51.21327,2
47.82767630000001,50.40126,2
47.34573548000003,47.736027,2
48.81206606000001,47.753174,2
48.21049454000001,51.363617,2
50.63387072,48.921795,2
44.85058088000005,50.37732,2
47.06545784000002,49.049583,2
45.99561758000005,50.59266,2
49.93317662000004,51.03507,2
50.90047628000002,49.464817,2
51.34823690000002,51.138653,2
50.66805092000004,50.473873,2
46.51857464,46.578144,2
51.90879217999998,50.54787,2
45.54785695999999,48.461494,2
48.569386640000005,49.284863,2
49.24957261999998,48.984417,2
49.95368474000003,51.34253,2
47.055203780000056,48.424957,2
51.43539641000001,51.531685,2
51.29696660000002,51.167633,2
51.597752360000015,51.447678,2
50.52791209999998,53.403336,2
51.10726649000003,51.168674,2
50.37581021,50.69021,2
41.32489325,43.68727,2
54.10999706000001,52.79277,2
51.86435792000003,51.066418,2
54.54066757999999,54.073822,2
53.973276260000034,54.080162,2
49.143614000000014,49.207153,2
50.00666405000004,50.16993,2
50.466387740000016,51.596066,2
48.01908542000001,47.044292,2
48.309617119999984,50.927246,2
49.50592412000003,49.59835,2
48.40361267000003,48.406483,2
51.37558106,50.6198,2
50.715903200000014,51.32556,2
46.86037664000003,46.111206,2
52.37022488000002,50.73533,2
47.16799844000002,46.42427,2
46.35109166000001,48.46981,2
49.88532434000001,47.98069,2
52.37706092000002,51.215244,2
53.70325267999999,52.74721,2
46.93557308000004,48.77833,2
48.07377373999998,47.77438,2
50.39802734,50.784546,2
49.17608518999998,49.357845,2
54.75942085999998,53.160892,2
46.62795128000005,48.040707,2
50.16560198000002,49.41455,2
50.223708320000014,49.95882,2
51.21493412000001,51.059597,2
52.19932388000001,50.87476,2
51.02010698000004,50.685524,2
48.651419120000014,50.147575,2
49.04790944000001,51.117268,2
48.39164960000005,50.272747,2
47.90970878000002,48.613087,2
49.32476906,50.503338,2
49.05645449000002,51.396915,2
45.35644783999999,47.131855,2
48.23442068000003,49.385147,2
48.54887852000002,48.96928,2
48.65825516000001,50.910152,2
54.103161020000016,54.01648,2
43.89353528000004,45.04751,2
54.328750340000056,52.47237,2
44.57030324000005,46.526302,2
51.77719840999998,48.671017,2
50.76375547999999,49.611732,2
49.49396105,49.840115,2
53.679326540000034,51.061543,2
47.51150945000006,47.82552,2
52.51890875000004,51.19228,2
50.315994860000046,49.946293,2
48.24467474000005,47.94893,2
50.180983070000025,50.209087,2
49.36920332,49.982067,2
46.28614928000002,49.34829,2
43.80466676000003,44.609287,2
52.206159920000005,50.09081,2
49.239318560000015,49.886322,2
49.55377640000006,50.03643,2
51.65244068000004,50.781414,2
49.77082067000004,48.47253,2
46.14259244000005,48.427242,2
49.355531240000005,50.106697,2
53.39563088,53.069447,2
46.20069878000004,45.961872,2
45.61279934000004,48.34756,2
46.78859822000004,46.96159,2
49.909250480000026,48.132793,2
50.91756638000004,50.60259,2
53.55285980000002,52.487682,2
50.13825782000004,50.94121,2
45.84864272000004,47.71789,2
51.45590453,52.0452,2
49.86481622000002,48.573994,2
45.987072530000034,47.060345,2
48.99663914000001,51.42903,2
47.75247986,46.793346,2
49.60846472000003,51.303078,2
49.157286080000006,51.19224,2
42.42036866000001,47.831802,2
51.72421910000003,49.75924,2
51.23544224,51.396633,2
48.79155794000002,48.878498,2
49.91095948999998,48.79028,2
51.29183956999998,49.683384,2
50.60481755000001,51.03171,2
45.486332600000026,48.923885,2
47.991741260000026,47.410675,2
46.95608120000003,49.92151,2
51.83017772000005,51.233433,2
46.11183026000003,46.985798,2
51.05086916000005,49.781834,2
48.162642259999984,52.147614,2
47.26370300000002,45.80242,2
52.17197972000002,51.141068,2
48.78472190000002,50.360867,2
48.66167317999998,49.868614,2
49.24957261999998,51.619835,2
47.85502045999999,48.820755,2
49.90583246,51.0705,2
45.70166786000004,47.74979,2
49.48541599999999,47.00052,2
46.95266318000006,48.89081,2
46.70998376,45.82075,2
50.07331543999999,51.150715,2
54.81410918000006,53.50596,2
49.96052078000002,50.098606,2
44.39256620000003,45.840668,2
50.14509385999997,50.51574,2
52.17539774,51.310875,2
44.52928700000007,44.63552,2
53.88098972,52.26724,2
47.14065428000004,47.17096,2
51.13802867000004,46.911407,2
51.81992366000003,48.77439,2
52.021586840000055,51.328735,2
47.12698220000004,46.201115,2
47.174834480000015,47.342278,2
50.13825782000004,51.12013,2
50.00495504000003,50.88872,2
52.62828539000003,51.075672,2
53.826301400000034,51.88643,2
45.127440500000034,44.583485,2
50.16560198000002,51.5689,2
50.44587962000003,50.51088,2
51.47641265000004,50.607597,2
51.41659730000004,52.201233,2
51.59091632000002,50.685577,2
50.83040686999999,50.015343,2
48.99322112000005,50.44289,2
50.79280865000004,49.808273,2
44.73095018000004,46.157845,2
47.29446518000003,47.793045,2
49.010311220000006,47.6534,2
49.15899509000002,49.908543,2
48.113080970000055,50.62871,2
48.57109565000002,50.237892,2
50.94149252,46.140804,2
51.43539641000001,51.176285,2
46.63649633,51.1465,2
54.292861130000006,49.61378,2
48.93169676000002,49.59051,2
54.75771185000002,52.536716,2
46.08790412000002,47.184616,2
48.85991834000004,50.31848,2
51.184171940000056,50.810856,2
49.42047362000005,50.59875,2
53.42297503999998,51.534206,2
49.63922690000004,49.423782,2
47.53714460000003,50.403446,2
49.51617818,48.891163,2
51.65585870000001,51.215244,2
50.97909074000006,51.866318,2
52.22154101000001,50.829723,2
48.79497595999999,49.8523,2
45.602545280000015,48.501873,2
49.49225204000004,47.696568,2
48.21903959000002,51.15546,2
49.00347518000001,51.470417,2
49.601628679999976,49.769516,2
47.21926874000002,50.42493,2
53.23840196000003,46.502327,2
50.76546449,51.1,2
51.973734560000025,51.71044,2
47.37649766000004,51.07978,2
52.44371231000002,49.711693,2
46.82790545,51.116394,2
46.04688788000004,46.286263,2
54.668843330000016,50.731266,2
51.08846738,48.815754,2
47.49612836000006,48.996334,2
51.037197080000055,50.838028,2
53.06408294000005,52.997787,2
51.50888384000001,49.950626,2
52.35655280000003,51.22662,2
51.94809941000005,50.89692,2
50.06306138000002,50.136772,2
52.462511420000055,51.36885,2
49.82038196000002,47.791973,2
49.49567006000001,47.240677,2
49.55719442000003,51.236958,2
50.34504803000005,50.147446,2
50.73470230999999,50.20583,2
53.89807982000002,51.262794,2
50.315994860000046,51.53621,2
46.79372525000002,48.20928,2
49.36578530000003,50.17822,2
49.79987384000003,49.38114,2
46.93557308000004,49.243717,2
50.64070676000006,50.99879,2
49.98615593000005,53.56694,2
50.77913656999999,49.838,2
47.47562024000001,48.06814,2
53.53235168000003,50.36452,2
51.28158551000001,48.954334,2
49.84943513000002,49.47674,2
50.90047628000002,49.0941,2
49.317933020000055,51.91216,2
48.32670722,50.276268,2
45.85889678000001,45.581486,2
49.48541599999999,51.408527,2
47.438022020000005,47.069916,2
49.05645449000002,51.107113,2
49.66828007000004,50.8847,2
47.24661290000006,45.46826,2
47.44827608000003,47.231213,2
51.72080108,51.32508,2
49.83063602000004,50.963425,2
52.438585279999984,51.364666,2
49.270080740000026,50.355137,2
52.58897816000001,51.86211,2
51.68320286000005,51.235394,2
47.412386870000034,47.376144,2
48.67192724000006,50.76212,2
50.43220754000004,50.755486,2
50.57576438000001,51.013416,2
53.71179773000006,51.884953,2
45.39917309000003,47.50239,2
54.70131451999998,50.461136,2
50.42195348000001,51.095036,2
47.55765272000002,47.6481,2
49.44781778000004,49.601864,2
47.11331012000005,47.759346,2
50.15705693000007,52.118305,2
48.14555216000002,47.67651,2
52.06260308000003,50.25358,2
54.07068982999999,52.14404,2
47.70120956000005,49.165344,2
54.68764243999999,54.024883,2
47.49954638000003,48.841076,2
50.80477172000002,50.7337,2
49.1777942,49.927006,2
47.02956863000003,47.25356,2
52.33604467999999,50.768566,2
52.64366647999998,53.963825,2
50.52107606000004,51.126125,2
51.23544224,48.620502,2
50.890222220000055,49.586178,2
51.73789118000002,51.416267,2
50.45955170000002,50.716846,2
50.45955170000002,51.146805,2
49.170958160000055,52.665764,2
52.78380530000004,51.22516,2
49.321351040000025,47.753174,2
50.38435526000001,49.602676,2
51.80283356000001,49.45001,2
52.88634590000004,50.86107,2
52.53428984000004,51.239174,2
50.52791209999998,49.72506,2
51.94639040000004,50.917736,2
52.45909340000003,51.91216,2
51.12606560000006,51.922565,2
49.50592412000003,47.921356,2
51.12948362000003,47.8492,2
51.57040820000003,51.36912,2
49.80670988000003,51.607708,2
50.15534792000005,51.10873,2
50.17585603999999,51.07917,2
50.26643357,51.06797,2
47.831094320000034,49.450405,2
50.62361666000004,50.184265,2
52.992304520000005,52.436405,2
47.65677530000005,49.620445,2
41.76410881999999,44.64569,2
52.66759262000005,51.53806,2
47.005642490000014,50.362118,2
51.87119396000003,49.527405,2
48.66850922000003,52.428925,2
52.45909340000003,52.76659,2
49.97248385,52.302402,2
54.22279172000003,53.816685,2
47.2466129,51.235394,2
48.79497595999999,47.843803,2
51.96689852000003,50.19798,2
48.84966428000001,49.148407,2
51.37216304000003,51.37261,2
50.743247360000055,48.656776,2
46.38527185999999,47.01577,2
47.75247986,50.30683,2
48.27543692,49.3521,2
52.007914760000006,51.57856,2
48.08915483000004,49.39475,2
50.13825782000004,47.7415,2
47.50980044000005,47.44773,2
47.64823024999998,47.031982,2
49.82379997999999,51.210716,2
44.55663116000005,45.581486,2
48.24296573000004,48.96698,2
50.169020000000046,50.51326,2
49.62897284000002,51.263958,2
47.37820667000005,50.230263,2
47.29104716000006,47.81535,2
48.99322112000005,50.105392,2
50.98250876000003,51.380466,2
53.839973480000026,49.647453,2
51.532809980000025,51.4642,2
50.107495640000025,49.257004,2
49.47516194000002,48.869232,2
49.91608652000002,49.555492,2
50.12116772000002,48.088173,2
48.716361500000005,50.64996,2
50.13825782000004,50.43215,2
53.00255858000003,51.375137,2
51.57724424000003,51.00629,2
46.566426920000026,49.252453,2
46.85183159000002,50.765102,2
46.85183159000002,46.02415,2
49.0752536,50.944115,2
47.07400289000003,46.82673,2
52.154889620000006,51.274723,2
47.373079640000014,45.746647,2
49.386293420000015,49.392807,2
51.105557480000016,51.889114,2
49.87165226000002,51.390614,2
53.26574612000002,52.90722,2
49.93659464000001,52.559803,2
51.06625025000005,51.476284,2
54.00062042000002,50.975525,2
48.61211189,50.35475,2
53.00939462000002,51.95277,2
49.65289898000003,52.421593,2
50.54329318999999,51.021168,2
50.715903200000014,52.076267,2
48.665091200000006,49.402992,2
47.50125539000004,45.94512,2
45.60596329999999,46.83488,2
50.13483980000001,49.75392,2
44.80614661999999,44.7789,2
48.88384447999999,51.238365,2
47.29446518000003,48.88412,2
52.24888517,51.163673,2
48.972713,46.80516,2
46.16993660000003,47.406498,2
48.336961280000025,49.88356,2
50.23054436000001,49.158016,2
52.358261810000045,49.810253,2
49.12481489000004,49.976707,2
45.96998243000007,47.84109,2
51.3824171,51.225887,2
54.23988182000005,51.621346,2
47.85502045999999,50.414425,2
44.9907197,48.06486,2
50.35701110000002,51.5849,2
49.89557840000003,52.2766,2
52.794059360000006,50.433044,2
49.304260940000006,52.414707,2
51.58578928999998,50.6521,2
51.52255592000006,50.58476,2
46.17506363000001,48.31336,2
49.34527718000004,51.089134,2
52.10020129999998,50.788944,2
49.81867295000001,50.557796,2
50.11774969999999,48.519787,2
51.56015414000001,51.760002,2
48.52837040000003,49.38717,2
48.04130255000001,47.952614,2
49.20342935000002,50.864475,2
51.64218662000002,50.86684,2
49.256408660000034,49.067604,2
50.23396237999998,50.071354,2
51.89853812000001,51.630386,2
50.27497862000001,51.281067,2
51.94639040000004,50.952023,2
48.17973236,49.560688,2
48.24980177000003,48.820587,2
52.22325002000002,51.327442,2
48.96929498000003,51.22292,2
51.61313345000002,51.39741,2
47.991741260000026,48.08692,2
43.05612038000004,47.385,2
53.99720239999999,54.02077,2
50.43220754000004,51.397808,2
50.52449408000001,48.793785,2
45.28125140000003,46.50894,2
45.47095151000002,46.652355,2
53.139279380000005,51.814175,2
47.52176351000003,48.95544,2
52.00107872000001,52.445755,2
51.50375681000003,51.356174,2
49.44439976000001,48.11997,2
53.986948340000026,51.51945,2
53.21618483000003,51.797073,2
52.17027071000001,51.4201,2
44.90185118000005,46.826015,2
47.76615193999999,48.584682,2
49.48199798000002,51.321377,2
48.61894792999999,48.776085,2
49.93488563,51.079662,2
50.02888117999999,51.063442,2
45.24536219000004,47.884388,2
49.49225204000004,50.052162,2
50.172438020000016,51.09838,2
48.66850922000003,50.66627,2
50.63387072,51.769783,2
50.4424616,50.36612,2
49.84089008000001,51.83166,2
43.29879979999998,45.707893,2
45.676032710000015,48.523678,2
50.75350142000002,51.07053,2
51.20126204000002,51.150314,2
47.89945472,49.791706,2
45.72901202000003,46.42599,2
51.16537283000002,49.62892,2
50.60310854,51.5846,2
50.27497862000001,48.713673,2
45.93751124000005,47.500397,2
50.99447183000001,52.013836,2
46.98684337999998,44.627987,2
50.48347783999998,50.61523,2
52.84191164000004,52.523605,2
49.33844113999999,49.81889,2
50.816734790000055,49.884502,2
50.50740398000005,49.36995,2
48.449755940000045,50.39211,2
50.828697860000034,51.30651,2
53.12389829000006,51.908775,2
52.824821540000016,53.8954,2
50.33479397000002,51.74802,2
49.86481622000002,51.106167,2
49.81696394,50.95148,2
47.27908408999997,47.95152,2
49.355531240000005,50.463425,2
48.863336360000005,48.819645,2
45.404300120000016,48.364872,2
48.40873970000001,51.073166,2
50.09382356000003,49.2376,2
53.64514634,51.715378,2
45.39062804000002,48.72379,2
48.91460666,47.736027,2
49.188048260000016,49.971897,2
47.32864538000001,49.05058,2
49.74689453000002,49.977516,2
51.478121660000056,50.492226,2
48.798393980000014,49.493725,2
49.99811900000003,47.26846,2
52.24034012000004,51.25288,2
52.14805358000001,49.63091,2
49.71442334,50.406563,2
50.025463160000015,49.497517,2
49.08550766000002,47.766422,2
51.60971543000005,51.084892,2
53.14269740000003,50.114586,2
50.58601844000003,48.24545,2
49.41363758,50.060757,2
50.37410120000004,49.817356,2
48.79497595999999,50.548317,2
49.50934214000006,50.76494,2
54.60219194000001,51.55543,2
50.63557973000002,51.42253,2
48.91118863999998,51.276947,2
45.21972704000001,49.68965,2
45.55811102000001,48.606388,2
46.877466740000045,46.8248,2
53.32385246000001,52.501034,2
48.627492980000056,49.840595,2
46.590353059999984,49.62667,2
46.67580356000002,49.364017,2
52.57188805999999,51.757538,2
51.65244068000004,51.182472,2
49.34185916000001,50.53573,2
54.19886558000002,53.905453,2
49.68366116000004,50.064705,2
45.158202680000045,46.448544,2
50.237380400000006,50.566326,2
50.79451766,48.940376,2
50.49714991999997,51.12075,2
48.46171901000002,51.247833,2
50.82186181999998,51.8079,2
49.41021956000003,48.761086,2
50.97909074000006,49.563988,2
52.03525892000005,50.846355,2
49.27349876000005,49.880424,2
52.81456748000005,51.319603,2
48.29936306000002,50.42419,2
49.30084292000004,47.954308,2
44.73095018000004,45.926464,2
51.41659730000004,50.99172,2
52.63853945,50.72105,2
48.178023350000046,50.133514,2
52.74278906000001,52.043987,2
48.54204248000002,49.358696,2
48.78472190000002,50.808464,2
54.004038440000045,51.320118,2
46.33400156000005,52.003376,2
50.66121487999999,50.175625,2
54.57484778000003,52.265797,2
48.55571456000001,49.227608,2
47.868692539999984,50.6729,2
49.63239085999999,52.008682,2
51.97544357000004,52.69109,2
50.91073033999999,50.300648,2
50.18781911000002,51.572647,2
45.95460134000001,50.121742,2
44.17893995000003,44.554916,2
51.74301821,50.110935,2
51.12606560000006,51.100765,2
49.64606293999998,51.82859,2
54.22279172000003,53.07733,2
48.38481356,51.602493,2
44.00974796000003,44.632587,2
51.61826048,53.727543,2
51.26278639999998,50.599472,2
52.73595302000001,52.133503,2
53.399048900000025,51.42011,2
45.53760290000002,46.091026,2
54.39369271999999,53.963825,2
50.48005982000001,50.528904,2
50.76717350000001,49.307266,2
51.355072940000014,51.474976,2
51.303802640000015,51.27957,2
54.103161020000016,53.119484,2
51.888284060000046,52.638798,2
49.74518552000001,48.50134,2
48.155806220000045,49.514713,2
48.42241178,47.97933,2
54.34584044000002,52.514088,2
49.28717084000005,51.13713,2
48.88384447999999,50.408978,2
47.38333369999998,48.335033,2
44.83519979000005,45.485073,2
45.831552620000025,47.8062,2
51.60117037999999,48.49098,2
48.91460666,48.800938,2
43.39621337,47.666485,2
53.87073566000004,51.32041,2
52.21641398000003,51.249763,2
50.30232278000005,49.816177,2
50.7500834,52.132694,2
48.49419020000005,52.612103,2
50.00837306000005,49.459766,2
49.36236728000006,50.390484,2
52.61461330999998,51.979042,2
47.12869121,50.19802,2
51.87461198000005,53.296455,2
54.80043710000001,51.978237,2
49.72638641000003,48.854782,2
52.37022488000002,49.308697,2
52.48301953999999,51.782494,2
50.49373190000006,50.704155,2
53.14269740000003,52.41428,2
54.742330760000016,52.947937,2
53.40588494000002,52.6706,2
51.79257949999999,51.542953,2
51.81308762000003,51.20641,2
46.64504138000001,49.033848,2
46.388689880000015,48.606388,2
45.82129856000006,48.641422,2
53.088009080000006,51.01187,2
52.677846680000016,50.909573,2
47.605505,45.80156,2
49.76569364,50.784546,2
54.55433965999998,53.158127,2
45.61279934000004,46.0956,2
54.88246958000002,54.0127,2
53.42981108000004,54.1306,2
46.35621868999999,52.865597,2
48.10111790000002,48.2092,2
50.866296079999984,50.28249,2
52.71031787000004,52.491383,2
49.86652522999998,47.125465,2
52.90514501000007,50.079967,2
46.83986851999998,47.342403,2
48.80523002000001,48.43174,2
48.48735416,50.576103,2
49.1777942,51.396004,2
50.32966694000004,50.133915,2
54.93715789999999,53.907005,2
52.582142120000015,50.89619,2
49.52985025999999,51.36514,2
49.564030460000026,49.14488,2
48.52837040000003,51.140438,2
52.45054834999996,51.261738,2
44.99755574000005,45.503353,2
53.363159689999975,50.919987,2
52.71544490000002,52.063343,2
49.19830232000004,50.385105,2
52.13267249,51.4103,2
54.10657904000004,51.094494,2
53.10168116,52.96927,2
45.99903560000001,46.26346,2
48.17289632000001,48.702225,2
52.13438150000002,48.92041,2
44.48143472000004,46.941082,2
50.582600420000006,51.76898,2
46.976589320000016,50.7716,2
44.64208166000003,45.200565,2
51.65244068000004,50.229073,2
51.48666671000001,52.408978,2
52.09849229000002,51.085545,2
49.69049719999998,48.13438,2
54.120251120000034,54.17349,2
49.11285182000006,51.70858,2
52.33946270000001,49.576424,2
50.92098440000001,51.088104,2
50.98250876000003,50.813232,2
46.617697220000025,46.663647,2
52.291610419999984,48.97885,2
51.72421910000003,52.04876,2
49.89216038000001,51.320072,2
50.65437884000005,50.002758,2
50.81844380000007,50.686985,2
53.79383021000001,51.746124,2
54.57142976,52.995087,2
53.09484512000006,50.504517,2
48.63432902,48.94774,2
50.34163001000002,51.06121,2
49.1265239,50.602043,2
45.29834149999999,48.318344,2
51.826759700000025,53.328175,2
50.04084425000002,50.422215,2
54.18348449000001,52.78857,2
50.13825782000004,49.72382,2
47.930216900000005,47.636074,2
50.107495640000025,49.54686,2
48.76079576000001,50.1543,2
49.188048260000016,47.931396,2
52.48301953999999,50.84908,2
54.35951252000001,53.562656,2
47.13040022000001,47.82002,2
52.141217540000014,50.88336,2
50.50056794,50.526382,2
50.681723000000034,51.058765,2
52.47960152000002,50.459515,2
45.79395440000002,48.67557,2
53.15978749999999,51.813175,2
52.24717615999998,51.080498,2
49.98102890000001,50.81661,2
43.34665208000001,44.567337,2
46.60060712000001,49.230328,2
51.33798284,51.171333,2
51.40292522000004,51.18759,2
51.42685136,50.355957,2
48.26518286000004,49.738518,2
52.52745379999999,51.240902,2
49.68366116000004,51.809097,2
45.64868855000003,46.89017,2
49.94684870000003,50.99856,2
54.67055234000003,53.38468,2
43.72605229999999,47.34195,2
49.25299064000001,48.37101,2
54.54066757999999,52.15295,2
48.051556610000034,52.126347,2
49.17437618000002,49.728985,2
48.78472190000002,50.845257,2
51.75498128000004,51.086502,2
52.88805491000005,50.661575,2
50.481768829999965,51.275433,2
46.36134572000003,49.179035,2
53.70667070000002,52.114082,2
48.67192724000006,48.236446,2
50.989344800000026,53.70392,2
44.44383650000003,45.516342,2
49.11968786,51.420773,2
52.28477438000005,50.558582,2
52.42833122000002,51.56194,2
50.288650700000005,51.173145,2
52.81114946000002,51.33416,2
46.98000734000004,47.559616,2
51.46786759999998,49.026394,2
44.83861781000007,46.061447,2
51.44394146000002,49.717865,2
50.43049853000002,49.751884,2
49.54523135,49.180958,2
45.91016708000001,46.24781,2
52.79235035000005,49.73025,2
53.826301400000034,53.546463,2
51.594334340000046,50.88211,2
54.17493944,51.73852,2
49.905832460000056,50.5228,2
48.306199100000015,49.326492,2
50.10065960000003,50.570057,2
51.02010698000004,49.23625,2
52.05918506,50.784416,2
48.61382090000001,49.50685,2
54.53212253000004,51.73041,2
49.53497729000003,51.232555,2
49.41021956000003,48.26172,2
46.82448743000003,44.53601,2
50.288650700000005,51.330776,2
53.83655546,51.537876,2
51.75498128000004,51.83639,2
51.43710542000002,51.308754,2
50.989344800000026,51.184563,2
49.37603936000005,48.97458,2
54.13050518000006,52.53469,2
53.01623066000002,49.1171,2
46.81936040000005,48.74676,2
50.41511744000002,49.130028,2
52.91881709000006,52.365845,2
48.45146495,50.27292,2
46.535664740000016,48.58763,2
49.77423869,49.06196,2
51.59604335,50.644836,2
46.750999999999976,47.504223,2
53.93909606,51.824997,2
46.86208565000004,47.68351,2
49.39825649000005,49.047237,2
49.010311220000006,48.91142,2
53.85364556000002,54.07983,2
52.759879160000025,52.150585,2
52.42833122000002,51.42916,2
54.92348582,54.029095,2
52.36680686,49.662052,2
49.09576172000004,47.371742,2
51.19271699000001,51.67359,2
52.88805491,50.89036,2
50.52449408000001,48.200073,2
49.70416928000003,50.258007,2
53.433229100000005,52.99196,2
46.04517886999997,51.55635,2
50.21687228000002,49.396347,2
49.62726383,49.7359,2
52.63341242000001,53.963825,2
43.97556775999999,45.680996,2
48.8701724,51.34868,2
51.05086916000005,51.043903,2
50.596272500000055,51.23622,2
53.35461464000002,52.423462,2
54.70815056000004,54.02455,2
49.010311220000006,48.532806,2
54.69618749000006,52.59159,2
50.169020000000046,49.379032,2
49.98444691999998,49.769516,2
49.47174392,50.720657,2
47.45511212000002,48.758736,2
48.14897018000005,51.556736,2
53.77161308000001,51.497654,2
54.01429250000001,51.137478,2
50.06647940000005,50.62429,2
49.49225204000004,47.99969,2
46.75954505000004,49.018555,2
48.0327575,46.862255,2
47.171416460000046,50.572987,2
51.29354857999999,50.900993,2
51.3311468,50.92966,2
53.170041560000016,51.271645,2
53.580203960000006,50.353767,2
46.48610344999997,50.41338,2
49.97077484000005,51.261127,2
52.97521442000004,51.424236,2
51.70371097999998,51.729454,2
52.35997082000006,52.300858,2
48.49077218000002,48.813427,2
49.29913391000002,48.602158,2
51.713965040000005,51.320606,2
53.31188939000003,50.953625,2
49.20172034000001,48.08207,2
53.23156591999998,52.731274,2
48.976131020000025,50.926662,2
51.27645848000003,51.00546,2
52.876091840000015,51.250385,2
53.87586269000002,52.592686,2
47.72000867000003,48.955563,2
50.03571722000004,50.85134,2
50.71077617000003,51.193233,2
49.48199798000002,49.21536,2
51.70371098000004,51.29005,2
48.59331278000002,51.124107,2
51.84043178000002,50.66467,2
48.69927140000004,49.554916,2
54.40736479999998,51.854347,2
48.51469831999998,47.56426,2
44.70702404000002,46.80213,2
47.74222580000003,48.75187,2
48.36088742000004,47.751007,2
54.07581686000003,53.95686,2
53.85022753999999,52.775436,2
50.97909074000006,51.4968,2
51.61826048,50.77941,2
51.826759700000025,50.881603,2
49.745185520000064,51.670887,2
49.827218000000016,51.178368,2
41.77436288000001,45.4011,2
50.63387072,50.374657,2
49.464907880000055,50.65736,2
45.69141380000002,45.909405,2
48.743705660000046,47.690334,2
50.4424616,49.602238,2
54.54066757999999,52.971455,2
51.40634324000001,49.370632,2
51.32772878000003,50.348915,2
54.29115211999999,53.071842,2
46.42970611999999,46.745083,2
49.77594770000002,50.244858,2
53.39563088,52.218456,2
50.45784269000001,49.14885,2
44.79931058,45.01601,2
54.16981241000002,52.542065,2
49.50592412000003,49.88178,2
50.163892970000006,52.31242,2
53.67249049999998,51.63159,2
51.75839930000001,51.97292,2
53.38879484000006,51.525227,2
46.74758198000001,46.47183,2
48.86846338999999,51.06864,2
49.56061244,52.093895,2
53.65881841999999,54.020405,2
50.33650297999998,49.81193,2
46.21778888000006,47.193184,2
49.41363758,50.549156,2
50.87313212000004,49.974983,2
45.588873199999966,50.106754,2
51.11922956000001,47.34519,2
50.41511744000002,53.293324,2
48.88384447999999,51.720356,2
50.00495504000003,52.244976,2
52.30870052,51.212147,2
48.91973369000005,50.4589,2
38.28285545,44.309296,2
50.95516459999999,50.52481,2
49.33331411000006,50.933273,2
50.03913524000001,51.250385,2
48.309617119999984,50.699066,2
43.56711437000001,46.430588,2
48.70098041000006,47.856586,2
49.91608652000002,50.797897,2
50.05964336,49.718338,2
51.14999174000002,50.94142,2
52.91198105000001,51.39283,2
51.70029296000001,51.413155,2
50.82357083,48.68753,2
48.87359042000003,47.38614,2
54.91664978000006,54.07579,2
47.24319488000003,51.52433,2
50.003246030000014,51.027386,2
51.08846738000005,49.080402,2
49.52643224000002,51.857735,2
54.56117570000004,51.81987,2
47.70804559999999,50.857643,2
49.96735682000002,51.368767,2
44.994137720000026,47.392094,2
49.44439976000001,47.000736,2
48.32499820999999,49.622856,2
53.70667070000002,50.510098,2
52.46934746,51.299603,2
47.94388898,51.1757,2
50.090405540000006,51.00546,2
50.80477172000002,51.395447,2
45.97510946,48.466457,2
46.11524828000006,47.19664,2
50.44929764000005,50.27206,2
48.19682246000002,50.060757,2
53.472536330000025,52.445755,2
51.63535058000002,49.08377,2
53.29992632000005,51.509377,2
44.97704762000001,44.80948,2
50.99959885999999,50.824146,2
45.78711836000002,45.23349,2
47.66361133999999,49.003193,2
53.72034278000001,52.054047,2
50.91756638000004,49.11709,2
50.67488695999998,51.47412,2
44.58397532000004,44.557816,2
51.006434900000045,50.46867,2
49.71784136000002,48.499702,2
46.94753615000002,50.647987,2
47.61917707999999,47.394073,2
49.99811900000003,50.416252,2
50.958582620000016,49.247433,2
47.90970878000002,47.19773,2
44.204575100000056,45.941776,2
52.64024846000001,51.087727,2
54.84487136000001,53.605923,2
49.03423736000002,50.42625,2
48.59331278000002,47.606125,2
48.62407496000003,51.35652,2
46.46388632000003,48.565296,2
54.072398840000005,51.736282,2
46.51173860000006,48.44261,2
50.84578796000005,50.494843,2
49.748603539999976,50.039223,2
49.434145700000045,49.747013,2
50.82698885000002,52.04108,2
50.16047494999998,51.330353,2
51.23202422000003,50.40434,2
49.29400687999998,51.185204,2
41.98628012,44.770668,2
52.68468272000001,50.562447,2
46.88430277999999,47.001038,2
53.593876040000055,52.78192,2
52.24034012000004,50.485737,2
54.858543440000005,53.000366,2
51.09017639000001,51.31357,2
49.943430680000006,50.340355,2
51.11752055000005,51.281155,2
46.42970611999999,48.522057,2
47.85502045999999,50.165535,2
53.631474260000005,52.62382,2
51.14999174000002,48.923317,2
51.252532340000016,52.552357,2
51.90537416000001,50.732502,2
41.91791971999999,45.029083,2
53.809211300000015,53.595886,2
51.40292522000004,50.214703,2
54.51674144000003,51.262123,2
51.59091632000002,51.18799,2
51.61484245999998,50.30809,2
50.141675840000005,51.08044,2
49.43927272999997,51.563835,2
53.56311386000005,50.11758,2
46.945827140000006,49.365997,2
45.72388498999999,47.213894,2
52.07456615000001,50.668533,2
49.869943250000006,50.8957,2
54.84145334000005,51.74548,2
47.58157886000004,49.49332,2
49.27691678000002,48.656948,2
49.929758600000014,50.662575,2
49.64264492000001,51.7982,2
51.28671254000005,51.351254,2
50.69197706,49.320305,2
49.00518419000002,46.784145,2
54.79018303999999,53.974075,2
46.80910634000003,46.93172,2
49.73834948000001,49.751514,2
48.04642958,49.20205,2
46.72365583999999,47.857147,2
48.98638507999999,50.26397,2
53.93567804000003,50.592384,2
51.48837572000002,51.35549,2
52.65392054000006,50.71662,2
47.26199399000007,50.230083,2
47.844766400000026,46.280407,2
49.68366116000004,51.295013,2
53.32043443999999,51.708347,2
52.01304178999999,50.244762,2
49.909250480000026,50.918114,2
53.84680952000002,51.344685,2
52.98888650000004,53.649242,2
48.78130388,50.899666,2
46.86208565000004,46.733246,2
48.69585338000002,51.251213,2
48.03104848999999,50.266563,2
50.30232278000005,51.28469,2
50.81844380000001,52.807297,2
49.74689453000002,50.059143,2
45.27441536000004,47.80175,2
54.72182264000003,51.247147,2
50.26130654000002,49.690273,2
48.47880910999999,50.59541,2
52.00449674000004,51.055187,2
53.60754812000005,51.152565,2
49.88190631999999,49.626076,2
49.33673213000003,48.48889,2
49.734931459999984,49.14021,2
46.89113882000004,45.995293,2
51.42685136,51.161083,2
50.12800376000001,51.013977,2
48.83257418000005,52.35664,2
50.237380400000006,50.441162,2
51.074795300000005,51.088512,2
46.419452060000026,47.484547,2
47.91996283999998,49.446877,2
52.32237260000005,51.368286,2
48.68559932000005,48.52134,2
51.53964602000002,51.577847,2
49.09576172000004,49.70436,2
52.19077883,51.100765,2
50.55867427999999,50.160683,2
51.628514540000026,50.56343,2
48.52837040000003,49.438656,2
52.68126470000004,50.76744,2
49.656317,49.631653,2
48.27030989000002,48.975235,2
48.673636250000015,51.125946,2
50.89705826,48.276215,2
52.70519084,51.527634,2
51.05428718000002,50.823696,2
50.49373190000006,51.743168,2
47.248321910000016,46.611412,2
45.69141380000002,45.823265,2
47.67044738000004,48.531704,2
48.8701724,50.12241,2
50.83895192,51.367157,2
53.83313744000003,54.07285,2
44.46092659999999,46.091026,2
47.10647408,45.25839,2
49.65973502000003,49.861397,2
47.13381823999998,48.47469,2
48.44633792000002,51.299213,2
47.26370300000002,45.80242,2
49.57086650000002,48.2224,2
47.48758330999999,47.923584,2
51.11581153999998,49.303925,2
47.15774438000005,50.728214,2
49.94001265999998,51.373936,2
43.93967855000005,48.581146,2
48.976131020000025,50.97052,2
49.34185916000001,48.475464,2
50.35701110000002,50.066486,2
54.69106046000002,51.364246,2
51.888284060000046,50.539448,2
49.07867162000002,50.081905,2
48.29936306000002,49.80132,2
52.12412744000005,51.261383,2
43.934551520000014,49.870922,2
47.77640600000001,50.91591,2
49.65289898000003,51.917526,2
49.11626984000003,48.699104,2
49.21368340999999,46.636803,2
48.333543260000056,49.674126,2
49.73834948000001,51.09841,2
50.57234635999998,51.140438,2
49.57257550999998,48.975235,2
50.49714992000003,50.71757,2
50.68855904000003,51.049576,2
48.20365850000002,46.957893,2
53.45202820999998,52.7614,2
48.66850922000003,51.06837,2
47.5029644,50.264736,2
49.50592412000003,48.054184,2
50.69881310000005,51.305485,2
50.19465515000002,48.77613,2
53.36315969000003,51.46058,2
49.10943380000003,51.248554,2
45.262452290000056,50.74871,2
44.58226631000002,44.70766,2
48.06864671000005,46.57936,2
53.73743288000003,50.889633,2
53.04357482,51.718925,2
47.98148720000006,47.77438,2
49.48541599999999,50.055035,2
51.92930030000002,49.0736,2
48.39848563999999,48.287388,2
46.99026140000001,48.419273,2
53.30676235999999,51.50608,2
46.65016840999999,49.721813,2
50.25788852,49.247433,2
51.79257949999999,52.92132,2
52.21299596000006,51.45433,2
46.57668097999999,51.073452,2
48.87700844000005,50.182762,2
51.58749829999999,50.69817,2
51.69003889999999,51.25726,2
46.908228920000056,48.796276,2
50.13825782000004,50.659695,2
53.956186160000016,54.059727,2
53.56994989999998,51.55432,2
54.79018303999999,54.05491,2
45.77686430000006,46.965134,2
44.06956331000004,47.875965,2
53.610966140000016,53.057175,2
49.24615460000001,48.703358,2
54.68422442000002,54.071747,2
51.05770519999999,50.694458,2
46.26905918,46.98521,2
50.55183824000005,47.95539,2
46.70656574000003,47.001854,2
49.40680154000006,48.833214,2
53.29992632000005,50.2165,2
47.58157886000004,47.981037,2
52.24717615999998,50.422806,2
50.076733460000014,51.036453,2
51.56186315000002,48.450092,2
50.93123846000003,51.29498,2
47.77640600000001,50.17937,2
53.94251408000002,54.041206,2
49.53155927,50.463264,2
52.24375814000001,51.53226,2
48.894098540000016,49.017014,2
43.17916910000002,43.68727,2
49.533268280000016,52.049355,2
53.14953344000003,50.779476,2
49.52643224000002,49.991764,2
53.25891008000002,51.41325,2
46.911646940000026,46.644943,2
46.08277709000004,48.456623,2
47.69437352,45.60675,2
54.49623331999999,48.098568,2
48.57622268,48.775505,2
47.80033214000002,49.143303,2
51.29354857999999,50.895756,2
54.68935145,52.38351,2
48.47880911000004,48.093037,2
51.450777500000015,51.31357,2
44.32591480999997,46.651585,2
49.456362830000046,50.981327,2
48.24296572999998,46.449398,2
50.15534792000005,48.341297,2
53.566531880000014,51.709377,2
46.27931324000002,47.16092,2
49.84772612000006,49.247433,2
49.85285314999999,51.842796,2
49.63922690000004,50.37418,2
47.23294082000001,51.457268,2
53.99720239999999,53.81147,2
53.45886425000003,51.91223,2
47.04494971999998,49.66803,2
45.602545280000015,46.53856,2
49.394838470000025,49.170776,2
48.008831360000045,51.302696,2
47.43118598000001,48.183132,2
47.10305606000003,49.08408,2
45.43848032000005,48.83229,2
50.95003757000006,49.976585,2
51.04403312,50.56078,2
50.05451633000001,49.247433,2
49.05132746000004,50.408268,2
46.79543425999998,49.213634,2
51.52084690999999,48.53342,2
48.55058753000003,50.594055,2
47.942179969999984,49.578266,2
48.92315171000007,51.288628,2
48.29936306000002,45.973343,2
53.662236440000015,50.90046,2
49.89045137000005,50.71782,2
49.94001265999998,49.55142,2
46.66213148000003,47.985497,2
52.85900174000005,52.269398,2
51.29696660000002,52.07139,2
46.87063069999999,50.85277,2
50.96883667999998,51.91772,2
48.50102623999999,49.911926,2
51.68662088000002,49.25486,2
53.84680952000002,51.752907,2
47.80033214000002,51.088104,2
48.90093458000001,48.34359,2
46.470722360000025,50.246597,2
50.55867427999999,51.95719,2
50.80306271000006,51.317688,2
52.327499630000034,51.42434,2
49.70587828999999,50.70794,2
49.01714726,50.09874,2
54.11683310000001,54.112682,2
47.20046963000004,48.181366,2
51.074795300000005,49.643375,2
46.28956730000005,48.67392,2
49.680243140000016,50.151646,2
53.863899619999984,52.164692,2
50.076733460000014,49.945248,2
46.58009900000002,48.242664,2
49.92292256000002,50.749615,2
50.743247360000055,50.877773,2
51.12606560000006,49.175304,2
43.33298000000002,46.70801,2
48.24125672000002,52.31559,2
49.290588860000014,48.722946,2
51.99766069999998,48.709335,2
48.74028764000002,48.997143,2
49.02398330000005,48.55172,2
46.79543425999998,51.07906,2
46.552754840000034,47.277203,2
46.61086118000003,46.515865,2
50.28181466000001,51.164955,2
50.08698751999998,50.82204,2
47.109892100000025,51.34928,2
50.68855904000003,49.41496,2
50.60652656000002,47.436844,2
49.66998908000005,50.955814,2
52.98205045999998,51.47047,2
54.65517125000002,51.196457,2
52.10874635000005,51.03538,2
45.24365318000002,48.79954,2
45.88453193000004,48.390217,2
49.63922690000004,49.880093,2
49.728095420000045,49.68165,2
48.63432902,51.394836,2
49.52301422000005,50.92588,2
50.91073033999999,50.11609,2
48.54887852000002,47.90619,2
47.84647541000004,51.32186,2
51.76865336000003,51.48445,2
46.80568832000006,49.66272,2
49.11968786,50.91764,2
47.19192457999998,48.52601,2
50.62019864000001,47.294945,2
54.04847270000005,52.605392,2
46.18702670000005,47.17794,2
47.04836774,49.41233,2
52.94787026000006,51.996887,2
44.43016441999998,46.547318,2
53.01623066000002,50.962322,2
50.75862845000006,51.569874,2
49.15557707000005,51.397728,2
51.179044910000016,49.461617,2
50.37922823000002,51.376335,2
47.244903890000046,46.80318,2
49.511051150000014,51.24,2
49.50592412000003,46.95145,2
47.54056262000006,50.133553,2
52.69493678000004,50.490383,2
49.31622401000004,50.55522,2
49.18121222000002,49.5577,2
50.72786626999999,50.02658,2
52.24375814000001,51.790627,2
48.71977952000003,51.45113,2
47.438022020000005,46.36328,2
47.50638242000002,50.45884,2
50.22029029999999,49.445477,2
44.41991036000002,45.748768,2
49.244445590000055,50.53134,2
47.26712101999999,48.776096,2
53.088009080000006,50.607185,2
48.17973236,49.608444,2
49.60846472000003,50.858276,2
50.45442466999998,50.022446,2
53.09826314000003,49.742275,2
50.71077617000003,51.363617,2
49.33160510000005,51.8928,2
52.91027204,50.95273,2
54.22279172000003,52.48791,2
51.891702080000016,51.235394,2
47.32864538000001,47.961994,2
50.27497862000001,48.803875,2
50.91756638000004,49.983437,2
54.16297637000002,54.112316,2
48.945368840000015,48.870758,2
49.62555482000005,50.152157,2
50.876550140000006,50.716293,2
53.08459105999998,53.014675,2
46.13917442000002,48.092655,2
49.355531240000005,50.807156,2
50.32966694000004,48.181583,2
51.66098572999999,49.313427,2
49.86139820000005,51.517075,2
46.69631168000001,45.222515,2
48.60356684000004,50.69512,2
47.318391320000046,47.273552,2
54.84316235000006,50.42599,2
48.27372791000005,48.778305,2
49.27349876000005,49.473938,2
50.06306138000002,50.79034,2
48.00199531999999,50.04418,2
45.84180667999999,46.95309,2
47.72513570000001,51.31836,2
50.34675704000006,49.77407,2
52.14976259000002,50.445507,2
50.189528120000034,50.442844,2
51.72080108,51.0212,2
53.80237526000002,53.278214,2
53.96131319,51.585693,2
48.73686961999999,51.20266,2
49.20342935000002,48.298515,2
51.160245799999984,50.22317,2
48.743705660000046,50.32253,2
48.17973236,47.10416,2
48.36601445000002,50.248497,2
46.95608120000003,48.670788,2
43.74656042000004,45.058773,2
49.382875400000046,48.02691,2
53.65540040000002,51.92015,2
51.32943778999999,51.29567,2
49.64606293999998,51.264744,2
50.60310854,50.994087,2
52.17710675000001,51.207943,2
54.73549472000002,54.080162,2
50.75691943999999,51.13998,2
49.092343700000015,48.140545,2
46.21437086000003,47.28645,2
52.40098705999998,49.63515,2
52.00107872000001,50.784714,2
47.56790678000005,48.513863,2
48.65825516000001,50.102356,2
51.900247130000025,51.041775,2
44.62840958000004,44.89644,2
52.18906982000004,51.376526,2
50.53303913000002,49.916794,2
51.25936838000001,51.06709,2
51.62680553000001,49.927177,2
47.70633659000004,51.19909,2
49.71271432999998,50.9928,2
48.61382090000001,47.128178,2
52.93761619999998,53.15382,2
48.81035705000005,51.049553,2
44.26268144000005,47.94839,2
42.71773640000004,44.31925,2
47.34573548000003,48.19289,2
48.59331278000002,51.299606,2
54.3219143,51.23941,2
49.34869520000001,49.778774,2
47.50980044000005,48.37629,2
47.21585072000005,44.746277,2
49.47174392,48.39038,2
47.44144004000003,51.35516,2
48.94195081999999,51.51741,2
51.04745114000002,49.562187,2
47.12698220000004,47.35631,2
49.01372924000003,51.172813,2
54.31507826000001,53.64198,2
47.04836774,50.81815,2
48.62578397000004,49.189438,2
48.31474415000002,49.789833,2
44.68651592000003,46.598454,2
46.80568832000006,47.5831,2
48.70610743999998,47.849083,2
46.05372392000004,49.374634,2
52.91369006000002,51.251007,2
48.198531470000034,48.179447,2
46.41090701000002,46.537155,2
51.006434900000045,51.52244,2
46.67922157999999,49.495396,2
51.679784840000025,49.37456,2
53.4844994,52.601856,2
52.725698960000045,50.816166,2
47.35769855000001,49.56523,2
49.69049719999998,49.422657,2
49.54694036000001,50.592598,2
47.66361133999999,51.281513,2
52.288192400000014,51.17325,2
52.56505202000005,50.575436,2
44.99755574000005,49.843452,2
49.89216038000001,50.459213,2
49.14019598000005,47.824684,2
40.70794064,43.68727,2
48.56596862000004,51.005543,2
53.41272098000002,52.852177,2
54.26380796000001,53.649242,2
50.41169941999999,50.716423,2
53.15636948000002,50.963936,2
49.78961978000001,50.48027,2
54.24329984000002,51.705906,2
53.09484512000006,52.52382,2
47.058621800000026,48.030594,2
50.47664180000004,50.397167,2
48.38652257000001,50.841404,2
54.154431320000015,54.009407,2
48.83941022000005,50.382477,2
54.64833521000003,54.02077,2
47.918253830000026,47.781963,2
54.99868226000001,53.747692,2
49.77765671000003,48.707184,2
52.73937104000004,51.41098,2
52.86071075000001,50.840023,2
54.05189072000002,50.992237,2
49.88190631999999,47.62697,2
48.96587696000006,49.882446,2
47.44144004000003,46.578754,2
50.41853546000005,52.085236,2
51.420015320000005,48.11656,2
48.05326562000005,48.973667,2
54.25355390000004,53.703545,2
48.17973236,49.03008,2
49.37262134000002,48.58489,2
52.91027204,53.122017,2
47.91654482000001,47.89245,2
49.98786494000001,51.04119,2
50.69710409000004,51.6287,2
50.65096082000002,51.208405,2
51.99766069999998,52.92489,2
48.84966428000001,50.865257,2
43.64743784000001,44.23563,2
50.15534792000005,46.678104,2
54.646626200000014,51.455128,2
48.651419120000014,50.00519,2
50.876550140000006,50.388535,2
48.42582980000003,49.5862,2
46.35963671000002,47.49529,2
48.863336360000005,47.714207,2
44.24900936000006,49.588676,2
48.69243535999999,47.889103,2
47.844766400000026,46.427933,2
53.12902531999998,51.26576,2
51.01327094000004,48.465427,2
49.321351040000025,52.23418,2
45.455570420000015,44.91393,2
49.697333240000034,51.526012,2
52.37193388999998,50.615902,2
49.08892567999999,48.424957,2
46.52882870000002,49.65859,2
51.420015320000005,50.822266,2
48.60698486000001,46.7256,2
51.47128562,51.85219,2
49.99128296000004,50.78882,2
49.54352233999998,49.199604,2
50.12458574000004,48.98633,2
49.99640999000002,50.142418,2
44.780511469999965,46.99636,2
50.48689586,52.274647,2
50.91073033999999,51.8122,2
49.37603936000005,51.726746,2
53.02990274000001,51.3025,2
47.45169410000005,47.86737,2
51.50546582000004,50.848957,2
44.18064895999999,45.212048,2
44.08494440000004,48.55394,2
47.96439710000004,50.291294,2
45.780282320000026,47.261307,2
50.01862712000002,52.76813,2
49.56232145000001,51.106068,2
49.0752536,50.83334,2
50.77400954000001,51.221695,2
48.73345160000002,48.656433,2
47.16458041999999,47.045994,2
53.286254240000005,51.32079,2
47.03811368000004,48.404408,2
51.42343334000003,50.774223,2
48.06693770000004,48.283173,2
48.21049454000001,51.944653,2
44.0507642,46.466335,2
46.6655495,51.235394,2
47.31668231000003,48.665127,2
48.31303514000001,51.325798,2
51.49179374000005,52.384575,2
47.38846073000002,51.065598,2
54.58510183999999,52.517708,2
50.02375415000006,51.240833,2
47.814004220000015,46.487125,2
48.138716120000026,49.58432,2
44.98388366000006,44.46329,2
51.026943019999976,50.277554,2
53.67078149000002,51.19567,2
54.39027470000002,54.080162,2
46.94070011000002,48.18379,2
48.84282824000002,48.8353,2
46.535664740000016,48.2708,2
51.74643622999997,51.462166,2
52.69322777000002,49.280163,2
51.3824171,50.095585,2
52.677846680000016,51.098637,2
45.37011991999998,47.166172,2
46.75100000000003,47.710663,2
51.39267116000002,51.060997,2
48.09769988000005,48.748837,2
45.305177540000045,48.691193,2
48.07035572000001,51.351643,2
43.89353528000004,45.752235,2
50.85262399999999,51.092693,2
49.437563720000014,49.438705,2
49.758857600000056,49.293476,2
51.26620442000001,51.65878,2
44.48656175000002,46.094685,2
47.07742091,47.36606,2
53.546023760000026,50.203075,2
53.78870318000003,51.35676,2
47.77811501000002,48.22769,2
45.69824984000002,46.961304,2
50.29548674,50.503857,2
50.10065959999997,50.364746,2
49.07867162000002,51.612732,2
53.50500752000005,50.852505,2
50.04426226999999,51.906925,2
49.48541599999999,50.371525,2
49.26666272,48.29829,2
50.681723000000034,51.285126,2
48.78301289000001,51.038513,2
49.40680154000006,46.95145,2
51.30038461999999,51.18534,2
47.87211056000001,46.52815,2
46.25709611000002,47.054096,2
51.10897550000004,50.96907,2
49.56744848000005,48.52134,2
50.03571722000004,49.865578,2
48.61382090000001,48.534626,2
48.68901734000002,51.25144,2
50.92098440000001,50.67327,2
47.91654482000001,47.92702,2
53.92884200000003,50.404484,2
51.94980842000001,52.20249,2
50.681723000000034,50.442146,2
50.462969720000046,51.269623,2
46.76125406,47.46813,2
49.04449141999999,51.167408,2
49.83747205999998,50.734962,2
54.42103688000003,51.058537,2
48.23100266000006,48.753494,2
53.77503109999998,52.049816,2
52.03525892000005,51.18651,2
49.77252968000005,50.199406,2
47.38504270999999,49.034447,2
52.01987783000004,51.01721,2
48.504444260000014,50.42944,2
50.83724291000004,48.986336,2
52.34971676000004,50.65368,2
41.900829620000025,48.66851,2
48.31303514000001,50.385788,2
52.17539774,51.135452,2
48.63432902,50.46924,2
51.38925314,49.47427,2
49.123105880000026,51.16085,2
49.728095420000045,51.497505,2
48.21562157000005,49.356678,2
48.90777062000001,46.78693,2
47.80033214000002,49.143303,2
47.26712101999999,47.24238,2
52.236922100000015,50.047592,2
48.25834682000004,46.9892,2
51.37216304000003,51.363617,2
49.99128296000004,48.558556,2
50.94832856000005,51.088512,2
50.613362600000016,46.54937,2
49.09576172000004,45.9618,2
51.88315703000001,51.644794,2
51.33798284,51.380764,2
49.15215905000002,48.644966,2
49.05132746000004,46.72975,2
46.54591879999998,48.863403,2
47.26370300000002,46.661392,2
46.40748899000005,46.57603,2
52.47960152000002,52.353893,2
52.021586840000055,49.60331,2
46.69631168000001,48.872635,2
54.06214478000004,53.629093,2
49.77252968000005,49.816433,2
52.40782310000003,50.65265,2
53.56311386000005,51.135628,2
46.57668097999999,50.22659,2
49.203429349999965,50.546616,2
50.859460040000045,49.288506,2
47.59525094000003,46.956203,2
45.44873438000002,50.269238,2
53.19396770000003,52.15354,2
50.30061377000004,50.67828,2
48.21733058000007,47.692085,2
49.89557840000003,47.957233,2
47.41409587999999,47.392628,2
50.022045140000046,49.72932,2
47.94730700000002,49.176983,2
44.20115708000003,46.88301,2
51.38583512000002,49.187073,2
51.25595036000004,49.55381,2
48.24125672000002,50.227077,2
49.57428451999999,50.361282,2
54.07923488000006,53.97371,2
49.77936571999999,49.27486,2
54.61586402,50.559235,2
51.10213945999999,50.14671,2
50.34846605000001,52.176758,2
51.85068583999998,50.89036,2
49.386293420000015,50.434277,2
53.38879484000006,52.471207,2
47.81058619999999,49.30551,2
47.42776795999998,47.166172,2
47.47903826000004,48.845673,2
53.92200595999998,51.628143,2
50.016918110000006,51.788227,2
53.64856436000002,51.474907,2
51.55673611999998,51.378143,2
47.50980044000005,48.74042,2
48.19682246000002,46.787464,2
40.84807946000001,43.68727,2
49.16070410000003,49.419567,2
45.67432370000006,48.29279,2
49.661444029999984,49.526527,2
50.33308496000001,49.20396,2
50.090405540000006,48.127167,2
52.31211854000003,50.15587,2
46.34083760000004,48.445957,2
50.66292389,51.93183,2
47.40213281000001,46.715626,2
49.51617818000005,50.67815,2
53.17345957999999,50.740993,2
51.83017772000005,50.50586,2
49.56061244,50.12036,2
47.37820667000005,51.27935,2
47.731971740000006,48.11142,2
52.23008606000002,50.644485,2
53.17687760000001,52.549084,2
50.70223112000002,51.301975,2
54.17835746000003,52.546883,2
47.64652124000003,47.80616,2
45.10351436000002,47.833523,2
45.55469300000004,44.301723,2
54.26038993999998,52.62336,2
43.21676732000003,45.377747,2
45.46240646000001,48.424675,2
51.72421910000003,50.17803,2
50.69710409000004,51.3048,2
51.85239485,52.137108,2
49.37945738000002,51.082718,2
49.440981739999984,49.02365,2
48.029339479999976,51.54487,2
44.448963530000015,49.235645,2
45.041990000000055,46.118324,2
51.43710542000002,50.300842,2
49.18975726999997,50.70344,2
49.27691678000002,51.597122,2
49.84089008000001,50.772808,2
48.42241178,47.71491,2
46.28614928000002,48.80034,2
52.22666804000005,49.59273,2
49.731513440000015,50.752758,2
53.19054968,52.03122,2
46.34254661,49.714367,2
49.417055600000026,48.95107,2
49.46832589999997,51.61038,2
45.99049055,48.28441,2
50.686850030000016,51.574184,2
54.43129094000005,51.665924,2
53.75110496000002,53.05271,2
46.11353927000005,45.72361,2
49.256408660000034,50.602028,2
49.83747205999998,48.035854,2
54.738912740000046,52.8418,2
45.42139022000004,45.174397,2
50.989344800000026,51.50014,2
46.4604683,50.851334,2
48.87700844000005,48.67661,2
53.18713165999998,52.330067,2
50.77400954000001,50.41139,2
47.32864538000001,46.70939,2
54.50306936000004,54.1306,2
49.25299064000001,49.812233,2
51.64218662000002,49.705017,2
49.49225204000004,50.628613,2
49.92634057999999,50.713894,2
49.04790944000001,48.179905,2
46.880884760000015,46.466404,2
49.04790944000001,50.7548,2
46.443378199999984,48.870823,2
51.221770160000005,51.195454,2
49.06499954000003,50.147507,2
46.06055995999998,47.03546,2
54.87392453000001,50.995747,2
52.71715390999998,50.74662,2
50.56551032000005,50.425724,2
50.43220754000004,48.73593,2
49.19488430000001,48.31948,2
51.11922956000001,50.735207,2
51.70371097999998,52.016193,2
51.37558106000006,51.41862,2
47.02615061000006,51.60345,2
45.39404606000005,48.604492,2
49.658026010000015,48.497986,2
52.33604467999999,50.387753,2
48.61382090000001,51.419678,2
49.95026672000006,50.61741,2
54.297988160000045,52.27442,2
50.435625560000005,51.221695,2
51.70029296000001,49.162575,2
49.98444691999998,51.012547,2
53.50500752000005,51.973965,2
53.28967226000003,51.337067,2
49.39654747999998,50.51751,2
45.86744183000002,45.63774,2
49.43243669000003,50.294,2
49.758857600000056,51.795425,2
48.357469400000014,49.361168,2
50.29206872000003,50.62134,2
51.96006248000003,50.603558,2
48.08744582000003,47.189373,2
50.81844380000001,47.701622,2
49.05132746000004,50.03588,2
49.157286080000006,48.899055,2
49.584538580000014,50.796272,2
51.86777594,51.760212,2
50.82186181999998,50.584187,2
46.92531902000002,49.02205,2
52.99572254000003,51.585987,2
51.38583512000002,52.946163,2
48.78813992000005,47.37398,2
46.42799711000004,45.25278,2
54.02796458,50.809746,2
50.288650700000005,51.186726,2
49.42047362000005,51.93299,2
49.82379997999999,49.66374,2
50.64412478000003,50.47293,2
50.50227695000001,52.0503,2
49.796455820000006,50.95164,2
52.729116980000015,52.62581,2
46.604025139999976,47.642685,2
49.06841756,51.00585,2
46.241715020000015,49.334106,2
51.37899908000003,47.33436,2
49.929758600000014,46.667683,2
49.71784136000002,50.46867,2
52.03525892000005,51.19726,2
50.38777328000003,48.45437,2
47.68070144000001,50.232197,2
46.45192325000005,46.783985,2
49.564030460000026,49.199783,2
54.25697192000001,53.98917,2
46.82619643999999,48.392826,2
45.55469300000004,47.60274,2
48.91973369000005,50.727642,2
52.19248784000001,50.254936,2
54.45179905999999,52.23769,2
46.42287008000005,48.585117,2
50.29206872000003,51.411106,2
48.38823158000002,50.137684,2
51.006434900000045,51.04029,2
53.25549206000005,52.213623,2
52.1172914,51.09166,2
48.21391256000004,46.16032,2
54.66713432,51.024986,2
47.30813726000002,49.59182,2
52.37364290000005,51.188263,2
48.93511478000005,50.602726,2
53.61438415999999,50.593666,2
48.14213414000005,50.70304,2
50.41853546000005,51.563072,2
54.69618749000006,53.284782,2
48.67192724000006,50.55204,2
52.24717615999998,51.32865,2
50.12116772000002,51.239723,2
54.41078282000001,53.267952,2
47.37991568000001,46.95563,2
50.63728874000003,50.91144,2
49.25299064000001,47.769417,2
49.48541599999999,51.34776,2
53.36486869999999,52.93617,2
51.84384980000005,51.462166,2
51.75839930000001,51.5119,2
47.70804559999999,45.756943,2
52.34288072000004,50.890427,2
47.16799844000002,47.11525,2
45.55469300000004,47.68218,2
51.334564820000026,48.129944,2
50.29206872000003,50.3896,2
51.04403312,50.94824,2
42.09565676,46.03792,2
45.63672548,48.104725,2
43.92771548000002,49.20715,2
52.59581420000001,50.858276,2
51.39267116000002,49.9383,2
50.203200200000026,49.15548,2
48.23442068000003,50.778625,2
54.20228359999999,54.087902,2
52.94787026000006,51.02728,2
49.08892567999999,49.20622,2
49.06841756000006,49.91058,2
48.88384447999999,50.740612,2
45.93409322000002,47.7731,2
44.72753216000001,46.49552,2
51.06966827000002,50.323402,2
50.42537149999998,49.281425,2
53.35974167000006,50.907043,2
49.80158284999999,50.370655,2
51.80966960000001,52.616554,2
49.70416928000003,49.532173,2
48.44291989999999,49.46372,2
50.811607760000015,50.2454,2
47.04665872999999,49.13978,2
50.04597128,51.0254,2
51.307220659999984,50.59963,2
51.81992365999997,51.913895,2
49.57086650000002,52.93673,2
50.35359308,46.817753,2
50.11091366,49.953312,2
47.60721401000001,49.0845,2
49.37945738000002,51.20165,2
50.12116772000002,45.7273,2
49.93659464000007,53.716904,2
53.83655546,52.605827,2
46.28956730000005,45.31426,2
45.46582448000004,47.081486,2
51.447359480000046,50.34745,2
48.46855505000002,48.406483,2
51.98740664000002,51.6882,2
52.898308970000016,53.311993,2
51.92930030000002,51.917015,2
49.30255193000005,49.821583,2
49.86823423999999,51.11844,2
49.869943250000006,48.776085,2
47.058621800000026,48.033287,2
49.65289898000003,50.249184,2
49.12652390000005,51.226826,2
53.286254240000005,51.396618,2
52.81456748000005,51.667786,2
49.98102890000001,45.820034,2
47.35598954,46.66079,2
51.57040820000003,51.08015,2
47.74906184000002,48.099422,2
48.96587696000006,50.15072,2
54.53383154000005,50.948193,2
50.50740398000005,51.691044,2
51.73447315999999,50.07867,2
45.110350400000016,45.86229,2
51.63193256,50.877296,2
49.63068185000003,49.18667,2
50.780845580000005,51.053684,2
51.69858395,49.54406,2
49.14703201999998,49.924187,2
49.83063602000004,48.287678,2
50.7500834,50.245083,2
53.15978749999999,52.88725,2
46.89797485999998,47.03087,2
50.22029029999999,50.447845,2
46.10157620000001,48.437653,2
48.62407496000003,50.68878,2
51.27304046,48.976826,2
47.81058619999999,48.043533,2
50.77571855000002,49.43712,2
50.12116772000002,48.95857,2
49.35894926000003,48.916824,2
46.05372392000004,46.961746,2
45.52734884000006,47.43022,2
50.57918240000004,51.86413,2
47.34231746,46.06769,2
50.65779686000002,50.596638,2
48.73686961999999,50.568428,2
53.66907248000001,51.172005,2
48.01054037,50.96304,2
50.18781911000002,52.445564,2
50.932947470000045,47.652542,2
50.82186182000004,47.7673,2
51.22518818000003,51.14572,2
50.958582620000016,50.287815,2
47.38675172000001,47.60366,2
54.52357748000003,52.605827,2
51.54990008000004,50.724304,2
49.10601578000001,50.636356,2
46.74416396000004,47.87661,2
49.013729239999975,47.537872,2
48.91631567000002,49.78434,2
41.92475576000004,43.68727,2
51.450777500000015,51.729614,2
53.860481600000014,51.188263,2
50.36726515999999,50.395397,2
51.90195614000004,50.813595,2
45.18212882,47.095863,2
51.58408028000002,49.45515,2
54.31166024000004,51.572693,2
48.50102623999999,47.925694,2
45.58887320000002,46.455055,2
49.85114414000003,51.1858,2
49.86139820000005,50.881023,2
49.856271170000014,48.01274,2
50.08698751999998,49.493034,2
44.75487632,46.438034,2
54.20911964000004,52.68208,2
49.878488300000015,48.936573,2
50.025463160000015,50.278744,2
50.288650700000005,49.17186,2
46.419452060000026,48.35867,2
46.14259244000005,46.982403,2
50.65096082000002,49.232162,2
49.94684870000003,51.045097,2
52.52232677000006,51.018463,2
50.88680420000003,50.585014,2
50.78768162000006,49.59577,2
51.68662088000002,51.383934,2
49.89728740999999,48.49042,2
51.43710542000002,50.468014,2
48.86504537000002,48.525383,2
45.77686430000006,48.16111,2
51.510592849999966,51.752857,2
49.51276016000003,47.973583,2
49.91779553000004,49.779655,2
47.79520510999998,50.57192,2
46.94240911999998,46.24736,2
41.11810304000005,43.187855,2
50.92440241999998,51.384632,2
53.83655546,51.733723,2
48.22074859999998,51.136723,2
40.44133508000005,43.68727,2
50.67830498000001,51.43404,2
50.21345426000005,46.848564,2
49.878488300000015,49.241776,2
48.97100398999999,51.012234,2
49.36236728000006,49.09916,2
51.10213945999999,50.845936,2
52.85729273000004,51.49923,2
46.67751257000003,47.65083,2
51.09530342000005,50.98341,2
45.322267640000064,48.573093,2
50.53816616000006,49.484016,2
46.997097440000005,45.291683,2
52.03013189000001,51.062336,2
48.76079576000001,49.382614,2
48.189986420000025,50.83082,2
49.68707918000001,49.072876,2
48.95562289999998,48.149235,2
53.47424534000004,51.387325,2
45.51196775,47.14777,2
48.73345160000002,51.22702,2
48.52837040000003,49.300167,2
54.75942085999998,52.081783,2
45.29492348000002,47.30313,2
54.69789650000001,53.93395,2
48.89238953,48.971386,2
48.61723891999998,50.54515,2
53.713506740000014,54.07983,2
46.70656573999997,49.60227,2
49.22222846,50.5537,2
50.27497862000001,52.497253,2
51.31405670000004,50.750786,2
49.84430810000004,51.7982,2
43.767068540000025,43.68727,2
50.04597128,50.426254,2
50.23054436000001,50.833603,2
49.270080740000026,50.823997,2
52.71202688000005,51.21603,2
49.43072768000002,51.32998,2
49.97590187000003,51.406246,2
50.076733460000014,48.69149,2
50.18952811999998,50.595272,2
54.02796458,51.214836,2
46.84841357000005,50.920982,2
46.33741958000002,48.596863,2
50.975672720000034,49.923164,2
47.63626718,49.42511,2
50.022045140000046,50.533253,2
51.221770160000005,50.44885,2
52.585560139999984,51.083874,2
50.53133012000001,50.60874,2
49.434145700000045,47.744427,2
47.98490522000003,51.44077,2
47.48245628000001,49.89039,2
49.03081934,48.794292,2
47.33548142000001,46.442486,2
51.84726782000001,51.516518,2
49.91779553000004,47.587803,2
51.43710542000002,51.17007,2
51.27304046,51.27249,2
49.909250480000026,51.139877,2
51.06966827000002,52.43358,2
44.18406698000001,46.61676,2
51.53451899000004,51.276222,2
47.33377241,48.915905,2
52.288192400000014,51.313362,2
48.09769988000005,48.642586,2
50.72273924000001,49.3219,2
47.19876062000003,48.933315,2
49.33502312000002,49.033955,2
47.84647541000004,48.95541,2
49.40167451000002,51.308098,2
49.06158152,49.63322,2
47.62943114000001,46.158108,2
49.05474548000001,51.07652,2
52.254012200000034,50.12609,2
50.39119130000006,50.150455,2
48.82402913000004,50.122944,2
46.272477200000026,46.593754,2
48.972713,51.392166,2
47.56790678000005,48.79954,2
49.83405404000001,51.43106,2
53.71692475999998,51.452625,2
48.53178842,48.65854,2
45.86915084000003,48.901978,2
49.85798018000003,50.820343,2
50.85262399999999,49.3412,2
50.65950587000003,51.330303,2
43.35177911000005,49.09471,2
48.945368840000015,50.697933,2
51.68662088000002,52.028034,2
50.13483980000001,50.348705,2
51.70712900000001,50.014214,2
50.48689586,51.61551,2
50.59969052000002,50.510838,2
46.20582581000002,47.951252,2
53.86219061000003,50.027298,2
54.82094522,53.546463,2
51.12093857000002,50.60354,2
50.42024447000006,51.08471,2
49.73834948000001,50.15399,2
47.04836774,46.793354,2
49.31964203000007,50.66413,2
49.25982668,50.04994,2
49.165831130000015,50.97519,2
48.64116506000005,47.78542,2
52.00620575000005,51.296535,2
51.96689852000003,50.927307,2
54.22620974000006,54.020405,2
48.945368840000015,49.44504,2
49.6050467,49.047276,2
51.70029296000001,52.06376,2
47.291047160000005,47.663506,2
45.58545518000005,47.2057,2
53.67761753000002,51.106495,2
51.23373323000004,48.38833,2
45.61279934000004,49.30033,2
50.38435526000001,49.020706,2
43.29367277000006,47.391495,2
47.62601312000004,48.05767,2
45.92042114000003,46.136963,2
53.25036503000001,52.25739,2
52.55479796000003,51.273746,2
48.92144270000006,50.833267,2
49.59479264000004,48.607403,2
50.03913524000001,48.82941,2
50.83211588000006,50.555832,2
54.01429250000001,50.72242,2
51.96006248000003,51.20315,2
50.893640240000025,50.242424,2
45.045408020000025,48.942455,2
52.39756904000001,49.897682,2
48.34550633000004,48.351685,2
50.95174658000002,49.61481,2
54.48427025000001,52.0421,2
48.86675438000003,49.829445,2
49.14019598000005,45.819782,2
48.608693870000025,48.34169,2
50.297195750000014,50.477978,2
47.34231746,49.065804,2
51.05086916000005,50.12418,2
45.368410909999966,47.13513,2
49.30084292000004,50.30971,2
48.04642958,46.645298,2
48.01737641,47.740932,2
51.02352500000001,51.176247,2
49.65289898000003,50.24975,2
46.49464850000004,46.86766,2
45.74781113,47.46105,2
51.09188540000002,50.93912,2
44.980465640000034,47.632763,2
54.417618860000005,53.010406,2
52.44542132000004,51.04198,2
47.46194816000002,50.336052,2
47.27053904000002,48.17395,2
52.07969318000005,49.51384,2
54.17323043000005,52.15682,2
54.41590985000005,50.89642,2
51.32772878000003,50.612057,2
46.69972969999998,47.17726,2
49.35211321999998,50.57887,2
50.254470500000025,49.7903,2
48.44633792000002,51.217674,2
50.12800376000001,51.098263,2
53.06920996999997,52.238243,2
49.36236728000006,46.54862,2
49.35211321999998,50.698547,2
48.92486072000003,51.375137,2
50.12800376000001,50.54635,2
53.631474260000005,47.317707,2
51.334564820000026,49.555,2
48.55913257999998,49.659798,2
48.64458308000002,50.897003,2
42.77584274000003,43.85948,2
50.25105248,51.46408,2
53.6895806,53.11113,2
48.73345160000002,49.12589,2
52.45054835000002,50.845905,2
47.90287274000002,51.471073,2
50.73641132,49.207924,2
46.11524828000006,47.17726,2
49.86139820000005,50.72312,2
49.403383520000034,50.94654,2
53.40246692000005,53.758064,2
54.99526423999998,52.04785,2
48.45830099,49.172802,2
47.01418754000002,51.76004,2
49.75543958000003,51.719044,2
49.43585471000006,50.561424,2
49.092343700000015,49.59807,2
46.02808877000001,47.131588,2
51.38583512000002,51.669598,2
47.991741260000026,49.691616,2
46.57668097999999,47.77727,2
51.51230185999998,51.21939,2
49.04620043,50.754456,2
50.24421644000006,49.503128,2
51.05086916000005,51.02226,2
53.925423980000005,51.0911,2
50.29890476000003,50.175186,2
54.39027470000002,51.376156,2
54.06898081999998,52.687317,2
49.188048260000016,48.84041,2
48.63603803000001,49.678513,2
47.33548142000001,48.996098,2
51.594334340000046,51.570763,2
52.83849362000001,51.238514,2
49.11285182000006,48.236233,2
52.50694568000006,51.6555,2
49.37945738000002,51.113773,2
50.60652656000002,50.591934,2
52.71373589000007,50.42335,2
48.85650032000001,50.77635,2
45.43677131000004,47.886494,2
49.32306004999998,51.417446,2
51.818214650000016,51.014317,2
49.81354592000002,49.01082,2
49.875070280000045,49.211506,2
50.22199931,48.89471,2
48.554005550000056,47.324146,2
47.70804559999999,47.070408,2
51.71738306000003,51.384567,2
49.748603539999976,51.089077,2
49.16754014000003,48.3698,2
53.95789517000003,51.67668,2
44.51219690000005,47.18781,2
49.68366116000004,49.137367,2
48.75395972000001,48.292076,2
45.72046697000002,49.01501,2
52.55821598,50.62928,2
51.80283356000001,52.132782,2
48.62407496000003,50.57871,2
46.08790412000002,47.07805,2
54.31166024000004,51.8691,2
49.15386806000004,51.271137,2
53.24694700999999,51.92373,2
53.221311860000014,51.02058,2
47.16458041999999,47.497395,2
48.39164960000005,49.157112,2
49.83063602000004,50.651867,2
52.91369006000002,53.312496,2
50.39802734,51.16781,2
46.65529544000003,46.78914,2
48.83428319000001,47.623573,2
48.328416230000016,50.749252,2
53.57507693000002,50.826443,2
54.81069116000003,52.80315,2
52.85900174000005,51.221695,2
54.26380796000001,54.008434,2
47.42093192000005,46.118534,2
49.734931459999984,48.51772,2
46.75783604000003,48.966652,2
50.13483980000001,48.151165,2
53.4844994,50.7749,2
54.90810472999999,53.747856,2
50.64412478000003,50.862297,2
52.19932388000001,49.590935,2
48.85991834000004,51.111786,2
47.364534590000005,49.01167,2
53.45031920000002,53.940464,2
52.73937104000004,51.232536,2
47.56107073999999,48.682426,2
44.62157353999999,44.52927,2
53.21105780000005,53.54462,2
44.22508321999999,45.39571,2
49.63580888000001,50.619118,2
48.302781080000045,48.808895,2
46.467304340000055,49.08967,2
48.62920199000007,50.40226,2
47.69950055000004,49.182964,2
46.27931324000002,48.359074,2
45.55811102000001,46.595924,2
53.95276813999999,53.10893,2
51.02010698000004,51.028275,2
45.12060445999998,45.88905,2
49.89557839999998,48.619606,2
53.221311860000014,52.167202,2
48.22758464000003,47.99681,2
49.827218000000016,51.857033,2
49.71100532000003,48.976997,2
46.40919800000006,46.057453,2
48.03617552000003,50.489685,2
46.98000734000004,45.59802,2
50.31428585000003,52.15077,2
50.13654881000002,51.857483,2
49.66315304,49.407528,2
53.99036636000005,53.34531,2
45.29321447000001,47.37494,2
49.65973502000003,50.276554,2
49.96735682000002,51.273567,2
52.44200330000001,51.801365,2
49.656317,50.977978,2
51.12606560000006,50.452774,2
50.18269208000004,51.233166,2
48.90777062000001,52.460728,2
46.583517020000045,49.23193,2
49.31451500000003,51.577442,2
45.35644783999999,45.91682,2
53.20763978000002,51.833023,2
48.11137196000004,46.64562,2
47.68070144000001,51.766056,2
51.78403445000004,51.995228,2
46.72365584000005,46.402412,2
44.48143472000004,46.50016,2
53.61438415999999,52.438896,2
50.62703468000001,51.25619,2
50.57234635999998,48.839108,2
47.30813726000002,49.646862,2
52.301864480000006,50.523544,2
52.84532966,51.08107,2
49.290588860000014,49.766636,2
50.462969720000046,51.269623,2
50.53133012000001,49.50149,2
49.98444691999998,48.625786,2
44.52928700000007,44.63552,2
46.93557308000004,48.90885,2
49.143614000000014,48.215744,2
50.35359308,51.098824,2
50.53816616000006,52.201843,2
51.68149385000004,51.25564,2
53.72376080000004,53.67726,2
47.887491650000015,49.657116,2
54.29115211999999,54.112316,2
47.73026273000005,49.26524,2
51.221770160000005,49.846325,2
49.68366116000004,51.487774,2
50.24079842000003,49.48491,2
46.49464849999998,48.159966,2
48.28910900000005,49.63036,2
53.15466047000001,50.770054,2
44.60790146,47.00115,2
54.30824222000001,53.498833,2
52.219832,53.65392,2
49.63922690000004,49.880093,2
50.29206872000003,49.459698,2
52.20445090999999,50.22875,2
53.99207537000001,54.080162,2
52.992304520000005,51.23584,2
47.56790678000005,48.694695,2
49.96564781000001,45.738636,2
45.66065162000001,46.3772,2
53.86731764000001,53.487164,2
49.67511611000003,48.71256,2
49.07867162000002,50.91292,2
54.17152142000003,53.903454,2
47.2978832,48.93161,2
47.47562024000001,49.092796,2
49.123105880000026,46.905243,2
53.40588494000002,51.320755,2
49.114560830000016,52.137596,2
48.504444260000014,50.54752,2
49.762275620000025,49.1583,2
51.96348050000006,51.205746,2
51.15853679000003,51.26815,2
48.20365850000002,48.704876,2
51.40634324000001,51.19489,2
46.25196907999998,49.898373,2
47.83451234,49.648273,2
49.33331411,50.79512,2
53.73401486,52.161015,2
46.86379466000005,48.8762,2
50.10065960000003,47.44064,2
50.58601844000003,51.063774,2
48.81890210000006,49.305664,2
47.37478865000003,50.019966,2
48.55571456000001,46.004482,2
54.04847270000005,51.606037,2
49.13335993999999,49.89554,2
49.239318560000015,51.190647,2
53.75110496000002,54.07285,2
49.20513835999998,49.64687,2
50.40486338000005,51.037334,2
49.39312946000001,48.883713,2
54.42103688000003,53.477997,2
48.71294348000004,50.62652,2
54.05189072000002,54.059727,2
53.10851720000005,51.05525,2
48.92998775000001,50.686214,2
53.11535323999999,53.04648,2
50.08356950000001,48.283077,2
52.95128827999997,52.526905,2
54.86537948,50.09343,2
53.12902531999998,52.53772,2
48.67876328,48.21788,2
51.05428718000002,51.221386,2
45.308595560000015,46.07833,2
50.23054436000001,50.64516,2
50.10407762,52.620647,2
52.59581420000001,51.329815,2
49.66998908000005,49.854862,2
49.451235800000006,49.798428,2
47.82596729,49.887447,2
48.39848563999999,48.898457,2
50.11262267000001,48.769695,2
46.945827140000006,46.302086,2
53.94251408000002,53.160892,2
49.97077484000005,51.86727,2
52.46934746000005,51.34744,2
47.98832324,47.667187,2
48.72661556000003,50.020504,2
48.81890210000006,49.32573,2
46.14771946999997,46.581406,2
46.173354620000055,47.68722,2
47.43289499000002,50.533947,2
48.125044040000034,48.461903,2
53.37854077999998,50.093117,2
51.80966960000001,51.364727,2
54.154431320000015,50.814274,2
54.297988160000045,53.379803,2
54.591937880000046,54.022617,2
50.38435526000001,49.46685,2
47.76273392000002,46.71899,2
50.90047628000002,50.94379,2
47.53030855999998,48.675457,2
50.890222220000055,51.548138,2
46.66213148000003,45.318043,2
50.25105248,50.11153,2
50.96029163000003,51.545082,2
48.302781080000045,49.26558,2
47.09963804000006,47.755722,2
43.38766831999999,45.823856,2
53.60754812000005,52.99029,2
53.43664712000003,51.451565,2
53.75452298000005,53.198837,2
46.21095284,46.879765,2
51.58237127000001,49.4475,2
48.107953940000016,47.052547,2
47.88578264,51.332577,2
45.706794890000026,48.043934,2
48.13017107000002,49.868526,2
47.63968520000003,48.47554,2
49.99470098000006,47.931057,2
49.11626984000003,49.164867,2
50.27156060000004,50.56143,2
46.32032948,47.166943,2
49.06158152,50.53957,2
48.27372790999999,51.19726,2
52.08311120000002,51.70527,2
49.969065830000034,50.71061,2
49.05816350000004,50.852413,2
49.78278374000001,50.76748,2
52.98888650000004,52.8488,2
43.883281220000015,51.129017,2
49.66998908000005,51.997234,2
50.33308496000001,50.948654,2
46.57668097999999,48.613625,2
52.05234902000001,50.779034,2
49.00005715999998,47.983112,2
50.63387072,48.114864,2
50.28181466000001,50.720924,2
47.99003225000001,48.421143,2
45.49316864000002,45.82181,2
48.0840278,49.89856,2
46.28614928000002,47.848656,2
50.73128429000002,49.625183,2
54.3219143,51.955227,2
48.64116506000005,49.486465,2
50.25105248,48.049698,2
47.01418754000002,46.03299,2
54.90981374,54.21259,2
46.99367942000004,50.361595,2
43.28170970000002,46.8297,2
49.575993530000005,50.87663,2
48.10111790000002,47.784927,2
49.94001265999998,50.53744,2
50.60994458000005,50.841587,2
54.06556280000001,53.974075,2
42.5810156,44.588356,2
44.14305074000004,47.688156,2
47.02615061000006,51.60345,2
50.36726515999999,50.05599,2
49.95026672000006,49.487198,2
53.42297503999998,51.82307,2
49.67682511999999,50.004963,2
48.444628910000006,46.809074,2
46.18360868000002,50.623512,2
47.85502045999999,50.61201,2
48.45659197999999,47.1593,2
48.03788452999999,45.040295,2
52.37364290000005,50.555775,2
47.89945472,47.815205,2
50.82186181999998,50.772995,2
45.45044339000003,48.480274,2
44.38231214000001,46.203342,2
49.86823423999999,51.592003,2
50.30232278,49.74945,2
54.71498660000003,53.149864,2
53.30676235999999,54.060345,2
47.520054500000015,49.29405,2
51.221770160000005,48.942528,2
50.22029029999999,50.447845,2
48.66167317999998,48.17866,2
54.151013300000045,52.153564,2
54.57826580000005,53.171177,2
48.06693770000004,46.54412,2
48.78472190000002,50.26995,2
52.21641397999997,51.361507,2
48.84282824000002,48.37521,2
50.08015148000004,50.47748,2
54.10999706000001,52.38193,2
53.12731630999997,51.2303,2
54.25697192000001,53.995705,2
50.68001399000002,51.20185,2
49.99640999000002,48.949287,2
47.64652124000003,47.80616,2
49.74689453000002,50.871235,2
50.32966694000004,49.92314,2
48.26518285999998,49.80065,2
44.31053372000002,46.696022,2
49.56744848000005,48.600487,2
50.96200064000004,51.432327,2
49.04449141999999,49.785206,2
48.98296706000002,52.023777,2
49.72467740000002,49.625763,2
50.62703468000001,46.06769,2
53.55627781999999,52.948498,2
48.09257285000001,52.063004,2
48.99834815000003,50.831596,2
53.06408294000005,52.967884,2
51.368745020000006,52.032124,2
47.88920066000003,46.423557,2
48.96587696000006,48.647232,2
46.67580356000002,47.00026,2
50.39119130000006,48.709244,2
51.4849577,50.874847,2
49.12994192000002,47.747875,2
47.42093192000005,46.118534,2
49.78278374000001,49.01473,2
49.41363758,51.17375,2
54.24671785999999,54.05941,2
47.12014615999999,48.58838,2
50.83211588000006,50.992573,2
50.27326961,48.13991,2
50.34846605000001,50.94584,2
44.05760024,46.874886,2
47.28933815000005,48.60396,2
50.17585603999999,49.137367,2
49.30767896000003,50.960003,2
48.67192724000006,51.31997,2
46.48097642000005,49.308914,2
50.41169941999999,50.92142,2
49.51959620000002,50.453365,2
51.60800641999998,50.906906,2
47.29446518000003,48.504566,2
49.728095420000045,50.309223,2
53.874153680000006,54.063675,2
53.66907248000001,52.294262,2
47.94730700000002,49.928555,2
47.26028498000005,52.47284,2
51.49521176000002,50.980312,2
48.49760822000002,49.20953,2
52.18906981999999,50.220623,2
43.33298000000002,46.107018,2
50.42537150000004,49.350292,2
42.31782806000001,46.432877,2
48.02079443000002,51.376514,2
53.546023760000026,50.968235,2
53.33752454,51.70602,2
52.32066358999998,50.699715,2
48.74883268999997,50.350174,2
46.93557308000004,47.28255,2
49.96052078000002,50.076435,2
52.82823956000004,51.68364,2
49.451235800000006,47.557022,2
52.67101064000002,51.790943,2
52.448839340000006,50.858315,2
46.84841356999999,48.591896,2
51.99766069999998,51.262554,2
53.33068850000001,53.821407,2
46.70656574000003,48.080456,2
49.304260940000006,50.792927,2
41.92646477,49.898373,2
52.34288072000004,51.499187,2
48.39506762000002,48.899654,2
51.628514540000026,51.72426,2
53.778449120000005,53.86845,2
52.45567538,48.65787,2
49.39483846999997,51.67783,2
47.94730700000002,48.362057,2
47.59183292,48.419563,2
49.47174392,48.989693,2
52.53770786000001,51.32278,2
48.600148820000015,49.262802,2
49.72125937999999,51.18553,2
46.70827474999999,46.302635,2
51.02010698000004,50.227264,2
47.74906184000002,45.834167,2
52.06943912000003,51.94798,2
52.76671520000002,51.921227,2
50.78426360000003,49.733868,2
48.630911000000026,48.644733,2
50.82527984000001,50.079445,2
47.37991568000001,51.31259,2
50.664632900000015,48.90305,2
46.443378199999984,48.585655,2
49.49225204000004,50.66909,2
50.99788985000004,50.694973,2
50.96541866000001,50.529285,2
48.99834815000003,49.894947,2
50.75350142000002,51.06768,2
47.42776796000004,50.236446,2
54.867088490000015,50.516884,2
48.61382090000001,47.7673,2
49.64606293999998,48.784702,2
53.38879484000006,51.525227,2
51.93613634000002,50.827442,2
51.93955435999999,50.532516,2
54.72865868000002,50.89028,2
51.973734560000025,50.83528,2
52.81798550000002,51.488846,2
51.36190898000007,51.34111,2
46.91848298000002,48.46393,2
49.59137462000001,48.001705,2
51.34823690000002,51.505054,2
52.27452032000002,51.590874,2
45.75977420000004,46.78653,2
52.21812299000004,51.281094,2
50.35188406999998,51.201286,2
53.42639306000001,52.09808,2
42.99459602000002,46.45335,2
52.57188805999999,52.300495,2
49.00689320000004,50.218323,2
52.85045668999999,50.74101,2
46.87063069999999,46.82697,2
48.91460666,47.66226,2
50.77913657000005,51.42491,2
51.07821332000003,50.69455,2
50.63045269999998,50.991093,2
50.82527984000001,50.751644,2
48.51469831999998,50.789955,2
51.326019770000016,51.088104,2
46.55617286000006,48.955376,2
49.13848697000003,48.803,2
48.71977952000003,48.71412,2
46.78518020000001,46.43829,2
51.55673612000004,51.040882,2
54.33900440000002,52.037098,2
49.965647810000064,49.397785,2
47.868692539999984,48.700222,2
50.35701110000002,50.845257,2
51.93955435999999,50.86984,2
48.328416230000016,47.474567,2
49.35040421000002,48.24494,2
45.70166786000004,49.198513,2
49.14703201999998,51.685204,2
54.08265290000003,54.1306,2
48.53862446000005,46.959675,2
53.38537682000003,52.55093,2
52.10703734000003,51.004425,2
50.24421644000006,52.297348,2
54.6295361,53.048805,2
53.78870318000003,51.187042,2
51.59091632000002,50.94801,2
54.14075924000002,53.898228,2
50.70906716000002,53.294613,2
51.40976125999998,47.42503,2
45.30175952000002,49.372772,2
49.44439976000001,50.4281,2
48.95220488000001,52.56494,2
50.715903200000014,50.21876,2
48.444628910000006,50.110126,2
49.98786494000001,50.443043,2
49.57941155000003,51.164494,2
50.62019864000001,51.990894,2
51.05086916000005,50.88546,2
47.745643820000055,48.986385,2
48.39848563999999,49.702816,2
48.95220488000001,48.431362,2
53.55285980000002,52.479828,2
49.46148986000003,51.18682,2
53.679326540000034,52.344364,2
46.90139288,50.650192,2
48.15238820000002,50.595688,2
53.02135769000006,49.494072,2
51.37558106,50.868004,2
52.63341242000001,51.840076,2
54.738912740000046,54.0127,2
46.68776663,50.04358,2
51.72421910000003,51.456337,2
47.256866960000025,48.463074,2
53.29650830000003,51.65618,2
52.57017905000004,51.328735,2
50.82186181999998,51.783924,2
54.13392320000003,53.10984,2
53.21276681000006,49.528328,2
49.92634057999999,52.437073,2
52.73937104000004,51.77368,2
48.73345160000002,50.18877,2
52.02842288,50.263657,2
48.84966428000001,50.52007,2
48.72319754,49.878067,2
42.83907611000001,45.66194,2
47.66361133999999,48.766697,2
47.79007808000006,46.328896,2
45.46582448000004,47.879536,2
45.48462359000007,44.915977,2
53.91858794000001,51.5488,2
50.859460040000045,51.04029,2
49.65289898000003,52.421593,2
50.04938930000003,52.537113,2
51.69345692000002,51.5976,2
50.73641132,50.062737,2
51.03036104,51.660442,2
54.11683310000001,46.991035,2
46.39552592000001,46.58708,2
47.42434994000001,47.0583,2
52.37022488000002,51.359093,2
47.04153170000001,49.260944,2
44.29857064999999,44.340176,2
51.87803000000002,51.400517,2
51.60458840000001,51.131985,2
49.28717084000005,49.977207,2
49.73834948000001,47.669346,2
49.76569364,50.329876,2
53.79553922000002,53.821407,2
48.554005550000056,47.324146,2
45.51709478000004,49.118996,2
52.97863244000001,52.867455,2
47.42947697000005,50.980774,2
49.04449141999999,49.74083,2
49.25811767000005,51.443394,2
49.270080740000026,48.902237,2
52.315536560000055,50.035965,2
45.47095151000002,45.163197,2
46.55446385000005,48.232544,2
53.546023760000026,50.944763,2
48.125044040000034,47.101994,2
54.513323420000006,52.160503,2
54.28773410000002,53.421932,2
52.56505202000005,50.98232,2
46.6655495,46.658108,2
48.49760822000002,49.568863,2
51.12606560000006,50.869377,2
50.58943646,50.54017,2
41.7436007,43.68727,2
47.44314904999999,50.635296,2
54.832908290000034,54.246037,2
50.95174658000002,48.33497,2
52.70519084,51.786526,2
51.94980842000001,50.710068,2
47.06203982,44.747356,2
46.92190100000005,49.651672,2
47.70804559999999,49.306656,2
49.649480960000005,51.337254,2
48.02250344000004,50.212383,2
51.39267116000002,48.740204,2
46.83645050000001,49.373707,2
46.98342536000001,47.262047,2
49.88361533,51.26083,2
48.92144270000006,50.96416,2
53.21105780000005,51.188263,2
46.388689880000015,48.157288,2
52.13096347999999,50.928738,2
47.45682112999998,45.854683,2
51.67294880000003,51.200317,2
50.79451766,49.50992,2
54.33558638,53.10617,2
48.43266584000003,48.286232,2
49.08550766000002,51.86442,2
50.02717217000003,48.86303,2
50.48176883000002,49.49775,2
45.86402381000005,46.81291,2
47.69095550000003,47.455235,2
51.62680553000001,50.24048,2
48.30961712000004,50.079113,2
53.956186160000016,53.117695,2
49.48712501,48.441463,2
51.594334340000046,50.28849,2
44.59422938,46.86406,2
49.66315304,48.13503,2
47.01760556000005,47.493687,2
54.16639439000005,51.023132,2
49.37945738000002,49.54686,2
51.2286062,51.16574,2
54.711568580000005,52.566643,2
54.61757303000002,54.031128,2
47.20217864000006,48.963123,2
47.43460400000004,49.4936,2
54.24329984000002,53.510265,2
50.87313212000004,48.312263,2
48.55913257999998,49.258656,2
46.27931324000002,49.024696,2
51.848976830000026,48.812325,2
50.94149252,51.030342,2
44.05589123000004,45.069527,2
50.00495504000003,51.4086,2
49.81867295000001,50.64222,2
46.79030723,47.358265,2
47.96781512000001,48.791924,2
50.85946003999999,50.756897,2
54.77651096,51.400616,2
51.36532700000004,48.24349,2
48.50786228000004,47.799976,2
51.334564820000026,50.92816,2
48.44633792000002,51.217674,2
49.15899509000002,51.511158,2
48.14213414000005,51.188744,2
49.84772612000006,50.656433,2
53.00597660000005,51.24538,2
44.71386008000002,49.54686,2
49.1777942,50.846355,2
52.29502844000001,50.630035,2
53.62463822000007,52.3675,2
54.26380796000001,52.994705,2
49.979319890000056,50.53341,2
52.09336526000004,52.063618,2
49.77765671000003,53.886425,2
51.14999174000002,51.28459,2
49.468325900000025,50.05219,2
48.11137196000004,49.47612,2
49.79987384000003,50.231346,2
53.88440774000003,49.305664,2
51.38925314000005,51.38587,2
50.25105248,51.299213,2
49.59479264000004,50.6136,2
48.504444260000014,51.76232,2
50.66975993,46.9841,2
50.50398596000002,50.932926,2
48.829156160000025,47.89331,2
53.42981108000004,50.894695,2
49.85114414000003,50.008514,2
46.39210790000004,49.234093,2
49.89216038000001,51.42446,2
47.21243270000002,49.057182,2
50.38435526000001,48.088943,2
50.462969720000046,51.07312,2
47.29446518000003,48.15031,2
47.26028498000005,44.738983,2
47.14065428000004,48.68926,2
46.13917442000002,45.16553,2
46.761254060000056,46.984406,2
46.22120690000003,49.22809,2
49.67169809000001,53.315624,2
50.859460040000045,49.04498,2
51.66611276000003,50.230392,2
45.602545280000015,46.558243,2
51.23886026000002,51.418488,2
50.62703468000001,49.67942,2
50.35359308,50.462257,2
47.83793035999997,50.660053,2
49.476870950000034,47.070408,2
52.03013189000001,50.94124,2
47.09622002000003,49.99221,2
49.57770254000002,50.40346,2
54.52015946000006,54.008434,2
49.417055600000026,51.24994,2
47.20217864000006,49.49848,2
48.70098041,50.433716,2
50.29890476000003,50.59043,2
49.33502312000002,48.460526,2
45.22314505999998,44.96425,2
52.55137994000006,51.16729,2
47.91312680000004,48.62039,2
50.27156060000004,50.229244,2
41.57953573999998,43.68727,2
50.13654881000002,49.157192,2
51.795997520000014,50.09025,2
49.65460798999999,49.075264,2
51.41317928000001,51.11849,2
53.18371364000001,52.729218,2
50.025463160000015,50.459213,2
47.69095550000003,49.24146,2
49.601628679999976,51.419533,2
50.07331543999999,51.002525,2
53.54431475000001,52.460033,2
46.99026140000001,49.582413,2
49.33844113999999,48.3361,2
54.57484778000003,53.9973,2
45.69483181999999,47.140987,2
51.98740664000002,50.885395,2
49.28033480000005,51.828835,2
47.98490522000003,49.271465,2
52.37706092000002,50.840885,2
51.105557480000016,51.151886,2
52.802604410000015,51.590874,2
48.56596862000004,51.608025,2
45.47607854,47.759346,2
51.03377906000003,49.99635,2
51.074795300000005,50.881603,2
49.03423736000002,51.662586,2
47.35769855000001,51.09193,2
54.323623310000016,50.43203,2
49.05816349999998,50.90837,2
45.740975090000006,47.40551,2
47.73538976000003,47.656723,2
47.109892100000025,48.25014,2
52.97521442000004,53.846577,2
52.725698960000045,51.150135,2
52.69493678000004,50.490383,2
51.09017639000001,50.23618,2
45.73243004000005,48.324963,2
50.26814258000002,51.51238,2
51.13631966000003,51.233757,2
47.87211056000001,50.65622,2
52.38731498000004,51.578995,2
48.88726250000002,51.41626,2
49.37603936000005,51.467564,2
49.909250480000026,47.834324,2
53.42297503999998,51.246452,2
52.41124112,50.85947,2
50.51082200000002,50.98737,2
53.22643889000005,51.42771,2
50.70906716000002,49.286213,2
46.94240911999998,46.673073,2
47.77298798000004,48.559452,2
54.69447848000004,51.068073,2
50.27839663999998,49.39621,2
50.99959885999999,50.482178,2
49.01372924000003,48.801407,2
54.74574877999999,54.06772,2
49.89216038000001,51.700638,2
48.54546049999999,49.249054,2
48.84282824000002,48.559845,2
53.97669428000006,53.44001,2
48.99663914000001,50.948128,2
51.95664446000001,51.266838,2
54.55433965999998,54.02455,2
49.34185916000001,47.750343,2
44.71044206000005,47.793186,2
51.04745114000002,50.286808,2
48.86504537000002,47.607677,2
46.85354060000003,47.819237,2
48.58305872000005,49.47988,2
47.32522735999999,50.39329,2
49.77936571999999,49.21854,2
46.42457909000001,46.914917,2
46.733909900000015,46.117474,2
46.089613129999975,45.981968,2
52.452257359999976,51.833496,2
50.64412478000003,51.032932,2
47.25515795000001,51.253044,2
53.43322910000006,51.247963,2
47.28933815000005,48.60396,2
45.43848032000005,49.523296,2
47.48074727000005,48.56011,2
46.5630089,47.91059,2
49.74176750000004,51.44125,2
49.59137462000001,50.608818,2
49.96393880000005,51.064667,2
53.64514634,52.664032,2
47.93363492000003,47.701622,2
53.65881841999999,51.27188,2
53.03673878000001,51.67357,2
54.76967492000006,52.15194,2
50.83895192,51.329853,2
54.29457014000002,53.81147,2
45.54443894000002,49.883514,2
51.92417326999998,49.687195,2
47.01247853000001,48.24244,2
50.60652656000002,49.237682,2
47.00735150000003,50.9939,2
52.383896960000015,51.45745,2
46.737327919999984,49.198513,2
52.42833122000002,51.623104,2
45.63843449000001,47.098156,2
50.55867427999999,50.747517,2
49.78278374000001,49.83119,2
48.96245894000003,50.785397,2
49.10259775999998,49.10267,2
50.58943646,50.779697,2
51.95322643999998,50.917908,2
51.481539680000026,51.13132,2
45.54102092000005,46.732166,2
48.78472190000002,51.199234,2
48.09428186000002,48.926228,2
53.36145068000002,51.549107,2
45.38721002,47.904892,2
51.51913790000003,50.618305,2
50.13142177999998,51.274033,2
47.91996284000004,47.658905,2
53.14269740000003,54.005627,2
51.27304046,51.09752,2
50.84749697000001,50.304012,2
46.79201624000001,51.049553,2
45.48975062,46.712246,2
45.38379200000003,46.611244,2
53.14269740000003,51.35676,2
46.590353059999984,48.392593,2
42.78951482000002,46.248238,2
50.65437884000005,50.559376,2
49.256408660000034,46.47177,2
51.43710542000002,51.492393,2
53.11706225,51.37437,2
48.26518285999998,49.57097,2
53.93909606,51.57664,2
48.08744582000003,49.143166,2
51.261077390000025,48.907,2
49.84943513000002,49.227592,2
51.55331810000001,51.456432,2
47.82084026000001,49.145443,2
49.69049719999998,50.33517,2
51.92930030000002,50.70226,2
50.01520909999999,49.203987,2
51.93955435999999,50.34118,2
50.49714992000003,51.003967,2
47.01076952000005,48.674942,2
47.13381824000004,48.101273,2
48.50786228000004,49.640835,2
49.59821066000001,51.29163,2
50.75691944000005,48.180744,2
46.85354059999997,46.07994,2
53.65540040000002,50.964905,2
54.41420084000004,53.084156,2
50.517658040000015,51.239662,2
50.67659597,49.972855,2
48.06010165999999,47.15147,2
52.279647350000005,50.892582,2
49.00347518000001,51.0198,2
47.694373520000056,49.54686,2
44.00291191999997,44.233692,2
50.88680420000003,51.771244,2
50.29890476000003,50.89619,2
53.06066492000002,52.707127,2
49.53497729000003,51.196915,2
50.28523268000004,49.106,2
50.19978218000006,51.510643,2
46.39894393999998,43.68727,2
51.03036104,51.90685,2
52.10532833000002,51.314743,2
46.07081402000006,48.312553,2
51.09872144000002,51.169903,2
53.28625424000006,52.11069,2
49.67682511999999,50.092457,2
53.95960418000004,53.74974,2
49.22906450000005,48.602287,2
49.41363758,50.211437,2
47.72855372000004,47.266285,2
46.747581980000064,47.47346,2
45.26757931999998,48.79098,2
50.26814258000002,49.672817,2
49.36578530000003,49.31947,2
48.32670722,48.923916,2
45.61621736000001,48.40805,2
45.93409322000002,48.569103,2
49.37945738000002,48.829945,2
49.26324470000003,47.150032,2
50.12971276999997,50.49149,2
49.16754014000003,50.380264,2
52.97179640000002,48.72893,2
50.12800376000001,48.799656,2
48.297654050000006,51.718487,2
42.68013818000003,45.264805,2
46.33058354000002,46.92694,2
52.12925447000004,50.515594,2
50.82527984000001,50.84979,2
50.73982934000003,50.532146,2
46.50832058000003,47.048084,2
52.7496251,50.959183,2
53.826301400000034,49.663635,2
49.65973502000003,49.269367,2
49.52301422000005,51.957676,2
53.07604601000003,52.00076,2
45.99903560000001,49.75392,2
54.73207669999999,50.858936,2
53.53918772000003,51.22345,2
49.734931459999984,49.142918,2
50.41169941999999,51.06602,2
49.18121222000002,46.97785,2
46.64162336000004,46.490143,2
49.55719442000003,49.7605,2
47.08254794000004,48.568195,2
51.96348050000006,51.22727,2
51.32089273999998,51.61047,2
48.98296706000002,51.137516,2
48.051556610000034,48.775158,2
47.1953426,49.113495,2
50.57063734999997,50.87165,2
53.438356130000045,53.461063,2
51.14315570000002,50.852715,2
51.94980842000001,51.31911,2
51.27474947000002,49.56069,2
53.08459106000004,51.485878,2
47.28421112000001,48.030594,2
53.93567804000003,53.51868,2
45.54102092000005,46.280155,2
41.94184586000006,44.1881,2
50.36897417,50.29383,2
41.66669525000003,45.071754,2
51.29183956999998,50.988914,2
48.46001000000001,49.517437,2
54.499651340000014,54.041206,2
45.05566208000005,48.171238,2
52.39586003,51.64385,2
47.438022020000005,48.986336,2
44.479725710000025,50.219658,2
52.206159920000005,51.69192,2
48.91460666,51.229294,2
48.0327575,48.20089,2
53.52209762000001,53.32192,2
49.234191529999976,48.042156,2
47.584996880000006,48.717678,2
48.89068051999999,50.79447,2
48.19682246000002,48.007732,2
49.98444691999998,51.350803,2
50.45955170000002,50.063873,2
48.155806220000045,45.31426,2
53.60071208,51.174675,2
54.35951252000001,52.227123,2
46.09815818000004,48.198914,2
47.04836774,49.327274,2
47.79862313000001,48.89755,2
47.69095550000003,48.29067,2
48.34379732000002,45.973965,2
45.86231480000004,49.392963,2
49.63922690000004,49.380558,2
47.69437352,48.48263,2
52.69151876000001,51.4851,2
49.796455820000006,49.37072,2
52.400987060000034,54.20881,2
50.30574080000002,50.6059,2
45.00097376000002,49.595085,2
51.76523534,50.073154,2
54.00916546999997,51.92656,2
54.21595567999998,52.387535,2
50.098950590000015,50.466263,2
50.18269208000004,50.62816,2
49.44781778000004,51.114223,2
49.90241444000003,50.628445,2
54.34584044000002,54.031128,2
53.433229100000005,52.181168,2
46.71340178000003,45.891243,2
51.46274057000005,51.674843,2
48.42924782,49.820618,2
43.555151300000034,44.954803,2
48.47368208,48.557198,2
49.62213680000002,47.881042,2
50.29035971000002,51.45391,2
48.78130388,50.61345,2
54.41420084000004,53.03913,2
43.72947032000002,44.46687,2
48.31474415000002,49.49129,2
51.62167850000003,49.594093,2
44.03709212000001,46.6902,2
51.42172433000002,51.074944,2
50.16218395999999,49.21366,2
49.601628679999976,53.09882,2
47.93705294000006,47.760983,2
50.12458573999999,50.72502,2
49.19488430000001,50.946804,2
46.23487898000002,47.890827,2
51.75669029000005,51.446186,2
50.62361665999998,50.39734,2
53.32385246000001,51.235394,2
49.40167451000002,50.51672,2
49.32476906,50.852337,2
51.9122102,51.71961,2
53.80408427000003,53.913597,2
54.93373988000002,50.948494,2
49.33502312000002,50.458427,2
49.451235800000006,48.88786,2
46.682639600000016,46.47477,2
48.302781080000045,50.960815,2
52.573597070000005,51.315147,2
40.67717846000005,43.68727,2
46.14259244000005,47.604046,2
49.55377640000006,51.2151,2
49.82038196000002,50.51506,2
47.32522735999999,51.394463,2
51.69003889999999,50.064182,2
51.90537416000001,47.76214,2
53.73743288000003,52.63305,2
52.26255724999999,50.572052,2
53.90149784000005,53.13327,2
45.13085852,49.370136,2
48.155806220000045,48.494442,2
51.334564820000026,50.949818,2
49.98615593000005,50.782764,2
48.56425961000002,48.170727,2
50.32283089999999,52.31827,2
49.59991967000002,47.176704,2
46.27589522000005,46.67319,2
52.206159920000005,48.63708,2
51.77207138000006,51.304474,2
53.48108137999998,52.27721,2
50.50056794,48.77623,2
47.75247986,49.4483,2
44.1533048,45.484653,2
49.91437751000001,49.07233,2
48.38823158000002,50.45713,2
51.36190898000001,51.759804,2
51.334564820000026,50.774643,2
50.96541866000001,51.430737,2
52.82140351999999,53.529373,2
48.357469400000014,49.0487,2
47.07571189999999,48.332848,2
54.78676502000002,53.582973,2
50.24934347000004,52.46733,2
49.81525493000004,50.239132,2
50.72273924000001,50.719124,2
54.45863510000004,54.071747,2
49.533268280000016,49.617043,2
54.56801173999997,50.854416,2
49.71100532000003,48.18985,2
52.03696793000006,51.999302,2
43.39792238000001,45.617092,2
48.53862446000005,48.24444,2
45.29492348000002,48.38858,2
48.48735416,50.120277,2
48.69243535999999,47.714207,2
50.14509386000003,49.681835,2
49.929758600000014,50.33069,2
47.13381823999998,47.781097,2
53.80408427000003,52.601,2
54.11341507999998,51.537674,2
49.35211321999998,50.433037,2
47.152617350000014,48.26275,2
47.00393348,47.19664,2
54.42103688000003,54.020405,2
45.86231480000004,49.172802,2
51.71054702000004,50.775043,2
49.10772479000002,49.55934,2
50.05451633000001,49.42753,2
48.58305872000005,50.265343,2
51.20468005999999,51.266785,2
49.403383520000034,50.94654,2
47.36966161999999,47.77766,2
50.46809674999997,51.0198,2
53.71692475999998,52.4465,2
54.95082997999998,53.511982,2
49.403383520000034,49.43433,2
49.94684870000003,50.821644,2
50.04255325999998,51.13363,2
46.86037664000003,50.720955,2
51.00814391,51.250385,2
48.19340444,50.872986,2
50.87142311000002,50.282658,2
54.11854211000002,51.34974,2
53.81604734000001,51.187298,2
49.26837173000001,49.951916,2
49.96735682000002,51.323605,2
52.824821540000016,51.38582,2
51.66953078000006,51.993484,2
48.67192724000006,51.809788,2
49.1777942,51.356842,2
49.80329186000006,51.44353,2
48.336961280000025,48.986557,2
46.16651858,46.36774,2
50.876550140000006,50.587456,2
46.89113882000004,52.347183,2
45.80420846000004,48.650444,2
54.168103400000064,54.059727,2
51.06625025,51.310627,2
54.70473254000001,52.82248,2
51.48666671000001,50.64754,2
47.49954638000003,49.20533,2
52.01133278000003,51.125946,2
52.71544490000002,50.153305,2
46.85012258,49.676403,2
49.29400687999998,50.097576,2
51.942972380000015,51.499107,2
49.26837173000001,49.206932,2
50.31257684000002,50.931103,2
52.39415101999998,50.891296,2
53.03673878000001,51.15688,2
50.27497862000001,52.12933,2
47.37478865000003,47.241783,2
48.82573814,49.972813,2
54.072398840000005,54.024883,2
49.464907880000055,49.403202,2
51.77890742,50.594364,2
49.35382222999999,50.227764,2
49.49908807999998,52.362835,2
45.39062804000002,47.7673,2
42.548544410000034,44.379704,2
52.903436000000056,51.015793,2
48.76934081000002,51.453587,2
49.02398330000005,49.57767,2
46.829614460000016,48.7878,2
52.6983548,51.39429,2
42.610068770000055,46.701912,2
50.842369940000026,50.884274,2
54.45521708000001,53.533997,2
46.04688787999999,46.41936,2
48.64458308000002,46.428722,2
53.72546980999999,51.70858,2
49.29400687999998,50.94879,2
50.57234635999998,51.044907,2
48.8701724,48.785103,2
46.682639600000016,49.32098,2
51.72763712000005,51.39973,2
51.90879217999998,52.588497,2
49.143614000000014,51.296722,2
49.11968786,49.6826,2
50.81844380000001,50.295734,2
43.50388099999998,45.968204,2
50.55867427999999,51.33754,2
48.793266949999975,49.727104,2
49.23419153000003,48.504566,2
50.47322378000001,48.11705,2
49.13335993999999,46.463123,2
49.329896090000034,49.78258,2
45.71192192000001,46.094624,2
51.54990008000004,49.544537,2
48.09769988000005,48.127373,2
47.814004220000015,48.71689,2
54.74916680000001,52.68689,2
50.90047628000002,51.657654,2
51.662694740000006,50.51227,2
44.68309790000001,45.10349,2
51.39608917999999,50.24088,2
51.38583512000002,51.038303,2
47.72171767999998,48.544765,2
51.41317928000001,51.816372,2
44.58568432999999,49.861637,2
50.22541733000003,50.752785,2
51.713965040000005,49.741196,2
48.716361500000005,50.647926,2
52.992304520000005,51.26441,2
46.86550367000001,46.10167,2
50.66805092000004,51.45191,2
52.358261810000045,52.503456,2
46.79543425999998,47.785206,2
48.716361500000005,48.406483,2
47.97294215,48.409565,2
50.04597128,49.944756,2
50.58943646,50.60206,2
53.90833387999999,54.031075,2
50.13483980000001,50.176384,2
50.94491054000002,50.585327,2
50.95516459999999,51.335365,2
49.88019731000003,47.985565,2
49.615300760000025,52.217377,2
51.48837572000002,49.86882,2
52.68810073999998,52.057217,2
48.79326695000003,50.968315,2
49.434145700000045,51.919518,2
52.08652921999999,51.06524,2
47.21926874000002,49.063774,2
49.69049719999998,48.69652,2
53.37512276000001,52.628117,2
46.20582581000002,47.29438,2
51.4849577,47.487637,2
49.37945738000002,50.520073,2
49.21539242000006,51.07658,2
49.83747205999998,48.663315,2
50.93807450000003,49.00579,2
53.16491453000003,51.256306,2
48.2378387,51.47977,2
48.20024048000005,49.37034,2
50.94149252,51.07431,2
50.05451633000001,49.99724,2
53.95960418000004,52.7865,2
50.06306138000002,49.33429,2
47.36282558000005,47.923584,2
49.61871878,51.6521,2
51.037197080000055,51.772366,2
50.66805092000004,49.96113,2
49.23248252000002,51.402393,2
49.041073400000016,51.198784,2
49.86139820000005,51.163006,2
49.827218000000016,51.25927,2
50.12458574000004,51.486435,2
51.49179374000005,46.30316,2
50.53133012000001,48.428226,2
47.68241045000002,49.352333,2
53.92029695000002,50.54956,2
50.24250742999999,48.967503,2
50.52620309000002,51.481987,2
51.355072940000014,51.685238,2
48.73686961999999,49.34068,2
50.17927406000001,48.821693,2
47.97465116000001,49.662125,2
47.63284915999998,48.52611,2
51.56357216000004,50.896107,2
50.03229920000001,48.062954,2
48.48906317000001,51.451916,2
49.22564648000002,51.455967,2
52.19248784000001,51.156277,2
54.08607092,52.847004,2
52.76329718,50.920177,2
46.13917442000002,48.972668,2
44.67113483000003,46.553448,2
48.08060978000003,48.58086,2
52.52061776000005,51.28138,2
46.37843582000005,47.02581,2
46.70656574000003,47.11926,2
51.12435658999999,51.198376,2
46.13746541,47.68351,2
51.36361799000002,50.698444,2
52.85558372000003,53.14089,2
48.41215771999998,47.9167,2
46.26222314000006,47.2232,2
49.59991967000002,51.43168,2
48.47026405999998,50.49563,2
54.181775480000056,51.90073,2
49.9126685,50.966652,2
47.99515928000005,49.549896,2
50.90389429999999,49.16889,2
47.83451234000006,48.8999,2
49.36236728000006,49.035378,2
48.16947830000004,49.45879,2
49.00005715999998,50.1841,2
53.53576970000006,51.007923,2
47.16116240000002,47.958733,2
47.80716818000002,48.32558,2
51.10213945999999,48.441113,2
52.60265024,50.16591,2
50.01008207000001,49.484596,2
54.940575920000015,51.8005,2
47.21755973000006,48.41961,2
48.60356684000004,50.373672,2
48.73345160000002,47.888885,2
51.47128562,49.23162,2
53.41613900000005,51.61171,2
47.65848431000006,51.413208,2
47.80716818000002,44.986828,2
42.13667300000003,49.76668,2
47.745643820000055,50.49748,2
51.67294880000003,51.535725,2
53.11193522000002,51.332195,2
50.15876594000002,51.37437,2
47.11331012,49.495396,2
52.24034012000004,51.446533,2
50.36726515999999,49.34177,2
49.22906450000005,50.533253,2
49.35724025000002,52.019016,2
48.52495238000006,50.376232,2
47.28762914000004,45.942802,2
48.00199531999999,48.76368,2
52.14976259000002,51.436096,2
51.515719880000006,51.06591,2
49.89557839999998,50.00487,2
49.50592412000003,50.260445,2
53.809211300000015,54.112316,2
51.51230185999998,50.460648,2
51.68832988999998,51.265167,2
49.092343700000015,51.052464,2
46.467304340000055,49.109768,2
45.09667832000002,49.875984,2
52.14292655000003,51.246437,2
50.93465648000006,51.58141,2
45.43506230000003,48.40729,2
50.223708320000014,49.948135,2
52.19590586000004,51.32556,2
50.4424616,51.1802,2
52.47960152000002,50.892,2
50.254470500000025,47.69458,2
48.39164960000005,48.456295,2
53.234983940000006,51.64146,2
46.41603404,48.406483,2
51.19784402000005,51.113976,2
53.48108137999998,51.065746,2
48.92486072000003,48.001762,2
50.43904358000003,48.400307,2
50.23396237999998,51.244724,2
50.60139952999998,51.66328,2
47.90629076000005,51.894985,2
49.98786494000001,48.138123,2
49.464907880000055,51.02499,2
52.7496251,51.26251,2
44.91039623,49.660763,2
47.321809340000016,46.778633,2
49.827218000000016,51.03754,2
49.909250480000026,49.256035,2
50.97225470000001,49.258587,2
47.12356418000002,46.90626,2
48.48735416,47.663162,2
53.13073433000005,50.58164,2
54.43812697999999,49.99038,2
50.80135370000005,50.35858,2
49.66315304,50.242653,2
52.647084500000005,47.134636,3
51.38070808999999,52.678516,3
50.107495640000025,50.25602,3
50.462969720000046,49.013474,3
50.474932790000025,49.805492,3
49.08038063000004,50.869053,3
48.77617685000007,51.58869,3
48.69243536000005,49.43476,3
51.72421910000003,50.25279,3
49.48199798000002,49.02142,3
49.049618450000025,48.134186,3
46.803979310000045,47.755726,3
49.57770254000002,46.305862,3
48.09428186000002,48.395874,3
49.41363758,48.99935,3
50.85775103000003,49.89581,3
53.72376080000004,54.131466,3
48.81890210000006,50.62517,3
51.04745114000002,51.436768,3
52.68126470000004,51.80882,3
49.62897284000002,49.68443,3
44.80614662000005,49.190575,3
53.48962642999999,51.098293,3
50.59969051999997,48.686676,3
47.092802000000006,46.029022,3
53.68787158999999,50.266144,3
50.24421644000006,50.463284,3
49.37433035000004,50.215534,3
49.86823423999999,49.153942,3
46.78176217999999,49.219624,3
53.06920996999997,49.941444,3
46.19728076000001,47.37131,3
53.692998620000026,50.63736,3
47.95756105999999,45.73949,3
46.877466740000045,46.490707,3
49.083798650000006,51.17147,3
50.26130654000002,49.137836,3
49.88703335000002,50.768463,3
50.52107606000004,47.916935,3
49.929758600000014,48.78986,3
54.93373988000002,50.85147,3
51.35336393,52.379272,3
42.30073795999999,48.596363,3
49.80329186000006,49.17986,3
48.66850922000003,48.163525,3
52.69493678000004,51.203224,3
49.728095420000045,50.513012,3
50.398027340000056,50.33408,3
53.839973480000026,51.323933,3
53.50842554000002,50.85098,3
48.12162602000001,47.490864,3
48.99663914000007,48.655426,3
46.64162336000004,48.400425,3
50.18269208000004,52.496174,3
49.18121222000002,50.16736,3
53.39563088,52.916496,3
47.373079640000014,50.967587,3
50.52791209999998,50.812347,3
47.25344894,46.5198,3
46.63478731999999,48.604774,3
52.15147160000004,51.370636,3
50.43904358000003,51.241314,3
46.57155395000001,48.371784,3
48.81377507000002,49.410984,3
50.07160643000003,49.521378,3
50.076733460000014,48.720158,3
46.725364850000005,49.609966,3
51.51401087000005,50.06179,3
53.15295146,50.776077,3
49.30767896000003,49.48229,3
53.52893366000001,51.020237,3
51.86435792000003,50.65024,3
52.94274323000002,50.95825,3
49.37262134000002,49.034447,3
52.73595302000001,51.376076,3
46.08790412000002,46.874756,3
48.051556610000034,47.968212,3
51.679784840000025,49.780087,3
47.74222580000003,45.11071,3
49.05474548000001,49.17214,3
48.72148852999999,49.17094,3
50.91414836000001,48.87439,3
50.25105248,48.513367,3
45.84864272000004,46.847935,3
49.20172034000001,50.927162,3
45.91871213000002,48.2273,3
49.29229787000003,53.023003,3
46.10157620000001,45.899883,3
51.47128562,51.90627,3
52.96154234000005,50.799896,3
50.866296079999984,51.517307,3
50.91243935,50.559658,3
47.36966161999999,48.06285,3
50.22541733000003,50.207146,3
51.83701375999999,49.839188,3
46.60060712000006,48.926167,3
51.51913790000003,51.08117,3
46.08448610000005,47.866226,3
49.290588860000014,48.916958,3
43.832010920000016,46.114494,3
47.05178576000003,46.47075,3
49.70075126,48.094276,3
48.69927140000004,47.42803,3
54.86537948,52.388718,3
50.18269208000004,50.289856,3
48.518116340000006,51.01414,3
48.68559932000005,49.36736,3
47.05349477000004,48.9479,3
49.47516194000002,50.371372,3
52.141217540000014,51.037193,3
51.45761354000001,47.631073,3
50.87825915000002,51.77515,3
50.20832723000001,50.08778,3
50.80135370000005,51.09195,3
48.85991834000004,50.81152,3
47.12356418000002,44.78214,3
49.07183558000003,48.074253,3
54.75258482000004,54.02941,3
51.942972380000015,49.337574,3
49.97419286000002,51.86369,3
49.41363758,48.794888,3
50.28865070000006,50.991604,3
48.13017107000002,50.88447,3
48.68901734000002,49.69893,3
50.339921,52.662987,3
53.83313743999997,51.3247,3
50.462969720000046,48.978767,3
48.95220488000001,49.200104,3
50.56380131000003,48.37913,3
54.85512542000004,54.066166,3
50.94149252,49.060062,3
46.34425562000001,46.48417,3
46.42116107000004,46.97625,3
50.62019864000001,49.32889,3
51.93955435999999,48.49959,3
50.45955170000002,51.57925,3
47.709754610000005,48.53631,3
49.43072768000002,50.694,3
53.57678594000004,50.24203,3
50.30915881999999,51.766724,3
52.84703867000002,48.987892,3
51.76181731999998,49.486652,3
49.312805990000015,50.111454,3
52.07627516000002,51.287724,3
51.31234769000002,51.09527,3
50.21687228000002,50.122143,3
47.550816680000025,48.218452,3
47.35598954,51.399834,3
47.03811368000004,49.133846,3
49.94001265999998,49.470284,3
52.6983548,53.814804,3
51.09017639000001,51.501675,3
48.651419120000014,49.756966,3
53.26574612000002,50.71024,3
46.26393215000002,49.106937,3
47.76273392000002,47.327232,3
43.767068540000025,45.446026,3
45.56152903999998,45.987083,3
50.28694168999999,48.91028,3
52.906854020000026,51.373898,3
49.377748370000006,49.829884,3
52.01816882000003,51.269115,3
45.24707120000005,49.792118,3
49.994700980000005,50.486355,3
49.59137462000001,50.55288,3
49.66657106000002,49.618423,3
51.38583512000002,50.712303,3
49.65118997000002,52.01769,3
49.77594770000002,50.82503,3
48.16093324999997,48.897457,3
46.61086118000003,47.907463,3
47.08596596000007,47.774067,3
49.77936571999999,50.60901,3
53.03673878000001,50.317432,3
46.51173860000006,45.80469,3
48.21049454000001,50.897236,3
46.20069878000004,48.01772,3
45.46069745,49.322956,3
45.46924250000001,48.00063,3
49.417055600000026,49.04305,3
49.49908807999998,47.156696,3
52.24717615999998,51.181526,3
49.170958160000055,51.09459,3
50.729575280000006,48.637886,3
49.437563720000014,51.381786,3
48.673636250000015,51.149036,3
51.84726782000001,52.234245,3
45.90674906000004,46.71378,3
52.92052610000002,51.516018,3
52.759879160000025,51.041187,3
49.11626983999997,50.719135,3
47.85502045999999,49.163246,3
46.15626452000004,46.906868,3
48.336961280000025,51.304188,3
47.46194816000002,46.75517,3
45.653815580000014,46.235924,3
48.890680520000046,51.383972,3
45.158202680000045,44.249992,3
43.86619112000005,48.920265,3
49.89216038000001,48.904285,3
48.55229654000004,48.61335,3
49.48541599999999,50.554173,3
54.24671785999999,51.305832,3
51.86264891000002,48.790188,3
49.61871878,46.972008,3
52.93419818000001,50.954193,3
46.6655495,46.851128,3
50.12629475,48.966766,3
53.00255858000003,51.36639,3
45.718757960000005,49.18393,3
50.09382356000003,51.226967,3
48.716361500000005,48.62501,3
49.550358380000034,49.15466,3
47.13040022000001,46.680416,3
47.878946600000006,48.206158,3
51.28842155000001,51.66471,3
46.803979310000045,47.755726,3
49.601628679999976,51.518818,3
49.68707918000001,51.1594,3
52.93078016000004,50.34513,3
48.92486072000003,50.697792,3
54.05530873999999,52.78132,3
53.33068850000001,51.38221,3
48.05668364000002,50.223133,3
47.35940756000002,49.188793,3
54.69789650000001,54.183895,3
50.401445360000025,50.77695,3
49.59137462000001,50.101448,3
47.81742224000004,46.555622,3
52.98205045999998,50.700325,3
49.21197440000003,48.314735,3
47.94388898,48.98717,3
50.67488695999998,50.87701,3
51.98398861999999,50.72433,3
49.44439976000001,48.063953,3
53.55285980000002,51.183002,3
51.28671254000005,49.303658,3
51.32089273999998,51.06493,3
43.23727544000002,46.40639,3
49.55377640000006,49.156406,3
42.51094619000003,44.319523,3
50.04768029000002,51.181133,3
44.163558859999966,47.390133,3
44.45409056000005,45.311462,3
48.96587696000006,47.714947,3
50.169020000000046,52.330097,3
50.14851188,50.739193,3
50.54158418000003,50.867878,3
48.60356683999999,51.47945,3
49.36065826999999,49.52084,3
49.30767896000003,46.225697,3
49.48883402000001,52.185753,3
46.31691146000003,46.764862,3
50.56209230000002,49.29649,3
51.84726782000001,50.303642,3
50.53474814000003,48.667454,3
51.36190898000001,51.025444,3
49.38287539999999,51.636543,3
48.309617119999984,48.65917,3
51.24569630000002,51.039368,3
48.96587696000006,47.292645,3
53.04528383000002,52.7973,3
49.10601578000001,49.854103,3
48.27543692,47.933304,3
49.468325900000025,50.276855,3
54.70473254000001,53.188595,3
51.28329452000003,51.662933,3
51.65585870000001,51.710808,3
46.908228920000056,47.533875,3
48.60698486000001,51.096424,3
48.89409854000007,51.049366,3
52.34971675999998,50.787434,3
48.84624626000004,48.044025,3
46.68605762000004,47.872906,3
52.68126470000004,49.9633,3
50.52962111,49.361397,3
52.42833122000002,51.5442,3
49.581120560000045,50.47256,3
54.59877391999999,51.125874,3
49.42047362000005,50.84123,3
50.28523268000004,48.216885,3
52.6983548,51.709724,3
50.90731232000002,50.416454,3
51.19784402000005,48.598038,3
48.71294348000004,48.791393,3
45.966564410000046,49.76758,3
49.93317662000004,49.893353,3
50.75350142000002,49.270573,3
52.68468272000001,47.55842,3
44.061018260000026,45.86429,3
54.35609450000004,54.125515,3
53.54944178000005,51.398155,3
50.10065959999997,51.835938,3
51.49521176000002,50.926994,3
49.78278374000001,48.533398,3
47.84134838,48.507996,3
51.148282730000005,50.395813,3
49.37091233000001,50.759212,3
48.716361500000005,49.955334,3
51.597752360000015,50.01646,3
46.66213148000003,47.024357,3
50.862878060000014,49.199646,3
44.77880246000001,45.970432,3
49.48883402000001,50.524807,3
49.55719442000003,48.36438,3
53.925423980000005,52.925175,3
45.90162203,46.573196,3
44.54637710000003,46.637375,3
54.50306936000004,54.04965,3
43.01852216000003,46.718983,3
54.80727314000001,53.16749,3
49.53155927,49.90726,3
48.39848563999999,49.00597,3
53.390503850000016,52.47239,3
50.89705826,50.420616,3
52.56847004000002,51.01276,3
53.84851852999998,52.41374,3
47.697791540000026,48.436222,3
49.07183558000003,48.452003,3
53.72376080000004,51.837364,3
42.721154420000005,45.436962,3
53.68616258000003,50.063747,3
49.587956599999984,49.222786,3
50.64241577000007,48.62981,3
48.59843981,49.14972,3
50.71932121999998,49.45123,3
44.94286742000003,47.637302,3
49.01714726,50.66464,3
50.19807317000004,51.788338,3
53.986948340000026,52.583683,3
49.45807184,48.508904,3
51.03377906000003,49.543633,3
46.63307831000003,48.50258,3
52.06943912000003,50.420883,3
54.77651096,54.01475,3
50.642415770000014,51.278553,3
49.31109698,49.577606,3
49.92634057999999,49.901516,3
50.04768029000002,48.680283,3
53.59045802000003,52.75973,3
53.23669295000002,49.601875,3
51.58749829999999,52.07071,3
44.74120424,45.36944,3
49.75714859000004,48.78838,3
48.06010165999999,49.328968,3
44.28318955999998,46.862644,3
49.92634057999999,51.884945,3
52.92907115000003,51.435528,3
41.43426989,44.78566,3
52.25743022000006,50.2839,3
51.56528117000005,51.38471,3
51.10213945999999,49.41148,3
48.46001000000001,47.03607,3
49.74518552000001,49.43332,3
48.67192724,50.340527,3
50.743247360000055,50.122578,3
50.107495640000025,50.25602,3
46.33400156000005,45.019726,3
49.69049719999998,51.055927,3
50.20149119000001,51.785446,3
50.401445360000025,48.94302,3
52.87438283,51.30484,3
52.47276548000002,52.757843,3
50.77059152000004,48.829044,3
50.94661955000004,48.2433,3
54.79701908000004,50.740982,3
50.18611010000001,50.42437,3
52.93761619999998,51.25737,3
49.96052078000002,48.91779,3
49.88532434000001,49.61977,3
52.310409530000015,49.09554,3
47.22952280000004,50.495155,3
51.48837572000002,50.92634,3
51.307220659999984,52.07252,3
52.04551298000001,51.082203,3
54.10999706000001,50.8907,3
52.7496251,52.137955,3
49.33844114000004,51.384674,3
47.30813726000002,47.722485,3
51.73105514000002,51.67965,3
49.24273658000004,51.460667,3
50.90047628000002,51.01018,3
46.31691146000003,47.726784,3
53.36657771,51.425114,3
49.96052078000002,51.934826,3
49.91950454000005,50.41892,3
49.47174392,45.849026,3
45.192382880000025,45.935497,3
48.480518120000056,49.143444,3
48.56255060000001,48.583073,3
49.79987384000003,49.2894,3
50.409990410000034,51.902905,3
50.47322378000001,50.805115,3
48.49760822000002,49.231365,3
49.157286080000006,50.521236,3
45.667487660000006,48.209023,3
48.2378387,48.14268,3
49.12652390000005,50.354362,3
47.93705294000006,46.998604,3
50.61678061999999,51.976143,3
53.24181998000006,51.93093,3
46.40407097000002,49.71323,3
46.311784430000046,44.709778,3
48.64116506000005,48.923935,3
50.07331543999999,51.497524,3
48.18827741000007,50.44835,3
53.85022753999999,52.508247,3
52.90172698999999,50.891068,3
47.144072300000005,49.21097,3
46.504902560000005,48.556095,3
48.53178842,47.886353,3
46.65871346000006,50.377644,3
52.83507559999998,51.163296,3
53.54260574,53.922558,3
50.076733460000014,45.013584,3
42.19990637000001,44.574135,3
49.86823423999999,49.865437,3
45.39062804000002,46.45025,3
52.71202688000005,52.20576,3
42.82882204999999,44.975567,3
48.94878686000004,49.143105,3
50.03571722000004,50.015648,3
49.32818708000002,51.00787,3
49.39996550000001,51.69326,3
46.62111524,49.318665,3
47.63284915999998,48.558342,3
48.28569098000003,49.675606,3
46.87404872000002,46.71742,3
49.34185916000001,50.21271,3
49.79987384000003,52.258633,3
49.731513440000015,50.851833,3
50.568928340000014,48.956367,3
50.81331677000003,51.297596,3
48.95049587,50.610962,3
50.89193123000001,47.375412,3
50.42195348000001,51.18414,3
54.74403977000003,51.01973,3
48.84624626000004,45.73599,3
51.62167850000003,50.980633,3
45.31543160000001,46.227535,3
52.70860886000003,52.024837,3
52.677846680000016,50.51383,3
52.45567538,51.64922,3
53.47766336000001,50.89782,3
46.98000734000004,50.06785,3
47.07571189999999,48.87734,3
50.37410120000004,50.07739,3
46.32545650999998,47.1594,3
47.89090967000004,49.51239,3
53.05895591000001,52.614655,3
50.80477172000002,50.520878,3
49.37603936000005,49.259666,3
53.00939462000002,50.835144,3
52.70860886000003,50.53252,3
46.03663382000002,47.992424,3
50.237380400000006,50.68469,3
44.1533048,48.82875,3
52.400987060000034,51.798565,3
52.22666803999999,52.007076,3
54.63295412000002,53.71963,3
47.84818442000005,50.62451,3
49.32818708000002,47.168755,3
49.30938796999999,51.154327,3
47.20217864000006,50.383904,3
53.6895806,51.946312,3
46.83645050000001,47.7551,3
47.23464982999997,46.57723,3
48.75737774000004,51.145752,3
46.87063069999999,47.47648,3
52.48472855,52.0411,3
53.313598400000046,51.364635,3
42.406696580000016,45.658432,3
50.70906716000002,50.860897,3
48.39164960000005,50.698902,3
53.286254240000005,50.277664,3
51.45419551999999,50.419933,3
53.87073566000004,51.393963,3
48.866754379999975,50.505695,3
47.77640600000001,49.89543,3
52.19932388000001,52.176785,3
48.28398197000001,50.78395,3
49.65289898000003,49.07143,3
45.35132081,46.421864,3
51.72763712000005,51.079605,3
47.84818442000005,47.004253,3
51.40805224999997,52.900726,3
50.84920598000002,49.0541,3
47.70804559999999,46.751526,3
52.56505202000005,49.003826,3
49.34527718000004,49.593212,3
53.21276681000006,51.037575,3
53.441774150000015,51.033764,3
53.94593210000005,51.133915,3
47.04153170000001,50.637844,3
50.94832856000005,49.34979,3
45.73584806000002,48.20446,3
44.53270501999998,46.762577,3
54.84145334000005,51.17396,3
47.12014615999999,46.224148,3
46.829614460000016,49.60048,3
44.75487632,45.481644,3
50.38435526000001,49.122345,3
49.09405271000003,50.572235,3
49.13335993999999,50.75576,3
50.927820440000005,49.919186,3
52.98546848000001,51.523758,3
54.83803532000002,50.814133,3
50.45955170000002,51.011486,3
45.00780980000002,45.645504,3
49.06158152,50.648018,3
47.55423470000005,47.904644,3
51.39267116000002,50.95499,3
54.21595567999998,51.978848,3
49.54694036000001,48.79042,3
51.114102530000025,50.56755,3
50.60652656000002,50.087414,3
53.20251275000004,51.2063,3
48.11820799999998,48.82123,3
52.315536560000055,51.39813,3
51.68662088000002,51.1651,3
49.44610877000002,49.85753,3
54.72182264000003,50.54626,3
52.96496036000002,50.015076,3
52.41124112,50.757694,3
50.370683180000015,48.440544,3
50.30574080000002,51.81983,3
44.95653950000002,44.428467,3
42.84078512000002,44.27666,3
50.25617951000004,50.584717,3
47.53030855999998,48.990215,3
45.966564410000046,49.270695,3
53.32385246000001,52.22149,3
45.706794890000026,45.33979,3
49.95368474000003,49.92135,3
53.78528516000006,54.20257,3
48.85650032000001,48.84616,3
49.564030460000026,47.463154,3
45.46582448000004,48.401188,3
49.52472323000006,49.71637,3
44.765130380000016,47.45497,3
50.85604202000002,51.25481,3
49.02056528000003,50.386005,3
53.33068850000001,51.51546,3
50.90389429999999,50.7802,3
48.17973236,51.01866,3
50.36384714000002,49.335804,3
49.35211321999998,51.16244,3
48.58134971000004,48.129894,3
53.84680952000002,50.530018,3
48.69585338000002,50.0205,3
50.58943646,51.73048,3
46.44508721,46.746258,3
54.50648738000001,54.10926,3
50.45100665000001,48.003277,3
53.64514634,51.35248,3
47.28421112000001,45.38429,3
51.66611276000003,48.94319,3
54.58510183999999,54.06456,3
50.669759930000055,49.087967,3
50.58772744999999,50.426765,3
49.17095816,50.96487,3
47.67044738000004,51.317398,3
54.89614166000001,51.318825,3
49.55377640000006,50.12268,3
50.84920598000002,51.096725,3
48.747123680000016,48.684475,3
47.46194816000002,48.6031,3
49.83405404000001,49.893127,3
45.20263694000005,46.586308,3
54.181775480000056,51.675392,3
52.759879160000025,52.1362,3
54.43812697999999,54.05631,3
54.06214478000004,52.926056,3
48.8701724,49.976025,3
48.401903660000016,48.255123,3
48.40019465,46.785084,3
53.84510051000001,50.209843,3
50.022045140000046,50.337894,3
49.26324470000003,48.215065,3
50.76375547999999,49.81948,3
49.67682511999999,51.907238,3
48.8701724,52.922737,3
51.18588095000001,49.008144,3
50.94149252,51.3676,3
53.42297503999998,53.707634,3
50.51424001999999,49.50804,3
48.01395838999997,49.12879,3
52.66417460000002,51.178608,3
54.13392320000003,51.52664,3
51.71738306000003,47.55163,3
51.03548807000004,47.90498,3
51.99424268000001,51.2361,3
53.81262932000004,51.54918,3
49.89045137000005,49.128822,3
53.21105780000005,51.6426,3
45.766610240000034,46.259945,3
44.45409056000005,46.917446,3
51.16366382000001,46.73169,3
50.866296079999984,49.504795,3
51.61826048,51.732204,3
49.533268280000016,50.623215,3
51.45419551999999,50.702354,3
51.23202422000003,50.715515,3
49.60846472000003,51.26592,3
50.71077617000003,50.375538,3
53.92200595999998,53.28948,3
46.50832058000003,48.936172,3
51.888284060000046,50.568115,3
47.03127763999999,47.156,3
49.15215905000002,50.19535,3
51.96348050000006,49.378136,3
49.434145700000045,49.768814,3
51.41659730000004,49.748116,3
49.30767896000003,48.55964,3
50.73982934000003,48.472855,3
49.13848697000003,51.21171,3
50.69881310000005,51.025826,3
54.07923488000006,52.895943,3
50.63045269999998,47.69716,3
46.86721268000002,45.89845,3
51.173917879999976,48.663948,3
54.02796458,51.38873,3
53.64514634,53.102688,3
48.504444260000014,49.7637,3
48.56084159,50.769756,3
49.0752536,49.21708,3
46.36476374000006,50.042946,3
48.55571456000001,47.19842,3
53.216184829999975,51.40757,3
49.728095420000045,50.203445,3
54.007456460000014,52.760456,3
49.34869520000001,49.680664,3
49.90412345000004,50.52927,3
52.36338884000003,51.17341,3
52.03184090000002,50.70667,3
50.02717217000003,52.542763,3
49.06841756000006,50.352905,3
45.10009634000005,49.1112,3
47.50638242000002,47.823658,3
47.441440039999975,50.983784,3
54.63295412000002,53.053314,3
49.61871878,49.289806,3
49.96052078000002,49.851578,3
46.05030590000001,47.95833,3
48.39335861000001,52.231964,3
50.14509386000003,48.968483,3
50.58260042000006,52.12423,3
48.28569098000003,50.75376,3
50.14680286999999,50.70327,3
50.48005982000001,51.51625,3
49.29742490000001,51.13593,3
54.17835746000003,53.842075,3
52.7496251,51.61317,3
50.99276282000005,49.191116,3
51.74814523999999,50.868546,3
44.86596197000006,47.324547,3
45.45386141000006,44.271576,3
45.53760290000002,46.543777,3
45.52393082000003,46.934277,3
46.21095284,48.07801,3
46.51515662000003,46.721363,3
44.67626186000001,46.679737,3
49.533268280000016,48.92127,3
48.71294348000004,51.283993,3
50.06647940000005,49.568897,3
54.30482419999999,51.71115,3
47.06545784000002,49.061977,3
50.664632900000015,51.288822,3
48.44291989999999,48.47892,3
51.326019770000016,51.118694,3
49.64606293999998,51.45542,3
47.67899243,50.137188,3
50.52449408000001,50.77852,3
52.85900174,51.236767,3
45.82129856000006,47.13778,3
49.74176750000004,48.928074,3
49.91950453999999,50.798866,3
46.37501780000002,48.150322,3
50.61507161000003,50.69303,3
52.38047893999999,51.824093,3
53.45031920000002,51.45274,3
51.667821770000046,49.267235,3
47.831094320000034,50.543255,3
50.18952811999998,48.77264,3
52.10020129999998,50.893875,3
51.02010698000004,50.396782,3
52.74620708000003,50.91838,3
48.78472190000002,49.185383,3
46.25709611000002,48.972145,3
51.12606560000006,49.758762,3
50.55354725000001,50.876015,3
47.082547939999984,51.069416,3
48.73003358000005,49.306026,3
48.90606161,50.8152,3
47.89603669999997,47.681847,3
54.38343866000002,52.909794,3
51.667821770000046,50.59035,3
51.49179374000005,51.038727,3
50.75862845000006,49.133183,3
45.14453060000005,46.097137,3
49.94001265999998,48.407413,3
49.06158152,50.343586,3
51.594334340000046,48.55316,3
50.23225336999997,48.50998,3
49.24273658000004,47.710934,3
45.25903427000003,46.955788,3
48.96587696000006,50.07041,3
45.23681714000003,49.191483,3
53.50158950000002,51.406498,3
44.66600779999999,46.389484,3
44.66088077000006,45.609093,3
48.829156160000025,47.912815,3
50.06477039000004,51.32438,3
46.682639600000016,46.45553,3
48.41215771999998,48.41931,3
43.60983962,46.2868,3
48.66680021000002,52.09834,3
50.45955170000002,52.15491,3
48.61382090000001,48.50794,3
52.86412876999998,49.359837,3
49.53668630000004,45.66702,3
46.88430277999999,47.56569,3
53.06066492000002,52.7547,3
47.07229388000002,46.990746,3
50.37751922000001,51.136105,3
47.615759060000016,47.796757,3
51.87632099000007,51.472927,3
51.27474947000002,49.302666,3
48.93511478000005,49.473457,3
53.20251275000004,51.035725,3
47.41580489,50.88679,3
48.39335861000001,49.851513,3
51.97031654,50.622974,3
54.5269955,53.196144,3
48.96245894000003,50.940327,3
47.44144004000003,46.798996,3
54.91664978000006,52.934734,3
50.568928340000014,47.136932,3
47.34060844999999,49.60959,3
48.96929498000003,49.53279,3
51.19784402000005,48.059326,3
51.973734560000025,48.9994,3
49.39996550000001,49.089027,3
48.89922557,50.84598,3
46.24513304000004,47.97825,3
53.23840196000003,51.841984,3
50.57918240000004,52.125637,3
48.57964070000003,50.355484,3
50.51082200000002,50.67192,3
54.88246958000002,54.06456,3
48.894098540000016,48.224564,3
50.49031388000003,49.444157,3
50.01179108000002,51.015415,3
47.98832324,46.827667,3
49.575993530000005,50.30758,3
49.45294481000002,50.741856,3
51.33798284,51.12767,3
52.37706092000002,49.835976,3
52.47276548000002,49.84298,3
50.60310854,50.359383,3
42.237504590000015,44.138996,3
48.72148852999999,51.42789,3
48.57622268,49.46476,3
49.55719442000003,49.115276,3
53.52551563999998,54.04998,3
49.45807184,49.355774,3
50.93123846000003,49.21823,3
48.41386673,48.997505,3
46.504902560000005,49.428806,3
50.141675840000005,48.91881,3
50.05964336,49.05758,3
50.44929764000005,49.282005,3
51.58749829999999,50.91109,3
50.107495640000025,49.272724,3
50.389482290000046,50.551437,3
48.04130255000001,47.360817,3
50.056225340000026,51.07013,3
49.11968786,48.432865,3
50.61678061999999,51.18391,3
46.241715020000015,46.909718,3
50.319412880000016,48.00854,3
53.65540040000002,52.79408,3
52.55821598,51.52142,3
53.21447582000002,52.520138,3
48.48222713000001,50.4329,3
54.824363240000025,51.756004,3
47.72513570000001,47.906597,3
51.98398861999999,52.153976,3
46.877466740000045,48.78611,3
50.55183824000005,48.908627,3
47.77640600000007,50.04539,3
50.319412880000016,51.30084,3
53.37170474000004,51.11446,3
47.01076952000005,48.185223,3
47.174834480000015,49.271275,3
53.15636948000002,53.03435,3
48.48222713000007,48.804413,3
52.69493677999998,49.387764,3
50.67830498000001,50.0993,3
49.19146627999999,47.570305,3
53.58704,51.221268,3
49.13506895,48.335037,3
53.20763978000002,51.461056,3
49.38287539999999,49.194275,3
51.684911870000064,51.38069,3
48.42582980000003,48.809547,3
50.95687361,51.46198,3
50.79793568000002,52.01442,3
50.56721933000006,50.359615,3
51.28671254000005,52.051952,3
51.11581153999998,51.071625,3
47.92679887999998,50.34034,3
45.73926607999999,46.71404,3
51.73105514000002,50.61393,3
50.975672720000034,52.327282,3
52.93419818000001,51.70717,3
46.190444720000016,49.18233,3
51.31063868000001,49.442665,3
48.56767762999999,50.330467,3
49.82038196000002,50.629913,3
47.41409587999999,48.483467,3
53.71008872000005,51.540665,3
47.12014615999999,50.516518,3
50.19636416000003,52.50494,3
43.49362694000001,45.56678,3
51.09530342000005,51.16077,3
51.58408028000002,49.328697,3
48.86675438000003,49.621506,3
49.17779420000005,49.044033,3
47.91654482000001,47.222813,3
54.45009004999997,51.68262,3
54.62270006000006,53.099937,3
48.42582980000003,49.232777,3
48.42582980000003,49.363636,3
50.17927406000001,49.18233,3
50.46126071000003,50.65749,3
50.96712766999997,49.828495,3
50.99959885999999,51.176903,3
49.03765538000005,50.117188,3
48.64800109999999,47.444214,3
51.92930030000002,50.093838,3
50.64412478000003,49.20608,3
46.40236196000001,48.00967,3
52.69493678000004,51.377815,3
49.1777942,52.679768,3
49.25299064000001,50.489346,3
52.88292788000001,50.046886,3
48.376268510000045,49.377026,3
51.92417326999998,50.99806,3
52.400987060000034,50.973667,3
50.98250875999997,46.73489,3
44.86083494000002,45.249367,3
50.16047495000004,50.77323,3
49.15386806000004,51.595375,3
53.29309028000006,52.42418,3
53.24865602,51.215862,3
48.554005550000056,47.854565,3
49.564030460000026,48.63274,3
50.288650700000005,49.236477,3
46.62111524,48.17157,3
51.63876860000005,48.91122,3
50.01520909999999,49.297497,3
43.18942316000005,44.437267,3
53.32385246000001,52.22149,3
53.679326540000034,51.928467,3
47.64993926,45.020138,3
52.007914760000006,49.60904,3
49.95026672,51.961052,3
51.26962244000004,49.608635,3
47.33889943999998,47.29886,3
52.582142120000015,51.028873,3
49.0752536,49.578823,3
47.72855372000004,48.509716,3
47.53030855999998,48.370575,3
50.462969720000046,50.687428,3
46.36134572000003,50.62822,3
50.53816616000006,50.972355,3
48.50957129,50.681206,3
53.06408294000005,50.433666,3
53.52209762000001,52.328743,3
53.70325267999999,50.624043,3
52.09165625000003,48.840267,3
54.60219194000001,53.865463,3
51.85410386000001,53.342724,3
51.02352500000001,49.44876,3
48.25834682000004,49.61788,3
48.302781080000045,49.120625,3
50.30744980999998,47.836235,3
49.96393880000005,50.733326,3
47.49783737000001,49.503807,3
51.63193256,51.629894,3
54.93373988000002,52.978195,3
46.71340178000003,46.855003,3
51.99082466000005,51.275276,3
52.76329718,50.4916,3
49.86823423999999,50.724163,3
51.009852920000014,51.955814,3
51.08846738,49.610886,3
50.77913657000005,50.907234,3
54.48597926000002,54.05631,3
50.7500834,49.16119,3
54.889305620000016,54.06456,3
52.06943912000003,51.92189,3
51.826759700000025,50.596233,3
42.632285900000056,47.63655,3
48.17289632000001,51.284893,3
48.09086384,47.90055,3
51.594334340000046,51.30776,3
50.38777328000003,49.081028,3
50.58601844000003,51.618034,3
50.04597128,52.071003,3
49.533268280000016,49.88665,3
48.64629209000003,51.10949,3
54.24329984000002,53.80143,3
50.42537149999998,49.398727,3
50.31257684000002,50.332905,3
48.88213547000004,49.837105,3
50.172438020000016,51.10666,3
52.87267381999999,49.1499,3
49.304260940000006,49.927986,3
49.827218000000016,50.010803,3
52.08823823,49.891674,3
50.189528120000034,48.747475,3
51.261077390000025,50.41596,3
53.68274456000006,52.275307,3
49.88532434000001,51.604275,3
49.290588860000014,51.183895,3
46.911646940000026,48.639503,3
51.85410386000001,51.65958,3
47.47049320999997,50.292004,3
48.93511477999999,51.585545,3
51.69345692000002,53.207767,3
45.49658666000005,48.66014,3
52.966669370000034,51.396942,3
52.13438150000002,50.253803,3
47.01760555999999,47.76713,3
51.24227828000005,50.43514,3
51.11581153999998,50.280064,3
51.46786759999998,49.627922,3
52.71544490000002,51.0166,3
53.70325267999999,51.153934,3
51.86606692999999,51.725063,3
49.99128296000004,51.206936,3
50.48347783999998,48.38567,3
47.20730566999998,46.954166,3
48.28398197000001,51.199905,3
45.75635618000001,47.859287,3
49.748603539999976,49.881413,3
51.99766069999998,51.494904,3
49.78620176000004,48.826923,3
52.32579062000002,51.275276,3
50.34675704000006,49.0922,3
54.35951252000001,50.92498,3
50.84920598000002,47.940884,3
53.35461464000002,52.53553,3
53.77674010999999,51.99737,3
53.925423980000005,51.448376,3
50.695395080000026,51.2633,3
52.37706092000002,49.970093,3
50.47322378000001,50.976856,3
51.55844513,50.73266,3
45.92042114000003,47.232685,3
50.26472455999999,49.10902,3
53.68616257999997,53.71721,3
49.34527718000004,48.965054,3
49.48199798000002,48.614494,3
50.34163001000002,51.089893,3
47.66361133999999,49.461018,3
51.76352632999999,51.097553,3
46.34767364000004,47.981125,3
50.03059019,52.178005,3
49.87677929000006,47.628998,3
51.24227828000005,51.310947,3
47.55423470000005,50.95044,3
49.95026672000006,50.96821,3
49.76569364,50.712376,3
45.61279934000004,47.070164,3
50.97225470000001,50.57973,3
47.05691279000001,47.851517,3
52.78380530000004,51.60522,3
51.02010698000004,50.758606,3
43.015104140000005,46.1634,3
47.94388898,48.378468,3
49.86481622000002,51.285755,3
51.450777500000015,50.700794,3
53.49817148,53.53505,3
48.46684604000001,49.344257,3
51.2798765,48.768166,3
47.14749032000003,50.420074,3
47.92850788999999,49.52685,3
53.65540040000002,50.75905,3
50.22029029999999,50.126312,3
46.13233838000002,44.4751,3
51.307220659999984,49.42698,3
45.79737241999999,46.775482,3
47.18508854000004,47.10569,3
52.45909340000003,50.90477,3
47.33206340000004,48.946915,3
54.43299995000001,53.176723,3
54.366348560000006,54.06732,3
52.03696793000006,48.844276,3
51.60458840000001,52.154537,3
53.01281263999999,51.338333,3
51.90195614000004,49.78799,3
48.43950188000002,50.083225,3
49.86823423999999,51.799545,3
48.07035572000001,47.104546,3
49.95368473999997,51.85097,3
49.52643224000002,48.934578,3
50.06989742000002,51.678528,3
50.958582620000016,50.05746,3
46.19728076000001,46.4316,3
53.6895806,51.418533,3
45.24365318000002,49.52108,3
52.88292788000001,52.664448,3
47.15432636000003,48.03103,3
48.35063336000002,47.07744,3
48.38481356,48.992683,3
47.16970745000003,49.50796,3
51.20468005999999,46.254333,3
52.23521309,51.847466,3
50.237380400000006,51.486694,3
51.07992232999999,50.382637,3
49.78620176000004,51.25452,3
50.26472455999999,50.451706,3
49.08892567999999,49.306614,3
48.74028764000002,49.030922,3
51.77207138000006,49.84666,3
46.146010460000014,48.365513,3
49.52130521000004,46.33849,3
51.64218662000002,50.67525,3
51.741309200000046,50.389557,3
49.468325900000025,50.502018,3
51.303802640000015,51.214565,3
46.976589320000016,44.559505,3
47.70120956000005,48.81978,3
53.77161308000001,54.131466,3
50.902185290000034,49.7267,3
49.188048260000016,51.36373,3
49.75714859000004,50.597042,3
50.315994860000046,48.784115,3
52.65733856000003,50.478798,3
47.930216900000005,49.799137,3
50.62703468000001,48.958954,3
50.99276282000005,49.602245,3
50.01520909999999,49.613274,3
44.49510680000003,44.99729,3
52.62315836000005,51.03926,3
51.94468139000003,50.29823,3
53.06408293999999,50.42998,3
46.99026140000001,49.64209,3
48.66167317999998,49.39234,3
51.02352500000001,52.59716,3
46.69289365999998,47.016933,3
50.370683180000015,49.620728,3
46.28614928000002,46.618576,3
50.39973635000001,50.829567,3
46.50832058000003,47.587513,3
49.79987384000003,49.461914,3
50.28523268000004,50.23519,3
49.48199798000002,50.750748,3
52.20445091000005,49.18261,3
48.66338218999999,48.154274,3
51.72421910000003,51.196033,3
52.41124112,50.26216,3
46.49464850000004,47.42822,3
54.27406202000003,53.2387,3
49.73834948000001,51.80146,3
53.06066492000002,51.218338,3
53.826301400000034,50.9879,3
45.84009766999998,47.280277,3
48.911188640000034,50.822517,3
51.153409760000045,49.700974,3
52.876091840000015,51.099632,3
44.56346719999999,46.071716,3
49.38287539999999,52.510654,3
54.63637214000005,54.17083,3
50.84920598000002,48.529404,3
45.43848032000005,45.98041,3
52.37364290000005,51.94304,3
51.09530342000005,51.651142,3
51.88486604000002,48.619335,3
47.59183292,47.41757,3
51.566990180000005,51.206875,3
50.51424001999999,50.16745,3
48.10111790000002,47.2601,3
49.83063602000004,48.8638,3
50.71248518000005,51.88735,3
52.73937104000004,51.03452,3
48.523243370000046,50.986187,3
51.21835213999998,49.050648,3
46.699729700000034,47.88393,3
45.21289100000001,44.947174,3
54.591937880000046,54.10026,3
50.842369940000026,50.112488,3
52.52403578000002,52.547493,3
50.64070676000006,49.81257,3
50.68514102000006,51.327187,3
50.78768162000006,49.638977,3
51.54306403999999,49.233917,3
50.65266983000004,50.263428,3
52.92223511000003,51.680073,3
46.42116107000004,49.439133,3
45.54785695999999,49.287437,3
51.450777500000015,50.641872,3
46.614279200000055,46.3577,3
49.564030460000026,50.605984,3
51.597752360000015,50.78079,3
49.32476906,49.186188,3
50.19978218000006,51.18053,3
51.61484245999998,50.55307,3
52.52745379999999,50.588573,3
49.78107473,50.34379,3
52.941034220000006,52.166912,3
49.7075873,49.60373,3
52.03184090000002,50.526787,3
49.09576172000004,51.529255,3
49.581120560000045,49.891453,3
52.69322777000002,48.46728,3
49.464907880000055,48.73791,3
52.82823956000004,49.99126,3
47.97465116000001,51.228348,3
50.16560198000002,51.290905,3
51.18588095000001,49.367,3
51.68662088000002,50.60541,3
51.02352500000001,49.58235,3
53.71863377,52.965633,3
50.84749697000007,50.276096,3
50.548420220000025,51.146065,3
52.99914056,50.84617,3
47.42434994000001,47.15918,3
47.605505,49.818905,3
52.39244200999997,51.89145,3
47.226104780000014,47.814396,3
49.7075873,51.13132,3
50.37922822999997,50.942833,3
48.64800109999999,48.93044,3
47.63797619000002,50.841133,3
54.742330760000016,51.84462,3
53.863899619999984,51.82926,3
48.73003358000005,51.29228,3
52.13950853000006,51.68367,3
51.44052343999999,51.434063,3
52.00962376999996,51.56974,3
45.50854973000003,46.62163,3
50.58430943000002,50.68736,3
49.99128296000004,50.492313,3
54.21082865000005,51.178127,3
44.358386,47.59603,3
53.7921212,53.979256,3
49.451235800000006,49.54869,3
49.80670988000003,50.22461,3
50.86971410000001,49.362766,3
52.97521442000004,49.064083,3
48.63432902,47.62436,3
52.74278906000001,53.34813,3
46.18531769000003,46.280045,3
51.42685136,50.20044,3
49.68707918000001,49.64635,3
53.10168116,51.936165,3
51.32089273999998,50.593204,3
51.795997520000014,49.526344,3
51.37558106000006,50.310314,3
51.90879217999998,51.193275,3
53.053828880000026,49.944687,3
51.76523534,51.948296,3
49.20342935000002,48.86152,3
51.99424268000001,51.0487,3
51.69858395000006,51.26234,3
49.010311220000006,48.594322,3
44.41307432000002,44.48253,3
51.96689851999997,52.004898,3
49.72467740000002,49.725777,3
54.76625690000003,52.113808,3
45.64697954000002,47.96843,3
51.06454124000004,51.166084,3
52.87267381999999,51.098366,3
52.33775369,49.971813,3
51.98740664000002,51.332848,3
54.78676502000002,52.04508,3
48.55571456000001,49.05686,3
51.97544357000004,50.732285,3
53.64856436000002,52.832058,3
50.582600420000006,48.70451,3
51.41488829000002,48.00043,3
50.97909074000006,50.453476,3
50.27156060000004,49.9793,3
50.76375547999999,48.679977,3
51.35849096000004,51.835625,3
50.39119130000006,50.514896,3
47.19705161000002,46.87017,3
49.88532434000001,49.492912,3
47.92338086000001,48.13013,3
50.03571722000004,49.902657,3
53.82288338000001,52.88079,3
53.69983466000002,52.088066,3
50.00837306000005,50.276962,3
48.24467474000005,48.293198,3
49.94172166999999,50.803673,3
54.73549472000002,52.29166,3
52.10020129999998,51.68818,3
53.744268920000025,53.41949,3
52.19590586000004,49.896168,3
50.89705826,49.5133,3
50.06818841000006,51.230793,3
46.737327919999984,47.910686,3
53.92884200000003,51.608727,3
52.48985558000004,52.191113,3
49.04449141999999,47.27069,3
53.24011096999999,51.612114,3
48.93682379000006,49.711185,3
44.228501240000014,48.511044,3
48.45659197999999,48.093124,3
49.94684870000003,51.23495,3
47.42434994000001,48.75716,3
48.36430544000001,48.5505,3
51.99424268000001,49.60797,3
46.443378199999984,45.819473,3
52.353134780000005,47.920288,3
47.98832324,48.97203,3
52.291610419999984,52.43742,3
49.07867162000002,50.703033,3
45.77344628000003,49.286144,3
53.139279380000005,50.693382,3
51.11581153999998,51.361557,3
46.51173860000006,48.63067,3
49.317933020000055,51.130997,3
52.547961920000034,48.437103,3
51.51230185999998,50.317432,3
51.94468139000003,51.328236,3
49.20513836000004,50.728725,3
49.59821066000001,49.142612,3
47.61917707999999,48.823006,3
49.40680154000006,50.398125,3
50.03742623,50.496708,3
53.41955702000001,51.83624,3
54.08948894000002,54.045082,3
53.68616258000003,52.895588,3
53.175168590000055,51.78987,3
48.08744582000003,47.687622,3
50.94149252,50.783936,3
49.32476906,49.68966,3
50.07331543999999,49.857136,3
51.98398861999999,47.81251,3
51.02352500000001,49.021454,3
50.586018439999975,51.894974,3
51.40634324000001,51.364082,3
48.54546049999999,50.94927,3
54.91323176000003,53.556084,3
51.07650431000002,52.46311,3
51.532809980000025,51.673027,3
48.665091200000006,50.913025,3
51.99082466000005,51.275276,3
42.21870548000004,46.35374,3
49.65973501999997,50.669373,3
50.55183824,48.5333,3
43.73972438000004,44.94601,3
49.94684870000003,50.12084,3
53.80750229,51.167458,3
50.73641132,49.447323,3
50.95516459999999,50.045822,3
51.78916148000002,47.88947,3
46.44508721,49.43196,3
49.94684870000003,51.399925,3
53.67249049999998,52.884384,3
50.65779686000002,50.321953,3
52.78722332000001,51.407917,3
50.26814258000002,49.742897,3
52.62999439999999,51.239,3
50.52791209999998,48.740498,3
51.72934613000007,51.44241,3
52.81798550000002,51.994267,3
51.40292522000004,48.904205,3
47.16458041999999,48.89695,3
50.22712634000004,48.515713,3
49.796455820000006,52.54163,3
50.19978218000006,50.483807,3
45.51709477999998,49.307697,3
50.77742756000004,50.764095,3
44.73095018000004,46.691406,3
49.905832460000056,49.873463,3
50.10065960000003,50.307236,3
47.33548142000001,49.330658,3
49.50079708999999,50.270065,3
49.49225204000004,52.3023,3
48.54204248000002,48.9321,3
50.90389430000005,51.876892,3
48.84624626000004,48.119293,3
50.02888117999999,49.66847,3
47.00393348,48.63587,3
45.69141380000002,47.51703,3
48.60185782999997,49.753853,3
50.76204647000003,50.199566,3
52.77355124000002,51.56059,3
53.33068850000001,52.681263,3
44.31053372000002,44.506767,3
47.91312679999999,49.267536,3
47.50809142999998,49.991962,3
53.09484512,50.7089,3
50.86116905,49.917477,3
48.008831360000045,48.826336,3
47.40725984000005,45.594395,3
54.48597926000002,53.412025,3
51.16366382000001,50.359383,3
53.27941820000001,53.538113,3
50.93465648,50.782974,3
49.290588860000014,51.06775,3
51.80625157999998,51.212616,3
49.65631700000006,49.738956,3
47.41751390000002,49.586277,3
48.138716120000026,48.9472,3
46.53224671999999,46.704292,3
50.40486338000005,50.194992,3
50.66805092000004,50.31666,3
51.80966960000001,51.4108,3
52.51719974000002,50.624523,3
49.63580888000001,50.66571,3
48.13017107000002,50.913784,3
48.13358909000005,46.46832,3
51.23886026000002,50.37597,3
48.94878686000004,49.54921,3
53.08117304000007,49.880447,3
47.57303381000003,50.252995,3
46.70656574000003,47.223495,3
52.505236670000045,51.67965,3
50.00495504000003,49.924187,3
50.85262399999999,52.944195,3
48.89751655999999,46.326633,3
50.49714992000003,51.03857,3
48.224166620000005,47.526966,3
51.46103156000004,50.90831,3
48.81206606000001,48.770702,3
47.291047160000005,48.72275,3
49.20001133000005,49.27063,3
43.119353750000016,44.412632,3
44.60790146,46.637417,3
47.32693637,48.130283,3
54.773092940000026,50.93603,3
51.00301688000002,51.19707,3
49.39654747999998,50.52642,3
49.440981739999984,51.909187,3
52.69151876000001,48.977177,3
46.173354620000055,45.677387,3
47.76102491,49.569633,3
51.02694302000003,51.162376,3
49.97077483999999,48.625984,3
47.132109230000026,50.917683,3
50.56380131000003,48.43008,3
49.57428451999999,50.646824,3
54.50990539999998,52.50877,3
49.37945738000002,47.858322,3
48.7676318,48.978706,3
51.31405670000004,51.673622,3
50.63387072,51.61219,3
54.48597926000002,54.06456,3
47.90287274000002,48.441666,3
54.86879750000003,52.98149,3
50.30574080000002,50.38398,3
49.403383520000034,51.00048,3
49.95710276,49.826004,3
50.31086783000001,49.031578,3
51.26278640000004,51.180416,3
54.04163666,51.108482,3
47.598668960000055,47.932945,3
50.95174658000002,51.6743,3
51.56015414000001,49.258957,3
48.52837040000003,48.134968,3
51.88315703000001,49.749123,3
50.02888117999999,50.936256,3
49.32818708000002,50.227474,3
47.96268809000003,50.66818,3
50.78255459000002,52.989086,3
46.82619643999999,48.686146,3
52.66075658,51.795563,3
46.36476374000006,46.436054,3
50.80135370000005,50.690147,3
49.57770254000002,48.211315,3
48.76079576000001,50.61173,3
50.97738173000005,51.769577,3
46.63478731999999,47.833393,3
49.680243140000016,48.538902,3
52.22666803999999,51.178608,3
49.734931459999984,50.050514,3
47.62601312000004,46.832726,3
48.670218230000046,47.575615,3
47.68411946000003,48.99209,3
50.40486338000005,51.181293,3
49.51617818,50.426487,3
50.292068719999975,50.434433,3
54.31849627999998,51.932472,3
48.24809276000002,50.71066,3
48.37797752000006,48.127068,3
49.7075873,50.650215,3
50.55183824000005,50.81689,3
52.07285714,51.20542,3
50.90047628000002,49.07715,3
50.77400954000001,51.145496,3
48.02250344000004,50.57482,3
49.45636282999999,51.083633,3
51.37899908000003,50.106144,3
49.57086650000002,50.36293,3
52.52061776000005,52.26643,3
51.60800642000004,50.214645,3
53.45715524000002,53.148476,3
45.50000468000002,46.85155,3
47.62943114000001,46.55431,3
46.87575773000003,48.074688,3
49.00347518000001,52.3003,3
49.95539374999999,52.027348,3
53.70667070000002,51.065742,3
48.3403793,50.501648,3
49.74689453000002,51.381638,3
46.747581980000064,50.693077,3
50.76033746000002,51.353607,3
48.65654615000005,49.906006,3
50.58601844000003,48.30238,3
49.74518552000001,49.2319,3
51.47470364000003,48.85188,3
48.107953940000016,48.78871,3
46.37501780000002,48.743053,3
47.4004238,49.279556,3
51.78232544000002,50.817074,3
53.17345958000004,51.66386,3
46.443378199999984,48.91319,3
49.54694036000001,46.349396,3
54.99184622000001,52.981888,3
50.025463160000015,51.338272,3
52.62999439999999,51.00388,3
44.90868722000005,46.839428,3
48.98467607000004,51.31093,3
43.00143206000001,45.26726,3
53.730596839999976,53.922558,3
51.04403312,49.539387,3
51.23886026000002,50.37597,3
51.04232410999998,49.792435,3
50.169020000000046,50.374393,3
47.446567070000015,48.22486,3
50.02375415,48.04012,3
45.16674773,48.367092,3
47.34573548000003,46.477894,3
50.87996816000003,49.80608,3
49.76569364,49.77145,3
42.60323273000006,44.957035,3
50.989344800000026,51.91936,3
51.40976125999998,50.320976,3
54.45521708000001,50.77984,3
53.64172832000003,51.3298,3
50.62703468000001,50.748135,3
50.141675840000005,50.85797,3
49.43072768000002,51.02168,3
46.241715020000015,46.121952,3
47.42264093,48.855526,3
50.02375415000006,50.27805,3
52.16514368000003,50.56395,3
54.46547113999998,52.030846,3
48.35405137999999,49.259094,3
52.56847004000002,52.204586,3
45.54785695999999,47.57217,3
48.19340444,49.567677,3
48.59331278000002,48.9081,3
49.47516194000002,48.010975,3
48.91118863999998,49.977703,3
47.868692539999984,50.010834,3
45.41455417999998,46.033478,3
51.649022660000014,50.992268,3
47.856729470000005,53.517265,3
51.81650564,47.1738,3
48.49419020000005,48.637974,3
53.11535323999999,50.11297,3
45.10351436000002,46.084396,3
46.97829833000003,47.03803,3
49.533268280000016,49.72407,3
50.15192990000003,52.017876,3
49.88190631999999,51.95222,3
53.234983940000006,51.065742,3
50.43904358000003,49.88971,3
50.46980575999999,50.087082,3
43.606421599999976,47.350273,3
46.07594105000004,46.459244,3
51.77890742,50.477432,3
51.71225603000005,49.67748,3
50.254470500000025,49.311653,3
51.90195614000004,51.835907,3
52.31211854000003,48.609734,3
52.288192400000014,51.812077,3
48.107953940000016,49.14253,3
49.47516194000002,52.355545,3
50.52791209999998,50.540447,3
51.68320286000005,50.88743,3
50.42878952000001,51.83324,3
46.821069410000064,47.210735,3
48.31303514000001,50.157787,3
49.355531240000005,50.970783,3
47.96439710000004,49.541637,3
49.54352233999998,49.965946,3
46.55959088000003,47.96375,3
49.45807184,49.614044,3
43.910625380000056,47.05814,3
48.627492980000056,49.937016,3
52.49156459000005,50.58396,3
49.83918107,50.90541,3
53.19738572000006,50.854305,3
51.09872144000002,49.772926,3
48.53178842,48.43778,3
52.267684280000026,49.090733,3
49.049618450000025,49.536617,3
47.84134838,51.26203,3
50.82698885000002,51.47515,3
46.82277842000002,47.505642,3
48.219039589999966,46.97926,3
49.99811899999997,50.44965,3
50.90902132999997,50.39379,3
51.93613634000002,51.09412,3
47.82425827999998,49.546455,3
49.28717084000005,50.393,3
50.13825782000004,49.617527,3
49.26324470000003,49.997475,3
48.17973236,50.663914,3
49.827218000000016,51.66926,3
54.33045935000001,54.047302,3
54.69106046000002,54.032845,3
54.76967492000006,53.03548,3
50.46980575999999,52.064877,3
47.831094320000034,50.42644,3
50.17927406000001,52.25767,3
52.007914760000006,48.958813,3
50.51424001999999,50.258884,3
50.50398596000002,52.145287,3
53.32043443999999,51.112972,3
51.684911870000064,51.38069,3
50.30574080000002,51.12917,3
50.50740398000005,49.562542,3
51.75498128000004,51.824585,3
52.20957794000003,49.44339,3
49.78278374000001,49.476967,3
51.99424268000001,50.23632,3
51.744727220000016,51.946228,3
53.093136110000046,49.70427,3
47.73368075000002,48.22137,3
48.82573814,48.293106,3
51.45419551999999,50.171436,3
49.502506100000005,50.34016,3
48.49077218000002,51.159874,3
45.29150546000005,46.53942,3
52.42833122000002,50.597866,3
47.06887586000005,48.198963,3
51.38412611000001,50.941322,3
48.57964070000003,49.631348,3
48.189986420000025,47.863632,3
47.70804559999999,50.276253,3
50.52449408000007,50.05064,3
48.33525227000001,50.75421,3
47.42776795999998,48.33096,3
54.94399394000004,53.706097,3
51.47470364000003,50.06472,3
54.63979016000002,52.706573,3
49.92292256000002,51.836945,3
52.561634000000026,50.92494,3
49.584538580000014,51.49927,3
51.02865202999999,50.792316,3
50.54158418000003,50.251728,3
51.38925314000005,52.155025,3
51.787452470000005,49.943497,3
47.13552725,50.131695,3
51.62167850000003,49.262714,3
51.28329452000003,48.971676,3
49.48541599999999,50.10996,3
49.82892701000003,50.46668,3
49.18121222000002,51.583294,3
50.74666538000002,48.560543,3
46.42287008,46.94694,3
45.99903560000001,49.359947,3
49.796455820000006,49.990433,3
49.54010432000001,51.451492,3
48.61723891999998,48.745564,3
48.008831360000045,50.471157,3
50.474932790000025,49.015728,3
42.76558868000001,46.02884,3
52.73937104000004,51.469765,3
50.96029163000003,52.1127,3
50.04597128,51.932636,3
50.42537149999998,50.632175,3
52.52745379999999,51.65424,3
50.46980575999999,46.05918,3
53.18029562000004,50.98738,3
48.817193090000046,50.271828,3
54.181775480000056,52.241776,3
50.82186181999998,51.48733,3
51.63876860000005,51.107193,3
52.02500486000002,50.938103,3
52.65392054000006,51.228214,3
51.40292521999999,50.024178,3
47.71488164000005,47.7361,3
54.90297770000001,54.06456,3
42.669884120000006,45.58441,3
48.10453591999999,46.7504,3
49.64606293999998,50.73783,3
52.68468272000001,50.98994,3
45.90674906000004,45.924194,3
49.88532434000001,50.703007,3
50.94661955000004,50.712433,3
45.61963537999998,46.344666,3
50.10407762,50.095627,3
48.08744582000003,50.569977,3
49.94172167000005,51.100063,3
49.82379997999999,49.683395,3
50.42195348000001,51.277447,3
47.70633658999998,49.498013,3
53.44006514,51.91861,3
47.814004220000015,47.202618,3
49.44952679000005,51.854668,3
53.16320552000002,53.102688,3
50.21687228000002,52.39042,3
47.49441935000005,47.129166,3
47.99857730000002,48.165432,3
50.06989742000002,50.965122,3
49.43243669000003,49.9762,3
47.37137063,49.761364,3
51.44052343999999,50.85712,3
52.431749240000045,52.268673,3
49.54010432000001,50.802834,3
49.24957261999998,49.5304,3
53.92029695000002,51.15745,3
51.56869919000002,51.366463,3
46.33400156000005,46.51239,3
48.64458308000002,47.713264,3
51.05428718000002,51.119347,3
52.67442865999999,50.348625,3
51.00472589000003,48.47494,3
47.868692539999984,47.879593,3
51.29696660000002,48.795975,3
48.65483714000004,48.76864,3
49.75543958000003,50.783115,3
49.06670855000005,51.083954,3
49.44439976000001,50.755295,3
50.88338618000006,49.19295,3
50.879968159999976,50.244328,3
49.03423736000002,50.008144,3
50.73641132,51.437473,3
52.12754546000002,50.558712,3
49.62726383000006,52.55828,3
49.69220621,47.588947,3
51.4849577,50.93604,3
49.72125937999999,48.971172,3
47.09109298999999,50.558712,3
48.21733058000007,50.42879,3
51.87290297000004,50.500618,3
50.28523268000004,50.307194,3
51.49179374000005,49.9017,3
44.061018260000026,44.259167,3
49.74347651,48.914257,3
49.63751789000003,50.15432,3
47.14749032000003,48.44475,3
46.583517020000045,49.276413,3
50.80477172000002,52.32666,3
45.599127260000046,46.89026,3
53.317016420000016,50.86375,3
52.98205045999998,51.19244,3
53.83655546,50.77819,3
53.01281263999999,52.24761,3
50.76375547999999,51.737663,3
53.19396770000003,53.394836,3
47.709754610000005,50.577152,3
48.32670722,46.57412,3
43.17916910000002,44.420937,3
47.91483581,47.982094,3
46.98342536000007,48.88349,3
42.25630369999999,44.251442,3
50.04938930000003,51.94273,3
50.27839663999998,50.152306,3
52.11558238999999,50.14888,3
49.00689320000004,51.081074,3
51.95322643999998,54.07545,3
49.02569231000007,49.419662,3
49.796455820000006,50.426765,3
52.44542132000004,49.553837,3
50.94149252,48.68351,3
46.86721268000002,48.411755,3
50.613362600000016,49.409508,3
52.49327360000001,54.038994,3
52.07627516000002,50.972004,3
53.32727048000004,51.120064,3
47.256866960000025,52.32679,3
50.53816616000006,49.471573,3
53.49475346000003,51.36224,3
48.58305872,51.290928,3
51.69345692000002,48.19661,3
51.22860620000006,51.17494,3
47.47220221999999,49.592678,3
54.09461597000006,53.71867,3
51.33798284,51.154484,3
48.96245894000003,51.066826,3
46.190444720000016,46.928825,3
44.785638500000005,46.711113,3
50.00153702,51.04308,3
46.34938265,49.639397,3
50.75862845000006,49.492435,3
53.24865602,49.82183,3
52.51378172,51.424896,3
49.38287539999999,50.395817,3
53.47766336000001,53.009953,3
46.7680901,48.38973,3
52.03525892000005,51.04268,3
48.37797752,47.61802,3
45.55811102000001,47.015892,3
52.45396636999999,50.04519,3
51.05770519999999,50.33824,3
46.32716552,49.007347,3
48.015667399999984,48.2806,3
51.91562822000003,51.961636,3
49.417055600000026,52.656567,3
49.12994192000002,49.575043,3
53.27941820000001,52.146862,3
49.95710276,48.92442,3
46.48097641999999,49.40386,3
49.12652390000005,46.800037,3
46.28273125999999,47.61691,3
51.48837572000002,52.796276,3
50.10065960000003,50.816006,3
50.63387072,50.33023,3
46.72023782000002,46.401638,3
51.66611276000003,49.16264,3
52.69493678000004,51.829308,3
50.292068719999975,50.72797,3
50.91414836000001,49.93354,3
51.21664313000002,48.919834,3
48.13188008000003,49.282124,3
51.89682911,50.878754,3
52.59239618000004,50.041233,3
49.00347518000001,49.112118,3
50.22712634000004,50.307137,3
49.18121222000002,47.01839,3
54.352676480000014,51.549507,3
52.70006381000002,51.0794,3
42.82027700000003,44.611416,3
53.8946618,54.102825,3
48.76934081000002,49.56837,3
53.57336792000001,54.093063,3
50.63557973000002,50.007248,3
42.46138490000004,44.306385,3
54.30824222000001,53.414307,3
49.04449141999999,50.155132,3
49.67340710000002,51.181976,3
52.93419818000001,51.36441,3
47.321809340000016,50.67259,3
50.61678061999999,51.5012,3
46.34425562000001,48.76856,3
50.72615726000004,50.71658,3
45.08300624000003,46.977303,3
51.942972380000015,52.288513,3
53.32043443999999,54.06456,3
51.58066226,49.491894,3
52.78380530000004,50.723152,3
47.446567070000015,48.025295,3
44.06614529000001,48.80626,3
48.8701724,48.87849,3
48.189986420000025,47.327538,3
52.01133278000003,51.96939,3
52.18565180000002,52.487827,3
54.475725200000056,51.155205,3
46.78518020000001,46.56014,3
52.41807716000005,50.40604,3
53.04699284000003,51.26865,3
50.82357083,49.135483,3
48.73003358000005,49.66353,3
49.07183558000003,48.11502,3
46.83303248000004,46.786057,3
54.04505468000002,51.07579,3
48.32328919999998,49.623512,3
52.97179640000002,51.203365,3
51.891702080000016,49.702366,3
50.26130654000002,48.668472,3
49.40509252999999,49.26348,3
49.35382223000005,50.80448,3
43.58762249000006,44.339928,3
49.96393880000005,48.92442,3
47.98490522000003,51.218464,3
54.33558638,53.13197,3
49.26324470000003,48.66208,3
50.11433168000002,49.56471,3
48.47026405999998,47.894817,3
49.69049719999998,49.05658,3
44.43700046000004,48.80126,3
48.0840278,50.110886,3
51.16366382000001,51.565845,3
51.03036104,50.351925,3
53.26574612000002,49.656998,3
49.83405404000001,51.317085,3
50.33308496000001,50.48965,3
53.13244334000001,51.936626,3
51.58066226000005,50.490757,3
54.971338100000025,53.464138,3
51.47470364000003,48.970394,3
47.65677530000005,48.991486,3
52.44200330000001,51.127193,3
48.825738140000055,50.61556,3
51.74301821,49.170177,3
53.19054968,52.295338,3
50.57918240000004,50.697056,3
45.77173727000002,47.803055,3
51.122647580000034,51.504375,3
48.59843981,50.65693,3
52.29161042000004,50.740444,3
49.38287539999999,49.596416,3
45.188964860000056,45.8779,3
50.80818973999999,48.541817,3
50.090405540000006,51.06452,3
50.444170610000015,47.213875,3
49.51276016000003,49.304836,3
52.64366647999998,51.72772,3
50.41511744000002,51.053143,3
53.57678594000004,49.615646,3
51.532809980000025,48.420815,3
49.42389164000002,50.346783,3
49.32476906,48.965816,3
50.70564913999999,51.202477,3
50.94149252,49.972996,3
53.028193730000055,50.79897,3
52.94445224000003,50.957714,3
49.00347518000001,49.079712,3
49.63580888000001,53.251247,3
50.842369940000026,48.951065,3
52.71886291999999,51.49297,3
45.55298399000003,47.12235,3
52.49327360000007,49.77242,3
50.31257684000002,51.041813,3
51.13802867000004,50.697685,3
50.517658040000015,50.64948,3
51.37558106000006,51.05968,3
54.366348560000006,53.04552,3
46.617697220000025,47.565464,3
48.69927140000004,49.285217,3
47.98832324,48.96889,3
47.86869254000004,50.788692,3
48.69243535999999,48.501617,3
51.84384980000005,51.082447,3
50.45955170000002,50.299736,3
50.45955170000002,48.383854,3
49.55719441999997,50.052624,3
48.53520644000002,49.525684,3
50.582600420000006,47.72073,3
50.59456349000004,50.98127,3
47.73538976000003,50.998867,3
47.4004238,47.11933,3
51.97544357000004,52.331474,3
48.015667399999984,50.926323,3
49.33160509999999,48.53215,3
53.50158950000002,51.406498,3
50.076733460000014,47.874516,3
47.658484310000006,50.454685,3
48.26860088000001,51.163418,3
45.79053638000005,47.025562,3
47.98490521999997,50.574306,3
52.431749240000045,52.268673,3
51.741309200000046,51.469837,3
47.28079309999998,48.768677,3
51.713965040000005,47.735485,3
52.20957794000003,51.01921,3
47.256866960000025,46.078884,3
49.70416927999997,51.15251,3
53.80579327999999,52.262962,3
50.83895192,50.951828,3
52.17881576000002,51.351326,3
53.47766336000001,51.176487,3
50.85262399999999,51.17262,3
49.00347518000001,52.3003,3
49.381166389999976,49.240402,3
45.99561758000005,45.008575,3
47.024441600000046,52.230923,3
49.38287539999999,49.457157,3
51.741309200000046,51.572605,3
53.713506740000014,52.643494,3
49.123105880000026,48.81611,3
51.13119263000005,50.35747,3
54.19202954000002,52.81794,3
54.53212253000004,54.060528,3
45.35132081000006,48.795856,3
50.12800376000001,48.986176,3
42.29048390000003,45.17399,3
49.386293420000015,50.043182,3
49.91608652000002,51.039562,3
48.84453725000003,49.213223,3
52.92223510999997,51.027447,3
50.11774969999999,52.398224,3
52.97863244000001,52.341938,3
54.84145334000005,53.290028,3
50.71932121999998,50.484352,3
48.84111923,50.6392,3
53.72376080000004,52.448124,3
49.514469169999984,51.365543,3
51.60971543,49.867256,3
43.286836730000005,44.44066,3
53.860481600000014,50.89815,3
53.66565446000004,52.55324,3
48.91118863999998,50.573776,3
41.87348545999998,47.836166,3
47.49954638000003,48.968975,3
51.1773359,50.656334,3
47.71488164000005,48.92957,3
50.31770387000006,50.599197,3
46.88942981000002,50.787376,3
51.71225603000005,48.94877,3
50.695395080000026,48.999565,3
52.315536560000055,51.652744,3
49.56915749000001,50.4501,3
47.81058619999999,47.19496,3
51.45590453,51.7891,3
45.46582448000004,46.62423,3
48.90606161000005,49.989845,3
52.682973710000056,49.304195,3
49.09917974000001,49.248764,3
45.34448477000001,44.220524,3
49.27691678000002,51.06695,3
45.80420846000004,48.30353,3
48.78130388,50.552532,3
51.43710542000002,50.95942,3
52.906854020000026,51.693,3
47.68070144000001,48.20029,3
53.28454522999999,51.224556,3
51.71225603000005,51.560417,3
50.582600420000006,50.44238,3
51.13631966000003,50.644268,3
48.863336360000005,51.269547,3
50.00153702,50.145893,3
53.74768694,51.724007,3
52.021586840000055,51.6145,3
49.12823291000001,50.25465,3
52.15147160000004,51.02184,3
50.28181466000001,51.04379,3
48.46342802000004,47.2146,3
48.24296573000004,50.558712,3
50.33308496000001,49.942142,3
51.94809941,51.082447,3
51.39779819,51.93669,3
49.47857996000005,50.897034,3
49.63239085999999,49.307487,3
52.18223378000005,49.310677,3
51.70029296000001,50.897705,3
51.013270939999984,49.43405,3
48.88384447999999,50.8538,3
48.328416230000016,50.679733,3
52.236922100000015,48.842346,3
54.16810340000001,51.449326,3
53.99720239999999,53.707314,3
51.96689852000003,46.696518,3
50.958582620000016,51.1981,3
50.64412478000003,52.409317,3
49.59137462000001,50.66818,3
54.81410918000006,51.401695,3
52.41807716000005,51.929306,3
49.83063602000004,50.289722,3
48.77446784,50.066227,3
50.57918240000004,47.14562,3
50.51424001999999,51.45701,3
47.79349610000003,50.524746,3
51.625096520000056,51.692963,3
51.44565047000003,50.710907,3
52.992304520000005,51.21392,3
49.54352233999998,52.19841,3
52.383896960000015,49.368412,3
50.94491054000002,51.47949,3
53.06750096000002,52.991894,3
49.34185916000001,47.15555,3
54.82094522,50.978672,3
53.730596839999976,54.06878,3
50.84578796000005,46.621204,3
49.99811900000003,52.50545,3
53.66565445999999,51.236004,3
51.60800642000004,51.130318,3
50.43049853000002,50.099228,3
47.66019332000002,47.309788,3
52.40782310000003,50.789337,3
54.5269955,54.06456,3
52.903436000000056,51.831306,3
50.30574080000002,51.417664,3
52.35997082000006,51.433918,3
50.55183824000005,48.79285,3
53.105099180000025,54.051018,3
49.43072768000002,51.02168,3
48.69243535999999,48.595757,3
49.611882740000055,51.70831,3
53.34948760999998,52.94102,3
50.876550140000006,48.55381,3
50.462969720000046,50.197716,3
50.73982934000003,50.98006,3
46.26222314000006,47.988163,3
53.59045802000003,52.817253,3
49.09747073,50.412083,3
50.02888117999999,48.826626,3
48.20707651999999,51.396,3
51.60117037999999,51.590855,3
51.05086916000005,49.502678,3
51.35165491999999,50.5974,3
50.21003624000002,51.681183,3
52.81798550000002,50.952965,3
49.00689320000004,50.004425,3
49.23077351000006,49.04132,3
50.21687228000002,51.545868,3
52.44713033000005,51.313316,3
46.609152170000016,47.246094,3
48.83599220000002,50.93806,3
51.973734560000025,50.69481,3
51.06795926000001,50.104755,3
52.47276548000002,50.488567,3
47.11331012000005,49.28856,3
52.547961920000034,49.772568,3
52.7496251,54.12941,3
53.00768561000007,51.69937,3
54.18861152,53.44799,3
46.07081402000006,48.754913,3
50.88680420000003,51.281616,3
51.38925314000005,50.07969,3
50.94832856000005,47.081345,3
44.92235930000004,46.780445,3
50.85262399999999,51.197918,3
54.92690384000002,52.222588,3
42.37251637999998,45.988903,3
51.66611276000003,51.5477,3
50.03913524000001,49.683907,3
52.98546848000001,51.896637,3
51.84726782000001,51.065777,3
50.76375547999999,50.09281,3
50.29548674,48.06703,3
51.47128562,50.480263,3
46.94411812999999,46.471233,3
51.29867561000003,51.224045,3
52.24375814000001,50.030277,3
49.37433035000004,51.308475,3
50.27497862000001,48.875237,3
53.99036636000005,53.380062,3
46.30494839000005,48.089222,3
47.45511212000002,49.141315,3
50.315994860000046,49.056774,3
48.49077218000002,46.50219,3
50.107495640000025,50.567398,3
50.20832723000001,50.036858,3
47.10647408,47.236217,3
52.91881709000006,50.57532,3
49.66486205000001,48.802284,3
52.254012200000034,51.796688,3
43.4184305,44.517162,3
51.16879085000005,53.086967,3
49.28546183000003,48.71027,3
45.64014350000002,45.521206,3
50.04255325999998,50.00544,3
52.83849362000001,49.611725,3
54.60219194000001,51.190865,3
53.32043443999999,51.100468,3
49.31451500000003,51.15032,3
48.71465249000005,50.956333,3
49.02056528000003,49.492054,3
52.08311120000002,51.57298,3
52.53428984000004,51.40536,3
47.46194816000002,47.58905,3
44.70360602000005,46.64616,3
49.94513969000002,46.748512,3
49.731513440000015,49.89274,3
49.95710276,51.413258,3
44.78222047999998,46.52885,3
50.75179241000001,50.40301,3
44.65404473000001,45.019726,3
50.46809675000003,51.27487,3
54.40736479999998,53.399384,3
54.73207669999999,52.77703,3
49.77936572000005,50.96409,3
49.95026672000006,50.65043,3
51.09017639000001,50.699913,3
45.84864272000004,48.400345,3
54.63979016000002,51.181316,3
47.60892302000002,48.094124,3
49.97590187000003,49.571095,3
44.440418480000005,46.095028,3
45.63672548,46.442924,3
51.069668269999966,50.8291,3
49.09917974000001,48.679108,3
49.98444691999998,53.19567,3
52.29502844000001,51.911606,3
48.820611110000016,46.683464,3
49.63922690000004,48.125298,3
48.29594503999999,51.000137,3
52.60606826000003,52.366688,3
52.58726915,49.719967,3
47.10305606000003,48.04291,3
50.03229920000001,47.78865,3
46.81594238000002,47.71983,3
50.022045140000046,48.546303,3
47.58841490000003,48.442986,3
51.307220659999984,47.98152,3
48.69243535999999,49.386566,3
50.72273924000001,47.847538,3
49.62555482000005,49.44579,3
50.828697860000034,50.343567,3
49.909250480000026,53.124386,3
47.51663647999999,50.92076,3
48.98980310000002,48.586777,3
47.06545784000002,49.282867,3
51.355072940000014,50.257927,3
48.33012524000003,47.5839,3
48.58305872000005,49.323833,3
53.69641664000005,51.270756,3
51.43710542000002,51.276283,3
50.23225337000002,50.11313,3
50.76033746000007,50.59856,3
48.91802468000003,49.408672,3
47.73368075000002,46.78842,3
44.87108900000004,45.70885,3
52.84362065000005,50.468357,3
51.331146800000056,52.913517,3
50.00153702,50.799732,3
51.79941554000004,51.271557,3
53.15978749999999,53.597233,3
53.110226210000064,49.02875,3
49.47174392000005,50.18367,3
54.181775480000056,52.57084,3
51.70712900000001,52.06801,3
50.15192990000003,51.27192,3
47.55423470000005,47.94476,3
48.39164960000005,51.412266,3
49.19488430000001,46.50012,3
54.17493944,54.081436,3
50.40828140000002,51.58984,3
47.14065428000004,50.42068,3
53.24181998000006,51.40247,3
49.57257551000004,49.718666,3
53.58704,52.693325,3
48.39848563999999,47.64197,3
51.37045403000002,51.453876,3
51.65414969000005,51.101986,3
50.052807320000056,48.021427,3
50.94661955000004,51.02279,3
54.17835746000003,53.105415,3
51.001307870000005,51.41344,3
49.30767896000003,51.343006,3
48.453173960000015,49.30859,3
50.06306138000002,49.780956,3
48.85650032000001,50.751537,3
53.20593077000001,51.31289,3
49.22735549000004,50.77908,3
47.73880778,46.958023,3
49.23077351000006,49.389103,3
49.49225204000004,48.822002,3
48.039593540000055,47.849007,3
50.75691944000005,49.79261,3
53.84680952000002,50.530018,3
44.87792504000004,46.337963,3
46.00245361999998,49.14239,3
53.72376080000004,51.310192,3
46.91506496,45.98136,3
52.42491319999999,51.81941,3
47.584996880000006,50.290573,3
46.56129989000004,51.071278,3
46.94240911999998,47.10091,3
50.56551032000005,50.46391,3
46.19386273999999,47.54112,3
51.35165491999999,50.31381,3
52.29331943,51.369537,3
54.444963020000046,52.627216,3
47.06545784000002,48.050396,3
51.331146800000056,48.542656,3
49.80329186000006,51.429512,3
50.09724158000006,50.67282,3
52.18906981999999,50.01766,3
46.49464850000004,45.71704,3
52.06431209000005,51.652515,3
50.729575280000006,48.67917,3
51.94468139000003,50.428814,3
50.62703468000001,51.56941,3
49.44781778000004,51.40301,3
50.10065960000003,50.28888,3
48.00541334000002,51.14553,3
50.32283089999999,49.731533,3
51.92417326999998,51.183723,3
52.383896960000015,52.30512,3
50.50740398000005,50.862297,3
50.828697860000034,51.712444,3
48.40019465,51.21285,3
53.37170474000004,52.145927,3
51.14486470999998,51.114418,3
49.1777942,48.236477,3
51.49692077000003,49.507423,3
53.11535323999999,53.464252,3
48.47539109000002,48.42683,3
47.68070144000001,49.386948,3
53.51355257,49.515007,3
49.91950454000005,49.021374,3
51.44565047000003,51.44861,3
51.07137727999998,49.421703,3
54.13050518,53.279896,3
52.07627516000002,51.288525,3
51.19442600000002,51.121304,3
52.96496036000002,46.61848,3
50.989344800000026,51.274834,3
49.96393880000005,50.032417,3
49.550358380000034,48.631805,3
48.87359042000003,50.198547,3
49.11797884999999,49.893505,3
52.36680686,50.805084,3
50.96541866000007,50.755547,3
48.98125805000001,50.356335,3
52.74620707999998,50.530228,3
46.97488031,47.91688,3
50.47835081000005,51.6171,3
49.188048260000016,51.08442,3
52.35484379000002,52.42257,3
53.019648680000046,52.50315,3
52.530871820000016,51.843357,3
47.96439710000004,48.56011,3
48.66680021000002,50.70692,3
47.25003091999997,46.7244,3
51.09872144000002,51.48552,3
53.50842554000002,52.815628,3
48.64458308000002,50.512024,3
50.163892970000006,48.817608,3
50.30915881999999,51.008385,3
48.92998775000001,50.39819,3
53.35119662,50.344936,3
51.942972380000015,49.250553,3
46.19728076000001,47.776222,3
52.13096348000005,50.39721,3
51.47299463000002,51.99724,3
49.34527718000004,48.481804,3
52.73595302000001,52.760426,3
48.015667399999984,42.94406,3
52.15147160000004,50.930172,3
53.02648471999999,52.23773,3
46.31349344,48.107563,3
47.72513570000001,48.559334,3
49.9126685,50.321957,3
52.389023990000055,50.428318,3
49.22564648000002,49.05151,3
47.55252569000004,50.628994,3
52.86071075000001,49.250202,3
42.98605097000001,44.723454,3
49.21026539000002,49.478683,3
49.60333768999999,46.27373,3
53.42297503999998,51.338333,3
50.91756638000004,50.42004,3
49.40680154000006,50.121235,3
50.66805092000004,51.338272,3
49.731513440000015,51.091206,3
54.448381040000015,52.1942,3
43.71921626000005,44.656277,3
51.99253367000006,48.688046,3
49.697333240000034,47.823956,3
49.16070410000003,51.462463,3
49.22906450000005,49.224712,3
50.08527851000002,50.95155,3
52.88292788000001,51.78449,3
54.034800620000055,52.69296,3
52.47960152000002,51.28171,3
48.10111790000002,51.26203,3
53.69983466000002,50.86429,3
47.14407230000006,48.34211,3
49.16924915000004,51.4046,3
52.02500486000002,44.74249,3
46.315202450000015,47.456856,3
48.41215771999998,49.377506,3
48.232711670000015,51.365948,3
54.12879616999999,54.21399,3
48.46001000000001,46.757324,3
47.39016974000003,52.992496,3
53.70325267999999,50.624043,3
51.98057060000002,49.752323,3
50.35359308,50.086216,3
50.64925181000001,48.587097,3
50.163892970000006,51.027714,3
49.84089008000001,52.532463,3
45.04882604,47.108814,3
47.95243403000006,48.197113,3
53.00597660000005,52.649216,3
54.29115211999999,51.99925,3
49.58453858000007,49.756992,3
49.66998908000005,47.88995,3
47.28250211,49.346603,3
49.00689320000004,51.71813,3
48.65996417000002,51.11444,3
47.24319488000003,47.94196,3
50.65437884000005,49.460686,3
47.930216900000005,49.15735,3
48.22758464000003,48.848248,3
48.63432902,51.263073,3
49.69562423000002,50.861217,3
45.38721002,47.81457,3
49.54010432000001,48.12213,3
51.006434900000045,50.109936,3
46.36476374,46.958935,3
47.52689054000007,48.00962,3
49.53155927,49.564472,3
49.74518552000001,49.43724,3
50.91243935,49.113792,3
53.00939462000002,52.094707,3
50.59969052000002,49.62078,3
47.279084090000026,46.94955,3
49.26666272,47.662754,3
49.46319887000004,51.774483,3
54.646626200000014,54.0127,3
51.19100798,50.0506,3
47.39016974000003,49.581104,3
51.05941421,49.777546,3
53.36145068000002,52.029793,3
45.57349211000002,47.909924,3
47.72855372000004,51.163525,3
46.49123048000001,48.32395,3
50.90731232000002,48.76794,3
54.66713432000006,53.744156,3
45.21289100000001,44.45898,3
54.58339283000004,53.13609,3
54.29457014000002,53.942505,3
45.71192192000001,45.791603,3
50.12458574000004,49.954407,3
49.649480960000005,48.87062,3
45.84180667999999,46.288322,3
51.10726649000003,50.654316,3
51.11922956000001,51.40311,3
49.15045004000001,49.171097,3
47.13040022000007,48.34668,3
48.42924782,48.66682,3
42.88863739999999,46.011967,3
45.69824984000002,46.0273,3
50.50398596000002,51.22664,3
52.02500486000002,48.600426,3
52.358261810000045,50.826538,3
50.68855904000003,51.257725,3
49.08550766000002,47.873577,3
48.19682246000002,49.204296,3
47.32522735999999,48.138958,3
50.842369940000026,51.69016,3
50.26472455999999,50.8525,3
46.68434861000003,50.25669,3
49.51617818,51.12111,3
52.12241843000004,50.730934,3
51.87803000000002,48.96398,3
48.55571456000001,49.99911,3
49.06499954000003,50.905243,3
51.05086916000005,50.01054,3
49.41876461000004,48.188915,3
47.16458041999999,47.89123,3
51.73789118000002,51.03052,3
50.77742755999998,49.62078,3
48.75054169999999,48.45007,3
50.19123713000005,49.47651,3
49.06841756000006,50.27829,3
48.29252702000002,51.73048,3
47.75418887000001,47.76684,3
49.36065826999999,49.13021,3
54.72524066000005,51.069244,3
50.72273924000001,51.11568,3
43.92600647,44.824535,3
45.05566208000005,46.89026,3
54.171521419999976,52.86574,3
43.17233306000003,44.80601,3
51.55331810000001,50.645,3
48.687308330000064,48.092796,3
49.40851055000008,49.926876,3
49.91608652000002,48.700657,3
51.75498128000004,49.695004,3
49.68707918000001,46.513054,3
52.50694568,51.709103,3
49.734931459999984,51.57604,3
48.62407496000003,47.10464,3
49.00689320000004,50.157978,3
49.88019731000003,50.950993,3
48.569386640000005,48.670456,3
47.35940756000002,47.39089,3
51.50888384000001,49.37199,3
46.78859822000004,48.730736,3
53.19054968,49.65801,3
47.50638242000002,48.087887,3
47.66019332000002,50.57141,3
48.85991834000004,48.750565,3
50.28181466000001,49.456276,3
50.18611010000001,50.868736,3
45.676032710000015,49.461006,3
49.00689320000004,46.707424,3
49.46148986000003,49.601814,3
54.38685668000005,52.47097,3
49.96735682000002,48.5522,3
51.06454124000004,51.91181,3
47.68411946000003,47.630135,3
49.31964203000001,50.042267,3
47.709754610000005,48.664124,3
43.25436553999998,44.147675,3
48.34379732000002,51.074917,3
53.80237526000002,51.02542,3
49.88874236000004,47.807896,3
45.265870310000025,46.185818,3
49.63239085999999,48.47109,3
49.48370699000003,46.802605,3
50.582600420000006,50.9118,3
48.77104982000003,51.283276,3
45.02660891000005,47.445377,3
53.06066492000002,51.722687,3
51.662694740000006,50.78609,3
49.83918107,51.325066,3
50.36384714000002,49.32335,3
51.73105514000002,51.46121,3
48.00199531999999,50.357845,3
51.94980842000001,51.104374,3
48.63432902,49.86172,3
49.34869520000007,48.604397,3
51.42685136,50.53955,3
51.61826048,50.840187,3
51.39608917999999,49.5542,3
50.95687361,50.211147,3
49.49737907000002,49.85316,3
49.89216038000001,49.844257,3
50.95516459999999,50.254215,3
45.89820401000003,47.309917,3
49.70075126000006,48.84173,3
50.96883667999998,46.8462,3
51.97031654,51.43496,3
49.76569364,49.88732,3
54.41078282000001,52.94935,3
51.93613634000002,51.34912,3
51.1773359,51.107006,3
51.4849577,49.170837,3
51.01668896000001,51.5749,3
54.17835746000003,54.04591,3
46.37501780000002,46.79008,3
48.28910900000005,49.344986,3
49.16412212,48.4057,3
50.42878952000001,51.018604,3
50.50056794,49.08691,3
48.14213414000005,48.147633,3
49.88703335000002,51.304825,3
53.66565446000004,52.55324,3
50.19294614,46.800037,3
52.1685617,50.66606,3
50.29206872000003,48.92455,3
50.568928340000014,49.742947,3
51.28158551000001,50.234676,3
49.33502312000002,50.687622,3
47.98490522000003,49.367565,3
51.92246426000003,49.757294,3
52.8521657,49.092785,3
49.99811899999997,52.30394,3
47.63114015000002,47.080734,3
47.92167185,49.397346,3
50.237380400000006,49.13604,3
53.10168116,53.48869,3
51.93613634000002,50.94891,3
51.12948362000003,49.73396,3
49.502506100000005,49.129765,3
47.56790678000005,47.415188,3
51.57211720999999,50.332726,3
53.61780218000001,52.32938,3
50.07844247000003,49.952633,3
46.92531902000002,49.158077,3
47.67728341999998,49.089127,3
50.47322378000001,51.2356,3
50.01179108000002,51.58126,3
45.797372420000045,48.695473,3
54.43470896000002,51.112972,3
50.26130654000002,50.276608,3
50.4424616,51.242752,3
53.24181998000006,53.65627,3
49.94172166999999,50.357555,3
50.62019864000001,51.164677,3
48.74028764000002,49.98204,3
50.08356950000001,48.526264,3
52.219832,50.937935,3
54.37318460000006,51.50988,3
46.88772080000001,48.97794,3
50.42024447000006,51.43201,3
51.628514540000026,51.319275,3
52.824821540000016,50.05385,3
48.54375148999998,51.059547,3
52.12754546000002,51.406773,3
52.21812298999998,52.313225,3
48.48735416,49.966522,3
54.81410918000006,52.11699,3
49.697333240000034,50.95983,3
53.93567804000003,54.010742,3
44.77880246000001,45.008575,3
48.36088742000004,49.03797,3
50.11091366000005,46.61529,3
52.80431342000003,51.374615,3
50.41169941999999,50.279907,3
47.25344894,50.150017,3
52.80773144,51.274986,3
45.79737241999999,48.360577,3
46.43312414000002,48.37827,3
49.81354592000002,50.67062,3
49.06158152,49.03793,3
54.86196146000003,53.481903,3
50.68855904000003,48.874016,3
46.93899110000001,48.873257,3
51.65585870000007,51.028378,3
49.19146627999999,48.786358,3
49.00005715999998,51.30287,3
50.48347783999998,49.72971,3
49.56744848000005,50.336063,3
50.13825782000004,49.963703,3
53.631474260000005,51.747406,3
48.03788453000004,49.320377,3
51.62167850000003,49.774067,3
49.68707918000001,49.189327,3
51.17049986000001,49.687996,3
50.26814258000002,47.97547,3
48.8701724,49.075485,3
48.72319754,47.789074,3
50.215163270000005,48.099556,3
50.60652656000002,49.625465,3
51.80625157999998,50.76734,3
50.462969720000046,49.63763,3
53.01623066000002,50.943703,3
51.42685136,51.730717,3
47.55765272000002,49.815033,3
50.19636416000003,49.066933,3
50.26130654000002,49.70561,3
43.81833884000002,44.798237,3
51.12777461000002,50.69303,3
48.66850922000003,47.310368,3
51.53622800000005,51.27574,3
54.72524066000005,53.79772,3
52.759879160000025,50.254314,3
52.03184090000002,50.921665,3
45.41455417999998,48.32749,3
52.97521442000004,52.03036,3
46.81936040000005,47.91882,3
53.36486869999999,52.09502,3
51.00301688000002,51.111614,3
49.611882740000055,49.147774,3
53.98353032000006,51.44627,3
44.70702404000002,47.075703,3
48.69243535999999,48.466324,3
51.18075392000003,50.780514,3
48.20536750999997,48.670315,3
50.21174525000004,51.025414,3
45.67432370000006,46.14541,3
47.51663647999999,49.198006,3
54.78676502000002,50.36742,3
54.46205312000001,51.74551,3
53.20422176,52.552185,3
53.96985824000001,50.298676,3
52.73595302000001,51.554546,3
54.13734122000005,52.918564,3
53.92884200000003,52.79649,3
48.48906317000001,49.423225,3
46.97317129999999,47.842934,3
48.945368840000015,50.317154,3
52.65733856000003,49.221252,3
48.92315171000001,50.671562,3
54.98159215999999,51.554207,3
46.64675039000002,45.874245,3
50.20149119000007,48.621727,3
54.32704133000004,54.093063,3
48.28398197000001,51.199905,3
49.083798650000006,50.655025,3
50.51082200000002,51.787758,3
53.023066700000015,51.5753,3
49.42047362,50.31531,3
53.41955702000001,52.86562,3
50.859460040000045,49.825966,3
45.07275218000001,44.570427,3
48.42241178,48.231167,3
49.79816483000002,50.11637,3
47.88407362999999,49.01161,3
50.92611142999999,51.399807,3
51.628514540000026,51.256626,3
52.81798550000002,49.64631,3
49.47857996000005,51.29332,3
45.49316864000002,45.93941,3
51.2798765,49.37088,3
50.50056794,51.454647,3
50.80818973999999,47.38519,3
50.01862712000002,50.412224,3
51.31063868000001,50.5146,3
50.48005982000001,50.214184,3
48.015667399999984,49.160927,3
52.17027071000001,48.643295,3
46.37159978,49.01923,3
46.56984494000005,47.775654,3
48.22758464000003,50.74229,3
53.877571699999976,52.933987,3
52.65733855999997,51.332886,3
52.28135636000002,52.908035,3
51.85752188000004,50.943375,3
48.27372791000005,49.787704,3
49.9126685,49.77387,3
49.603337690000046,50.155655,3
48.60698486000001,48.406822,3
50.57918240000004,51.047306,3
50.77742755999998,50.180916,3
48.69585338000002,50.817368,3
49.86481622000002,50.977226,3
50.90389430000005,50.755295,3
49.28375282000002,49.597294,3
50.7500834,49.88184,3
49.85798018000003,52.01648,3
49.79816483000002,51.445038,3
45.41968121000002,49.610977,3
49.45465382000003,50.420597,3
50.401445360000025,46.44734,3
49.06329053000002,49.498695,3
47.226104780000014,46.8224,3
54.48256124,54.06456,3
50.80818973999999,50.665546,3
52.35997082000006,51.587517,3
50.65779686000002,51.647736,3
49.01714726,49.05983,3
54.270644,54.005203,3
49.75202156,49.52201,3
50.02888117999999,49.703674,3
50.98250876000003,48.447197,3
48.665091200000006,47.121937,3
48.90777062000001,49.076984,3
47.06374883000001,50.92076,3
43.59958556000004,44.432903,3
46.72707386000002,48.519825,3
47.058621800000026,49.421013,3
45.308595560000015,47.230164,3
48.80864803999998,47.44737,3
53.42981108000004,52.497856,3
50.70223112000002,50.004707,3
51.48837572000002,50.235126,3
50.664632900000015,50.040855,3
49.62213680000002,47.7586,3
52.93078016000004,50.73012,3
54.626118080000026,54.15479,3
48.150679190000005,52.17062,3
48.76934081000002,48.705406,3
49.514469169999984,52.278732,3
51.355072940000014,51.431946,3
48.78130388,47.920334,3
52.64366648000004,51.274384,3
52.54112588000004,50.306053,3
48.085736810000014,50.84775,3
53.72034278000001,50.58035,3
48.79668497,48.683846,3
53.35461464000002,51.612408,3
49.33844113999999,50.460377,3
53.94422309000004,54.10026,3
54.85170740000001,51.29763,3
54.154431320000015,52.87407,3
49.83747205999998,50.598564,3
49.6050467,50.555874,3
49.73664047,49.78413,3
49.44781778000004,49.114677,3
47.109892100000025,48.631058,3
50.50398596000002,51.14591,3
49.10601578000001,51.69044,3
51.09872144000002,50.92837,3
50.95345559000003,49.00253,3
49.33502312000002,50.176136,3
49.03423736000002,49.365833,3
48.71294348000004,50.001694,3
46.72365583999999,47.89423,3
51.19442600000002,50.46018,3
54.185193500000025,54.023785,3
51.90537416000001,52.713493,3
49.98102890000001,52.623856,3
51.156827780000015,50.891983,3
50.43733456999996,50.307243,3
52.50694568000006,51.71576,3
48.91460666,50.650196,3
49.71100532000003,51.378395,3
50.68514102,53.215916,3
47.77298798000004,46.912548,3
53.221311860000014,51.368153,3
48.50102623999999,48.39196,3
51.26962244000004,50.397545,3
50.04768029000002,49.847107,3
49.95881177000001,51.120064,3
43.95505964000006,49.19694,3
54.07410785000002,49.83938,3
49.04790944000001,49.42808,3
48.84453725000003,50.609707,3
49.72125937999999,49.452545,3
45.97169144000003,46.269695,3
52.07285714,51.23064,3
50.350175060000026,49.301422,3
53.19054968,51.296406,3
50.00495504000003,51.50133,3
49.97419286000002,50.604473,3
52.05234902000001,52.084408,3
51.775489400000026,48.73508,3
52.206159920000005,50.795002,3
51.78232544000002,49.53283,3
50.780845580000005,49.511246,3
51.87632099000007,50.93534,3
49.329896090000034,48.6438,3
53.19396770000003,51.212227,3
52.96154234000005,52.191975,3
49.30767896000003,49.754562,3
51.14144669000001,50.293888,3
47.48245628000001,49.23909,3
54.793601060000015,51.739765,3
49.30084292000004,49.199062,3
49.092343700000015,49.65339,3
45.12060445999998,47.125813,3
54.74745779,52.779453,3
49.02398330000005,49.025074,3
51.713965040000005,50.189854,3
49.434145700000045,51.781193,3
49.53155927,51.558846,3
50.03059019,51.022392,3
48.58818575000004,47.273525,3
52.33946270000001,51.107113,3
45.29492348000002,46.588337,3
49.196593310000026,47.68757,3
52.93078016000004,51.652077,3
51.96689852000003,50.59542,3
51.22518818000003,51.522232,3
48.67876328,49.835526,3
47.24661290000006,47.30064,3
54.499651340000014,50.170944,3
50.64583378999998,48.382607,3
51.84214079000003,49.163414,3
53.92884200000003,54.21821,3
51.68662088000002,49.953136,3
50.466387740000016,50.93179,3
43.02877622000005,44.369434,3
53.42639306000001,53.483894,3
51.187589960000025,50.90131,3
46.64675039000002,48.613586,3
52.291610419999984,50.970585,3
51.61484245999998,51.423607,3
48.63603803000001,50.870277,3
52.63170341,49.04791,3
49.50592412000003,51.372894,3
50.30915881999999,46.893234,3
47.76102491000006,47.91436,3
47.44144004000003,46.650143,3
49.30084292000004,50.355408,3
49.39825649,51.467663,3
46.453632260000006,45.994106,3
51.40976125999998,51.254963,3
51.628514540000026,50.705235,3
52.03696793000006,50.758347,3
54.154431320000015,51.543644,3
48.80864803999998,50.821903,3
46.41603404,49.03857,3
44.77196642000001,44.919033,3
48.33525227000007,50.5644,3
50.40486338000005,51.206875,3
50.77400954000007,51.040924,3
47.318391320000046,47.45115,3
48.83599220000002,49.38941,3
54.07581686000003,53.357224,3
48.90947963000002,50.768715,3
53.01110362999998,51.50412,3
46.72023782000002,49.648525,3
53.06408294000005,50.4396,3
51.21664313000002,50.73682,3
49.533268280000016,49.08318,3
54.55433965999998,49.250095,3
46.173354620000055,47.564186,3
52.56847004000002,49.317173,3
50.91073033999999,48.944862,3
50.87142311000002,49.294064,3
46.15626452000004,46.78277,3
45.13085852000006,46.870464,3
46.09986719,44.338264,3
54.94399394000004,52.62341,3
46.69631168000001,47.392548,3
51.65585870000001,49.877815,3
49.03423736000002,51.240227,3
50.97738173000005,50.534466,3
48.06010165999999,48.739765,3
51.98057060000002,51.228546,3
50.89705826,49.55477,3
50.75862845000006,48.53712,3
48.68730833000001,51.679787,3
51.99082466000005,50.81331,3
45.15478466000002,47.095432,3
45.65723360000004,48.573456,3
50.77400954000001,51.075798,3
50.85091499000004,50.346737,3
49.78961978000001,49.055847,3
46.00587164000001,44.96587,3
49.58112055999999,51.481586,3
47.403841820000025,47.456257,3
46.00245361999998,45.95187,3
50.00495504000003,50.389557,3
49.12652390000005,49.036892,3
53.37854077999998,51.080673,3
49.54864937000002,50.383774,3
51.99424268000001,49.26319,3
50.59969052000002,49.4445,3
50.664632900000015,50.805717,3
49.40509253000005,50.17026,3
49.51959620000002,50.155327,3
49.29742490000001,48.862167,3
47.32522735999999,49.329773,3
52.27452032000002,50.8515,3
50.62703468000001,49.107647,3
53.088009080000006,51.70717,3
51.39267116000002,49.42628,3
52.17197972000002,54.07545,3
49.429018670000005,51.051716,3
48.189986420000025,51.08623,3
51.19100798,48.0803,3
46.78518020000001,49.055218,3
52.71544490000002,52.44996,3
43.70554418000006,44.131393,3
48.798393980000014,50.710735,3
49.92292256000002,50.612953,3
48.14726116999998,49.352055,3
50.76717350000001,50.771847,3
51.12093857000002,51.015034,3
47.33206340000004,47.821957,3
51.790870489999975,51.34377,3
49.73834948000001,49.88913,3
53.69641664000005,50.887943,3
52.089947240000015,50.354797,3
46.67922157999999,46.768948,3
52.75304312000003,50.81004,3
53.32727048000004,51.268936,3
48.186568400000056,50.752285,3
54.250135880000016,50.640926,3
49.48712501,51.086964,3
48.20024048000005,48.630024,3
52.79064133999998,49.748,3
47.87040155,48.10013,3
50.68514102000006,49.580036,3
48.69072634999998,48.730843,3
53.45373722,51.5807,3
50.11433168000002,51.97014,3
49.67682511999999,50.347214,3
42.99459602000002,44.809364,3
49.697333240000034,47.021984,3
51.50546582000004,51.922432,3
50.596272500000055,49.889088,3
53.21789383999999,51.314445,3
54.181775480000056,50.97959,3
50.686850030000016,50.150295,3
52.51719974000002,51.257328,3
50.53474814000003,51.755074,3
48.76421377999998,52.859467,3
49.52643224000002,47.834106,3
52.794059360000006,52.512787,3
53.25378305000004,52.53812,3
49.98444691999998,48.005558,3
46.95949922,48.24526,3
48.12162602000001,51.407707,3
50.78255459000002,51.11681,3
49.61871878,48.944653,3
49.55206739000005,48.583263,3
47.39700578000003,47.004253,3
51.98057060000002,48.113922,3
47.55765272000002,47.947987,3
49.33160510000005,49.072903,3
47.318391320000046,48.348633,3
50.14851188,49.72738,3
52.36851587000001,50.13496,3
53.63489228000003,52.3575,3
48.673636250000015,48.35654,3
50.65437884000005,51.103474,3
50.79451766,49.01197,3
46.51515662000003,47.9223,3
50.74153835000004,51.582336,3
50.24763445999997,49.217205,3
53.06750096000002,52.421677,3
54.31166024000004,50.902805,3
50.53816616000006,50.87125,3
46.85354060000003,48.725277,3
53.94080507000001,50.73051,3
49.943430680000006,48.906834,3
51.594334340000046,51.612015,3
53.334106520000034,50.909878,3
46.99026140000001,47.848293,3
50.893640240000025,49.33704,3
50.69026805000004,49.073265,3
48.19169542999998,49.4915,3
53.10851720000005,51.456802,3
51.85752188000004,51.104218,3
49.95026672000006,48.865993,3
49.71784136000002,50.741985,3
50.41853546000005,49.076805,3
50.37922823000002,47.586166,3
48.49077218000002,51.414894,3
48.40532168000004,45.26416,3
49.77594770000002,49.44964,3
50.68514102000006,51.22482,3
50.09211455000002,52.934635,3
44.56175818999998,44.63802,3
46.90481090000003,50.28807,3
50.963709650000055,48.076164,3
51.44906849000006,48.138958,3
53.13244334000001,51.348553,3
50.11091366,51.342567,3
49.16412212,49.24019,3
49.16070410000003,49.65949,3
50.62019864000001,50.00238,3
54.37660262000003,53.74651,3
52.96154234000005,52.748203,3
51.50546582000004,50.675713,3
52.28648339000006,50.26452,3
48.155806220000045,49.056004,3
52.52745379999999,52.940933,3
49.429018670000005,48.356205,3
48.189986420000025,48.720737,3
50.19978218000006,49.87397,3
49.587956599999984,51.222084,3
54.6295361,53.38831,3
52.38731498000004,50.481632,3
46.798852280000006,49.059757,3
49.31109698,48.135197,3
46.73220089,49.478664,3
48.54033347000001,51.338646,3
48.40532167999999,49.469162,3
51.72421910000003,51.38179,3
47.59183292,48.50965,3
51.9634805,51.448746,3
48.09599087000004,50.64867,3
52.254012200000034,51.672653,3
49.386293420000015,50.529774,3
44.70873304999998,44.206585,3
43.886699239999984,44.81217,3
48.81890210000006,45.882233,3
47.67386540000001,49.602856,3
49.36578530000003,51.10949,3
48.96245894000003,47.855656,3
46.94240911999998,47.857964,3
47.94388898,48.48475,3
47.07571189999999,47.92054,3
50.96200064000004,48.824745,3
52.39073300000001,54.10026,3
49.83405404000001,50.462856,3
47.55765272000002,49.213387,3
50.09724158000006,50.63936,3
51.24227828000005,50.48117,3
47.82767630000001,48.642,3
54.37318460000006,54.101315,3
52.13779952000005,52.342266,3
47.08938397999998,46.233982,3
47.54398064000003,50.237095,3
51.368745020000006,50.792717,3
51.18246293000004,52.568516,3
51.35849096000004,50.72206,3
49.587956599999984,49.894207,3
51.12948361999997,50.8108,3
51.50375681000003,50.991043,3
50.48347783999998,48.684395,3
46.68605762000004,47.683643,3
49.88874236000004,51.114223,3
49.753730570000016,48.22469,3
43.54831525999998,45.73599,3
48.26176484000007,49.015644,3
53.065791950000005,51.698257,3
48.58818574999998,49.371834,3
52.96154234000005,51.90508,3
54.02796458,53.78242,3
50.08015148000004,50.202076,3
53.14611542,52.09907,3
50.35188406999998,51.169983,3
46.17677264000002,51.13952,3
49.95710276,50.871704,3
50.03913524000001,47.70926,3
50.78939063000007,49.60495,3
49.575993530000005,51.661385,3
51.56357216000004,50.98631,3
52.57017905000004,49.21273,3
52.63341242000001,52.46356,3
52.1172914,50.202953,3
51.94639040000004,51.090607,3
50.27839663999998,47.154545,3
48.328416230000016,49.298035,3
46.908228920000056,49.948868,3
49.48199798000002,51.072113,3
50.695395080000026,51.08522,3
49.21539242000006,50.0164,3
48.09086384,49.118618,3
42.38277044000006,44.569447,3
50.13483980000001,50.550816,3
48.04984760000002,48.63643,3
46.74758198000001,49.89661,3
48.98980310000002,49.66853,3
49.123105880000026,50.278744,3
52.44200330000001,51.193504,3
47.91654482000001,46.820374,3
50.315994860000046,50.935177,3
53.64172832000003,51.876118,3
49.71613235000001,48.823944,3
51.40976125999998,51.254963,3
50.39119130000006,48.536636,3
51.40634324000001,49.870792,3
53.11364422999998,51.32143,3
53.846809519999965,50.97959,3
49.99128296000004,52.503014,3
47.72513570000001,50.81291,3
49.52814125000003,50.334896,3
51.08846738,48.925888,3
51.891702080000016,50.586483,3
51.06795926000001,49.50952,3
50.52107606000004,50.89851,3
46.85524961000005,49.55919,3
49.56915749000007,48.026905,3
52.86241976000002,51.134174,3
48.51128030000001,49.57393,3
46.29640333999998,46.880943,3
51.25595036000004,50.613075,3
50.30232278000005,48.562637,3
49.94684870000003,48.178318,3
48.1352981,51.18641,3
54.69106046000002,54.204983,3
54.04847270000005,51.856216,3
50.42537149999998,49.95192,3
49.19488430000001,51.015217,3
50.63045269999998,49.741493,3
48.15751523000006,50.434265,3
49.37091233000001,48.471863,3
51.21664313000002,49.139854,3
52.11900041000001,50.0835,3
52.26084823999997,51.99724,3
49.84430810000004,47.080822,3
50.28181466000001,51.10949,3
50.96883667999998,51.209606,3
47.76956996000001,46.8761,3
46.838159510000025,47.307686,3
46.89626585000002,48.85842,3
50.462969720000046,50.45584,3
48.155806220000045,50.43842,3
54.97817414000002,52.91426,3
49.80329186000006,49.93191,3
49.27691678000002,49.489666,3
51.03548806999999,49.860096,3
49.97419286000002,50.710518,3
44.85741691999999,45.586227,3
52.55137994000006,48.603065,3
51.60117037999999,49.03428,3
50.83211588000006,46.42795,3
46.15284650000001,49.11881,3
45.831552620000025,46.879597,3
53.69983466000002,53.23167,3
52.465929440000025,51.576958,3
54.81069116000003,54.030106,3
53.94935012000002,51.199566,3
46.858667630000014,45.927673,3
50.78768162000006,51.510433,3
52.02842288,49.327236,3
50.93978351000004,48.563225,3
50.57405537,51.030495,3
49.22564648000002,50.94925,3
50.548420220000025,50.366497,3
49.76911166000002,47.029533,3
50.18952811999998,49.633648,3
49.16754014000003,49.731663,3
53.81946535999998,53.17639,3
51.53110097000001,50.55949,3
49.95710276,48.658245,3
51.54990008000004,51.412285,3
48.14555216000002,49.89834,3
51.23202422000003,47.835148,3
49.81354592000002,49.081177,3
48.88897151000003,50.22645,3
52.95299728999999,49.809692,3
51.50717483000005,49.44931,3
52.26426626,54.040485,3
49.02740132000002,51.476013,3
52.15147160000004,51.94894,3
47.16458041999999,48.908195,3
52.99914056,53.103733,3
52.55308895000002,49.707134,3
46.66896752000002,49.545013,3
49.16754014000003,49.99126,3
50.03571722000004,52.37303,3
53.26232809999999,48.232647,3
48.00541334000002,50.141792,3
50.21003624000002,50.968315,3
50.902185290000034,47.717815,3
51.57724424000003,50.6952,3
50.75350142000002,51.369873,3
52.007914760000006,53.014004,3
50.69197706,48.93152,3
54.67397036,53.545776,3
51.37899908000003,50.98023,3
53.76819506000004,50.957336,3
50.34846605000001,50.711483,3
51.331146800000056,51.128345,3
49.74176750000004,50.93399,3
50.87142311000002,51.401585,3
50.14509386000003,50.102764,3
49.454653819999976,48.48226,3
49.93146761000003,50.582584,3
51.69345692000002,49.89368,3
49.71613235000001,50.36734,3
52.10020129999998,51.095516,3
54.65688025999998,54.07754,3
54.072398840000005,53.017952,3
51.14999174000002,49.585,3
51.450777500000015,50.3761,3
48.11478998000001,47.778145,3
51.334564820000026,51.204712,3
49.24957261999998,50.503277,3
47.4516941,49.382957,3
50.63728874000003,48.697437,3
51.303802640000015,50.89362,3
45.88282292000002,47.15127,3
51.60458840000001,46.728245,3
49.44439976000001,49.632626,3
49.29742490000001,47.78009,3
49.02056528000003,50.19816,3
53.93055100999999,51.497524,3
49.056454489999965,48.10957,3
54.23988182000005,50.41617,3
52.40782310000003,54.04413,3
49.53155927,49.78866,3
51.28500353000004,51.358868,3
54.39711074000002,51.297283,3
49.15215905000002,50.19535,3
51.02523401000002,51.087276,3
50.792808649999984,51.30562,3
49.63580888000001,50.92374,3
48.59502179000003,49.1924,3
43.16891504,46.335396,3
49.42730965999999,46.978024,3
54.21766468999999,50.32958,3
48.00199531999999,50.861217,3
45.382082990000015,47.6073,3
51.00814391,50.669342,3
49.34527718000004,51.155136,3
50.288650700000005,48.690487,3
52.54112587999998,50.638416,3
46.19386273999999,48.725117,3
47.61063203000003,49.975956,3
52.305282499999976,50.811638,3
50.64070676000006,51.408005,3
46.87575773000003,50.72785,3
52.07969318000005,51.67267,3
51.317474720000064,49.36879,3
49.19830232000004,49.122345,3
50.16731099000003,51.333218,3
52.89489094999999,51.24721,3
53.99036636000005,51.52033,3
51.19271699000001,49.562748,3
50.62019864000001,51.243114,3
52.88634590000004,51.540974,3
52.26597527000001,49.216797,3
47.991741260000026,49.443928,3
46.807397330000015,47.585754,3
54.332168360000026,54.22979,3
54.007456460000014,54.030106,3
50.96029163000003,49.598396,3
53.59729406000002,52.1659,3
49.123105880000026,47.61306,3
50.61678061999999,51.049877,3
50.27839663999998,50.548916,3
51.23202422000003,53.34084,3
50.48005982000001,50.45878,3
49.62897284000002,48.700222,3
51.38583512000002,50.402077,3
49.49225204000004,48.56726,3
53.14953344000003,52.908443,3
51.39267116000002,51.302128,3
51.63022354999998,51.232944,3
53.81262932000004,50.470684,3
45.43164428,46.384113,3
48.777885860000026,49.45245,3
45.339357740000025,45.24831,3
51.42172433000002,52.11457,3
50.85091499000004,50.301094,3
49.835763050000025,51.654037,3
52.14805358000001,52.073593,3
50.90389429999999,51.197918,3
50.39802734,50.863102,3
47.70804559999999,48.367867,3
49.98444691999998,50.52727,3
52.81456748000005,50.971836,3
53.10168116,52.09617,3
49.63922690000004,50.2608,3
52.52745379999999,50.800705,3
51.589207310000006,50.967587,3
49.44781778000004,50.97002,3
49.57086650000002,49.64294,3
48.92486071999997,50.03644,3
53.94251408000002,54.093063,3
50.08698751999998,50.93805,3
52.862419759999966,50.570526,3
46.37843582000005,48.15507,3
48.61723891999998,51.825085,3
48.93169676000002,49.234035,3
53.33752454,53.086205,3
51.20126204000002,50.43013,3
47.97465116000001,49.143955,3
52.59068717000002,50.860767,3
47.97465116000001,48.50232,3
52.23008606000002,51.103657,3
47.930216900000005,47.552982,3
51.43881442999998,51.398155,3
46.25026007000002,48.29298,3
48.90606161,50.51321,3
51.20468005999999,48.324142,3
49.52643224000002,49.889797,3
49.42389164000002,50.342556,3
50.01520909999999,50.10227,3
51.46957661000005,50.724464,3
53.41613900000005,51.67214,3
47.09963804000006,51.113434,3
51.21664313000002,49.21878,3
47.25515795000001,47.766994,3
48.88384447999999,51.05442,3
51.57040820000003,49.139,3
53.55456881000004,52.27489,3
47.598668960000055,46.212917,3
51.26962244000004,49.684597,3
50.23396237999998,50.80926,3
48.79497595999999,50.429626,3
49.80841889000004,50.51403,3
49.79987384000003,49.243736,3
50.96200064000004,50.51785,3
51.3824171,51.64781,3
51.818214650000016,51.350487,3
51.61142444000001,49.932854,3
49.73834948000001,50.083492,3
51.09872144000002,50.480083,3
50.69710409000004,51.22052,3
48.08744582000003,50.26012,3
49.25299064000001,50.14133,3
52.462511420000055,52.373283,3
53.39392187000004,49.298035,3
49.57086650000002,48.93005,3
50.13142177999998,48.89685,3
49.49567006000001,49.211876,3
50.06647940000005,51.20685,3
51.156827780000015,52.39878,3
54.92690384000002,53.994957,3
51.25082333,49.257538,3
49.51276016000003,50.70354,3
50.555256259999965,49.793655,3
45.725594,46.04203,3
50.00153702,49.764576,3
50.43220754000004,49.107647,3
47.33206340000004,48.71464,3
47.55423470000005,49.31909,3
53.0572469,49.87161,3
51.86435792000003,50.77912,3
49.42730965999999,48.07182,3
51.44394146000002,50.937153,3
50.69197706,50.422813,3
54.76283888,53.98873,3
48.01224938000007,49.54276,3
45.02489990000004,47.245094,3
47.68582847000005,51.248486,3
48.70268942000007,50.363903,3
54.40052876000004,51.93105,3
48.043011560000025,49.43333,3
48.8701724,52.63123,3
51.942972380000015,49.791615,3
46.92361001,50.229034,3
53.16833255,48.64886,3
54.151013300000045,51.186398,3
48.64116506000005,48.902096,3
48.10453591999999,49.85217,3
49.67682511999999,50.211613,3
54.64320817999999,50.539577,3
49.728095420000045,48.85122,3
48.41215771999998,49.18655,3
50.53133012000001,51.03649,3
47.95756105999999,46.48194,3
46.71511079000004,46.902313,3
51.65927671999998,49.664974,3
47.865274520000014,50.157715,3
53.55627781999999,53.877724,3
53.631474260000005,52.437054,3
48.77104982000003,49.89883,3
46.84157753,48.155697,3
51.23544224,48.687683,3
49.34185916000001,48.906834,3
54.004038440000045,54.05631,3
51.602879390000055,51.44365,3
50.15534792000005,51.60558,3
52.07627516000002,48.954712,3
51.46103156000004,50.029663,3
49.434145700000045,50.89953,3
49.05816349999998,48.83979,3
46.56471791000001,48.557762,3
49.208556380000005,51.32485,3
51.19784402000005,51.328613,3
51.07137728000004,51.249603,3
51.34140086000002,50.39276,3
44.49681581000005,45.855774,3
48.69927140000004,49.919186,3
54.40052876000004,53.52971,3
53.863899619999984,54.045082,3
51.91562822000003,51.18371,3
50.28523268000004,50.404003,3
51.21493412000007,50.556034,3
48.15751523000006,50.434265,3
48.19340444,50.20266,3
50.68514102000006,51.11068,3
54.65346224000001,53.847675,3
48.91460666,50.935444,3
50.86971410000001,49.234997,3
53.47082732000001,53.643288,3
44.87792504000004,46.511013,3
48.52153436000003,50.422268,3
46.23829699999999,48.24533,3
48.30107207000003,46.911327,3
50.237380400000006,51.6145,3
53.019648680000046,50.521656,3
54.55775768000001,51.617184,3
53.53406069000005,51.220364,3
50.49714992000003,50.6618,3
50.63045269999998,51.305202,3
47.47220221999999,48.566254,3
53.28454523000005,51.886047,3
48.61723891999998,47.2759,3
51.355072940000014,50.098854,3
46.64675039000002,47.626232,3
50.94832856000005,50.258053,3
53.15636948000002,51.15251,3
52.71886291999999,51.87995,3
51.54306403999999,50.57738,3
52.80944045000001,49.467007,3
52.04551298000001,51.22848,3
51.40634324000001,50.52955,3
54.50990540000004,53.070004,3
54.23304578,52.225315,3
53.62122020000004,51.13793,3
52.83849362000001,50.644245,3
51.44394146000002,48.9701,3
54.024546559999976,54.10968,3
49.57770254000002,49.72126,3
48.80523002000001,50.731728,3
47.35598954000005,51.355675,3
49.32135103999997,50.765083,3
50.22712634000004,47.20111,3
53.631474260000005,54.101315,3
54.14075924000002,53.49147,3
48.34550633000004,50.808777,3
51.35849096000004,50.38296,3
54.84316235000006,51.434044,3
50.15534792000005,51.06738,3
50.816734790000055,51.15889,3
54.05530873999999,51.822815,3
53.65369139000006,51.0416,3
51.16366382000001,50.469193,3
50.48689586,48.332745,3
50.66805092000004,51.45996,3
46.86208565000004,49.54568,3
49.28717084000005,48.63971,3
50.85091498999998,49.939766,3
50.68514102000006,52.758453,3
49.20513835999998,51.745586,3
51.43026938000003,50.084793,3
50.84407895000004,50.471405,3
52.28477438000005,51.172493,3
48.21733058000001,50.80678,3
51.77890742,51.216217,3
47.71317263000003,48.244293,3
51.21493412000001,50.638405,3
46.97317129999999,51.094337,3
50.613362600000016,49.069283,3
52.66759262000005,49.39907,3
52.40782310000003,52.176105,3
50.42878952000001,50.664104,3
49.34869520000001,51.11917,3
51.90366515,49.97075,3
47.98832324,48.96889,3
52.52061776000005,49.57046,3
50.54329318999999,51.37814,3
49.94684870000003,49.500534,3
49.312805990000015,49.578617,3
47.72342669,47.442238,3
52.91710808000005,53.529503,3
49.03423736000002,49.64624,3
51.049160150000034,52.904102,3
49.23248252000002,49.031162,3
48.75737774000004,48.77418,3
50.47322378000001,49.05545,3
48.28569098000003,50.709885,3
53.860481600000014,50.89815,3
52.23350407999999,51.27499,3
49.364076290000014,49.58723,3
50.56209230000002,51.17077,3
54.05872676000001,52.72841,3
54.22620974000006,54.210426,3
48.28398197000001,49.12653,3
49.208556380000005,50.09323,3
51.17562688999999,49.451286,3
49.81354592000002,48.565357,3
46.87917575000006,48.79686,3
49.514469169999984,51.65286,3
49.63409987,51.67879,3
50.056225340000026,48.956036,3
48.600148820000015,51.39379,3
53.62634723000002,51.289764,3
49.49567006000001,48.923004,3
50.99618084000002,48.89768,3
49.87677929000006,50.948215,3
50.06477039000004,46.900387,3
48.68901734000002,48.22224,3
50.237380400000006,48.99547,3
50.51936705000003,51.43979,3
50.70564913999999,50.981567,3
54.42103688000003,54.081585,3
49.55719442000003,49.070755,3
48.24809276000002,49.52676,3
46.45021424000004,47.936646,3
47.5029644,48.76629,3
47.82596729,50.89248,3
50.65266983000004,49.105385,3
49.77423869,49.849693,3
51.09530342000005,50.335373,3
52.01816882000003,50.801643,3
48.224166620000005,50.170074,3
51.29696660000002,50.46244,3
49.92292256000002,50.753555,3
48.88384447999999,49.180187,3
49.65973502000003,47.66865,3
52.31724557000007,50.652214,3
49.86310721000001,49.099598,3
48.05839264999997,48.425724,3
50.40657239000001,48.594456,3
51.72080108,51.68787,3
51.83359574000002,49.261604,3
48.53178842,47.737934,3
49.32647807000001,51.671726,3
48.15238820000002,49.100792,3
44.19261203000002,44.840446,3
47.53714460000003,48.623993,3
49.06158152,48.26144,3
51.368745020000006,52.007076,3
53.692998620000026,52.53801,3
48.70268942000001,49.301598,3
48.189986420000025,50.586704,3
42.669884120000006,45.219017,3
49.48883402000001,49.664665,3
44.354967980000026,44.469746,3
51.78916148000002,50.48614,3
50.92952945000002,51.477757,3
53.52209762000007,51.056274,3
51.19271699000001,51.643204,3
50.24763445999997,51.310226,3
46.64845939999998,46.542202,3
52.52916281,51.021366,3
52.03354991000003,50.608513,3
50.11091366000005,49.57498,3
49.84089008000001,49.3194,3
48.371141480000006,51.273212,3
47.740516790000015,44.61326,3
50.77400954000001,50.207058,3
49.37433035000004,50.814682,3
49.23077351000006,49.450474,3
48.25151077999999,50.81756,3
42.38277044000006,46.50219,3
50.75350142000002,51.0841,3
49.95368474000003,50.525955,3
47.991741260000026,49.49955,3
46.42628810000002,46.48062,3
48.70952546000001,49.76591,3
49.50421511000002,51.87672,3
50.12116772000002,50.69297,3
51.10897549999999,50.616783,3
50.41511744000002,51.750183,3
46.27418621000004,47.988895,3
48.85820933000002,48.60647,3
47.68411946000003,46.897625,3
53.40588494000002,51.47738,3
49.56573947000004,52.59919,3
48.65312813000003,49.353085,3
54.38172965000001,51.71257,3
49.805000870000015,50.60199,3
54.54066757999999,54.02941,3
51.08504935999997,50.832283,3
50.22712634000004,51.098064,3
51.11239352000001,51.082886,3
50.41169941999999,51.03285,3
49.66998908000005,48.83548,3
46.43825117,49.150177,3
52.288192400000014,50.837383,3
53.73914189000004,54.195312,3
48.13188008000003,49.219368,3
50.47664180000004,50.91299,3
52.19932388000001,49.72232,3
48.44121089000004,50.71303,3
48.61040288000004,51.254696,3
47.16458041999999,46.618576,3
46.25196907999998,48.475677,3
49.97761088000004,49.267887,3
51.15853679000003,51.386642,3
48.90606161000005,52.46887,3
50.392900310000016,49.81305,3
51.70371097999998,49.951595,3
49.54181332999997,50.69303,3
53.60071208,52.846436,3
50.71419419000006,50.238632,3
45.47607854,48.195152,3
54.44154500000002,52.98944,3
51.81992366000003,51.898254,3
53.97840329000002,51.454895,3
53.15978749999999,50.547935,3
52.88976392000001,50.06746,3
50.743247360000055,51.71024,3
54.89614166000001,53.99223,3
51.06112322000001,49.708263,3
53.35119662,52.324024,3
49.94684870000003,50.22461,3
45.03857198000003,49.089287,3
49.929758600000014,49.91777,3
45.47949656000003,48.31178,3
50.79109964000003,50.74929,3
50.06306138000002,49.856903,3
44.08323539000003,45.118477,3
53.28283622000004,51.58558,3
49.76911166000002,49.21998,3
49.68366116000004,51.30137,3
46.39210789999999,50.5302,3
50.54329318999999,50.119164,3
50.56209230000002,49.127117,3
49.14703201999998,51.05646,3
54.29457014000002,52.927326,3
50.19978218000006,49.944553,3
48.42241178,50.280384,3
50.64925181000001,48.49946,3
49.40680154000006,48.91227,3
50.33821198999999,49.699966,3
53.70154367000004,51.23291,3
50.435625560000005,49.39905,3
50.33650297999998,50.449394,3
47.318391320000046,48.673264,3
52.80773144,51.05022,3
53.28454523000005,52.36965,3
50.84066093000001,50.846676,3
53.55969584000002,52.251797,3
49.60846472000003,48.842285,3
46.981716350000056,46.68149,3
49.538395310000055,51.239174,3
44.906978210000034,44.19361,3
49.83063602000004,51.73567,3
51.73447315999999,50.729893,3
50.444170610000015,51.03462,3
50.92952945000002,49.57881,3
50.76033746000002,51.830383,3
48.19682246000002,49.39884,3
51.99936971,48.817078,3
50.370683180000015,50.29823,3
49.60846472000003,51.653187,3
47.174834480000015,46.138863,3
52.99572254000003,50.72771,3
50.99618084000002,50.510773,3
51.888284060000046,51.883434,3
51.368745020000006,47.74231,3
50.61678061999999,51.13894,3
48.85308229999998,49.86385,3
47.75589788000002,48.05105,3
48.26518286000004,48.102577,3
50.64412478000003,51.460262,3
50.44075258999999,48.33046,3
49.010311220000006,49.643124,3
54.28944310999998,52.165154,3
50.17927406000001,50.84719,3
52.70348183000005,51.289528,3
51.481539680000026,50.338665,3
49.08208964000005,50.693584,3
50.65437884000005,50.817326,3
52.49669161999998,51.36306,3
49.64606293999998,50.208588,3
52.500109640000005,51.565125,3
43.31930792000003,44.53737,3
50.12116772000002,48.693436,3
53.52551563999998,51.453922,3
49.02911033000004,51.27309,3
50.60823557000003,48.89689,3
52.13096347999999,51.099934,3
48.39506762000002,47.840527,3
50.19465515000002,51.456795,3
52.58385113000003,51.03378,3
46.87404872000002,47.892223,3
47.99515928000005,49.00154,3
46.21778888000006,47.51054,3
50.7500834,48.675297,3
48.02250344000004,48.57207,3
49.24102757000003,51.04691,3
45.50513171,47.55407,3
54.76283888,54.17083,3
45.41113616000001,47.29541,3
52.48301953999999,52.18761,3
51.91562822000003,50.819065,3
51.25936838000001,51.383938,3
53.42981108000004,52.9351,3
48.890680520000046,45.2749,3
51.02010698000004,52.08295,3
45.64014350000002,45.868553,3
53.49817148,51.975384,3
54.36293053999998,53.110043,3
54.77651096,52.73943,3
51.013270939999984,51.44156,3
52.48985558000004,50.392693,3
47.65335728000002,51.03586,3
54.20399261,51.956467,3
45.20605496000002,48.08475,3
49.12994192000002,51.21066,3
53.59045802000003,52.00768,3
51.35165491999999,52.49958,3
53.79553922000002,53.650978,3
53.13073433,49.578903,3
51.55673611999998,50.1631,3
51.20980709000003,50.150394,3
47.87381957000002,49.712376,3
50.98592678,51.389072,3
52.14976259000002,50.940247,3
50.15705693000007,50.017525,3
49.49225204000004,50.064087,3
51.679784840000025,50.207237,3
48.06693770000004,48.561947,3
50.01862712000002,47.454655,3
46.87404872000002,49.565666,3
50.33308496000001,52.44829,3
50.47664180000004,49.13739,3
50.10578663000001,49.76437,3
54.19202954000002,51.350517,3
49.41021955999997,50.55621,3
45.188964860000056,44.648014,3
50.203200200000026,50.332355,3
47.32522735999999,51.5477,3
54.297988160000045,53.69404,3
48.82573814,51.6931,3
49.95710276,50.50377,3
54.65346224000001,54.04998,3
50.71248518000005,48.990364,3
47.73368075000002,50.27437,3
47.279084090000026,50.495354,3
50.090405540000006,51.366905,3
49.84772612,48.908985,3
49.77252968000005,48.071835,3
52.11387338000003,51.113064,3
52.72228094000002,51.565037,3
50.06306138000002,48.431522,3
51.55673611999998,50.456833,3
48.54204248000002,49.565666,3
48.09257285000001,47.332172,3
52.279647350000005,50.95792,3
53.0572469,54.152905,3
45.91016708000001,46.162315,3
49.97077483999999,49.618423,3
47.23294082000001,45.806465,3
51.50546582000004,51.150684,3
46.86379466000005,48.820343,3
49.12994192000002,49.915333,3
46.05714194000001,48.794827,3
54.552630650000026,51.197918,3
54.91664978000006,51.065742,3
51.16537283000002,50.89953,3
53.12902531999998,54.094734,3
50.55012923000004,51.746353,3
50.29206872000003,48.55381,3
43.57224140000005,44.99905,3
48.894098540000016,48.45578,3
45.54785695999999,46.92899,3
46.06397798,48.446934,3
51.08163134000006,51.760445,3
52.52574479000003,48.59721,3
48.162642259999984,48.703255,3
48.19169542999998,49.778778,3
45.15478466000002,47.975834,3
50.55525626000002,48.683804,3
45.00268276999998,48.438255,3
50.06647940000005,50.842793,3
54.30824222000001,52.528297,3
49.28375282000002,48.660744,3
51.009852920000014,51.41103,3
47.76444292999997,49.31935,3
49.649480960000005,51.842438,3
50.14851188,49.498577,3
49.06158152,48.991566,3
48.015667399999984,48.844612,3
48.64116505999999,48.51536,3
52.31382754999999,51.359653,3
47.757606890000034,47.62749,3
51.57382622,49.722996,3
49.97761088000004,49.433334,3
49.96052078000002,51.104588,3
49.52643224000002,47.474094,3
43.67478200000005,46.30378,3
45.831552620000025,46.80622,3
50.13483980000001,51.393314,3
45.645270530000005,50.382313,3
52.13779952000005,50.08012,3
46.838159510000025,46.901814,3
45.35986586000001,47.10144,3
47.930216900000005,47.68341,3
47.61917708000004,49.70136,3
48.012249380000014,48.8784,3
50.237380400000006,50.65693,3
49.21881043999997,50.260166,3
46.43312414000002,49.804016,3
49.27520777000007,48.88945,3
50.50569497000004,50.69996,3
53.87586269000002,49.628647,3
52.91710808000005,53.636368,3
46.48439444000002,47.962215,3
50.29206872000003,50.984165,3
51.49862977999999,50.303505,3
51.04745114000002,49.75585,3
54.82778126000005,54.21399,3
50.52449408000001,49.250732,3
53.45031920000002,51.03623,3
50.30403179000001,50.531883,3
51.56015414000001,51.9482,3
50.890222220000055,50.446228,3
49.98102890000001,50.2582,3
50.93123846000003,51.885223,3
50.12116772000002,49.508167,3
51.71054702000004,50.84254,3
53.53918772000003,52.545013,3
48.37626850999999,50.69132,3
51.52255592000006,51.253117,3
51.09872144000002,48.82493,3
45.51367676000001,46.924778,3
50.53816616000006,49.02999,3
53.740850900000055,51.80616,3
48.03617552000003,48.65075,3
51.03377906000003,52.514183,3
49.36578530000003,51.1406,3
49.20684736999999,50.436962,3
51.88144801999999,50.85534,3
50.35359308,49.044518,3
45.26245229,46.542404,3
49.25982668000006,50.741776,3
51.173917879999976,49.760735,3
48.32670722,49.995766,3
46.146010460000014,45.799625,3
49.7075873,51.291348,3
52.267684280000026,47.424126,3
48.51128030000001,50.977142,3
51.43197839000004,51.27843,3
48.81206606000001,49.690353,3
48.30961712000004,50.566494,3
47.520054500000015,47.81306,3
53.08117304000001,51.215862,3
44.20115708000003,44.932774,3
50.63899774999999,50.042446,3
45.46240646000001,49.455666,3
52.45909340000003,51.812077,3
44.96166653,43.13921,3
49.56061244,50.471806,3
46.08790412000002,47.203064,3
52.53770786000001,50.85806,3
54.19886558000002,52.821026,3
47.62601312000004,49.831997,3
46.699729700000034,46.798695,3
52.45909340000003,50.14038,3
53.21105780000005,50.69129,3
50.365556149999975,49.326256,3
46.13233838000002,48.98859,3
49.51276016000003,48.39752,3
50.12116772000002,50.28264,3
43.119353750000016,45.26521,3
47.48245628000001,48.437466,3
45.26928833,46.102543,3
53.06408294000005,51.363712,3
53.09826314000003,51.841984,3
52.361679830000014,51.96655,3
50.46980575999999,50.0617,3
46.71681980000005,49.95526,3
52.38047893999999,51.31862,3
52.54112587999998,51.172333,3
50.26130654000002,51.509,3
47.76615193999999,48.93503,3
49.48199798000002,49.263287,3
51.72080108,51.68787,3
50.88680420000003,49.30097,3
50.15534792,50.864067,3
50.69197706,47.8823,3
46.82619643999999,50.973648,3
47.80716818000002,51.23864,3
50.29548674,49.62868,3
53.59729406000002,52.705,3
48.67192724000006,49.060196,3
52.93761619999998,52.295757,3
51.75839930000007,51.409786,3
53.52893366000001,52.98123,3
49.28033479999999,51.444885,3
45.73243004000005,47.470543,3
47.27224805000003,46.914406,3
48.90435260000004,49.96963,3
50.664632900000015,50.547012,3
49.47174392,50.72918,3
44.71386008000002,46.483093,3
48.83599220000002,49.115852,3
54.79701908000004,53.3121,3
47.45853014000005,46.123436,3
52.49327360000001,48.634754,3
48.52837040000003,45.256386,3
51.08504936000003,51.92922,3
49.18463024000005,50.058117,3
47.06545784000002,47.70046,3
53.48108137999998,51.32981,3
53.81262932000004,51.778645,3
53.88440774000003,53.646183,3
53.68616258000003,50.063747,3
47.03811368000004,48.46118,3
48.85479131,51.036545,3
54.301406180000015,54.093063,3
53.63489228000003,54.06456,3
48.45659197999999,50.332935,3
50.83895192,49.977196,3
48.27201890000004,49.67576,3
45.31372259,46.689938,3
48.44633792000002,50.066322,3
52.80089540000006,51.377186,3
52.51378172,50.1815,3
52.86241976000002,49.8189,3
48.20536750999997,50.960514,3
53.234983940000006,51.726883,3
54.3219143,50.795433,3
47.69437352,49.33897,3
50.51936705000003,50.33049,3
51.23544224,48.687683,3
52.288192400000014,51.29782,3
46.7680901,47.94692,3
48.98296706000002,49.55375,3
45.9306752,47.69957,3
52.35142576999999,51.824337,3
49.20172034000001,50.262463,3
48.84282824000002,50.705402,3
44.38914818000001,47.322163,3
48.798393980000014,49.798504,3
50.94661955000004,50.231194,3
44.95653950000002,44.33845,3
49.00347518000001,46.99762,3
53.19909473000001,50.15526,3
49.909250480000026,50.163887,3
49.99128296000004,50.50065,3
51.702001970000026,51.483727,3
50.44587962000003,50.371296,3
49.37945738000002,50.137238,3
50.63387072,50.793427,3
50.57234635999998,51.004677,3
52.62999439999999,51.98786,3
49.02398330000005,49.025074,3
52.85900174000005,51.198845,3
50.58772744999999,51.146637,3
51.55673611999998,49.448757,3
50.00495504000003,51.20467,3
50.811607760000015,52.387394,3
50.02888117999999,50.56298,3
53.84680952000002,49.938713,3
50.86458707000003,51.350895,3
46.26051413000005,44.629074,3
50.42537150000004,47.10569,3
49.502506100000005,49.752056,3
50.99788984999998,50.535202,3
49.83918107,50.10442,3
52.906854020000026,51.319576,3
47.86185650000005,45.820736,3
52.91710808000005,52.47132,3
54.99868226000001,53.453045,3
48.09769988000005,47.655792,3
51.84726782000001,51.40673,3
50.172438020000016,49.62709,3
50.97909074000006,49.897972,3
50.21003624000002,50.23849,3
47.72171767999998,51.018517,3
53.61438415999999,54.125515,3
52.96154234000005,51.370266,3
50.31257684000002,51.68443,3
51.60458840000001,51.17857,3
48.94878686000004,50.34602,3
46.41090701000002,49.05777,3
50.98592678,51.222168,3
50.223708320000014,49.754623,3
49.37603936000005,50.989513,3
49.454653819999976,51.437725,3
49.89557839999998,49.17886,3
50.19294614,50.939713,3
49.72467740000002,50.760994,3
50.859460040000045,49.44144,3
51.013270939999984,50.285576,3
48.22074859999998,47.92638,3
38.88271796000004,42.94406,3
52.80773144,52.30521,3
47.63626718,48.15595,3
47.991741260000026,50.92829,3
50.32624892000001,49.389442,3
45.04882604,47.717625,3
53.44348316000003,51.203266,3
49.98102890000001,48.99525,3
49.74518552000001,49.43724,3
48.93511478000005,47.092182,3
47.80375016000005,47.73781,3
47.46194816000002,51.253098,3
47.00393348,48.52885,3
47.53885360999999,49.726517,3
54.70473254000001,50.37898,3
50.49031388000003,51.09008,3
50.52962111,49.135555,3
47.60892302000002,49.339848,3
47.78666006000003,48.202923,3
51.90195614000004,48.52069,3
49.56061244,51.016785,3
48.25834682000004,51.260334,3
45.69995885000003,47.78968,3
48.407030690000056,50.234787,3
50.989344800000026,50.301647,3
43.08688256000005,45.135902,3
50.090405540000006,51.733124,3
49.52985025999999,48.695244,3
50.842369940000026,50.58869,3
50.35872011000004,47.233494,3
50.11433168000002,51.20234,3
50.29035971000002,50.512367,3
54.58168382000002,54.09755,3
49.49225204000004,51.809658,3
49.381166389999976,51.207058,3
54.23304578,53.070267,3
54.591937880000046,52.19176,3
50.75691944000005,50.054806,3
48.77104982000003,49.005577,3
47.49271034000003,50.091465,3
47.85843848000002,49.14556,3
51.82505069000001,50.169815,3
53.94935012000002,52.13974,3
50.11433168000002,51.10746,3
45.96485540000003,46.856274,3
47.550816680000025,47.31244,3
51.47470364000003,48.89462,3
50.58943646,48.875862,3
50.37751922000001,49.958332,3
44.112288560000025,48.87676,3
54.72694967000001,51.87405,3
54.96792008,50.456173,3
49.49567006000001,49.522854,3
45.404300120000016,48.902374,3
51.39267116000002,50.355766,3
53.01281263999999,51.375088,3
53.19225869000002,51.03269,3
51.93613634000002,54.20257,3
52.80089540000006,51.07039,3
46.17164561000004,46.8797,3
45.31884962000004,47.246105,3
49.82379997999999,51.062584,3
51.40121621000003,48.927517,3
48.63945605000004,47.391144,3
53.46570028999997,50.65147,3
49.49567006000001,51.15701,3
52.47960152000002,52.115818,3
47.11331012000005,48.91546,3
51.10897550000004,51.558186,3
50.695395080000026,48.68351,3
52.73595302000001,50.47166,3
49.32818708000002,50.317585,3
51.53110097000001,51.520252,3
47.13381823999998,48.307346,3
45.20263694000005,48.347557,3
53.95276813999999,51.413116,3
48.69927139999999,50.93016,3
52.95812432000002,49.634308,3
50.05964336,50.76433,3
52.59581420000001,51.685173,3
46.08448610000005,48.63073,3
48.97100398999999,49.17649,3
50.223708320000014,49.36975,3
54.63295412000002,52.791786,3
44.45409056000005,45.504505,3
46.79543425999998,48.619915,3
48.74028764000002,47.603054,3
54.42103688000003,53.189667,3
52.76842421000004,51.228947,3
51.68320286000005,51.670753,3
52.35997082000006,48.716366,3
52.438585279999984,51.372627,3
53.21105780000005,50.53129,3
54.69789650000001,51.44575,3
49.502506100000005,48.5572,3
47.80033214000002,45.438572,3
49.08550766000002,48.982357,3
50.23396237999998,49.37355,3
47.04836774,47.892124,3
50.01520909999999,50.598953,3
48.95904092000001,49.755104,3
52.52061776000005,50.676037,3
52.18223378000005,49.310677,3
52.89318193999998,52.03158,3
49.69049720000004,48.564487,3
51.29013056000002,51.34141,3
53.32385246000001,50.125404,3
52.77355124000002,49.344257,3
49.16924915000004,48.62181,3
49.13506895,50.051758,3
48.49760822000002,49.0412,3
44.81981870000004,46.713104,3
49.13677796000002,50.947155,3
53.29992632,49.21325,3
49.53497729000003,47.21836,3
47.52689054000001,48.67666,3
47.46194816000002,48.02846,3
52.426622210000005,48.695244,3
51.30892967,50.410027,3
50.81502578000004,51.56844,3
54.99526423999998,51.533672,3
52.63683044000004,51.884323,3
49.59650165000005,49.38871,3
49.54864937000002,50.77695,3
52.27452032000002,51.220364,3
54.20570162000001,51.96973,3
54.11341507999998,52.698723,3
52.70177282000003,51.66886,3
51.331146800000056,50.705788,3
51.73789118000002,51.396076,3
52.462511420000055,50.249397,3
49.06158152,51.07417,3
46.44679622000001,46.55338,3
51.61313345000002,49.856117,3
49.584538580000014,47.861507,3
44.36351303000004,45.57338,3
45.84522470000002,47.6011,3
50.548420220000025,47.395657,3
48.95904092000001,48.554466,3
49.36920332,50.32079,3
54.77992898000002,51.184353,3
45.18725584999999,46.69579,3
50.59285448000003,51.018524,3
47.59183292,48.458244,3
52.63512143000003,49.91117,3
48.26518285999998,47.836132,3
52.604359250000016,51.5631,3
51.83017772000005,50.09509,3
51.09188540000002,48.81037,3
53.04357482,51.45931,3
47.97123313999998,49.89488,3
53.17687760000001,51.495262,3
51.77719840999998,51.34618,3
52.51549073000001,51.163986,3
52.34458973000005,51.529823,3
49.270080740000026,49.179123,3
50.83211588000006,52.13962,3
50.107495640000025,49.72507,3
47.56961579000006,50.535904,3
47.51834549,47.655407,3
52.35997082000006,49.517227,3
48.14555216000002,50.32362,3
52.64537548999999,50.767292,3
46.81936040000005,48.75027,3
52.79747738000003,51.437813,3
50.548420220000025,50.216087,3
50.19294614,49.545506,3
52.500109640000005,48.737507,3
50.41340843,50.555927,3
49.76569364,51.13907,3
50.40486338000005,49.353752,3
44.56346719999999,48.62893,3
49.78278374000001,50.253067,3
52.18223378000005,50.61507,3
50.435625560000005,48.83331,3
44.74120424,44.1884,3
49.01714726,49.08583,3
50.73641132,52.735523,3
46.33400156000005,46.83082,3
53.463991280000016,51.326458,3
48.77959486999998,51.288925,3
46.306657400000006,52.916637,3
48.85991834000004,51.371464,3
49.72125937999999,51.64361,3
50.19636416000003,50.8802,3
51.02865202999999,49.7323,3
48.48735416,46.595802,3
50.7500834,50.03287,3
47.48758330999999,49.28569,3
52.976923430000056,50.88329,3
50.92269341000002,50.209488,3
50.828697860000034,49.512,3
48.98125805000001,49.74319,3
48.79497595999999,49.933117,3
48.47710010000003,47.197144,3
50.39802734,48.816265,3
47.757606890000034,48.66635,3
50.46980575999999,52.214153,3
46.46388632000003,49.22121,3
49.61871878,49.29096,3
50.686850030000016,50.403683,3
46.83132347000003,50.407845,3
49.45465382000003,51.259457,3
49.69391522000001,51.225193,3
49.75543958000003,48.20243,3
49.42047362000005,51.66422,3
49.454653819999976,49.89804,3
48.93511478000005,50.116734,3
52.57530608000002,51.456795,3
47.205596660000026,47.959686,3
50.69197706,51.026318,3
53.6895806,51.697926,3
46.80910634000003,48.711624,3
49.53668630000004,49.60869,3
49.84430810000004,50.710773,3
49.734931459999984,49.990948,3
48.36430544000001,48.64679,3
49.451235800000006,50.406586,3
50.28523268000004,50.309887,3
52.876091840000015,51.45021,3
49.75714859000004,51.801548,3
52.63853945,49.626266,3
48.68047229000001,50.20969,3
50.17927406000001,49.016068,3
49.71442334000005,49.63499,3
54.39027470000002,53.447464,3
48.27885494000003,48.810703,3
46.96633526,50.8812,3
47.84647541000004,49.63649,3
50.09724158000006,49.62093,3
47.44827608000003,48.35599,3
53.730596839999976,54.250744,3
48.49760822000002,48.63371,3
46.997097440000005,45.547318,3
51.77207138,49.9982,3
49.355531240000005,50.03154,3
54.57826580000005,50.58341,3
48.58305872,48.91591,3
48.53007941000004,49.119293,3
49.05303647000005,50.196217,3
48.682181300000025,49.42907,3
47.25003092000003,49.155106,3
50.65437884000005,50.596283,3
52.39073300000001,51.420033,3
48.798393980000014,51.991936,3
53.58362198000003,52.954464,3
54.86025245000002,50.438583,3
44.09861648000003,47.085995,3
43.85935508,46.741817,3
53.03332076000004,53.203213,3
51.39267116000002,50.764103,3
53.925423980000005,52.35439,3
50.92440241999998,50.103283,3
51.43881442999998,50.962902,3
49.98444691999998,49.026585,3
49.36578530000003,49.878437,3
49.1777942,51.783043,3
52.55137994000006,52.347668,3
47.16458041999999,47.711056,3
49.67682511999999,49.051273,3
53.47082732000001,51.476055,3
48.96245894000003,49.86589,3
51.160245799999984,51.444828,3
48.92998775000001,50.159954,3
51.46103156000004,50.53329,3
48.06351968000001,47.644943,3
49.36578530000003,50.302006,3
49.321351040000025,49.948086,3
53.90833388000004,52.20759,3
52.906854020000026,50.58442,3
46.98000734000004,49.844555,3
49.39996550000001,48.370674,3
47.74222580000003,49.18903,3
48.74028764000002,48.163994,3
46.39381691,45.72624,3
51.04574213000001,51.211037,3
51.27645848000003,48.99033,3
49.09063469,53.246136,3
52.42833122000002,51.22231,3
47.74222580000003,49.18903,3
51.66611276000003,51.56381,3
51.122647580000034,49.210407,3
51.05428718000002,50.8945,3
52.56847004000002,49.993324,3
49.808418889999984,50.50207,3
49.434145700000045,47.59957,3
52.383896960000015,51.644054,3
49.79303779999998,48.325512,3
47.31497330000002,48.572086,3
54.35438549000003,54.008022,3
54.97475612000005,53.516357,3
52.49669161999998,51.943623,3
49.54010432000001,50.184715,3
49.74518552000001,50.803337,3
52.963251350000064,50.04519,3
53.899788830000034,51.34012,3
53.61780218000001,49.92293,3
49.47345293000001,50.70669,3
49.32818708000002,47.648346,3
46.48781245999999,50.572887,3
50.33650297999998,51.67449,3
50.49714992000003,52.053127,3
54.27748004,52.834244,3
50.43904358000003,51.259632,3
51.75839930000001,51.104122,3
48.94195081999999,50.933907,3
51.96689852000003,51.070454,3
50.090405540000006,48.826866,3
49.51788719000001,49.062695,3
48.483936140000026,50.948452,3
44.15672282000003,48.232456,3
47.21243270000002,51.261578,3
47.024441600000046,49.35189,3
46.467304340000055,48.913143,3
46.50832058000003,46.961647,3
47.98490522000003,51.166187,3
48.74370565999999,49.022144,3
47.21585072000005,47.007816,3
48.95049587000005,51.153084,3
46.70485673000002,49.86702,3
51.55673611999998,50.157845,3
50.76717350000001,49.38167,3
51.040615100000025,51.180218,3
46.01954372,46.71417,3
49.00518419000002,50.39634,3
53.18713165999998,51.743046,3
50.73982934000003,52.047646,3
45.34277576,46.740646,3
50.08015148000004,49.566208,3
49.93830365000002,46.935604,3
52.33775369,52.21841,3
46.25367809,48.08212,3
50.66121487999999,50.844704,3
46.453632260000006,47.151943,3
43.89182627000002,46.58949,3
53.76819506000004,54.125515,3
48.07377373999998,49.356003,3
48.19340444,48.133785,3
48.86162734999999,47.53434,3
52.53770786000001,49.60046,3
44.38573016000004,42.58111,3
47.27395706000004,46.664917,3
45.16845674000001,46.48563,3
52.63341242000001,52.530506,3
52.66759262000005,50.972355,3
49.81354592000002,49.552395,3
54.94741196000001,53.87366,3
51.57724424000003,46.24734,3
50.613362600000016,48.099556,3
46.99026140000001,44.479454,3
49.748603539999976,50.904766,3
49.78791077000005,51.193798,3
50.4937319,51.568203,3
50.80477172000002,47.676285,3
54.92519483000001,51.071445,3
47.72513570000001,48.58952,3
47.783242040000005,44.745163,3
51.87803000000002,50.668255,3
54.88076057000001,51.726818,3
51.19442600000002,50.6201,3
53.18542265000002,51.209606,3
49.38287539999999,49.194275,3
49.81183691000001,51.472363,3
48.52837040000003,44.6255,3
50.32966693999998,48.765224,3
43.71238022,44.8985,3
50.15876594000002,50.843212,3
47.30471924000005,48.47242,3
51.63193256,49.136806,3
49.30084292000004,50.461185,3
54.09290696000005,51.193798,3
49.98786494000001,50.196156,3
50.53474814000003,50.724613,3
48.73003358000005,47.578987,3
48.08915483000004,50.419697,3
54.37318460000006,52.1701,3
47.80204115000004,50.51781,3
48.16947830000004,51.305393,3
47.80375016000005,48.04368,3
51.40634324000001,50.266346,3
51.50717483000005,49.56042,3
44.1533048,45.756493,3
51.63535058000002,50.39196,3
51.54990008000004,48.711624,3
49.25982668000006,49.155716,3
52.11045536000006,51.185226,3
49.7588576,52.33909,3
49.11285182000006,52.11408,3
50.90047628000002,50.180405,3
53.33068850000001,49.49122,3
50.14851188,51.881428,3
52.53428984000004,51.517963,3
52.206159920000005,50.53182,3
50.596272500000055,49.64782,3
49.697333240000034,49.03004,3
54.971338100000025,52.04851,3
48.91118863999998,49.06253,3
51.50888384000001,48.40902,3
49.26666272,51.732727,3
50.789390630000014,50.58793,3
49.27349876000005,51.86998,3
52.305282499999976,51.56852,3
51.00472589000003,51.64033,3
52.17881576000002,50.20081,3
50.11433168000002,51.069244,3
54.72524066000005,50.115303,3
49.28033479999999,49.39148,3
48.66850922000003,48.248177,3
46.940700109999966,51.13869,3
49.64264492000001,48.690918,3
45.6230534,46.806484,3
50.55183824000005,50.099648,3
54.81410918000006,51.90569,3
51.92930030000002,51.57734,3
48.30449009000006,47.471233,3
48.68047229000001,50.608562,3
49.75543958000003,50.90365,3
54.30824222000001,51.152893,3
47.64993926,48.162155,3
47.68411946000003,49.165855,3
46.07594104999998,46.6789,3
53.27258216000001,51.342113,3
46.11866629999997,47.235924,3
48.94195081999999,48.659576,3
53.998911410000005,51.33987,3
47.18850656000001,47.107082,3
52.97863244000001,51.928257,3
51.73447315999999,51.44135,3
49.98102890000001,49.38023,3
54.80727314000001,50.505283,3
52.14463555999998,50.403786,3
51.25936838000001,51.951164,3
53.54431475000001,51.671688,3
50.70564913999999,51.059612,3
53.053828880000026,51.96784,3
45.68115974,47.494335,3
54.513323420000006,53.02312,3
54.31507826000001,54.22979,3
52.68468272000001,51.598446,3
52.90514501000001,52.15726,3
52.60265024,49.834797,3
48.43266584000003,50.285137,3
49.76911166000002,49.457672,3
50.26130654000002,50.38993,3
54.81752720000003,54.043087,3
48.77104982000003,49.620354,3
51.13631966000003,48.80397,3
51.49521176000002,50.28834,3
46.20069878000004,43.09259,3
52.07627516000002,51.681248,3
49.23419153000003,52.510654,3
52.21299596000006,50.574898,3
54.95424800000001,50.68155,3
51.68662088000002,51.090157,3
45.23339912000006,47.708515,3
51.73105514000002,51.46121,3
47.69437352,47.060608,3
48.28569098000003,49.269024,3
54.25355390000004,54.04591,3
41.53851950000001,44.173992,3
49.36920332,50.904083,3
52.13779952000005,53.475777,3
49.02398330000005,50.98242,3
49.34527718000004,48.695065,3
52.50352766000003,48.952507,3
47.45853013999999,46.98651,3
46.63478731999999,49.689095,3
53.91516992000004,53.23311,3
48.21049454000001,48.404034,3
51.97031654,50.717213,3
51.826759700000025,51.738426,3
49.83918107000005,49.91059,3
52.32579062000002,50.12282,3
52.647084500000005,47.950226,3
52.30870052,51.23839,3
52.903436000000056,51.278946,3
49.282043810000005,51.072224,3
54.29457014000002,53.083763,3
50.12800376000001,52.77087,3
49.10943380000003,50.74762,3
49.40851055000002,51.404385,3
48.11137196000004,50.73398,3
48.27372791000005,51.050213,3
54.81069116000003,51.232643,3
51.355072940000014,50.727905,3
50.642415770000014,48.34534,3
47.41751390000002,50.23211,3
54.20057458999997,51.29093,3
48.976131020000025,49.709785,3
54.11854211000002,51.35225,3
49.403383520000034,48.508976,3
48.138716120000026,47.9863,3
50.4424616,50.028595,3
50.96200064000004,45.485092,3
49.07183557999997,48.812057,3
53.18371364000001,49.879185,3
49.22222846,49.21569,3
48.077191760000005,48.708725,3
53.860481600000014,51.357353,3
49.533268280000016,46.933212,3
53.43493811000002,52.254715,3
53.593876040000055,51.447556,3
49.99299197000005,49.3342,3
54.84487136000001,52.980347,3
51.78574346000005,51.519817,3
50.35701110000002,49.239796,3
51.12948362000003,50.530342,3
51.21493412000001,50.324696,3
51.71054702000004,51.476826,3
43.64743784000001,45.51713,3
46.89113882000004,46.123814,3
47.25003091999997,47.011665,3
52.291610419999984,51.149128,3
53.47424534000004,53.026997,3
51.23202422000003,51.380924,3
48.41899376000004,50.88551,3
50.80477172000002,49.35384,3
50.77230053000005,51.68359,3
50.4424616,48.75462,3
49.217101430000014,49.042065,3
51.77207138000006,49.901,3
54.231336769999984,50.05904,3
47.80375016000005,49.770184,3
48.15238820000002,49.169228,3
48.46342802000004,48.309765,3
52.31211854000003,52.035595,3
52.49669161999998,51.89161,3
49.440981739999984,50.14444,3
47.79862313000001,48.439846,3
50.811607760000015,49.086033,3
53.82459239000002,51.02055,3
50.25105248,50.357483,3
50.41169941999999,51.610878,3
50.96200064000004,51.931168,3
50.39119130000006,50.37242,3
44.97362959999998,44.258076,3
49.943430680000006,52.18652,3
50.85604202000002,50.467735,3
48.70952546000001,44.928696,3
48.04813859000001,49.581345,3
49.15045004000001,49.376587,3
50.53474814000003,50.12307,3
50.23054436000001,48.774254,3
49.818672950000064,49.478992,3
48.518116340000006,51.294197,3
52.52745379999999,49.933376,3
53.27258216000001,52.23773,3
52.27452032000002,50.742546,3
51.66953078000006,50.327038,3
48.09940889000001,50.46797,3
54.65004422000004,53.07226,3
52.34629874000001,54.20257,3
50.49373190000006,50.43223,3
52.98546848000001,48.954018,3
50.39973635000001,51.208557,3
49.12652390000005,46.04124,3
52.68468272000001,48.95132,3
54.84145334000005,54.04698,3
47.36966161999999,48.930725,3
53.73743288000003,51.012756,3
49.39312946000001,48.202755,3
49.54010432000001,50.744152,3
48.55913257999998,47.13802,3
48.24809276000002,47.886105,3
49.85114414000003,49.68556,3
54.52357748000003,50.46584,3
50.34675704000006,51.08442,3
43.60983962,46.84701,3
49.38971144000004,49.496895,3
48.97784003000004,47.834084,3
49.62555482000005,48.42155,3
47.70291857000001,47.03803,3
46.190444720000016,46.67795,3
48.55229654000004,51.069244,3
49.64606293999998,49.163258,3
49.85114413999997,49.161064,3
49.40167451000002,48.431072,3
50.93465648000006,48.66038,3
52.32920864000005,51.187874,3
53.59045802000003,54.060047,3
46.52882870000002,46.591793,3
54.738912740000046,53.710194,3
47.205596660000026,46.95002,3
49.382875400000046,50.25643,3
49.31964203000001,50.443066,3
46.95949922,47.847256,3
50.46467873000006,47.944336,3
50.60994458000005,49.882355,3
48.70098041000006,50.369926,3
51.13802867000004,50.201084,3
48.86162734999999,49.813065,3
53.91516992000004,51.86943,3
49.56061244,48.51884,3
50.141675840000005,49.350952,3
53.566531880000014,52.38831,3
52.759879160000025,49.291584,3
46.11183026000003,48.585068,3
45.65723360000004,46.838398,3
47.33377241000005,49.589397,3
48.19340444,49.273968,3
52.50352766000003,50.353794,3
49.78791077000005,47.554287,3
53.84339150000005,50.247105,3
49.94001265999998,52.0261,3
50.514240020000045,48.890884,3
50.53474814000003,50.763233,3
44.14475975000005,45.33152,3
51.72080108,50.86273,3
48.17289632000001,47.701107,3
45.77686430000006,46.89026,3
51.20468005999999,51.310104,3
54.92348582,53.600037,3
46.79543425999998,48.539387,3
51.00472589000003,50.45719,3
47.2466129,49.466667,3
50.12800376000001,49.398735,3
46.33741958000002,47.574474,3
46.72707386000002,50.270077,3
44.74633127000004,44.554543,3
48.28227296,48.50674,3
49.81183691000001,50.382828,3
48.1352981,48.837666,3
50.81844380000001,51.44716,3
43.72605229999999,45.948925,3
50.49714992000003,49.907032,3
49.57941155000003,50.123695,3
49.95710276,48.19372,3
53.33923355000002,54.02325,3
50.43562556000006,51.283413,3
49.728095420000045,49.70136,3
54.37318460000006,53.6768,3
53.58020396000006,52.10042,3
49.601628679999976,50.577457,3
49.26666272,50.27655,3
50.56551032000005,50.658012,3
47.70804559999999,49.3294,3
54.20057459000003,54.210426,3
50.93465648000006,48.462833,3
51.937845349999975,50.280064,3
49.85285314999999,50.67927,3
50.076733460000014,50.238556,3
50.59456349000004,48.535892,3
49.78620176000004,48.899704,3
48.50786228000004,48.67693,3
50.32966694000004,50.840313,3
49.745185520000064,50.4941,3
44.80956464000002,46.146896,3
52.400987060000034,50.25091,3
51.317474720000064,51.760788,3
50.090405540000006,49.292603,3
47.72855372000004,49.864384,3
50.24421644000006,50.50396,3
52.38731497999999,49.891983,3
53.14269740000003,51.167645,3
50.11433168000002,53.17478,3
54.20399261,52.947205,3
54.971338100000025,51.275696,3
51.074795300000005,49.05787,3
53.11535323999999,49.659134,3
47.718299660000014,49.46399,3
50.56209230000002,51.79339,3
50.254470500000025,51.048203,3
50.87996816000003,47.03012,3
49.878488300000015,48.32708,3
51.19271699000001,51.324276,3
50.91756638000004,50.915913,3
50.27839663999998,47.586422,3
49.728095420000045,49.57696,3
50.090405540000006,49.647415,3
50.67830498000001,50.540314,3
54.78334700000005,51.203285,3
48.224166620000005,49.074535,3
51.160245799999984,46.535007,3
45.29834149999999,46.636837,3
50.17585603999999,50.3215,3
46.54933682000001,46.720882,3
48.11137196000004,48.25626,3
46.86037664000003,47.756565,3
48.47710010000003,50.421288,3
51.48666671000001,50.577374,3
54.77651096,51.438297,3
51.69858395000006,52.103714,3
51.72080108,46.724346,3
50.582600420000006,50.742397,3
54.42274589000005,52.3294,3
52.37364290000005,51.47324,3
47.99003225000001,50.2839,3
54.34925845999999,54.250744,3
54.31849627999998,53.689342,3
52.36167983000007,49.947628,3
45.31714061000002,47.920773,3
48.60356683999999,48.84334,3
44.2045751,44.269367,3
48.728324569999984,48.849277,3
50.37410120000004,48.956028,3
49.19146627999999,51.53643,3
53.399048900000025,53.27237,3
52.12412744000005,46.92006,3
49.748603539999976,49.001003,3
47.16799844000002,50.830227,3
47.41409587999999,46.8872,3
46.467304340000055,46.35066,3
50.22712634000004,50.897934,3
50.69197706,49.437653,3
47.88920066000003,48.401363,3
47.72855372000004,45.149357,3
52.97179640000002,50.61393,3
50.64412478000003,50.58863,3
49.68195215000003,50.545338,3
53.33752454,51.12901,3
50.695395080000026,49.024513,3
48.40532168000004,46.600998,3
46.18019066,46.70458,3
50.370683180000015,51.05256,3
50.223708320000014,48.838432,3
49.34185916000001,50.75779,3
54.68764243999999,51.64883,3
49.62897284000002,49.53119,3
49.52301421999999,51.618805,3
54.40565578999997,52.82076,3
50.94149252,51.3676,3
43.21676732000003,46.149128,3
51.184171940000056,51.851902,3
46.71511079000004,46.298157,3
52.38731498000004,50.42772,3
50.076733460000014,50.454685,3
50.08698751999998,49.6481,3
54.072398840000005,50.492607,3
50.59456349000004,48.136765,3
53.433229100000005,51.284676,3
49.10088875000002,49.08682,3
39.81583741999998,43.13921,3
44.29173461000005,46.68352,3
47.95585205000003,50.571503,3
49.71442334000005,47.651417,3
54.70815056000004,51.037117,3
42.26997577999998,44.340267,3
50.55183824000005,51.92136,3
51.51913790000003,50.569668,3
44.00974796000003,42.54917,3
50.14338485000002,50.333782,3
50.48689586,49.236675,3
53.15295146000005,50.483215,3
50.39119130000006,51.341106,3
42.99117799999999,46.917404,3
52.8521657,52.54464,3
53.64514634,54.047302,3
52.52745379999999,49.933376,3
49.91950454000005,49.320885,3
49.77423869000006,49.92267,3
49.42389164000002,49.10742,3
46.22462492,44.85536,3
48.87871745000001,48.25676,3
49.93659464000001,52.037624,3
47.42776795999998,48.43758,3
46.63820534000001,51.456104,3
54.154431320000015,54.07754,3
48.04472056999998,47.90371,3
46.62453326000002,48.570198,3
49.91608652000002,48.53511,3
49.77252967999999,51.022255,3
54.90297770000001,54.210426,3
46.89113882000004,49.976555,3
51.26620442000001,50.920162,3
53.35632365000004,53.433155,3
53.37170474000004,52.39838,3
52.70177282000003,51.160988,3
49.75031254999999,50.985825,3
52.0147508,51.706882,3
49.24786361000002,51.391945,3
49.26153569000002,50.36542,3
50.42537149999998,52.04668,3
46.93728209000005,49.737946,3
50.66121487999999,49.367268,3
42.61177778000001,44.91477,3
50.10578663000001,49.714622,3
52.40953210999999,50.642445,3
48.71807051000002,48.88264,3
52.81627649000001,51.463047,3
50.98079975000002,52.586193,3
48.44291989999999,51.432354,3
53.37512276000001,51.14246,3
46.93728209000005,48.46657,3
50.48347783999998,50.804443,3
50.52107606000004,48.66327,3
47.18167052000001,48.577183,3
51.72421910000003,50.16861,3
50.79793568000002,50.10622,3
49.7075873,48.75913,3
46.764672080000025,46.79631,3
46.388689880000015,49.130157,3
48.03617552000003,48.69684,3
48.31132613000005,46.73961,3
48.125044040000034,49.58562,3
46.64845939999998,46.177555,3
48.36088742000004,49.905693,3
50.00837306000005,50.81307,3
47.34573548000003,46.75493,3
46.74074594000001,47.4856,3
50.50056794,48.793247,3
51.290130559999966,52.5548,3
50.65779686000002,50.88602,3
50.85604202000002,50.169453,3
53.40588494000002,52.261177,3
53.61438416000004,51.09084,3
51.29013056000002,51.176796,3
48.34379732000002,50.55288,3
51.46615859000002,50.821316,3
53.28283622000004,52.30394,3
54.65346224000001,54.056152,3
49.40167451000002,49.61976,3
45.927257180000026,44.311188,3
50.50227695000001,49.955704,3
49.28717084000005,47.99428,3
48.55571456000001,48.920204,3
51.61655147000005,51.89055,3
51.83017772000005,51.191025,3
49.61871878,50.99704,3
51.75839930000007,48.3355,3
49.239318560000015,49.35305,3
46.99026140000001,48.459446,3
54.677388380000025,52.699245,3
53.014521650000006,51.261192,3
49.09917974000001,50.893047,3
48.96074993000002,50.77664,3
51.83701375999999,49.579372,3
46.72707386000002,50.10299,3
54.185193500000025,53.850094,3
50.55867427999999,50.835842,3
52.81114946000002,51.175674,3
49.66828007000004,49.91556,3
46.66213148000003,48.569324,3
48.16776929000002,48.88717,3
50.97909074000006,49.901268,3
48.66167317999998,47.91593,3
44.770257410000056,48.933666,3
51.60287939,50.657772,3
54.007456460000014,51.122044,3
48.61723891999998,48.65565,3
44.84374484,46.12857,3
49.42218263000001,50.008644,3
50.36384714000002,50.17855,3
47.822549270000025,50.35926,3
45.12402248000001,47.829067,3
51.98740664000002,49.142998,3
49.165831130000015,49.46961,3
46.292985320000014,48.79372,3
49.34869520000007,50.333572,3
49.58966561,50.60515,3
50.50398596000002,48.81785,3
54.22962776000003,52.705566,3
45.54785695999999,47.13791,3
53.15466047000001,51.46084,3
48.65483714000004,49.845448,3
49.02398330000005,50.03028,3
46.60744316,48.179928,3
47.58670589000002,50.26269,3
50.99276282000005,51.48714,3
53.40246692000005,48.398407,3
52.78722332000001,49.801296,3
46.43312414000002,46.48297,3
54.53212253000004,51.19127,3
47.07742091,48.557762,3
45.39575507000001,46.53209,3
47.68753748000006,48.85024,3
54.388565690000064,52.15353,3
46.73903693,52.194866,3
45.85547875999998,48.169353,3
44.77880246000001,49.916565,3
49.05303647000005,49.365837,3
50.15192990000003,50.07785,3
54.23475479000001,53.828354,3
52.35655280000003,49.723866,3
49.36236728000006,51.237736,3
54.87563354000002,52.099545,3
47.41751390000002,48.684505,3
49.10943380000003,47.055748,3
44.18748500000004,44.131145,3
51.300384620000045,48.78429,3
50.77059152000004,49.075417,3
50.695395080000026,51.025166,3
51.66953078000006,49.790936,3
49.468325900000025,53.188328,3
51.99424268000001,47.25281,3
48.01395839000003,48.446808,3
46.55446385000005,48.923985,3
48.84282824000002,50.87165,3
49.85456216,51.725643,3
49.34527718000004,51.83181,3
48.82232012000003,49.349453,3
47.63968520000003,49.02481,3
52.49327360000001,49.640312,3
49.57770254000002,47.753273,3
54.301406180000015,50.36572,3
49.50592412000003,50.316948,3
49.21197440000003,48.225826,3
52.903436,51.006912,3
49.89557839999998,48.083958,3
53.41613900000005,50.79944,3
48.09257285000001,50.390995,3
50.79622667000001,49.807526,3
47.67386540000001,47.806904,3
50.78426360000003,50.880028,3
51.13631966000003,50.505135,3
50.60652656000002,49.079987,3
52.48643756000001,51.21823,3
49.32818708000002,51.86131,3
52.794059360000006,52.30512,3
51.65414969000005,51.1424,3
48.75395972000001,49.44383,3
51.92930030000002,51.068993,3
46.36476374000006,48.62795,3
52.438585279999984,51.84481,3
53.15636948000002,50.59422,3
49.71784136000002,50.328953,3
46.997097440000005,47.56819,3
51.38583512000002,50.594917,3
50.73641132,53.02312,3
43.31930792000003,44.626957,3
51.69687494000004,46.37309,3
49.29913391000002,51.28981,3
50.45442467000004,51.063725,3
48.34379732000002,50.274693,3
49.71442334000005,48.711624,3
49.680243140000016,50.919994,3
53.31018038000002,52.306698,3
51.46103156000004,48.772243,3
48.09769987999999,48.60546,3
47.373079640000014,45.9913,3
49.601628679999976,46.795662,3
50.38093724000004,49.371475,3
48.02079443000002,50.70678,3
51.97715258000005,50.73196,3
47.92338086000001,47.432045,3
53.65369139000006,51.681137,3
49.10601578000001,48.928555,3
49.550358380000034,50.724155,3
49.57086650000002,48.515594,3
50.28181466000001,51.10577,3
48.48735416,48.281857,3
46.07423204000003,47.02886,3
44.67284384000004,46.617237,3
51.45761354000001,49.16082,3
50.29548674,50.754467,3
51.16195481,49.031578,3
52.48301953999999,51.450516,3
48.99834815000003,48.885036,3
50.80135370000005,49.695713,3
51.23886026000002,50.538902,3
46.51515662000003,46.721363,3
53.29650830000003,51.350155,3
47.63797619000002,50.955696,3
50.4424616,51.29332,3
48.077191760000005,48.899406,3
48.57622268,49.841515,3
49.65973502000003,50.460724,3
52.67613767,49.311623,3
54.80727314000001,51.323933,3
49.69220621,51.22664,3
48.75737774000004,51.388683,3
47.86014749000003,49.20578,3
50.49031388000003,51.210682,3
51.02694302000003,50.13915,3
48.90777062000001,47.69686,3
52.42149518000002,50.015076,3
50.76717350000001,50.218624,3
49.03081934,48.971676,3
47.89432769000001,50.447773,3
48.13188008000003,49.99077,3
50.91073034000004,50.641285,3
48.306199100000015,50.97795,3
46.82619643999999,47.801575,3
53.11193522000002,52.713554,3
49.56915749000007,48.286537,3
53.53576970000006,52.134636,3
49.63922690000004,51.025593,3
53.36486869999999,51.26248,3
51.23202421999997,49.519745,3
50.60994458000005,50.104797,3
50.88680420000003,49.802418,3
49.81696394000005,51.353542,3
53.23669295000002,50.071907,3
50.83211588000006,51.350357,3
46.07765006000005,49.409874,3
52.84191164000004,49.703773,3
48.91460666,48.986088,3
51.61826048,48.989857,3
50.350175060000026,50.578335,3
49.52814125000003,47.47746,3
47.22952280000004,47.179344,3
49.71442334000005,48.27048,3
53.40246692000005,50.461876,3
53.32043443999999,54.06456,3
47.01418754000002,48.553387,3
48.97954904000005,48.49412,3
52.206159920000005,51.774597,3
52.19590586000004,50.060764,3
49.20513835999998,50.332443,3
53.518679599999984,53.746742,3
53.40246692000005,49.94154,3
45.80591747000005,46.696575,3
53.744268920000025,52.934196,3
48.21562157000005,48.23286,3
47.745643820000055,46.421734,3
48.557423570000026,50.08981,3
48.95562289999998,50.0186,3
50.02888117999999,47.8941,3
49.54694036000001,49.09334,3
54.885887600000046,54.06456,3
47.74564382,50.43686,3
46.98684337999998,46.80091,3
49.89557839999998,47.6073,3
49.03081934,48.747444,3
52.214704970000014,49.37867,3
51.11922956000001,50.4103,3
52.68468272000001,49.380917,3
53.142697399999975,49.80962,3
48.17973236,48.959133,3
50.25617951000004,50.962505,3
48.651419120000014,50.468475,3
48.64116506000005,47.654404,3
51.21151610000004,48.837505,3
52.96496036000002,51.08317,3
49.317933020000055,49.9443,3
53.744268920000025,51.777397,3
51.860939900000005,51.712307,3
50.83895192,51.19323,3
52.236922100000015,50.126766,3
46.76296307000001,46.62086,3
45.34619378000002,50.19511,3
49.88874236000004,52.52434,3
46.761254060000056,48.551853,3
53.0572469,52.513905,3
49.59137462000001,49.09601,3
41.176209380000046,47.290607,3
47.878946600000006,49.419174,3
49.39996550000001,50.37306,3
53.41272098000002,52.944195,3
52.05918506,51.36071,3
45.0932603,46.70475,3
50.22712634000004,49.7267,3
45.43848032000005,45.98041,3
46.15455551000002,46.816067,3
50.31257684000002,50.656918,3
47.73880778,48.840603,3
54.231336769999984,49.617336,3
52.10361932000001,52.401398,3
48.089154829999984,50.384674,3
50.73641132,49.68538,3
54.55433965999998,53.483265,3
51.27645848000003,49.574753,3
47.57132480000001,49.35697,3
44.42674640000001,46.732246,3
50.44929764000005,51.227142,3
52.59410519000005,51.37898,3
49.16412212,47.30134,3
49.88019731000003,49.301598,3
51.36190898000001,51.67515,3
44.71215107,46.17922,3
51.02352500000001,49.69328,3
49.71784136000002,51.321003,3
48.01908542000001,51.18626,3
44.92919533999998,47.087555,3
50.932947470000045,50.141792,3
48.077191760000005,47.204765,3
50.7500834,51.268913,3
50.927820440000005,49.789795,3
45.24365318000002,47.06127,3
53.06408294000005,50.945713,3
49.092343700000015,48.97817,3
48.82573814,51.301823,3
51.27645848000003,50.91449,3
46.54933682000001,48.83912,3
54.70131451999998,53.157715,3
50.91414836000001,52.36965,3
48.38139554000003,49.550545,3
49.54352233999998,50.156246,3
52.903436000000056,51.669937,3
45.77686430000006,46.90374,3
50.517658040000015,50.971222,3
54.270644,52.2344,3
50.09724158,49.61951,3
48.70952546000001,49.25277,3
53.55285980000002,50.57139,3
50.86116905000006,50.257187,3
45.46582448000004,48.093914,3
49.909250480000026,49.834797,3
49.94001265999998,51.243687,3
44.71386008000002,45.801403,3
54.677388380000025,51.097473,3
51.74814523999999,51.06709,3
54.73207670000005,51.941807,3
45.795663409999975,46.83571,3
48.65825516000001,50.266563,3
48.17289632000001,46.750103,3
53.30334434000002,52.8988,3
48.60698486000001,48.766243,3
51.49862977999999,50.393,3
47.814004220000015,45.020947,3
52.55308895000002,51.50115,3
51.515719880000006,49.410015,3
51.44906849,50.95574,3
50.22199931,47.88393,3
51.83188673000007,48.898846,3
48.54716951,50.263577,3
52.37706092000002,51.054863,3
54.83119928000002,54.175762,3
51.83359574000002,50.236187,3
51.35165491999999,51.10045,3
51.73105514000002,48.62917,3
52.677846680000016,52.94603,3
47.28592013000002,46.652195,3
48.94707785000003,49.78654,3
47.42093192000005,50.302326,3
52.582142120000015,52.1807,3
47.624304110000026,50.13692,3
50.27156060000004,50.52337,3
54.87905155999999,53.6373,3
51.66611276000003,51.215862,3
53.75110496000002,51.262867,3
48.60356683999999,48.157627,3
46.72707386000002,48.677612,3
51.20468005999999,51.016735,3
53.49817148,50.360214,3
49.07354459000004,50.782974,3
49.86481622000002,49.016823,3
47.166289430000006,51.232132,3
47.97636017000002,50.867294,3
49.69391522000001,49.7717,3
47.91654482000001,50.234543,3
48.743705660000046,47.3798,3
53.14269740000003,52.09798,3
50.89705826,49.137836,3
51.84384980000005,50.878933,3
49.16070410000003,48.074436,3
50.13825782000004,48.944366,3
46.911646940000026,48.261055,3
43.77048656,48.29165,3
51.05086916000005,47.908226,3
49.21197440000003,48.116425,3
50.17414703000003,51.25704,3
46.68605762000004,47.32279,3
45.53589389000001,47.73212,3
46.62795128000005,49.375053,3
46.663840489999984,49.52264,3
48.38481356,49.81367,3
51.67807583000001,50.524517,3
49.010311220000006,50.61407,3
46.71169277000001,46.019558,3
49.92634057999999,50.976864,3
48.60356683999999,49.254684,3
54.21424667000002,51.62835,3
54.72524066000005,50.645985,3
49.93659464000001,52.866005,3
52.62999439999999,50.77228,3
47.239776860000006,48.799625,3
54.660298280000006,52.884384,3
46.05714194000007,46.672703,3
50.93807450000003,48.755356,3
48.38310455000004,48.254307,3
52.086529220000045,51.31233,3
46.15626452000004,46.33904,3
47.44827608000003,48.642742,3
50.49031388000003,51.816673,3
53.29309028,52.41648,3
48.44291989999999,46.768085,3
48.36772345999998,45.98568,3
52.17881576000002,51.93157,3
47.83622135000002,48.586323,3
53.60583911000003,51.57515,3
52.00107872000001,50.918568,3
51.58066226000005,51.293186,3
52.30870052,50.564884,3
48.08402780000006,47.11691,3
50.57576438000001,51.527042,3
51.94980842000001,50.74708,3
50.319412880000016,49.62244,3
48.40532167999999,48.32922,3
51.27304046,51.779823,3
48.46001000000001,49.490036,3
52.91369006000002,50.49742,3
53.52551563999998,52.333305,3
49.11968786,49.276417,3
51.42172433000002,48.835705,3
49.57428451999999,50.014305,3
48.2378387,46.70763,3
46.04688787999999,46.06218,3
48.50786228000004,50.418232,3
50.4424616,50.69796,3
53.79895724000005,54.044296,3
51.93100930999998,50.46103,3
54.46888916,53.6869,3
52.59068717000002,48.712627,3
51.52255592000006,48.85054,3
49.34869520000001,50.63387,3
45.667487660000006,46.98617,3
53.38366781000002,53.73821,3
51.973734560000025,51.28595,3
51.625096520000056,51.16294,3
51.87803000000002,51.03694,3
49.41021956000003,50.780922,3
48.47368208,48.211147,3
50.44587962000003,50.757202,3
50.03913524000001,48.78546,3
53.04870185000004,49.771507,3
50.13483980000001,50.44535,3
50.78426360000003,50.156937,3
50.12800376000001,50.74323,3
50.66805092000004,48.960487,3
51.60117037999999,50.194935,3
49.12652390000005,49.036892,3
47.44485806,48.569397,3
53.727178820000006,50.125687,3
50.401445360000025,51.613655,3
45.10522337000003,48.159565,3
52.85900174000005,50.825558,3
51.38754413000004,49.284374,3
53.75794100000002,51.887424,3
53.56311386000005,51.160015,3
47.42776795999998,49.1426,3
53.78357615000005,51.918682,3
52.49498261000002,51.58328,3
47.81229521,50.38552,3
52.40782310000003,52.176105,3
49.01714726,50.770306,3
47.18850656000001,47.906765,3
51.68320286000005,51.577488,3
51.105557480000016,51.429554,3
48.107953940000016,50.46574,3
50.01862712000002,49.632008,3
50.00495504000003,50.17714,3
50.53133012000001,48.46804,3
52.79235034999999,49.649307,3
43.42526654,44.59084,3
46.37843582000005,46.91102,3
51.96689851999997,48.432163,3
48.38481356,48.040222,3
51.13631966000003,49.959984,3
47.95072502000005,47.840527,3
51.70371097999998,48.91765,3
48.333543260000056,47.394573,3
53.234983940000006,50.710827,3
51.399507200000016,51.31435,3
49.78961978000001,51.470345,3
51.27304046000006,48.857727,3
50.19465515000002,51.7891,3
52.28477438000005,51.15615,3
47.352571520000026,51.13851,3
50.893640240000025,49.231354,3
51.73789118000002,51.027916,3
52.96666936999998,51.69469,3
52.93419818000001,52.615505,3
52.236922100000015,49.818787,3
51.90537416000001,50.38997,3
53.15978749999999,53.192398,3
50.39460931999997,48.99441,3
54.92006780000003,51.043274,3
51.53622800000005,49.648666,3
47.31155527999999,46.55881,3
45.73584806000002,46.993435,3
51.96006248000003,50.878933,3
53.54944178000005,47.67145,3
48.189986420000025,49.79959,3
49.82892701000003,50.46668,3
49.37091233000001,51.018204,3
47.49612836,47.094334,3
53.20422176,52.01212,3
51.597752360000015,51.101215,3
46.35109166000001,48.55468,3
49.80670988000003,50.954094,3
51.173917879999976,48.925816,3
47.01760555999999,48.431423,3
51.13973768000005,51.246334,3
53.986948340000026,51.33747,3
51.15511877000006,51.923172,3
52.61974034000002,52.764458,3
49.31109698,49.02687,3
50.01520909999999,49.30385,3
51.24569630000002,50.487144,3
53.30334434000002,51.086098,3
47.598668960000055,48.412415,3
45.66236063000002,46.014854,3
52.23350407999999,50.63645,3
49.75714859000004,50.431942,3
52.81456748000005,50.95934,3
49.55548541000002,51.788334,3
48.48393613999997,48.004047,3
47.63626718,47.814934,3
52.60265024,52.278248,3
51.13973768000005,48.46063,3
53.49133544000006,50.722347,3
50.45955170000002,48.150608,3
46.51686563000004,50.439262,3
49.13677796000002,50.347496,3
51.59946136999997,51.44574,3
50.16560198000002,49.456806,3
53.0572469,54.030106,3
53.863899619999984,51.207607,3
48.89751655999999,49.704193,3
49.34869520000001,49.09256,3
51.07650431000002,51.166477,3
49.564030460000026,50.28804,3
53.05895591000001,50.128117,3
47.265412010000034,51.327187,3
50.07331543999999,50.587322,3
51.80625157999998,49.98518,3
46.46388632000003,48.97525,3
49.74176750000004,49.715443,3
53.94251408000002,52.006847,3
51.037197080000055,48.231167,3
48.50615327000003,51.386963,3
51.03377906000003,50.760086,3
48.12162602000001,50.374756,3
49.06499954000003,52.796722,3
46.219497890000014,45.260227,3
49.59479264000004,49.668163,3
52.426622210000005,50.064213,3
53.61609317,50.969433,3
54.02796458,53.962303,3
49.30084292000004,48.782158,3
47.882364619999976,47.401596,3
51.105557480000016,51.073048,3
49.20684736999999,52.9486,3
49.49567006000001,50.08545,3
49.83918107,50.20518,3
49.71100532000003,51.67867,3
48.52495238000006,47.914204,3
49.731513440000015,50.00271,3
50.44929764000005,51.00056,3
52.39927805000002,50.587063,3
51.36190898000001,48.599472,3
46.99026140000001,48.945976,3
52.71202688000005,52.472633,3
48.95904092000001,51.56844,3
49.69220621,50.36412,3
54.742330760000016,50.416275,3
52.353134780000005,50.96846,3
47.70120956,51.717667,3
50.77400954000001,49.166496,3
46.00758065000002,49.471767,3
50.94149252,51.771526,3
53.98011230000003,52.357704,3
49.82209097000003,49.338223,3
47.76273392000002,47.725864,3
53.679326540000034,50.970043,3
50.69710409000004,47.264236,3
50.45613367999999,50.87677,3
53.28283622000004,51.80236,3
46.798852280000006,47.97616,3
50.803062710000006,52.119778,3
53.12902531999998,52.130165,3
48.60356683999999,48.926983,3
49.90241444000003,49.392765,3
50.17585603999999,51.128452,3
53.35119662,51.0132,3
54.01771052000004,51.563736,3
45.52222181000002,50.38471,3
50.811607760000015,52.1195,3
45.25390723999999,48.53477,3
48.25321979,51.428234,3
54.36976658000003,52.98944,3
52.79747738000003,51.203445,3
49.71613235000001,49.529766,3
50.52449408000001,50.87751,3
49.676825120000046,48.650314,3
49.51276016000003,50.737705,3
52.69493678000004,51.241165,3
50.669759930000055,51.434063,3
49.46148986000003,51.09459,3
52.26597527000001,49.27548,3
48.05497463000006,50.707485,3
49.09917974000001,50.02663,3
50.16560198000002,49.456806,3
53.54944178000005,52.686996,3
49.69562423000002,48.937546,3
51.57382622,51.479187,3
50.80648073000003,48.119114,3
53.49475346000003,50.759212,3
52.97863244000001,52.432407,3
47.27737508000001,49.36343,3
48.52666139000007,49.36921,3
49.929758600000014,44.955135,3
52.15147160000004,50.930172,3
49.19488430000001,51.365543,3
49.17266717000007,47.616413,3
49.77936571999999,51.215958,3
45.800790440000014,46.902313,3
53.14611542,51.156498,3
49.75543958000003,49.6598,3
42.86983829000002,44.357944,3
52.46422043000001,51.19234,3
47.42776795999998,47.1738,3
51.44394146000002,50.95914,3
50.32966693999998,51.34219,3
52.95128828000003,50.69303,3
51.03036104,49.02915,3
47.027859620000015,49.533276,3
51.69003889999999,49.28876,3
52.007914760000006,52.013996,3
51.68832988999998,50.481697,3
53.19909473000001,50.15526,3
53.088009080000006,50.111225,3
49.83063602000004,51.11175,3
48.85991834000004,47.7919,3
53.30676235999999,51.815758,3
45.18554684000003,46.134285,3
53.93909606,52.573578,3
48.20024048000005,49.22575,3
47.68753748,51.182465,3
46.68605762000004,47.683643,3
50.17927406000001,51.24106,3
49.28887985,50.436325,3
52.34458973000005,51.467636,3
49.27349876000005,51.78987,3
53.036738780000064,49.36077,3
49.85285314999999,50.106377,3
49.87165226000002,50.96941,3
49.601628679999976,49.400105,3
50.33650297999998,53.376114,3
50.866296079999984,48.64144,3
49.391420450000055,50.560684,3
52.06943912000003,52.80727,3
51.68662088000002,51.249603,3
50.53133012000001,49.001614,3
49.905832460000056,50.214344,3
49.87165226000002,49.48459,3
51.35849096000004,51.835625,3
49.71100532000003,50.77302,3
44.32762381999999,44.7592,3
47.88578264,49.29623,3
53.71863377000005,51.632454,3
48.96245894000003,50.551426,3
54.09290695999999,52.707077,3
51.08846738,48.141926,3
51.25936838000001,50.53338,3
51.89853812000001,51.900345,3
52.16172566,51.19794,3
47.514927469999975,48.708286,3
51.81992365999997,51.659798,3
47.94730700000002,48.700523,3
49.52130521000004,49.73567,3
48.972713,49.84089,3
45.64697954000002,48.530262,3
51.12948362000003,50.2973,3
50.967127670000025,50.986176,3
46.838159510000025,50.541035,3
46.89113882000004,47.070614,3
52.91710808000005,53.529503,3
49.42389164000002,50.89557,3
50.890222220000055,51.37384,3
51.037197080000055,46.87178,3
48.31645316000004,50.436405,3
49.123105880000026,51.039185,3
47.95414304000002,47.74231,3
51.60800642000004,48.946915,3
53.20763978000002,51.455013,3
54.328750340000056,51.762905,3
49.86481622000002,48.559765,3
54.940575920000015,53.37039,3
49.454653819999976,48.870754,3
50.18952811999998,49.39463,3
49.06329053000002,48.534874,3
47.50980044000005,50.993885,3
45.25048922000002,48.482304,3
52.353134780000005,51.53805,3
52.41295013000001,51.759644,3
53.73401486,52.77676,3
47.82425827999998,45.121574,3
52.09165625000003,50.47823,3
53.52893366000001,51.80578,3
48.62578397000004,49.595043,3
52.83849362000001,49.611725,3
48.61894792999999,50.12571,3
45.90162203,49.188747,3
51.009852920000014,49.224777,3
50.22029029999999,49.25455,3
54.53724956000002,54.048977,3
51.95151743000002,49.313984,3
49.39312946000001,48.337967,3
50.48347783999998,51.833557,3
50.319412880000016,48.768738,3
51.221770160000005,49.629974,3
50.00495504000003,49.13962,3
49.69049719999998,52.085,3
44.36864006000002,45.910954,3
46.241715020000015,46.91898,3
53.51867960000004,51.191814,3
51.300384620000045,51.295418,3
49.95026672000006,48.23108,3
51.09872144000002,48.697468,3
48.77959486999998,51.059544,3
51.355072940000014,51.409092,3
47.21926874000002,48.142834,3
53.15807849000004,51.568104,3
54.22962776000003,53.02588,3
50.00666405000004,50.910095,3
49.54694036000001,48.70621,3
50.24421644000006,45.471264,3
48.08744582000003,47.4885,3
52.68126470000004,51.89183,3
52.34971675999998,50.65424,3
49.587956599999984,51.46246,3
47.48758330999999,45.865753,3
51.96689852000003,50.00793,3
48.85991834000004,50.10567,3
48.18315038000003,49.141674,3
53.89807982000002,50.540638,3
50.7500834,50.201656,3
47.07058487000006,47.276585,3
50.38264624999999,49.243607,3
52.228377050000006,48.890533,3
48.41044870999997,48.926395,3
54.29457014000002,54.05631,3
49.72125938000005,49.613384,3
51.662694740000006,50.17048,3
48.93853280000002,48.986877,3
53.76477704000001,51.12269,3
53.050410860000056,52.3751,3
53.313598400000046,50.436447,3
46.272477200000026,50.21556,3
48.47710010000003,47.803677,3
46.46388632000003,44.908752,3
52.23008606000002,51.531414,3
52.96154234000005,51.243744,3
48.28910900000005,46.047714,3
53.90833387999999,53.59451,3
47.07400289000003,50.06733,3
47.027859620000015,48.90278,3
47.05007675000002,48.10496,3
54.71840462,53.40757,3
51.45419551999999,50.302273,3
51.58066226000005,50.821316,3
50.77059152000004,48.84538,3
46.92531902000002,48.691536,3
48.56596862000004,52.578575,3
54.98842820000005,53.233646,3
46.83986851999998,48.57207,3
48.85650032000001,48.82612,3
54.87905155999999,52.585945,3
49.94001265999998,51.66174,3
50.05109830999999,51.668224,3
47.98832324,47.417393,3
51.74814523999999,51.74176,3
50.32283090000004,50.3256,3
45.99903560000001,46.949608,3
48.379686530000015,49.878624,3
50.5450022,50.35937,3
48.89580755000003,50.152573,3
50.73299330000003,50.31412,3
50.26814258000002,48.94599,3
46.13575639999999,50.032818,3
51.9122102,51.190327,3
50.11433168000002,51.071423,3
52.677846680000016,52.0411,3
49.48883402000001,49.531475,3
48.31987118000001,49.052963,3
52.94445224000003,52.048607,3
51.420015320000005,50.8945,3
47.605505,48.591713,3
53.46228227,49.640358,3
50.19294614,50.166122,3
51.481539680000026,50.64459,3
50.582600420000006,49.78863,3
50.35188406999998,50.17904,3
54.27748004,52.48068,3
50.13483980000001,49.32769,3
54.01429250000001,51.956707,3
47.896036700000025,49.42209,3
50.43391655000005,51.5631,3
49.82038196000002,50.528973,3
47.41238686999998,47.945312,3
47.63968520000003,49.613388,3
49.31109698,50.438526,3
54.43129094000005,53.357872,3
45.78711836000002,46.445484,3
46.95608120000003,46.544285,3
50.82527984000001,51.470306,3
48.90777062000001,51.34384,3
51.77207138000006,49.901,3
54.84145334000005,52.84464,3
50.09382356000003,49.01952,3
51.662694740000006,50.561726,3
49.27691678000002,49.684082,3
51.25595036000004,51.508583,3
51.64560463999999,50.072323,4
46.16480956999999,48.506203,4
52.759879160000025,50.650402,4
48.07206473000002,50.927032,4
51.24227828000005,52.85656,4
47.783242040000005,50.250824,4
53.59729406000002,52.26366,4
53.359741670000005,50.334354,4
48.99322112000005,50.844757,4
48.67705427000004,49.838024,4
48.480518120000056,47.319336,4
49.09917974000001,50.62285,4
53.76819506000004,52.214104,4
52.37364290000005,51.593105,4
49.28033479999999,50.268963,4
51.252532340000016,50.948044,4
53.81262932000004,54.03686,4
48.34721533999999,48.561985,4
49.71100532000003,48.7434,4
54.77651096,50.636322,4
46.74074594000001,47.753086,4
46.39039889000003,47.051064,4
49.08208964000005,47.78668,4
53.730596839999976,52.647404,4
42.10932883999999,44.398876,4
54.034800620000055,52.876503,4
48.87700844000005,49.81429,4
51.61484245999998,51.769928,4
49.98444691999998,49.269688,4
51.41147027,50.871223,4
52.59239618000004,50.652176,4
51.28329452000003,49.464252,4
51.69858395000006,50.697296,4
52.09165625000003,51.26928,4
46.535664740000016,47.38769,4
43.52780714000005,47.595634,4
50.19978218000006,50.05479,4
50.64412478000003,51.63136,4
52.49669161999998,51.98494,4
50.21003624000002,50.1023,4
52.729116980000015,54.018467,4
50.01862712000002,51.47122,4
49.88874236000004,49.879475,4
49.19830232000004,47.620724,4
47.468784200000016,47.19714,4
48.04984760000002,48.705822,4
51.03377906000003,51.731503,4
50.50398596000002,50.560665,4
52.23350407999999,51.1346,4
52.11387338000003,51.181187,4
50.21516327000006,49.419235,4
54.58851986000002,54.019924,4
47.93363492000003,51.648495,4
52.94274323000002,49.907887,4
53.44690118000005,52.30289,4
53.48620841000002,50.2827,4
47.29446518000003,49.557236,4
52.92394411999999,50.547882,4
51.026943019999976,50.626392,4
48.39506762000002,50.372677,4
50.056225340000026,50.436497,4
43.408176440000034,44.503754,4
53.36145068000002,50.58568,4
51.58578929000004,48.76584,4
50.26130654000002,49.441727,4
53.839973480000026,51.792843,4
52.609486280000056,52.892292,4
43.13986187,45.041153,4
49.29571589,50.701847,4
45.05224406000002,47.56062,4
53.640019310000014,51.591328,4
50.32966694000004,49.241444,4
49.55890342999999,48.727436,4
49.54694036000001,50.62487,4
43.20993127999998,44.417534,4
46.25709611000002,49.470726,4
53.12560730000001,50.264244,4
49.929758600000014,50.438335,4
48.65825516000001,49.392616,4
50.86800509,48.33195,4
46.16993660000003,48.311375,4
51.532809980000025,50.52671,4
43.097136620000015,45.418957,4
53.34094256000003,52.034756,4
53.13244334000001,52.24732,4
52.79747738000003,49.201447,4
48.07548275000005,50.808403,4
51.94639040000004,51.37641,4
48.73003358000005,50.949036,4
54.26038993999998,51.336456,4
50.90902133000003,50.48999,4
42.07856665999998,45.19042,4
50.94832856000005,51.740726,4
49.951975730000015,50.305557,4
49.49396105000005,52.495842,4
48.043011560000025,49.364452,4
49.875070280000045,48.569656,4
49.82038196000002,50.40675,4
51.4849577,51.308975,4
44.73265919000005,48.79854,4
52.88634590000004,52.272564,4
49.20513835999998,46.8096,4
45.53076686000003,46.095078,4
52.802604410000015,52.12719,4
46.99367942000004,47.29081,4
49.360658270000044,49.840885,4
54.73549472000002,53.42395,4
51.73789118000002,51.777634,4
43.37399624,46.292595,4
52.672719649999976,49.17112,4
52.34288072000004,52.37467,4
47.84134838,48.69881,4
48.95904092000001,47.94319,4
48.46001000000001,49.058685,4
51.93613634000002,50.53665,4
46.125502340000025,49.09959,4
49.30767896000003,50.147747,4
53.76990407,53.485767,4
50.80818973999999,51.255337,4
47.09109298999999,48.65727,4
52.20103289000002,49.04862,4
52.64195747000002,51.59054,4
49.74518552000001,49.93484,4
45.61621736000001,49.001614,4
45.32910368,48.561375,4
45.36499289000005,46.76003,4
52.54112587999998,52.11682,4
53.34094256000003,51.03194,4
51.09188540000002,49.2733,4
45.54443894000002,47.911686,4
50.30744981000004,50.275375,4
52.92394411999999,49.624958,4
51.98227961000004,51.27158,4
51.38925314000005,52.276245,4
49.317933020000055,47.40399,4
49.42730965999999,48.334885,4
53.02648471999999,52.331707,4
51.74814523999999,51.059727,4
50.052807320000056,50.50644,4
52.353134780000005,50.62925,4
48.55913257999998,49.794895,4
50.83211588000006,50.368862,4
51.173917879999976,51.46275,4
48.76079576000001,50.421085,4
52.288192400000014,49.71843,4
49.73834948000001,48.160446,4
47.59183292,48.778942,4
49.437563720000014,50.421783,4
54.250135880000016,51.15313,4
48.26860088000001,49.877758,4
51.447359480000046,50.230064,4
51.53451899000004,50.947514,4
54.26722598000004,53.824486,4
50.29035971000002,50.29886,4
50.20661822,53.022453,4
48.65483714000004,47.39345,4
45.84522470000002,46.5894,4
51.01668896000001,50.816208,4
47.878946600000006,48.436386,4
49.49225204000004,44.32043,4
52.33604467999999,50.874035,4
45.43164428,46.36674,4
46.89113882000004,51.216774,4
46.6655495,49.001347,4
49.728095420000045,49.92604,4
49.48541599999999,46.708645,4
51.44052343999999,48.361015,4
46.30323938000004,48.17907,4
48.01737641,49.510647,4
51.76010831000002,51.10746,4
45.49316864000002,46.6644,4
50.87484112999999,51.54043,4
52.20957794000003,51.327614,4
54.6295361,52.929447,4
51.69687494000004,51.283787,4
49.092343700000015,46.72362,4
53.58704,51.86187,4
52.17027071000001,51.204082,4
47.89945472,48.261078,4
49.69049719999998,49.914696,4
54.24842687,52.771156,4
50.02204513999999,49.55356,4
47.87552858000004,51.090034,4
47.658484310000006,48.498398,4
48.28569098000003,50.734207,4
49.33844113999999,50.034843,4
51.47470364000003,51.138832,4
47.93363492000003,50.92393,4
50.56209230000002,49.023613,4
52.794059360000006,51.60462,4
54.50648738000001,54.03686,4
49.502506100000005,51.011967,4
49.94513969000002,50.354084,4
50.15192990000003,50.967293,4
49.39996550000001,49.100636,4
52.49669161999998,52.277454,4
50.664632900000015,48.607166,4
48.06181067,49.20906,4
51.61826048,51.416065,4
44.92577732000001,47.359386,4
48.82232012000003,50.071823,4
49.59821066000001,51.414444,4
49.44439976000001,51.80732,4
52.37022488000002,51.979736,4
46.78518020000001,49.24234,4
53.12218928000004,50.8486,4
48.747123680000016,49.13276,4
53.01793967000003,51.26771,4
49.239318560000015,46.38139,4
45.61963537999998,48.530792,4
46.31691146000003,48.117847,4
52.60265024,50.73047,4
50.12458574000004,52.329845,4
49.33844113999999,49.497543,4
51.741309200000046,51.75206,4
49.89045137000005,48.64297,4
50.811607760000015,48.905117,4
49.87165226000002,50.904354,4
47.40213281000001,50.93776,4
48.596730800000046,48.55673,4
52.36680686,51.97495,4
52.42149518000002,51.24851,4
47.06203982,48.742893,4
52.04551298000001,52.690952,4
50.30061377000004,49.82702,4
51.85752188000004,51.145515,4
53.49475346000003,53.353092,4
49.63239085999999,49.492218,4
47.82425827999998,48.053406,4
49.14703201999998,52.854134,4
42.81344095999998,46.33714,4
51.37558106000006,51.656097,4
53.36486869999999,52.29347,4
51.12606560000006,49.267723,4
48.26518285999998,42.972282,4
46.945827140000006,47.777817,4
52.74620707999998,52.351086,4
50.56551032000005,50.77283,4
47.06545784000002,47.6676,4
49.03081934,50.177624,4
53.20763978000002,52.81748,4
50.70906716000002,50.09399,4
51.33798284,50.34066,4
53.52209762000001,51.801346,4
51.153409760000045,51.27158,4
53.730596839999976,51.291473,4
53.06066492000002,50.793587,4
54.92519483000001,50.955963,4
45.36670190000001,47.82552,4
48.78130388,48.29857,4
48.59331278000002,47.664093,4
50.85091499000004,51.001778,4
52.07285714,51.512756,4
52.82823956000004,51.03895,4
49.04449141999999,49.2163,4
51.69003889999999,48.87531,4
46.46559533000004,50.00038,4
48.743705660000046,46.277256,4
54.49623331999999,51.08648,4
50.29548674,51.12727,4
51.13290164,50.33791,4
49.905832460000056,49.195507,4
48.56255060000001,48.79165,4
50.30403179000001,49.930653,4
47.91312679999999,49.774883,4
46.954372190000015,48.866478,4
52.236922100000015,51.911163,4
51.47128562,51.57442,4
51.02523401000002,51.180195,4
49.611882740000055,50.375156,4
51.160245799999984,52.69107,4
51.40634324000001,50.980614,4
47.93705294,49.97655,4
54.41420084000004,51.132225,4
48.84282824000002,50.767464,4
47.12869121,51.66621,4
53.809211300000015,51.69151,4
49.70587828999999,50.754097,4
43.68161803999999,45.298195,4
50.57234635999998,51.274254,4
49.12139687000001,51.050686,4
48.39848563999999,50.188053,4
50.26643357,49.09798,4
46.64504138000001,48.399136,4
52.500109640000005,49.708458,4
45.183837830000016,47.278175,4
52.22325002000002,49.705276,4
52.34629874000001,50.177643,4
48.09599087000004,48.725002,4
49.07867162000002,50.217323,4
50.04255325999998,52.36999,4
50.03913524000001,50.891357,4
51.19442600000002,50.456726,4
48.41386673,48.568386,4
53.90491586000002,53.208447,4
50.582600420000006,51.022194,4
51.57040820000003,50.79514,4
45.81104449999998,46.97123,4
54.46888916,53.789574,4
49.170958160000055,49.105835,4
49.58282957,49.27354,4
50.389482290000046,49.27049,4
43.71921626000005,44.27287,4
51.99082466000005,50.88521,4
48.93511477999999,51.066425,4
53.33410651999998,50.918476,4
54.21253766000001,51.14967,4
54.297988160000045,52.71447,4
47.81229521,50.306725,4
53.00255858000003,51.13582,4
51.85410386000001,51.42805,4
47.22268675999999,46.447235,4
50.10065959999997,51.294792,4
47.32864538000001,47.85463,4
50.389482290000046,51.729187,4
50.49031388000003,50.998726,4
52.39415101999998,51.155876,4
50.48689586,51.22172,4
52.21812299000004,50.6634,4
51.61484245999998,50.85886,4
42.10932883999999,44.368107,4
51.481539680000026,52.118206,4
50.975672720000034,50.275723,4
47.438022020000005,47.37522,4
51.408052250000026,51.32395,4
53.39221286000003,51.633854,4
53.59045802000003,51.587635,4
52.76671520000002,51.069035,4
54.51674144000003,53.20171,4
49.290588860000014,48.796867,4
48.95220488000001,46.646305,4
52.66759262000005,51.56134,4
51.46103156000004,51.411522,4
49.88874236000004,48.79597,4
51.14999174000002,50.311382,4
54.270644,52.638474,4
48.62407496000003,50.04145,4
48.49077218000002,50.47482,4
50.30232278000005,51.68098,4
52.21299596000006,51.429146,4
50.18269208000004,50.872208,4
52.96154234000005,50.58957,4
52.09165625000003,51.15069,4
47.68411946000003,51.11506,4
54.499651340000014,52.918327,4
51.90366515000005,48.772305,4
53.04015679999998,51.91948,4
52.6983548,51.04088,4
53.01281263999999,51.507843,4
47.91312679999999,49.1994,4
52.24717615999998,51.303497,4
49.94684870000003,47.853214,4
52.82140351999999,50.853806,4
50.41511744000002,50.396584,4
53.96644021999998,50.961723,4
51.59946137000003,49.40093,4
49.03423736000002,48.798588,4
54.10657904000004,51.852966,4
50.31086783000001,50.77435,4
53.973276260000034,52.721725,4
50.57576438000001,52.29379,4
51.37216304000003,50.929523,4
50.99276282000005,52.254944,4
51.2286062,50.185955,4
51.76865336000003,49.762333,4
47.41751390000002,45.635307,4
48.94707785000003,51.98985,4
51.76181731999998,51.66713,4
49.601628679999976,50.813362,4
51.66611276000003,50.73606,4
50.65096082000002,50.436756,4
49.27178975000004,50.042072,4
45.17700179000002,44.998035,4
50.33308496000001,50.17453,4
53.35803266000005,51.372074,4
47.52689054000001,46.55316,4
46.58864405000003,50.13831,4
49.86481622000002,49.23161,4
48.61211189000005,48.31181,4
49.47857996000005,51.661064,4
51.61142444000001,49.72395,4
48.04130255000001,50.7107,4
49.83063602000004,49.337524,4
47.2978832,44.969414,4
52.03525892000005,51.02302,4
45.73243004000005,47.600403,4
48.504444260000014,50.37205,4
49.62726383000006,49.781273,4
51.31405670000004,50.961685,4
43.06295641999998,48.033497,4
52.91710807999999,53.04304,4
50.34675704000006,50.731133,4
50.99788985000004,50.937157,4
50.56380131000003,51.48916,4
50.09724158000006,51.313038,4
53.48791742000003,53.42229,4
54.87221552000005,50.51893,4
44.78905652000003,50.2295,4
49.54523135,49.34062,4
53.41101197,50.825005,4
54.16810340000001,53.80144,4
49.30084292000004,46.673893,4
46.95608120000003,49.35229,4
51.515719880000006,50.958813,4
46.26735017000004,44.321724,4
52.893181940000034,49.670307,4
51.30209363000006,50.284668,4
50.93465648000006,46.708466,4
53.29650830000003,50.730564,4
48.83257418000005,48.64213,4
53.37854077999998,50.77607,4
46.099867190000055,48.517735,4
52.27452032000002,48.662445,4
51.84043178000002,50.68106,4
54.23646380000002,51.543026,4
46.89797486000003,48.56082,4
47.991741260000026,50.234425,4
44.228501240000014,46.101357,4
51.57040820000003,51.285313,4
50.91756638000004,50.933914,4
50.52107606000004,49.06236,4
47.02102358000002,50.79674,4
51.54306403999999,49.8438,4
51.36532699999998,51.031254,4
46.71681980000005,48.12539,4
51.32772878000003,51.438766,4
53.12902531999998,50.890194,4
53.20422176,52.04941,4
50.22883535,49.319664,4
53.20763978000002,51.65643,4
48.64971011,50.758007,4
48.12846206,49.902786,4
51.72080108,50.497894,4
46.98342536000001,47.902065,4
52.41124112,51.309387,4
51.88486604000002,50.41743,4
47.18850656000001,48.53694,4
51.11922956000001,51.686897,4
50.02717217000003,47.57627,4
50.11433168000002,50.899017,4
50.69881310000005,51.669056,4
44.428455410000026,50.11214,4
50.03913524000001,48.91531,4
49.514469169999984,51.204575,4
49.08208964000005,49.892532,4
48.43950188000002,49.24773,4
42.406696580000016,45.996483,4
51.300384620000045,49.40186,4
54.99868226000001,53.92872,4
53.42297503999998,51.992813,4
49.68707918000001,51.620792,4
47.00393348,47.302742,4
50.090405540000006,51.369312,4
50.20832723000001,50.755505,4
52.04209495999999,50.55407,4
50.74837439000004,50.65595,4
43.94138756000001,46.34073,4
52.97863244000001,50.57358,4
53.18029562000004,52.173534,4
51.95664446000001,51.995193,4
46.00587164000001,47.016735,4
52.75304312000003,49.716087,4
48.11478998000001,49.27964,4
52.08311120000002,50.76374,4
48.27885494000003,51.312645,4
52.46080241000004,51.738865,4
46.70827474999999,48.71423,4
54.57142976,51.10466,4
54.12366914,54.022724,4
51.331146800000056,48.302483,4
48.54887852000002,46.993484,4
46.67067653000004,49.208344,4
45.96143738000001,47.394737,4
49.02056528000003,48.763668,4
49.74176750000004,48.565506,4
44.785638500000005,47.925217,4
53.02648471999999,52.805264,4
49.30255193000005,51.129726,4
49.91608652000002,49.829865,4
51.45761354000001,51.06184,4
48.47710010000003,49.75015,4
53.32385246000001,49.757492,4
50.29548674,51.808815,4
47.48929232,50.062523,4
44.79076553000005,49.638783,4
52.58897816000001,51.305073,4
47.42093192000005,48.440002,4
49.62555482000005,50.193203,4
50.21003624000002,51.162712,4
48.14213414000005,48.962673,4
50.46126071000003,51.230274,4
49.96735682000002,50.560917,4
51.50546582000004,50.38174,4
54.08265290000003,52.79297,4
50.076733460000014,50.29225,4
49.90241444000003,50.48848,4
50.05964336,51.09132,4
49.51959620000002,51.314537,4
49.615300760000025,51.820442,4
42.44087678000005,44.816006,4
47.75589788000002,48.52436,4
51.2798765,50.97642,4
53.16320552000002,50.5035,4
50.77059152000004,50.86157,4
52.27110230000005,48.247875,4
49.02398330000005,48.774902,4
47.892618680000055,48.384975,4
51.56015414000001,50.565006,4
48.66850922000003,48.884666,4
50.254470500000025,51.64995,4
52.65050252000003,51.061455,4
47.84134838,46.859245,4
52.88634590000004,49.47097,4
50.85262399999999,49.995945,4
52.95128828000003,50.68251,4
45.73755707000004,48.32218,4
48.42412079000002,49.495213,4
54.11341507999998,51.036892,4
52.51719974000002,53.51379,4
47.2978832,48.85651,4
45.73072103000004,46.15283,4
52.46422043000001,51.142838,4
45.64356152000005,45.8331,4
45.32226764000001,48.266895,4
50.78768162000006,50.709076,4
46.911646940000026,48.89637,4
48.39848564000005,49.990345,4
52.62999439999999,50.632816,4
49.386293420000015,47.367317,4
47.19876062000003,48.785862,4
46.72707386000002,49.32476,4
51.05086916000005,51.79942,4
45.75293815999999,46.66855,4
50.21174525000004,50.897793,4
48.306199100000015,50.40018,4
47.511509450000005,48.91656,4
50.25959753000001,49.649338,4
53.39563088,52.390812,4
50.7500834,51.298798,4
48.42241178,49.457504,4
52.22495903000004,51.698845,4
52.39415101999998,51.923927,4
49.355531240000005,50.683987,4
51.01668896000001,48.948864,4
49.96222979000004,49.67446,4
45.014645840000014,46.17397,4
49.69562423000002,50.830025,4
54.73549472000002,53.95933,4
54.24329984000002,50.680344,4
46.80227030000003,48.647713,4
45.90674906000004,46.983734,4
52.794059360000006,49.17548,4
49.74176750000004,49.54579,4
49.52643224000002,50.41218,4
52.90001798000003,53.18313,4
46.53908276000004,47.882496,4
51.532809980000025,49.67286,4
49.59821066000001,51.01606,4
51.243987290000064,49.318314,4
51.99424268000001,49.723255,4
51.82334168,51.47875,4
50.19294614,48.49396,4
53.64172832000003,52.458126,4
51.001307870000005,51.204292,4
46.504902560000005,47.1984,4
49.143614000000014,49.441795,4
51.37216304000003,48.25776,4
50.02717217000003,49.66488,4
51.35678195000003,50.913517,4
54.39369271999999,52.535336,4
51.53622800000005,52.5369,4
54.12196013000005,50.6589,4
54.499651340000014,51.492134,4
49.092343700000015,48.910465,4
50.12458574000004,49.861546,4
50.52962111,52.789074,4
47.80545917000006,48.585205,4
50.521076059999984,52.25048,4
49.49908807999998,48.895218,4
53.80579327999999,50.745644,4
53.47766336000001,52.580173,4
44.587393340000006,44.525017,4
44.32762381999999,47.37907,4
53.85022754000005,50.312916,4
50.10578663000001,50.79235,4
46.86208564999998,49.041733,4
50.94491054000002,51.350018,4
54.55092164000001,54.03686,4
47.83451234000006,48.536243,4
50.16560198000002,52.044033,4
54.70815056000004,51.356102,4
44.61131948000002,45.790936,4
54.82778126000005,51.309387,4
49.69391522000001,49.70183,4
50.13142177999998,48.314465,4
49.15899509000002,50.44767,4
50.78255459000002,51.180195,4
50.75179241000001,51.05501,4
54.96792008,53.84591,4
43.47995486000002,47.361683,4
47.77982401999998,45.806656,4
54.53895856999998,50.727043,4
48.45659197999999,49.994144,4
49.22222846,50.49409,4
42.85103918000004,45.92056,4
48.40361267000003,50.49289,4
49.88532434000001,51.13498,4
48.68901734000002,49.078266,4
50.65096082000002,49.514885,4
53.09142710000003,51.375904,4
47.81571323000003,50.47974,4
48.52837039999997,48.70537,4
51.775489400000026,50.46042,4
48.029339479999976,46.8533,4
49.85456216,51.711197,4
49.722968390000005,51.439453,4
47.32522736000004,47.763092,4
52.97521442000004,51.497383,4
49.82038196000002,51.962696,4
48.98638507999999,48.25708,4
54.6295361,53.948658,4
40.26530705000005,42.93547,4
49.24444559,49.11892,4
48.596730800000046,51.01406,4
49.476870950000034,50.785213,4
51.25082333,50.138454,4
51.03036104,50.83252,4
45.69483181999999,49.524582,4
47.079129920000014,48.170315,4
48.61040288000004,47.68039,4
49.80158284999999,51.435658,4
52.19248784000001,52.442326,4
51.795997520000014,50.90044,4
50.6475428,50.90459,4
54.185193500000025,50.621956,4
53.221311860000014,51.001564,4
46.10499421999998,47.92288,4
51.307220659999984,52.230278,4
52.68468272000001,51.624264,4
48.23100266000006,48.71592,4
50.06135237000001,50.40934,4
51.013270939999984,51.598145,4
46.86379466000005,48.427315,4
50.47664180000004,49.324802,4
50.596272500000055,51.443176,4
45.51025874000004,48.185944,4
52.74108005,51.706543,4
53.41272098000002,52.92019,4
54.71840462,52.253128,4
45.520512800000006,49.08135,4
48.78643091000004,50.736504,4
44.60106542,47.525574,4
47.20217864000006,48.594692,4
49.54010432000001,51.337357,4
49.47857996000005,46.983734,4
52.254012200000034,51.204067,4
49.61871878,51.59659,4
48.85650032000001,50.805264,4
46.27076819000001,48.342575,4
48.077191760000005,45.208683,4
42.84762116000002,46.034264,4
49.36236728000006,49.984917,4
46.37330879000001,48.70373,4
49.12652390000005,49.06041,4
48.14555216000002,49.96074,4
54.96108404,53.788803,4
54.46205312000001,52.669262,4
52.07285714,51.590084,4
46.36818176000003,49.201897,4
51.14315570000002,51.11756,4
48.008831360000045,50.73061,4
52.02500486000002,51.084644,4
46.63649633,48.4004,4
51.54990008000004,50.311455,4
54.82094522,51.09834,4
50.82527984000001,49.86304,4
50.42195348000001,50.17741,4
50.01520909999999,50.884388,4
50.62019864000001,51.103745,4
54.68764243999999,53.26576,4
48.90777062000001,48.780712,4
42.38960648,44.255867,4
49.697333240000034,49.293537,4
51.39608917999999,48.25463,4
52.95812432000002,50.857292,4
51.81137861000002,51.438442,4
52.11387338000003,51.769787,4
47.07742091,48.510647,4
54.07581686000003,50.93304,4
53.09997214999999,51.46753,4
41.42743385000006,45.274536,4
44.026838060000046,46.62438,4
48.03788453000004,48.120403,4
51.086758369999984,50.793373,4
50.62361666000004,51.093536,4
44.259263420000025,47.0665,4
48.24125672000002,51.515186,4
47.55765272000002,48.48355,4
47.63968520000003,49.14509,4
51.68662088000002,50.882843,4
48.176314339999976,49.16496,4
49.77936571999999,50.52008,4
44.669425820000015,45.24554,4
51.95322643999998,51.1643,4
51.91904624,50.344288,4
51.92246426000003,51.70454,4
53.60413010000002,53.030647,4
53.15636948000002,51.213207,4
47.61234104000005,45.272263,4
49.6050467,50.22316,4
48.87359042000003,48.57134,4
50.15534792000005,50.634792,4
49.89899642,51.532055,4
51.31063868000001,50.523724,4
50.21345426000005,48.78121,4
54.26038993999998,54.005325,4
48.07377373999998,48.004826,4
51.55160909,51.10492,4
44.247300350000046,46.883053,4
49.367494309999984,48.763668,4
52.047221990000025,50.26534,4
45.43164428,47.247856,4
48.871881410000015,50.462887,4
52.46763844999998,50.05003,4
49.88874236000004,49.669727,4
49.28033479999999,47.254063,4
49.78620176000004,50.723278,4
46.66213148000003,47.30803,4
45.31714061000002,47.855354,4
52.14805358000001,52.039066,4
52.90001798000003,51.136295,4
48.69585338000002,50.34844,4
51.45419551999999,49.993397,4
54.32533232000003,53.761253,4
51.95322643999998,51.53182,4
52.70689985000001,51.359024,4
49.64435393000002,48.282597,4
51.037197080000055,51.26074,4
45.08642426000006,47.279854,4
48.73686961999999,50.54492,4
51.009852920000014,51.304073,4
52.09336526000004,50.62184,4
53.73743288000003,51.158245,4
49.43072768000002,50.257347,4
53.662236440000015,52.148968,4
42.62715887000002,45.680485,4
46.72365583999999,46.85457,4
50.37410120000004,48.70907,4
48.21391256000004,49.26154,4
48.1865684,48.1251,4
47.25003092000003,45.26693,4
47.56448876000002,48.065895,4
53.01623066000002,50.889923,4
48.36430544000001,50.22515,4
46.77492614000005,48.55161,4
50.958582620000016,50.22352,4
50.38093723999998,51.081646,4
46.59718910000004,47.8044,4
51.006434900000045,50.36229,4
50.47835081,49.273186,4
46.64675039000002,48.77016,4
51.597752360000015,48.37057,4
44.816400680000015,46.61843,4
51.428560370000014,51.501625,4
44.008038950000014,47.736507,4
51.64218662000002,48.006798,4
49.52985025999999,50.11857,4
51.105557480000016,50.360546,4
49.95368474000003,49.785137,4
48.236129689999984,50.0325,4
49.67340710000002,49.92173,4
53.98011230000003,50.824394,4
45.49316864000002,48.49035,4
51.31063868000001,48.997833,4
54.48256124,53.502213,4
53.01623066000002,51.38598,4
47.86014749000003,49.191654,4
46.96291724000002,46.56549,4
52.24034012000004,50.407425,4
53.00939462000002,52.028748,4
46.95266318000006,46.774002,4
50.03229920000001,50.33239,4
50.85604202000002,52.19041,4
46.33741958000002,48.411964,4
47.30130122000003,49.769707,4
49.51959620000002,51.99706,4
52.93419818000001,50.685207,4
49.34527718000004,49.59688,4
52.96496036000002,51.86968,4
52.435167260000014,50.66345,4
50.215163270000005,49.418175,4
53.019648680000046,50.981846,4
48.08060978000003,50.75546,4
50.78768162000006,50.857822,4
49.39996550000001,49.31643,4
51.51230185999998,46.496582,4
53.77161308000001,51.808743,4
52.27793833999999,51.14488,4
48.36088742000004,52.704063,4
54.96108404000006,51.555855,4
50.95003757000006,49.33942,4
52.93419818000001,53.28941,4
52.35484379000002,52.671284,4
52.163434670000015,50.609562,4
54.50648738000001,53.05287,4
48.46342802000004,49.098423,4
50.67488696000004,51.02289,4
47.63626718,49.316597,4
48.19340444,50.515675,4
47.91141778999997,51.7105,4
54.54237659,50.787678,4
46.457050279999976,48.55605,4
46.22804294000002,50.065613,4
50.15192990000003,51.563854,4
47.745643820000055,48.437065,4
49.32818708000002,48.343082,4
50.474932790000025,49.839157,4
47.68070144000001,48.442944,4
47.03640467000002,49.48112,4
54.04847270000005,51.25941,4
49.270080740000026,52.49022,4
48.43950188000002,51.065826,4
52.33262666000002,50.169403,4
50.879968159999976,51.277203,4
50.90731232000002,50.044853,4
50.03913524000001,50.970097,4
49.81696394000005,50.87508,4
47.64993926,48.034653,4
52.79064133999998,49.727222,4
49.99299197000005,51.34118,4
49.65631700000006,51.097084,4
48.14726116999998,48.912884,4
54.74574877999999,52.793774,4
46.75954505000004,49.66457,4
46.83303248000004,48.240112,4
49.40167451000002,50.852104,4
51.41659730000004,50.875046,4
48.61723891999998,50.468273,4
42.536581340000055,44.641983,4
49.70416928000003,50.84771,4
52.219832,51.236286,4
51.03036104,53.743435,4
47.30130122000003,48.751385,4
53.52551563999998,50.355713,4
51.60117037999999,50.58728,4
50.74153834999999,49.410496,4
48.04984760000002,49.32647,4
52.13096347999999,50.354397,4
50.01862712000002,47.538322,4
51.24911431999999,50.325077,4
50.94149252,51.121212,4
49.86481622000002,50.239803,4
46.91506496,48.443607,4
49.11968786,48.9968,4
49.88532434000001,48.27601,4
52.87950985999999,50.79275,4
51.50888384000001,49.951508,4
51.50546582000004,51.155914,4
51.21151610000004,52.151333,4
49.65289898000003,50.033733,4
49.19830232000004,48.110657,4
46.40236196000001,47.035717,4
54.40394678000001,51.126793,4
50.55525626000002,50.97207,4
52.34971675999998,51.693207,4
54.66371630000003,53.941,4
53.00768561000001,52.015617,4
50.36897417,49.990307,4
47.19363358999999,48.963696,4
51.99766069999998,51.24749,4
48.88726250000002,46.663094,4
45.97510946,50.228855,4
45.25561625,46.64756,4
45.42822626000003,46.164143,4
53.99036636000005,50.669815,4
48.77104982000003,49.135147,4
48.87359042000003,48.00937,4
50.05793434999998,46.53708,4
45.56152903999998,46.1806,4
50.98592678,51.90772,4
48.70610743999998,47.61362,4
46.78176217999999,49.435684,4
48.54887852000002,52.16844,4
48.704398430000026,51.646294,4
48.31645316000004,51.33707,4
54.98159215999999,50.931538,4
49.72467740000002,51.29426,4
47.78666006000003,47.920635,4
50.401445360000025,51.467533,4
49.20001133000005,50.40366,4
44.43016441999998,46.862385,4
48.72319754,47.82457,4
49.80329186000006,49.335503,4
51.60458840000001,51.45864,4
49.49567006000001,49.84893,4
49.29742490000001,53.213818,4
50.95174658000002,49.84665,4
53.96985824000001,50.70858,4
54.64320817999999,52.802242,4
50.38606427000002,48.561375,4
51.82334168,49.97106,4
48.31987118000001,48.30708,4
54.34242242000005,52.67238,4
50.42537149999998,49.050938,4
50.28010565,50.97037,4
47.65506629000004,49.206562,4
54.48256124,52.726673,4
51.502047800000014,48.291306,4
46.24513304000004,46.09271,4
48.716361500000005,47.368286,4
51.19784402000005,50.24545,4
52.067730110000014,52.183266,4
54.38685668000005,53.273815,4
45.87940490000005,45.46118,4
52.578724100000045,52.239235,4
48.01054037000006,49.61435,4
49.856271170000014,52.068787,4
53.52722465,50.348797,4
50.06989742000002,49.658966,4
54.08607092,52.20892,4
46.64845939999998,47.086697,4
50.44929764000005,49.47703,4
50.48005982000001,52.79297,4
53.53576970000006,52.62418,4
52.42833122000002,49.44445,4
48.02592146000006,52.33044,4
44.73607721000002,46.548817,4
49.13506895,48.832798,4
48.50102623999999,47.768658,4
51.67636682,50.645237,4
51.29013056000002,50.99252,4
51.32431076,51.147854,4
50.12458574000004,51.676216,4
52.56676103000001,51.607044,4
47.71659065,48.08587,4
47.67557441000002,49.382706,4
54.71498660000003,51.559517,4
47.33206340000004,51.249058,4
49.70246027000002,50.953606,4
50.81844380000001,48.752426,4
52.453966370000046,50.801548,4
51.09872144000002,51.250195,4
54.24671785999999,51.10499,4
53.71008872000005,50.941185,4
52.24717615999998,51.12355,4
54.96792008,51.73908,4
48.44121089000004,48.564095,4
49.82209097000003,51.802376,4
47.718299660000014,48.137745,4
48.38481356,49.32607,4
49.49225204000004,49.284714,4
48.69072634999998,48.176304,4
48.81890210000006,49.101418,4
44.71556909000003,49.120155,4
48.20536751000003,50.64766,4
50.55012923000004,51.07421,4
51.88144801999999,47.13978,4
43.421848520000026,47.892017,4
53.38537682000003,51.84676,4
47.94559799000001,50.86983,4
48.69927140000004,49.06165,4
49.29571589,51.00833,4
52.26426626,49.962963,4
45.41113616000001,47.240974,4
52.06602110000006,50.734707,4
50.056225340000026,50.50203,4
47.83451234000006,49.1439,4
51.95322643999998,51.82047,4
53.79895724000005,52.14731,4
50.664632900000015,50.148197,4
52.254012200000034,51.28511,4
50.64412478000003,50.45285,4
51.98398862000005,51.28264,4
52.81456748000005,49.828075,4
50.076733460000014,50.375156,4
49.80670988000003,50.161232,4
47.86014749000003,48.75272,4
51.775489400000026,49.29566,4
51.50888384000001,51.27387,4
54.23304578,50.99044,4
50.169020000000046,49.914295,4
45.46582448000004,45.986595,4
46.88430277999999,49.011265,4
51.860939900000005,50.714836,4
48.26860088000001,45.608253,4
51.43026938000003,50.489494,4
51.48837572000002,49.018112,4
46.98000734000004,47.198524,4
52.18565180000002,51.528736,4
49.82379997999999,50.614815,4
48.976131020000025,50.445007,4
48.64458308000002,47.963818,4
47.757606890000034,50.83769,4
49.10943380000003,48.632732,4
47.878946600000006,50.408302,4
50.04938930000003,50.609562,4
44.871088999999984,47.65464,4
49.25982668000006,51.312897,4
47.892618680000055,50.649254,4
53.16320552000002,51.789066,4
43.22018534000006,44.426533,4
46.50832058000003,48.259502,4
50.11433168000002,49.318787,4
47.53030855999998,49.493977,4
50.076733460000014,50.582474,4
49.15045004000001,49.119286,4
51.23715125000001,51.268448,4
51.64560463999999,52.312866,4
46.66213148000003,50.968716,4
48.17118731000005,49.384884,4
49.13506895,49.06131,4
48.27885494000003,49.363503,4
54.98159215999999,51.199417,4
49.08038063000004,50.985836,4
54.12708716000003,52.85063,4
48.93169676000002,51.243843,4
50.45271566000002,48.842506,4
49.85798018000003,50.67947,4
44.42503739000006,48.18941,4
52.60265024,51.45864,4
54.38343866000002,50.90439,4
51.52255592000006,51.22712,4
49.878488300000015,51.575222,4
49.79474681000005,50.001442,4
48.302781080000045,49.601093,4
52.39415101999998,51.35426,4
51.99766069999998,52.532116,4
47.04324071000002,46.768036,4
49.88019731000003,51.61846,4
47.21243270000002,48.345963,4
49.55548541000002,50.36632,4
47.2466129,50.417294,4
51.55331810000001,51.08677,4
51.57040820000003,50.96741,4
46.07423204000003,48.003532,4
47.57474281999998,48.40529,4
49.08550766000002,48.82461,4
52.29502844000001,49.108032,4
51.65414969,51.39905,4
49.758857600000056,49.465736,4
47.20730566999998,49.422325,4
52.120709420000026,51.970177,4
49.88190631999999,49.54281,4
49.99128296000004,49.851353,4
44.95312148000005,45.747055,4
48.67192724000006,49.65356,4
51.57382622,51.27255,4
51.64218662000002,50.928707,4
50.36384714000002,51.53065,4
48.60185783000003,47.833755,4
46.48268543,47.17489,4
48.64800109999999,49.477863,4
50.10407762,51.487003,4
50.288650700000005,48.961845,4
45.10351436000002,46.149498,4
49.83063602000004,49.080154,4
53.94593210000005,51.826904,4
49.96052078000002,50.762035,4
52.04209495999999,51.649883,4
48.029339479999976,49.84499,4
52.36680686,52.315113,4
48.09769988000005,49.880817,4
50.19123712999999,49.013382,4
51.467867600000034,49.642384,4
54.07068982999999,52.475372,4
51.04403312,49.590015,4
48.75395972000001,47.7731,4
52.48301953999999,51.393032,4
49.54352233999998,50.18174,4
46.733909900000015,45.861492,4
50.36384714000002,50.49522,4
46.29127631,48.88586,4
46.72365583999999,44.72167,4
44.884761079999976,45.559906,4
53.50500752000005,52.522343,4
45.08300624000003,47.204586,4
51.75156326000001,50.709465,4
45.93751123999999,47.261948,4
48.53520644000002,47.029427,4
54.87563354000002,53.302914,4
48.107953940000016,46.953598,4
50.29377772999999,50.34654,4
50.13142177999998,49.85057,4
53.51867960000004,51.51397,4
49.22222846,49.71079,4
52.42320419000004,51.654045,4
49.14532300999997,53.349003,4
43.63034774000005,48.667496,4
47.08254794000004,49.402546,4
50.61678061999999,50.897095,4
49.62555482000005,51.2824,4
46.82277842000002,47.64631,4
51.49862977999999,50.560753,4
47.12356418000002,46.617123,4
49.54694036000001,50.222473,4
49.45807184,49.27471,4
50.70564913999999,49.321285,4
42.51265519999998,45.528725,4
53.32385246000001,50.960205,4
51.06454124000004,51.80124,4
53.11877126000002,52.392467,4
48.55913257999998,49.276028,4
53.752813970000034,52.059258,4
53.51184355999999,52.72106,4
51.10213945999999,51.127377,4
51.08846738,51.939377,4
53.31018038000002,50.705036,4
52.759879160000025,51.411575,4
45.23681714000003,48.314465,4
47.82425827999998,50.31772,4
52.38047893999999,51.64135,4
48.37455950000003,47.75279,4
51.94639040000004,50.491203,4
47.68411946000003,50.55763,4
49.24615460000001,49.093693,4
48.46342802000004,49.355206,4
49.59137462000001,49.9873,4
45.92213015000005,49.18995,4
52.06260308000003,49.161934,4
51.22860620000006,50.944164,4
46.67238554000005,48.130466,4
49.93659464000001,50.51513,4
53.80579327999999,52.1217,4
48.91460666,47.758442,4
45.42309923000005,48.05789,4
46.64162336000004,47.69437,4
52.75646114,49.39091,4
49.70416928000003,49.812527,4
47.352571520000026,50.142326,4
48.96587696000006,50.456005,4
51.515719880000006,51.72091,4
48.49419020000005,50.25264,4
52.95299729000004,52.038353,4
53.51867960000004,52.867992,4
49.468325900000025,50.967274,4
48.63603803000001,50.54749,4
46.41603404,46.487312,4
44.95995751999999,47.31572,4
50.141675840000005,51.03807,4
51.420015320000005,51.53999,4
48.670218230000046,46.66682,4
51.99082466000005,50.88521,4
49.81525493000004,49.974113,4
53.16320552000002,52.43776,4
48.70610743999998,48.784,4
50.30574080000002,49.12094,4
49.14190499000006,48.63589,4
47.30130122000003,49.211483,4
44.971920590000025,45.214706,4
51.606297410000025,50.924175,4
49.14703202000004,48.48778,4
53.78186714000003,53.010853,4
48.14384315000001,47.5288,4
48.70952546000001,47.03738,4
53.27258216000001,50.71537,4
49.78278374000001,48.399857,4
48.085736810000014,49.26466,4
54.00062042000002,51.947117,4
48.627492980000056,50.705635,4
48.34892435000006,50.659122,4
51.744727220000016,52.012333,4
50.34846605000001,48.409557,4
44.92235930000004,45.20592,4
47.46365717000003,48.697636,4
44.84203582999999,46.74281,4
51.56015414000001,51.289154,4
47.44485806,48.730034,4
46.37501780000002,46.600384,4
52.604359250000016,51.62481,4
47.55423470000005,49.93801,4
46.566426920000026,48.032787,4
45.028317920000006,46.59021,4
54.78676502000002,52.75272,4
48.439501879999966,50.794437,4
54.47230718000003,50.678852,4
50.04084425000002,50.96477,4
48.76421377999998,49.079704,4
51.17049986000001,50.022823,4
49.76569364,48.828777,4
53.58191297000002,50.123066,4
48.125044040000034,49.226295,4
45.373537940000006,46.336563,4
50.85091498999998,49.946987,4
49.04790944000001,51.26006,4
51.062832230000026,51.226883,4
49.86481622000002,50.80471,4
52.81456748000005,52.50836,4
50.12800376000001,48.690285,4
52.794059360000006,49.77503,4
45.34277576,47.92309,4
49.63409987,50.388287,4
49.36236728000006,49.21773,4
52.52403578000002,51.11209,4
48.79668497,50.59398,4
48.55913257999998,49.946404,4
50.6475428,50.138454,4
53.86048160000007,51.72848,4
47.94047096000003,49.115833,4
48.62065694,50.702866,4
50.28010565,51.059414,4
48.84111923,50.49525,4
48.38652257000001,51.990685,4
49.748603539999976,50.399845,4
50.43733457000002,49.205173,4
48.401903660000016,49.085827,4
45.746102120000046,46.135292,4
47.06203982,47.43496,4
45.684577760000025,46.629936,4
47.57816084000001,49.744972,4
49.86823423999999,52.260952,4
53.09313610999999,51.077206,4
52.655629550000015,51.43789,4
52.70860886000003,53.87121,4
52.37364290000005,51.136402,4
48.83599220000002,49.496426,4
49.91437751000001,51.48393,4
51.63535058000002,50.99089,4
49.48712501,48.253265,4
54.26722598000004,52.62996,4
49.89557839999998,49.409966,4
51.65756771000002,50.419304,4
52.21299596000006,50.997288,4
48.27543692000006,47.78249,4
42.87838334000003,46.524788,4
48.78984893000006,51.92593,4
49.07867162000002,51.152637,4
48.01908542000001,49.873363,4
45.57861914,45.97522,4
54.68422442000002,53.876976,4
53.00939462000002,51.39007,4
50.63387072,50.99994,4
53.313598400000046,52.600887,4
52.26426626,51.803455,4
45.52734884000006,48.342255,4
49.256408660000034,48.944363,4
48.92486072000003,49.16537,4
52.318954580000025,50.52827,4
48.71977952000003,46.961353,4
50.41511744000002,49.604885,4
54.48939728000005,52.63817,4
48.357469400000014,50.823215,4
48.98125805000007,51.619736,4
45.404300120000016,46.45417,4
49.58112055999999,50.881153,4
53.6895806,50.64926,4
53.40588494000002,53.044266,4
45.676032710000015,46.88287,4
49.45465382000003,49.83129,4
44.01316598000005,47.481026,4
52.24375814000001,51.11263,4
48.630911000000026,48.299248,4
48.50786228000004,49.214684,4
47.52689054000001,47.899456,4
51.741309200000046,50.84732,4
51.29354857999999,51.924255,4
51.16708184000004,51.729,4
46.12379333000001,48.692047,4
50.32624892000001,49.38988,4
48.15238820000002,47.204605,4
48.31645316000004,48.85265,4
49.36920332,50.329613,4
51.61142444000001,50.425594,4
54.25697192000001,51.147038,4
52.55821598,50.9348,4
52.27452032000002,50.732525,4
51.00301688000002,50.963104,4
53.22472988000004,51.808002,4
48.26176484000001,51.498936,4
51.09872144000002,51.443542,4
51.03036104,50.883003,4
48.28910900000005,49.773205,4
51.63705959000004,53.39197,4
49.96735682000002,50.42067,4
47.20217864000006,44.95342,4
49.29400687999998,48.069897,4
48.17973236,49.555157,4
52.612904300000025,51.59304,4
45.21118199,49.16518,4
48.98467606999998,48.581284,4
51.51059285000002,50.889923,4
49.80329186000006,49.83501,4
52.318954580000025,50.308975,4
47.18850656000001,48.080444,4
49.68707918000001,51.418926,4
47.36966161999999,48.1347,4
52.62486737,51.36701,4
48.19682246000002,46.673183,4
50.27156060000004,49.561363,4
51.85410386000001,50.584297,4
52.16172566,50.121246,4
46.15113749,46.76025,4
53.80579327999999,52.752132,4
54.42103688000003,50.453815,4
49.18121222000002,48.76934,4
47.58499688000006,49.935726,4
51.54648206000002,52.209366,4
45.53418488,45.768093,4
49.88532434000001,49.363358,4
47.50638242000002,48.71166,4
54.89272363999999,50.76728,4
50.172438020000016,51.6492,4
52.876091840000015,51.09119,4
47.35598954000005,46.488758,4
50.866296079999984,48.994995,4
48.11478998000001,49.885338,4
53.14611542,50.619404,4
47.92338086000001,51.076096,4
47.98832324,50.03084,4
50.28523268000004,47.03985,4
49.59991967000002,49.609314,4
45.75635618000001,47.623917,4
47.51663647999999,49.441322,4
48.92144270000006,48.673298,4
43.26461960000006,45.885826,4
52.26084824000003,51.03755,4
51.63876860000005,51.310226,4
49.54352233999998,50.034027,4
53.95960418000004,50.451073,4
51.252532340000016,51.123432,4
43.736306360000015,47.054817,4
53.40588494000002,51.04531,4
53.38879484000006,52.79729,4
51.074795300000005,50.717308,4
46.47414038,47.12328,4
47.43973103000002,46.6307,4
54.48597926000002,53.195908,4
52.74620707999998,51.639324,4
48.47710010000003,47.274544,4
49.51617818000005,51.710354,4
51.478121660000056,52.329514,4
51.24227828000005,48.785202,4
50.84578796000005,48.946423,4
48.72319754,49.15038,4
48.37285049000002,50.38971,4
51.38583512000002,50.95284,4
50.80818973999999,49.344193,4
54.185193500000025,52.084,4
51.85068583999998,51.00356,4
48.17973236,48.877445,4
49.33331411,49.908825,4
52.39415101999998,52.11299,4
48.77446784000006,49.618347,4
44.64549968000006,46.362175,4
46.38185384000002,46.62887,4
52.54112587999998,50.494198,4
49.66315304,49.434547,4
49.29742490000001,48.18095,4
51.97715258000005,51.007763,4
50.215163270000005,49.98683,4
49.31451500000003,50.553078,4
50.75862845000006,47.8296,4
52.80431342000003,51.53746,4
53.97669428000006,54.095997,4
47.60892302000002,51.96548,4
51.65756771000002,51.583157,4
53.54260574,50.526222,4
47.57303381000003,46.759464,4
50.52791209999998,51.10499,4
51.14999174000002,51.28195,4
46.190444720000016,47.26627,4
52.10020129999998,51.644142,4
47.771278970000026,46.354843,4
52.011332779999975,51.708347,4
48.09428186000002,50.875317,4
54.47230718000003,50.437454,4
51.83359574000002,51.724632,4
42.05805854000005,44.514946,4
52.305282499999976,51.140923,4
46.85695862,46.87494,4
48.95562289999998,50.108685,4
50.43220754000004,47.742455,4
49.13165092999998,49.570747,4
53.06066492000002,52.021935,4
51.19100798,50.169346,4
51.00301688000002,50.738434,4
50.74837438999998,48.750637,4
52.54625291000002,51.39002,4
51.40634324000001,50.43059,4
44.259263420000025,48.403255,4
46.583517020000045,48.424305,4
46.86208565000004,48.0467,4
49.79987384000003,50.340828,4
50.32624892000001,49.14249,4
48.36601445000002,47.540546,4
50.10407762,51.14693,4
50.01862712000002,49.207912,4
50.854333010000005,51.310986,4
52.00449674000004,51.768936,4
51.39608918000005,49.62254,4
46.49977553000002,46.851868,4
51.46786759999998,49.966084,4
49.417055600000026,48.960728,4
50.31770387,51.94588,4
50.60994458000005,50.988827,4
43.438938620000044,46.525772,4
53.07091897999999,50.933483,4
53.01110362999998,50.467377,4
48.98980310000002,50.63012,4
48.09599087000004,50.950043,4
52.41807716000005,51.330727,4
50.95516459999999,51.291836,4
49.528141249999976,48.37872,4
50.90902133000003,49.8568,4
49.37603935999999,48.37508,4
47.08938397999998,52.594055,4
52.44371231000002,51.40639,4
45.79053638000005,49.253185,4
54.270644,52.700817,4
47.42947697,47.36146,4
48.90435260000004,51.475388,4
49.56061244,50.3632,4
54.270644,50.95943,4
52.089947240000015,49.148376,4
51.76523534,51.82933,4
50.26814258000002,48.106834,4
44.228501240000014,47.683544,4
49.256408660000034,51.218372,4
47.95414304000002,51.347477,4
52.383896960000015,50.667423,4
46.08448610000005,47.03363,4
47.54739866,48.844967,4
49.48883402000001,49.311985,4
51.722510090000014,51.333004,4
50.60652656000002,50.800503,4
51.14144669000001,51.320915,4
50.38777328000003,50.95687,4
50.91243935000006,52.18746,4
48.630911000000026,51.12302,4
49.97761088000004,49.504265,4
44.440418480000005,45.57365,4
50.07160642999997,49.79535,4
49.39312946000001,49.298424,4
48.69243535999999,47.941822,4
50.20832723000001,50.13817,4
42.99801404000005,46.668804,4
47.74906184000002,49.67532,4
47.239776860000006,48.711716,4
49.208556380000005,49.353817,4
49.41363758,51.26256,4
53.23327492999999,51.097687,4
45.78370034,46.121902,4
46.985134370000026,50.4744,4
46.11866630000003,48.70907,4
52.51036370000003,52.19086,4
48.777885860000026,46.978313,4
51.184171940000056,51.682194,4
47.044949720000034,50.2061,4
49.31451500000003,51.82433,4
50.63387072,50.436066,4
47.61405005,50.704987,4
51.532809980000025,52.607357,4
49.85968919000004,50.193493,4
44.871088999999984,49.398716,4
49.84772612,48.457207,4
51.71225603000005,52.342842,4
47.28762914000004,48.235596,4
49.70075126000006,50.45383,4
46.57668097999999,47.209232,4
48.2378387,48.947315,4
50.55183824000005,47.16859,4
48.54033347000001,51.09562,4
49.99128296000004,50.894154,4
47.89945472,47.48147,4
54.61244599999998,51.123917,4
47.868692539999984,49.642406,4
53.28283622000004,48.268368,4
48.08402780000006,48.872,4
51.478121660000056,51.130928,4
51.97031654,51.028576,4
52.80773144,52.47808,4
49.08892567999999,50.13825,4
51.75498128000004,51.080334,4
54.80385511999998,53.867897,4
47.72513570000001,49.358734,4
48.07377373999998,49.57432,4
48.42241178,50.334812,4
49.68707918000001,49.04597,4
53.53235168000003,49.34324,4
51.26278640000004,47.657722,4
51.78574346000005,50.497696,4
47.62772213000005,48.861553,4
51.11239352000001,49.448875,4
51.551609090000056,51.384193,4
46.54933682000001,47.193737,4
44.93603138000003,46.159023,4
51.65244068000004,49.32649,4
53.02990274000001,50.557117,4
47.23464983000002,46.031956,4
47.47903826000004,49.19324,4
51.64560463999999,50.520706,4
47.77982402000004,51.033207,4
49.00005715999998,49.05918,4
51.24569630000002,50.44689,4
47.42947697,47.36146,4
51.81992366000003,51.09398,4
49.64264492000001,49.813675,4
47.079129920000014,47.899837,4
49.502506100000005,49.125614,4
45.913585100000034,48.818817,4
44.734368200000006,45.807205,4
51.31234769000002,52.908756,4
45.11376841999999,48.58507,4
48.93511478000005,50.361134,4
53.12560730000001,51.72699,4
44.59935641000004,46.060555,4
49.04449141999999,48.440243,4
46.012707680000005,46.5603,4
53.13586136000004,52.49609,4
50.24934346999999,50.178944,4
53.48108137999998,50.77581,4
48.94195081999999,49.09822,4
50.67146894000001,51.636124,4
52.16172566,51.729076,4
51.14999174000002,50.520237,4
48.74199665000003,51.543377,4
51.04745114000002,50.77265,4
50.15534792000005,51.632404,4
45.200927930000034,46.6309,4
49.79303780000004,49.64088,4
52.8521657,50.95133,4
42.35200826000005,45.086876,4
47.09622002000003,48.311916,4
48.14042513000004,47.290966,4
48.0327575,47.384247,4
52.95812432000002,51.092197,4
48.34037930000005,51.742897,4
54.39369271999999,50.898945,4
54.09119795000004,52.241978,4
50.517658040000015,49.175262,4
48.49419020000005,50.759197,4
50.98079975000002,50.659077,4
47.06203982,46.53609,4
44.86083494000002,48.693905,4
45.07617019999998,45.334084,4
48.034466510000016,50.110943,4
46.98855239000005,48.281906,4
54.479143220000026,50.816177,4
49.606755710000016,49.952938,4
52.77355124000002,50.820053,4
45.21630902000004,46.171234,4
50.43904358000003,51.339733,4
44.15672282000003,46.946404,4
49.68707918000001,48.95006,4
50.40486338000005,50.71206,4
51.54306403999999,51.143524,4
54.01429250000001,51.154747,4
50.90389430000005,50.653248,4
47.86527452000007,51.46093,4
54.77992898000002,50.919895,4
50.975672720000034,49.565884,4
45.308595560000015,48.457813,4
51.87461198000005,51.839752,4
49.20513835999998,48.2349,4
48.58305872000005,47.9099,4
50.87313212000004,50.14024,4
50.00153702,47.547375,4
47.52347252000004,48.63693,4
46.71340178000003,46.12875,4
49.74176750000004,48.458775,4
52.462511420000055,51.86279,4
49.08208964000005,49.163506,4
54.90639571999998,54.024246,4
47.39016974000003,48.16384,4
44.259263420000025,46.95445,4
53.28112721000002,49.365578,4
49.49908807999998,48.60079,4
51.65585870000001,51.79398,4
49.36236728000006,51.182373,4
50.31257684000002,50.48659,4
49.05474548000001,50.92794,4
47.05178576000003,49.893097,4
51.49521176000002,51.1881,4
49.8101279,51.539387,4
52.33262666000002,50.532482,4
50.25788852000005,50.400803,4
54.93373988000002,50.96481,4
53.334106520000034,51.189407,4
50.22199931,50.54231,4
50.893640240000025,50.668373,4
49.22222846,51.162148,4
53.42297503999998,52.672913,4
49.47174392,50.560284,4
47.745643820000055,49.23583,4
49.34185916000001,50.50854,4
52.40440508000006,50.545746,4
50.11945871,50.965275,4
52.00107872000001,51.450897,4
50.51082200000002,50.41539,4
50.40486338,50.89858,4
50.57234635999998,51.551872,4
52.48643756000001,51.171272,4
52.88634590000004,50.916435,4
54.889305620000016,54.0422,4
50.01520910000005,50.14458,4
48.651419120000014,50.554977,4
52.71715390999998,52.390095,4
47.82425827999998,49.35399,4
51.76865336000003,50.887436,4
51.24911431999999,51.639942,4
49.45636282999999,52.233112,4
51.39608917999999,52.557358,4
47.97465116000001,50.42415,4
52.54454390000001,50.869076,4
46.34938265000005,50.018375,4
53.76990407000005,52.63694,4
52.80773144,49.87844,4
48.96416794999999,50.24024,4
51.76523534,49.82989,4
47.75247986,49.225235,4
43.76023250000003,46.721867,4
51.80283356000001,51.54748,4
45.72217598000003,48.691463,4
50.67317795000002,50.784874,4
53.58362198000003,53.33179,4
44.66258978000002,47.558384,4
43.13815285999999,44.502655,4
53.32385246000001,51.40918,4
49.04620043,49.12945,4
52.51036370000003,50.544548,4
47.71488164000005,46.870018,4
45.684577760000025,47.05257,4
52.17881576000002,51.24405,4
46.880884760000015,49.534676,4
49.21026539000002,49.080757,4
51.54990008000004,51.2551,4
48.894098540000016,47.872517,4
43.54147922000004,44.33488,4
51.46103156000004,50.961536,4
50.862878060000014,47.093224,4
49.1777942,47.720963,4
53.64856436000002,53.180817,4
40.78313708000002,43.309307,4
49.51959620000002,50.332706,4
52.24034012000004,49.737907,4
43.89695330000001,45.88967,4
52.83849362000001,50.513763,4
49.07183558000003,48.91945,4
51.94980842000001,51.975525,4
53.15466047000001,51.350376,4
52.82140351999999,50.830276,4
49.85798018000003,50.67947,4
52.53428984000004,51.231525,4
47.61746807000003,48.547226,4
50.669759930000055,51.41147,4
50.91073033999999,51.290615,4
49.58795660000004,49.842556,4
48.78130388,48.228336,4
48.186568400000056,51.115364,4
49.48541599999999,52.12461,4
48.27201890000004,50.327766,4
51.99424268000001,49.836704,4
51.72080108000006,50.56277,4
48.518116340000006,48.20126,4
51.160245799999984,51.104855,4
48.90435260000004,51.002792,4
53.46228227000006,51.998177,4
49.533268280000016,48.91183,4
50.91756638000004,50.199127,4
47.66873837000003,48.258217,4
50.04255325999998,48.632347,4
43.48337288000005,46.980286,4
53.839973480000026,53.112873,4
51.67294880000003,51.93422,4
51.11922956000001,51.508415,4
48.67705426999999,50.655144,4
49.83063602000004,49.498604,4
54.92006780000003,52.136368,4
51.515719880000006,51.415936,4
52.10361932000001,51.46601,4
49.611882740000055,51.822784,4
50.79451766,49.354523,4
44.895015140000055,47.186947,4
50.73641132,51.46252,4
48.48222713000001,47.353626,4
49.502506100000005,51.91257,4
53.31872543000003,50.635033,4
50.866296079999984,50.105186,4
51.64218662000002,51.175816,4
49.49225204000004,48.304546,4
50.39460932000003,49.458794,4
46.13746541,46.80577,4
49.51617818,51.1744,4
48.08402780000006,48.974823,4
50.12458574000004,50.51745,4
48.76934081000002,50.461327,4
47.54739866,48.386982,4
50.41853546000005,51.23993,4
50.02375415,50.682453,4
47.667029360000015,50.36182,4
47.04153170000001,48.89044,4
52.876091840000015,51.28175,4
50.29890476000003,47.290752,4
49.37091233000001,48.34521,4
53.24523800000003,52.794453,4
51.63535058000002,50.396603,4
52.76329718,51.67151,4
51.63535058000002,47.464527,4
53.04015679999998,50.634686,4
51.114102530000025,51.05964,4
50.88338618,50.488327,4
48.40532168000004,51.61619,4
54.87221552000005,54.01626,4
50.31257684000002,49.541553,4
51.90195614000004,52.41804,4
51.19442600000002,51.12007,4
54.82778126000005,52.24031,4
53.32385246000001,50.676353,4
47.53030855999998,45.99347,4
51.72763712000005,50.776882,4
52.83507559999998,51.49739,4
53.19909473000001,50.849583,4
53.19567671000004,51.785202,4
45.15136663999999,44.004803,4
45.91016708000001,49.53896,4
48.82573814,50.191696,4
53.84680952000002,52.85063,4
51.26962244000004,47.69744,4
46.41261602000003,46.626156,4
53.019648680000046,50.68268,4
53.42639306000001,52.152893,4
46.55959088000003,47.153545,4
49.39654747999998,49.808907,4
43.81833884000002,45.50497,4
53.75452298000005,51.709484,4
54.038218640000025,51.133965,4
45.02148188000001,44.65493,4
47.15090834,46.301704,4
47.239776860000006,43.823215,4
48.44291989999999,51.093372,4
53.66907248000001,52.45783,4
51.891702080000016,48.550842,4
53.41613900000005,53.6885,4
46.99367942000004,47.41131,4
49.42560064999998,51.288555,4
50.86800509,51.988472,4
49.08550766000002,50.31383,4
50.74666538000002,50.264668,4
52.24717615999998,52.356735,4
50.74153835000004,48.34239,4
52.83165758000001,51.990685,4
51.61826048,51.3787,4
47.33206340000004,48.136642,4
47.079129920000014,49.284946,4
47.07742091,48.510647,4
51.41659730000004,51.42103,4
54.42787292000003,52.918327,4
49.14019598000005,49.64409,4
50.25788852000005,48.476837,4
54.77651096,54.087555,4
50.15534792000005,50.218636,4
48.80352101,50.375546,4
49.309387970000046,48.949505,4
46.69631168000001,49.268986,4
47.52347252000004,49.81164,4
49.78961978000001,50.60649,4
48.37626850999999,51.11487,4
47.24319488000003,47.771736,4
52.13096347999999,50.408375,4
48.724906550000014,48.600815,4
53.75110496000002,50.83103,4
52.78722332000001,50.753315,4
48.76421377999998,49.77564,4
51.83872277,50.05252,4
52.04209495999999,52.359715,4
49.94513969000002,50.327217,4
48.14213414000005,51.754654,4
47.468784200000016,49.41116,4
48.93169676000002,50.93776,4
50.50740398000005,52.672943,4
50.67830498000001,49.543533,4
54.27406202000003,51.635807,4
53.09142710000003,50.98383,4
50.36897417,50.885223,4
54.82778126,51.473835,4
49.19830232000004,49.675434,4
53.95276813999999,53.081062,4
48.77446784000006,49.59029,4
48.05839265000003,49.199875,4
49.66998908000005,49.405186,4
47.19705161000002,49.043465,4
51.399507200000016,52.192986,4
52.927362140000014,52.44349,4
45.45044339000003,45.440117,4
50.73641132,51.326504,4
53.81604734000001,51.00748,4
53.52209762000001,49.499187,4
47.70633659000004,50.897476,4
49.94684870000003,48.888786,4
50.70906716000002,50.85991,4
51.06112322000001,51.304848,4
45.42139022000004,45.80156,4
49.680243140000016,46.146423,4
44.707024039999965,46.5498,4
50.828697860000034,50.4689,4
49.728095420000045,50.175983,4
51.77719840999998,51.846573,4
48.90435260000004,48.773422,4
49.22906450000005,52.247005,4
47.56107073999999,46.1067,4
50.68855904000003,49.706097,4
47.952434030000006,50.21322,4
51.21835214000004,49.217598,4
50.96883667999998,48.039177,4
52.96496036000002,52.01981,4
53.170041560000016,50.672237,4
53.36145068000002,51.852993,4
51.71054702000004,51.133293,4
50.91073033999999,50.3245,4
46.92531902000002,48.75456,4
54.89272363999999,50.95543,4
50.76546449,48.764927,4
54.16126736000001,51.747074,4
54.97475612000005,50.920284,4
48.43266584000003,45.572136,4
50.95516459999999,51.651108,4
48.01737641,47.713974,4
49.54352233999998,48.55538,4
51.27304046,51.69147,4
48.401903660000016,47.110935,4
53.96302220000001,54.04732,4
52.83678461,51.930115,4
49.468325900000025,49.396286,4
49.39654747999998,50.136894,4
47.06887586000005,45.978878,4
47.99003225000001,50.373043,4
52.00449674000004,50.60511,4
51.9122102,50.014412,4
52.42491319999999,50.77959,4
53.13586136000004,51.078514,4
44.66600779999999,44.460243,4
48.38139554000003,50.662025,4
51.891702080000016,51.305073,4
53.90491586000002,52.918327,4
48.47710010000003,48.963028,4
49.49567006000001,50.560284,4
46.11353926999999,48.720924,4
51.65585870000001,50.42067,4
54.02796458,54.009964,4
48.46855505000002,48.373196,4
51.57040819999997,51.633564,4
53.07775502000004,51.948605,4
51.77719840999998,51.76362,4
51.54648206000002,50.04764,4
44.20286608999999,47.01126,4
52.91027204000005,50.25477,4
47.34231746,49.085407,4
49.61700977000004,48.46338,4
45.78882737000004,46.87904,4
50.52449408000001,51.04807,4
50.19294614,50.586308,4
50.49031388000003,48.18612,4
48.65654615000005,48.77658,4
46.49806652000001,48.45338,4
50.37410120000004,50.69434,4
46.32887453000001,46.509586,4
45.32397665000002,44.309875,4
45.77002826,49.523796,4
48.328416230000016,48.750423,4
53.68616258000003,54.00609,4
50.46126071000003,49.59633,4
51.71054702000004,50.35125,4
47.055203780000056,48.82944,4
51.888284060000046,50.55049,4
52.46592943999997,50.83909,4
47.92679887999998,48.670326,4
50.89705826,51.79019,4
48.249801769999976,47.601482,4
47.882364619999976,48.528145,4
52.57530608000002,52.080547,4
48.31303514000001,46.78361,4
49.60846472000003,49.641434,4
53.58362198000003,51.803978,4
43.84226497999998,44.676933,4
50.06989742000002,51.644142,4
52.19248784000001,51.13228,4
47.925089869999965,49.805977,4
54.45863510000004,52.84796,4
51.12948362000003,51.841976,4
42.54341738000005,45.58155,4
46.22975195000004,49.792965,4
49.748603539999976,50.49409,4
46.37501780000002,46.859234,4
48.504444260000014,48.3781,4
54.91664978000006,50.587456,4
52.674428660000046,53.93462,4
50.47322378000001,49.188774,4
46.23829699999999,48.29629,4
46.380144830000006,49.232895,4
48.89922557,51.150562,4
51.42343334000003,51.400917,4
49.905832460000056,50.867725,4
45.83497064000005,48.148167,4
46.159682540000006,50.04787,4
54.85170740000001,50.624218,4
47.63968520000003,49.16656,4
50.68855904000003,48.97591,4
49.97077483999999,48.560825,4
50.350175060000026,50.80488,4
49.66998908000005,50.150913,4
53.93567804000003,50.66306,4
50.04597128,49.766403,4
52.99914056,51.523468,4
51.84726782000001,49.882492,4
47.12014615999999,49.316288,4
46.02296174000003,50.391136,4
51.46786759999998,51.10428,4
51.594334340000046,51.35787,4
51.28158551000001,51.044384,4
54.55092164000001,53.84469,4
47.68411946000003,49.174892,4
51.713965040000005,51.48274,4
53.11193522000002,51.970947,4
53.99378438000002,51.776283,4
43.59274952000004,47.00845,4
51.72080108,51.211403,4
49.06499954000003,49.317566,4
52.04551298000001,51.752834,4
48.80181200000004,49.884144,4
50.51082200000002,51.055042,4
52.35484379000002,53.93462,4
49.157286080000006,51.061256,4
47.61234104000005,48.194588,4
50.01862712000002,51.340916,4
49.57770254000002,49.429836,4
49.42047362000005,51.029552,4
50.24763446000003,49.584248,4
48.31816217,49.440746,4
43.96531370000002,46.001328,4
53.67078149000002,52.49022,4
52.021586840000055,52.582676,4
53.38024978999999,51.82177,4
54.00062042000002,50.99963,4
50.53816616000006,48.658447,4
48.28056394999999,49.65737,4
52.54112587999998,52.235363,4
46.35450967999998,48.554344,4
46.63136930000002,46.319298,4
51.40976125999998,51.13471,4
53.52893366000001,52.00476,4
48.76592278999999,49.018867,4
46.86037664000003,46.73122,4
50.62703468000001,51.026543,4
50.11091366000005,50.127075,4
50.99276282000005,49.492226,4
43.15182493999998,46.974842,4
48.73345160000002,46.947235,4
49.86481622000002,50.68343,4
48.52837040000003,46.554073,4
46.85695862,45.562073,4
50.44587962000003,49.075764,4
49.615300760000025,49.708862,4
51.38583512000002,50.753746,4
49.89557839999998,49.699047,4
52.11045536000006,50.899197,4
42.98434196000005,44.538548,4
44.51732393000003,46.141563,4
52.59068717000002,50.026993,4
46.012707680000005,47.136894,4
52.6983548,51.46307,4
50.63045269999998,51.089657,4
54.55433965999998,51.677387,4
47.978069180000034,48.812687,4
44.67626186000001,46.333538,4
51.502047800000014,50.858196,4
51.31234769000002,51.805637,4
54.05701775,53.747974,4
53.30334434000002,50.91483,4
50.98079975000002,49.765984,4
51.92246425999997,51.071083,4
52.67442865999999,49.30464,4
46.75783604000003,48.369698,4
48.40873970000001,49.559612,4
53.92884200000003,54.024246,4
49.57941155000003,49.282005,4
44.58055730000001,46.188305,4
49.15386806000004,48.337753,4
49.35382222999999,50.52008,4
52.69151876000001,51.42088,4
49.00005715999998,51.747807,4
46.03150679000004,49.487873,4
49.47174392,50.97207,4
45.667487660000006,46.227757,4
50.30915881999999,50.116432,4
46.908228920000056,49.70012,4
52.448839340000006,51.14211,4
54.79018303999999,53.144672,4
50.107495640000025,48.58941,4
44.71386008000002,46.785465,4
48.60698486000001,50.640556,4
53.68616258000003,51.801888,4
48.29252702000002,48.60673,4
43.47653684,46.995453,4
50.55867427999999,48.516315,4
52.08311120000002,51.45296,4
54.91323176000003,52.542828,4
48.38139554000003,51.195885,4
54.56117570000004,53.142826,4
53.515261580000015,50.90801,4
52.82823956000004,50.500896,4
48.41557574000001,47.648212,4
45.018063859999984,43.034035,4
43.442356640000014,44.997566,4
50.67830498000001,50.9808,4
50.45955170000002,49.952866,4
48.92315171000001,48.242638,4
50.65096082000002,50.11801,4
48.28056394999999,46.10976,4
45.19921892000002,48.246452,4
48.64116506000005,47.78131,4
53.93909606,50.953712,4
47.75247986,51.342625,4
44.86083494000002,48.677555,4
49.86823423999999,50.040203,4
50.392900310000016,51.11646,4
48.45488297000003,49.029533,4
52.18906981999999,50.327217,4
49.27520777000001,50.929653,4
49.77594770000002,49.632824,4
51.92930030000002,50.929348,4
51.02181599000005,51.069035,4
51.3824171,52.315674,4
54.38685668000005,53.959064,4
51.20809808000001,51.041622,4
54.08607092,51.978806,4
48.62407496000003,49.176743,4
50.42878952000001,50.321644,4
50.707358150000005,51.30983,4
48.962458939999976,50.27964,4
48.72661556000003,49.9544,4
43.616675660000055,47.072037,4
54.53383154000005,52.352913,4
52.72228094000002,51.26028,4
54.004038440000045,52.414566,4
47.72171767999998,51.012577,4
47.856729470000005,47.853867,4
44.40282026,48.19758,4
49.55377640000006,52.119076,4
52.120709420000026,50.940838,4
48.59331278000002,49.496994,4
49.11114281000005,49.350628,4
46.198989770000026,48.081356,4
46.6655495,49.123974,4
46.00758065000002,47.660114,4
54.258680930000025,50.855244,4
54.33558638,52.403336,4
50.729575280000006,52.143665,4
50.042553260000034,49.21752,4
46.11866630000003,46.41741,4
48.22245760999999,49.092857,4
51.02523401000002,49.931488,4
51.92246426000003,51.307976,4
49.74176750000004,48.16073,4
48.495899210000005,50.867725,4
54.742330760000016,50.988445,4
52.647084500000005,51.348194,4
49.34527718000004,47.42633,4
51.006434900000045,48.40775,4
50.01179108000002,50.259937,4
49.85456216,49.318882,4
50.83382489000002,50.183327,4
49.57770254000002,47.88679,4
53.78186714000003,52.85497,4
44.62499156000001,47.13618,4
51.35849096000004,50.708,4
50.715903200000014,49.46988,4
53.62805623999998,53.29497,4
50.38777328000003,49.554813,4
51.20297105000003,49.39755,4
47.91312679999999,46.27113,4
46.61257019000004,47.242065,4
49.49225204000004,51.7091,4
49.7075873,50.188698,4
49.95710276,49.23892,4
50.78426360000003,48.493656,4
54.47743421000001,52.987156,4
48.41557574000001,51.27481,4
47.23294082000001,49.879883,4
50.34675704000006,50.25309,4
51.79257949999999,51.991028,4
50.75862845,50.66521,4
49.28375282000002,48.121,4
51.00643489999999,51.009884,4
48.107953940000016,49.681725,4
53.28625424000006,50.18462,4
49.25982668000006,51.156124,4
50.324539910000055,48.43439,4
50.025463160000015,49.119892,4
51.555027110000026,50.995655,4
50.77059152000004,49.36091,4
51.44052343999999,50.483192,4
48.21733058000001,48.694218,4
53.76819506000004,51.82293,4
50.35359308,48.354763,4
49.6050467,48.679787,4
52.10191031,52.13287,4
54.45863510000004,51.866917,4
51.062832230000026,50.81275,4
52.84532966,49.177425,4
50.5450022,50.55063,4
50.022045140000046,49.153603,4
52.824821540000016,50.57986,4
46.97317129999999,49.705276,4
46.07765006,48.58353,4
54.14759528000002,52.854057,4
47.74564382,48.484875,4
51.99424268000001,51.229496,4
48.55913257999998,49.30559,4
52.06260308000003,51.466003,4
52.27793833999999,51.95922,4
44.553213140000025,44.8645,4
47.01076952000005,47.48459,4
48.92486072000003,48.607796,4
46.66213148000003,47.30803,4
51.86093990000006,50.709076,4
50.49031388000003,51.405018,4
54.01771052000004,52.275364,4
49.42218263000007,50.582474,4
45.69995885000003,49.299423,4
49.11626984000003,48.93138,4
51.90195614000004,49.294254,4
50.876550140000006,51.755054,4
44.93603138000003,46.96612,4
54.677388380000025,53.162548,4
45.72901202000003,48.25708,4
48.89751655999999,51.27539,4
51.37558106000006,50.72386,4
53.50500752000005,51.750145,4
50.36042912000005,51.796177,4
54.64149917000003,51.13002,4
54.81069116000003,50.791313,4
44.80272860000002,46.63242,4
54.72524066000005,53.15904,4
51.20297105000003,49.050873,4
52.45909340000003,51.82433,4
51.99424268000001,51.411358,4
54.92690384000002,54.06037,4
50.444170610000015,51.231,4
48.894098540000016,49.962963,4
43.469700800000055,47.246147,4
50.71419419,49.832066,4
53.43835612999999,49.23676,4
53.30676235999999,52.182037,4
52.021586840000055,50.967556,4
50.36042912000005,50.961033,4
50.4424616,50.444458,4
50.927820440000005,51.88007,4
54.15614033000003,49.69068,4
53.15295146000005,52.636696,4
53.57678594000004,52.75272,4
54.89272363999999,51.297325,4
49.57770254000002,50.45554,4
49.98444691999998,50.63702,4
50.39119130000006,49.879826,4
49.77594770000002,48.733692,4
47.403841820000025,49.611687,4
46.29469432999997,44.334435,4
45.335939720000056,46.07456,4
49.44439976000001,47.39296,4
50.53133012000001,51.8052,4
53.65881841999999,52.65217,4
47.865274520000014,48.58098,4
50.03571722000004,47.881744,4
51.06454124000004,51.174755,4
51.399507200000016,51.2069,4
50.74153835000004,49.41441,4
53.29650830000003,52.167088,4
45.24023516,50.161057,4
50.927820440000005,53.743435,4
51.57040820000003,52.76403,4
47.12356418000002,48.825367,4
48.07890077000002,48.139023,4
50.23396237999998,50.22047,4
49.929758600000014,49.10741,4
50.67830498000001,50.98814,4
49.51617818,50.536842,4
47.90799977,49.231396,4
53.13244334000001,50.76728,4
53.050410860000056,52.62447,4
53.55285980000002,52.356735,4
51.05086916000005,48.80928,4
46.651877420000005,47.12351,4
52.86925580000002,51.34267,4
50.32112188999997,50.32005,4
47.79007808000006,46.642677,4
49.78961978000001,47.118313,4
51.79770653000003,50.83689,4
50.780845580000005,49.91224,4
49.03081934,48.965294,4
46.23658799000003,48.706413,4
49.35724025000002,49.29752,4
49.77936571999999,48.92401,4
42.71090035999998,44.609894,4
54.301406180000015,52.14376,4
53.82288338000001,51.077126,4
42.70406432000004,43.917698,4
52.84874768000003,51.517834,4
51.29696660000002,51.554787,4
52.57017904999998,51.590054,4
46.737327919999984,50.585567,4
52.87950985999999,50.79275,4
48.31645316000004,46.64967,4
49.63409987,50.685738,4
47.36966161999999,50.67468,4
49.94001265999998,51.162712,4
50.23908941000002,50.486015,4
48.78813992000005,49.045418,4
52.09678328000001,52.656635,4
50.88338618,53.367622,4
53.11535323999999,51.445793,4
47.42434994000001,50.39198,4
51.450777500000015,51.219574,4
50.70906716000002,51.98824,4
51.64218662000002,52.373207,4
46.55446385000005,48.40133,4
49.81696394000005,49.629097,4
51.34481888000005,50.914898,4
44.62157353999999,48.53932,4
52.37706092000002,51.091682,4
49.96393880000005,51.620846,4
47.819131250000055,49.946148,4
54.20911964000004,51.548527,4
54.45179905999999,52.658924,4
45.99903560000001,48.529438,4
51.85410386000001,51.07217,4
52.66759262000005,51.421455,4
44.83690880000006,47.339264,4
49.91950454000005,50.980022,4
52.21299596000006,51.363506,4
49.20684737000005,50.777523,4
51.83017772000005,50.40036,4
51.51913790000003,49.031406,4
47.65677530000005,47.818737,4
49.42047362000005,46.260956,4
50.19978218000006,50.440414,4
48.34379732000002,50.85139,4
50.06647940000005,49.20103,4
52.13096347999999,52.36395,4
54.366348560000006,53.60862,4
50.56380131000003,51.32717,4
52.78722332000001,51.22161,4
50.16218395999999,49.15407,4
50.72273924000001,52.741665,4
50.79451766,50.267414,4
50.41511744000002,49.22312,4
52.10361932000001,49.319424,4
47.37649766000004,47.899456,4
49.09405271000003,50.456005,4
49.76911166000002,48.38851,4
48.08402780000006,48.092396,4
47.36453459000006,47.55098,4
50.85262399999999,50.378323,4
50.76375547999999,51.28968,4
53.85535457000003,52.915348,4
51.594334340000046,49.079147,4
53.76990407,51.758408,4
51.826759700000025,51.905846,4
54.448381040000015,53.696133,4
48.65654615000005,47.440613,4
51.76010831000002,51.90475,4
51.53622800000005,51.232384,4
53.06066492000002,51.60818,4
52.794059360000006,49.79367,4
46.34425562000001,48.986652,4
52.32579062000002,49.642296,4
49.18463024000005,49.004738,4
50.16560198000002,48.686207,4
46.92190100000005,48.344048,4
51.34823690000002,51.296932,4
47.584996880000006,50.935505,4
50.69197706,50.24768,4
50.58772744999999,49.8957,4
48.72661556000003,51.047607,4
51.60800642000004,50.708134,4
46.80227030000003,49.570484,4
48.69072634999998,48.250225,4
53.18371364000001,51.678204,4
48.198531470000034,48.59607,4
49.16412212,49.940437,4
51.96689852000003,52.15206,4
49.02056528000003,51.1346,4
53.24865602,51.461723,4
48.08402780000006,50.93813,4
48.61040288000004,49.36521,4
47.39871478999999,51.077496,4
53.22472988000004,51.031563,4
50.53133012000001,53.160286,4
48.26860088000001,49.09481,4
50.23396237999998,51.03418,4
46.21778888000006,49.069336,4
49.96052078000002,52.04421,4
44.75145830000002,47.06969,4
50.79109964000003,50.290062,4
53.85022753999999,51.806683,4
48.88384447999999,51.567387,4
50.237380400000006,51.164062,4
43.442356640000014,48.70264,4
48.28569098000003,48.538906,4
52.08311120000002,50.537785,4
52.535998850000055,52.57506,4
48.85991834000004,48.160477,4
43.382541290000006,44.962536,4
46.05372392000004,48.13893,4
48.24125672000002,50.518887,4
50.72615726000004,50.62626,4
48.17118730999999,47.995693,4
42.95699780000001,44.451813,4
52.65392054000006,47.43526,4
49.76911166000002,47.71639,4
48.57280466000003,50.01967,4
49.59137462000001,51.943867,4
50.20661822,50.383934,4
46.71511079000004,52.03554,4
52.12412744000005,51.320248,4
50.83211588000006,51.677402,4
51.40121621000003,51.03149,4
46.70485673000002,51.47764,4
46.14601046000007,46.629658,4
54.87905155999999,51.188385,4
48.61382090000001,51.18472,4
54.70473254000001,54.005325,4
48.84966428000001,50.416443,4
52.42491319999999,52.506287,4
49.015438250000045,51.58535,4
48.14726116999998,48.33914,4
48.31303514000001,50.974194,4
53.61780218000001,50.85642,4
46.51515662000003,46.563534,4
48.40361267000003,50.208225,4
49.51617818,48.465115,4
53.33752454,50.830772,4
52.72569895999999,49.13308,4
51.09872144000002,50.593624,4
53.35119662,53.062153,4
48.45146495,50.98514,4
49.04790944000001,48.28182,4
51.56869919000002,51.531998,4
53.27941820000001,52.344604,4
52.77013322000005,49.527897,4
49.04790944000001,48.484943,4
54.94399394000004,50.28882,4
50.339921,49.023067,4
48.829156160000025,48.90626,4
53.09142710000003,50.522457,4
51.07821332000003,49.97106,4
49.81696394000005,50.609024,4
46.86037664000003,47.81826,4
49.63068184999997,47.64358,4
50.80477172000002,53.26576,4
47.188506560000064,45.194534,4
49.343568170000026,50.79646,4
45.66406963999998,49.78621,4
51.173917879999976,49.107304,4
54.19544756000005,53.093246,4
54.71498660000003,53.66372,4
47.21243270000002,45.086716,4
49.22564648000002,49.798405,4
51.51230185999998,51.16318,4
48.95562289999998,49.064735,4
49.08892567999999,49.348846,4
49.386293420000015,49.165047,4
49.33160510000005,50.68616,4
49.440981739999984,50.26488,4
53.877571699999976,52.779778,4
48.06351968000001,50.20128,4
49.511051150000014,52.296352,4
46.42287008000005,47.793385,4
54.37318460000006,51.09235,4
51.49521176000002,49.568817,4
53.59045802000003,53.40871,4
47.51321846000002,50.718365,4
48.504444260000014,50.13806,4
53.60754812000005,52.531815,4
54.84487136000001,53.389553,4
48.45659197999999,50.16598,4
54.885887600000046,50.963104,4
49.75202156,49.440155,4
45.05908010000008,46.73444,4
51.44906849000006,51.637283,4
53.76477704000001,50.829563,4
48.04813859000001,50.34721,4
52.435167260000014,51.075684,4
48.34721534000005,49.15212,4
50.05109831000004,50.779686,4
49.05132746000004,49.45247,4
51.16708184000004,50.634396,4
49.26153569000002,49.6053,4
45.607672310000055,46.990093,4
47.783242040000005,48.451725,4
52.11045536,52.275677,4
50.63899775000005,50.200314,4
50.02033613000003,50.555912,4
47.79520510999998,50.228687,4
50.63387072,50.47734,4
54.84145334000005,52.36802,4
54.05872676000001,50.78491,4
47.67044738000004,49.66078,4
45.02831792000006,47.267902,4
54.81410918000006,51.144966,4
51.96006248000003,49.36695,4
54.95424800000001,51.092197,4
45.59741825000003,46.736454,4
50.163892970000006,50.537777,4
48.08402780000006,48.285305,4
46.950954170000045,47.51303,4
54.06385379,50.476032,4
51.42685136,50.09593,4
50.517658040000015,49.577972,4
50.172438020000016,47.842422,4
49.12652390000005,51.21953,4
49.41021956000003,49.01705,4
52.51719974000002,51.567574,4
53.03844779000002,51.615417,4
50.48005982000001,52.85656,4
50.715903200000014,48.5551,4
51.94639040000004,51.36352,4
50.04255325999998,50.66374,4
50.98592678,50.828514,4
52.82311253,50.977283,4
54.35609450000004,54.028774,4
52.79747738000003,52.055733,4
52.07969318000005,50.040207,4
54.51674144000003,50.948853,4
51.122647580000034,51.39796,4
54.50648738000001,51.02186,4
48.78813992000005,48.259502,4
49.12994192000002,45.02688,4
51.594334340000046,50.59098,4
49.97077483999999,49.73095,4
48.83428319000007,50.671295,4
47.079129920000014,46.55634,4
51.80112455000005,49.631912,4
51.39267116000002,51.040455,4
52.36680686,50.85456,4
52.97179640000002,52.73504,4
47.56277975,47.037117,4
46.07252303000001,46.727016,4
51.221770160000005,51.522858,4
45.56836508000004,46.51382,4
51.56015414000001,50.986977,4
48.91118863999998,49.67779,4
50.89876727000001,51.521523,4
53.99378438000002,53.466328,4
54.885887600000046,50.96576,4
50.45442467000004,50.886543,4
52.254012200000034,50.777397,4
50.7500834,51.578194,4
47.44485806,48.51973,4
54.38856569000001,53.995255,4
51.79257949999999,53.12633,4
45.56494706000001,45.101986,4
51.84384980000005,51.093227,4
49.80329186,50.76659,4
53.40588494000002,50.66652,4
46.65529544000003,47.71828,4
50.362138130000005,50.081406,4
49.96735682000002,50.432064,4
49.19146627999999,50.2763,4
48.94195081999999,47.614037,4
47.205596660000026,49.161488,4
49.79474680999999,50.406204,4
47.02956862999997,49.804604,4
48.14042513000004,48.25473,4
50.613362600000016,51.30593,4
50.052807320000056,50.76152,4
52.26084824000003,50.033924,4
47.027859620000015,51.40098,4
48.47710010000003,47.69176,4
48.75054169999999,48.775467,4
49.85798018000003,50.57399,4
44.61473750000005,48.646717,4
49.42730965999999,49.764145,4
49.93659464000001,49.1605,4
48.65654615,50.368713,4
47.42776795999998,47.197777,4
51.184171940000056,50.148968,4
54.74916680000001,51.24579,4
49.74689453000002,50.688164,4
52.016459810000015,50.377575,4
53.566531880000014,51.25248,4
51.04403312,51.418842,4
49.29229787000003,48.480995,4
51.08846738,52.731564,4
49.329896090000034,50.00482,4
54.38343866000002,53.93462,4
43.58249546000002,46.246716,4
48.53520644000002,44.86512,4
51.91904624000006,49.16749,4
50.12116772000002,51.26578,4
51.532809980000025,49.110577,4
43.80295775000002,47.757603,4
51.84726782000001,52.002052,4
49.87165226000002,51.580505,4
49.26495371000004,49.24156,4
51.14657371999999,51.229473,4
48.45659197999999,50.16598,4
48.504444260000014,49.138447,4
51.671239790000016,52.039825,4
51.01839797000002,51.49363,4
47.66361133999999,50.169228,4
48.63774704000002,47.913715,4
49.615300760000025,45.5095,4
50.92952945000002,49.09958,4
52.318954580000025,52.448586,4
44.45409056000005,48.05242,4
53.317016420000016,50.098995,4
49.9126685,52.11922,4
54.007456460000014,52.383327,4
52.97179640000002,51.59863,4
49.09063469,49.21079,4
44.79931058,46.459682,4
51.65244068000004,49.93419,4
52.95812432000002,51.113834,4
48.777885860000026,51.053646,4
53.14611542,52.24854,4
47.25173992999999,48.056896,4
51.96689851999997,50.967285,4
52.29502844000001,51.44737,4
49.94513969000002,50.86265,4
52.824821540000016,51.949142,4
49.30255193000005,50.47014,4
48.92827874,47.198524,4
54.54750362000004,53.422123,4
49.550358380000034,51.682194,4
49.41192856999999,49.71905,4
54.940575920000015,53.05335,4
44.29857064999999,44.856182,4
49.929758600000014,51.176453,4
44.553213140000025,45.641426,4
44.700188000000026,47.266315,4
51.66440375000002,51.564117,4
51.53622800000005,52.016968,4
44.37376709,44.210724,4
47.511509450000005,50.300323,4
49.61871878,49.63564,4
51.19955303,48.250603,4
53.25891008000002,52.85063,4
46.31862047000004,48.209023,4
54.46888916,52.287254,4
52.57530608000002,51.11391,4
49.02398330000005,46.912884,4
53.70325267999999,51.036552,4
53.36145068000002,52.29423,4
48.15409721000003,49.689495,4
50.72615726000004,51.201786,4
47.50467341000001,48.39989,4
53.58191297000002,49.09825,4
49.95368474000003,51.291008,4
52.34629874000001,49.721867,4
51.11239352000001,49.761795,4
49.47516194000002,49.948345,4
43.44919268000001,46.98282,4
49.66998907999999,48.263756,4
44.91552325999999,46.61559,4
50.03742623000005,49.66673,4
54.07923488000006,50.91576,4
53.023066700000015,52.96737,4
51.17391788000003,51.52351,4
53.68274456000006,52.729977,4
50.319412880000016,51.780018,4
50.44929764000005,50.071384,4
48.189986420000025,51.092484,4
51.597752360000015,50.70161,4
47.95414304000002,51.74403,4
51.26620442000001,50.85097,4
51.71738306000003,50.951195,4
52.941034220000006,50.18591,4
49.78278374000001,50.67053,4
50.52449408000001,50.0456,4
53.46740929999999,52.946857,4
47.30471924000005,49.09022,4
49.94001265999998,49.697792,4
48.75054169999999,47.541058,4
51.67636682,51.240665,4
44.77196642000001,46.999256,4
46.27931324000002,45.598885,4
53.463991280000016,51.709484,4
47.30813726000002,48.222675,4
44.81127365000003,49.17953,4
47.868692539999984,50.803654,4
52.876091840000015,51.358913,4
49.66315304,49.506115,4
52.435167260000014,51.191196,4
45.21630902000004,47.426353,4
51.45761354000001,51.02671,4
48.10453591999999,48.596786,4
50.67830498000001,49.262238,4
48.26176484000007,47.01454,4
44.58397532000004,48.580235,4
52.84532966,52.086723,4
51.11239352000001,48.81543,4
46.80568832000006,49.16912,4
44.57713927999998,46.654972,4
46.54250078000001,49.50492,4
47.32693637,47.805714,4
53.27258216000001,51.61427,4
45.10864139,48.72314,4
53.27770919000005,51.13382,4
48.54204247999997,49.75423,4
50.04768029000002,50.24996,4
54.250135880000016,51.13227,4
50.87313212000004,50.88481,4
53.92371497000005,50.872528,4
46.93899110000001,47.589184,4
50.44929764000005,49.79605,4
53.13244334000001,52.376266,4
46.02637976000005,50.94851,4
49.85798018000003,51.086563,4
48.162642259999984,46.343887,4
49.55719442000003,49.77457,4
47.39016974000003,47.22639,4
50.29548674,52.11484,4
49.11285182,48.37599,4
50.88851321000004,49.176342,4
51.88999307000006,51.416065,4
49.78961978000001,50.426487,4
49.06158152,51.2526,4
47.72684471000002,46.575386,4
52.69151876000001,50.46771,4
49.06841756000006,48.858097,4
54.05872676000001,53.01062,4
48.198531470000034,51.258812,4
51.81308762000003,49.4617,4
50.20661822,52.867992,4
47.06887586000005,48.349827,4
53.96302220000001,54.04732,4
49.878488300000015,49.742935,4
48.263473850000025,48.9702,4
51.41488829000002,51.021267,4
51.173917879999976,50.89312,4
48.31645316000004,51.75908,4
50.79451766,49.65555,4
51.52597394000003,49.80103,4
51.23202422000003,50.659374,4
49.157286080000006,48.74468,4
49.440981739999984,46.64674,4
48.25321979,49.57891,4
48.254928800000016,50.0261,4
50.81502578000004,50.187958,4
44.471180660000016,46.56691,4
50.65779686000002,50.074398,4
49.24102757000003,48.247112,4
49.21539242,50.47415,4
54.89955968000004,54.01092,4
45.00439178000005,47.38766,4
48.87529943000004,50.21369,4
49.95368474000003,51.94976,4
47.055203780000056,48.70629,4
50.47664180000004,51.700348,4
48.36430544000007,50.743835,4
46.45192324999999,47.729626,4
44.881343060000006,48.63403,4
47.98490522000003,47.797226,4
50.34163001000002,50.344288,4
49.85114414000003,50.773426,4
47.71659065000006,45.909836,4
47.183379530000025,50.77909,4
54.74916680000001,53.88714,4
50.40486338000005,50.880577,4
50.06647940000005,50.49715,4
50.42537150000004,50.00839,4
53.610966140000016,51.575535,4
43.23214841000004,46.590668,4
51.43026938000003,49.7226,4
48.73516060999998,48.65149,4
50.435625560000005,50.613148,4
47.01760555999999,48.736095,4
50.59285448000003,51.574974,4
51.31234769000002,52.98307,4
50.10065960000003,49.717552,4
50.65266983000004,48.163715,4
46.80397930999999,48.213303,4
51.56528116999999,51.455135,4
43.192841180000016,45.182526,4
52.37022488000002,51.792774,4
53.50500752000005,52.02952,4
44.867670980000014,46.696888,4
46.566426920000026,49.679546,4
49.21881044000003,48.647118,4
50.83553390000003,48.847225,4
47.97123313999998,47.057365,4
52.16001664999999,50.946953,4
51.43197839000004,51.334473,4
47.08596596000001,50.369446,4
53.18371364000001,51.54959,4
54.13734122000005,48.281345,4
54.738912740000046,52.57667,4
52.400987060000034,48.56282,4
46.10157620000001,45.19042,4
53.887825760000055,52.57506,4
50.975672720000034,50.75991,4
50.23567138999999,50.33116,4
54.072398840000005,51.753254,4
47.77640600000007,51.0562,4
54.23646380000002,53.841442,4
50.37751922000001,52.04358,4
49.649480960000005,51.48332,4
45.041990000000055,48.205887,4
46.34767364000004,48.535507,4
54.91323176000003,53.613148,4
46.57326296000002,48.247543,4
50.46296971999999,50.582474,4
50.49031388000003,50.506584,4
52.13096347999999,49.906986,4
50.18611010000001,51.49739,4
52.301864480000006,50.52539,4
52.83165758000001,51.199635,4
50.35359308,49.24703,4
52.561634000000026,52.307606,4
53.88440774000003,50.548973,4
43.736306360000015,44.913097,4
49.83063602000004,51.255817,4
47.75077085000004,49.054306,4
54.36293053999998,51.560738,4
52.08311120000002,50.940353,4
54.67909739000004,50.804565,4
48.09769988000005,49.0912,4
51.95151743000002,47.162384,4
47.892618680000055,47.811295,4
51.83701375999999,51.4436,4
54.68935145,52.352913,4
47.17996151,48.29384,4
51.40634324000001,48.774902,4
50.63045269999998,51.65868,4
45.079588220000005,49.61435,4
48.78472190000002,46.79496,4
46.32887453000001,47.03483,4
52.91027204,51.13333,4
47.55252569000004,48.550594,4
51.19442600000002,51.48843,4
51.25595036000004,50.626194,4
49.44439976000001,47.33982,4
50.82357083000005,50.364113,4
49.00347518000001,50.418507,4
48.43950188000002,48.02663,4
54.258680930000025,51.446342,4
50.50740398000005,51.439754,4
52.206159920000005,51.45653,4
46.41603404,49.48612,4
49.70246027000002,50.367825,4
50.40486338000005,49.3212,4
48.78472190000002,49.43744,4
46.13062937000001,48.739086,4
50.34504803000005,50.61893,4
46.453632260000006,47.033943,4
49.93830365000002,49.41687,4
52.66075658,50.3544,4
50.28694169000005,50.28476,4
48.817193090000046,49.893818,4
54.75942085999998,53.51379,4
52.906854020000026,50.882965,4
51.54306403999999,50.491653,4
44.27293550000002,44.4962,4
50.80306271000006,50.28583,4
54.5269955,53.24911,4
52.007914760000006,48.83837,4
52.46251142,52.32121,4
52.219832,51.10126,4
46.95608120000003,46.643707,4
49.26153569000002,51.102947,4
52.60265024,52.134052,4
48.518116340000006,48.853348,4
48.32328919999998,49.73999,4
50.40315437000004,48.79405,4
51.34140086000002,50.254246,4
50.30744980999998,48.742443,4
50.83895192,50.19725,4
49.31451500000003,50.611534,4
49.56573947000004,50.814667,4
50.370683180000015,49.96544,4
50.04597128,50.431755,4
52.29673745000002,51.206894,4
46.88430278000004,49.879627,4
51.96006248000003,50.691692,4
46.28614928000002,47.331776,4
49.32818708000002,51.3127,4
50.76375548000004,46.740173,4
47.28762914000004,50.760384,4
46.84328654000001,48.324493,4
52.62315836000005,51.166367,4
51.23886026000002,50.89473,4
48.06693770000004,48.410294,4
48.003704330000005,49.772087,4
52.38560597000003,53.80174,4
51.891702080000016,51.11918,4
47.25344894,48.10572,4
53.50158950000002,52.31068,4
49.541813330000025,49.634808,4
52.141217540000014,51.680145,4
53.87073566000004,52.138496,4
43.5209711,43.013935,4
45.44873438000002,46.89121,4
51.88486604000002,51.065365,4
51.110684510000056,52.96979,4
50.41340843,48.477356,4
51.81992366000003,49.81992,4
54.24671785999999,50.9934,4
49.32647807000001,49.532104,4
48.29252702000002,45.52743,4
42.75533461999999,48.271935,4
48.302781080000045,49.8607,4
52.35655280000003,49.93351,4
52.55479796000003,51.82599,4
54.75600284000001,53.756996,4
49.623845810000034,48.963062,4
48.85308229999998,49.014286,4
48.95220488000001,48.320206,4
54.43812697999999,52.92174,4
47.53030855999998,48.56169,4
51.34481888000005,48.775795,4
51.908792180000034,51.095203,4
50.88680420000003,50.300934,4
52.13779952000005,50.039448,4
48.28910900000005,52.165127,4
45.90333104000001,48.459576,4
51.06112322000001,51.889194,4
46.00245361999998,46.721283,4
50.80818973999999,51.492195,4
51.24227828000005,51.150654,4
54.80043710000001,52.628056,4
49.59650165000005,49.026108,4
45.77002826,47.223454,4
49.73322245000003,50.92365,4
49.26153569000002,48.307354,4
49.61188274,50.43896,4
52.92052610000002,51.608437,4
52.233504080000046,48.66587,4
49.48541599999999,48.312866,4
54.98159215999999,51.11642,4
47.08254794000004,51.104412,4
53.74768694,51.003334,4
49.0239833,50.456005,4
52.25913923000002,50.445328,4
42.478475,44.738052,4
52.400987060000034,47.83987,4
54.19373855000004,52.27547,4
51.91391921000002,49.409267,4
49.12139687000001,50.219784,4
51.78574346000005,50.30754,4
45.178710799999976,46.521294,4
47.79349610000003,49.682476,4
49.75543958000003,50.599384,4
48.617238920000034,49.311214,4
51.39779819,49.313595,4
53.93567804000003,52.799076,4
51.942972380000015,51.62448,4
49.43072768000002,50.374367,4
49.09576172000004,48.325386,4
50.15705693000001,50.72408,4
48.32670722,49.09001,4
50.70223112000002,49.18942,4
52.47960152000002,51.178726,4
45.86402380999999,46.6644,4
49.32818708000002,52.031338,4
47.91654482000001,47.969063,4
49.16412212,50.34256,4
51.47128562,50.02403,4
52.71202688000005,52.606182,4
53.313598400000046,51.075397,4
46.61257019000004,49.56861,4
46.35109166000001,48.98183,4
54.87905155999999,51.082794,4
49.502506100000005,49.188454,4
47.22952280000004,46.383865,4
49.9126685,52.53287,4
49.65460798999999,49.089447,4
49.20001133000005,49.325676,4
50.92611143000005,50.29744,4
48.70610743999998,48.63508,4
45.75635618000001,48.54425,4
51.27474947000002,50.947174,4
49.53155927,52.0002,4
50.59969052000002,49.61918,4
50.52620309000002,48.745228,4
51.888284060000046,50.38701,4
42.989468990000034,44.922413,4
50.02033613000003,50.938503,4
54.05872676000001,51.177013,4
48.504444260000014,49.311607,4
47.07229388000002,47.661327,4
54.004038440000045,51.63598,4
54.54750362000004,50.89404,4
51.98398861999999,52.522713,4
53.863899619999984,54.01844,4
51.040615100000025,49.496742,4
46.64333237000005,47.954113,4
51.90879217999998,49.567326,4
41.53168346000001,42.98348,4
52.83849362000001,51.517776,4
48.630911000000026,47.607716,4
54.43129094000005,53.001385,4
49.49567006000001,47.976974,4
45.26757931999998,48.763245,4
49.69391522000001,49.60707,4
49.84772612,49.395203,4
46.39210790000004,47.11872,4
51.187589960000025,51.9883,4
50.6475428,50.466785,4
51.70371097999998,51.774128,4
54.677388380000025,53.431866,4
50.34333902000003,52.25182,4
54.02796458,52.867992,4
49.47857995999999,51.90385,4
50.87825915000002,51.57311,4
52.34971675999998,52.288525,4
50.254470500000025,51.47875,4
45.47095151000002,47.15992,4
51.10897549999999,50.124615,4
49.44781778000004,50.793743,4
50.39119130000006,50.899063,4
46.47755840000002,47.759903,4
49.454653819999976,51.313282,4
50.89876727000001,50.71601,4
47.34402647000002,48.03323,4
51.29183957000004,49.876965,4
49.71100532000003,49.038723,4
48.92315171000001,51.60252,4
45.28125140000003,48.545414,4
54.75600284000001,52.743324,4
47.59525094000003,47.483524,4
52.315536560000055,49.895092,4
51.58749829999999,51.213573,4
49.38971144000004,50.793243,4
53.35461464000002,51.85502,4
51.594334340000046,51.705402,4
46.33058354000002,50.17626,4
48.00712235000003,50.808624,4
44.35667698999998,47.610783,4
46.49806652000001,48.988865,4
51.85752188000004,53.320194,4
47.658484310000006,47.14562,4
51.14486471000004,50.026978,4
52.62999439999999,51.955757,4
49.39654748000004,49.6306,4
50.90560331,49.997257,4
51.37558106000006,51.43008,4
50.32453991,50.504955,4
48.60356683999999,48.91536,4
54.332168360000026,52.918327,4
44.765130380000016,44.766407,4
54.73549472000002,54.020233,4
49.54864937000002,48.798454,4
48.186568400000056,47.90755,4
49.33331411000006,51.08806,4
48.98125805000007,49.795883,4
50.26814258000002,52.532604,4
43.948223600000006,45.503105,4
47.37649766000004,50.40684,4
52.57701509000003,52.32311,4
50.77400954000001,51.35473,4
48.46001000000001,50.563385,4
49.13677796000002,47.67605,4
51.713965040000005,50.37518,4
51.77207138000006,51.059563,4
50.76375547999999,51.108875,4
46.63136930000002,46.74888,4
51.23544224000005,50.97935,4
50.13825782000004,49.851223,4
52.10020129999998,48.691196,4
48.401903660000016,49.19843,4
49.36236728000006,51.003193,4
53.96302220000001,52.34209,4
46.65016840999999,46.434383,4
51.37558106000006,50.33541,4
54.28089806000003,53.709957,4
54.22620974000006,51.220825,4
50.01520910000005,50.14458,4
48.38481356,49.30463,4
53.088009080000006,52.61774,4
49.905832460000056,50.447186,4
50.22199931,50.27124,4
49.07867162000002,48.68909,4
46.617697220000025,47.334534,4
51.93271832000005,49.406746,4
53.66907248000001,54.04372,4
51.33627382999998,50.17367,4
48.36088742000004,50.97656,4
47.41580489,49.214317,4
50.052807320000056,50.491364,4
49.53497729000003,50.614094,4
49.48541599999999,50.779686,4
49.40851055000002,50.408913,4
46.55446385000005,47.916203,4
45.746102120000046,47.393593,4
47.61405005000006,48.11095,4
49.092343700000015,49.90208,4
52.67442865999999,51.285942,4
51.09530342000005,50.398697,4
49.748603539999976,48.333294,4
52.52061776000005,51.463608,4
53.16320552000002,52.118282,4
48.36430544000001,50.0261,4
51.572117210000044,51.01659,4
52.84532966,51.190723,4
46.71681980000005,48.3428,4
53.51867960000004,52.580845,4
49.91950454000005,50.980022,4
47.27395706000004,46.83907,4
49.18975726999997,50.69002,4
51.45419551999999,50.13817,4
47.955852049999976,48.36518,4
54.53383154000005,54.053318,4
48.043011560000025,49.729908,4
47.58157886000004,50.922737,4
50.79280865000004,50.40042,4
48.306199100000015,50.26122,4
49.601628679999976,50.17313,4
50.18269208000004,48.126724,4
52.71202688,50.39019,4
52.25059418000001,52.05039,4
50.47664180000004,50.651176,4
47.66361133999999,47.220974,4
48.00541334000002,48.041054,4
51.45248650999997,49.37964,4
47.67215639,50.973194,4
48.79326695000003,48.926098,4
50.58772744999999,50.824337,4
51.184171940000056,49.957813,4
51.85068583999998,49.504875,4
45.46753349000005,44.509155,4
51.87803000000002,51.132374,4
51.08504936000003,53.309616,4
48.12846206000006,46.628063,4
50.93978351000004,50.909023,4
42.01533329,46.02437,4
51.23544224,50.73644,4
48.58305872,49.157825,4
52.97179640000002,51.31355,4
50.10578663000001,50.383343,4
47.239776860000006,47.616222,4
50.73641132,50.784874,4
50.42537149999998,49.571754,4
45.29492348000002,46.391262,4
48.12162602000001,49.458546,4
50.24763446000003,49.302067,4
51.27645848000003,50.50482,4
47.37991568000001,49.659294,4
52.80089540000006,52.5778,4
49.26666272,50.035934,4
50.92440241999998,51.71407,4
52.729116980000015,51.457703,4
46.83303248000004,49.303555,4
50.36042912000005,50.885162,4
49.56744848000005,48.849964,4
47.88578264,47.36146,4
54.70131451999998,53.995255,4
49.748603539999976,49.802864,4
46.10157620000001,47.731453,4
52.15830764000003,50.53856,4
50.45613367999999,50.497604,4
46.78518020000001,48.17784,4
48.93853280000002,48.259502,4
52.95812432000002,50.474472,4
53.45715524000002,51.689342,4
50.548420220000025,47.718227,4
46.82619643999999,51.59034,4
51.21835213999998,50.57394,4
51.173917879999976,49.816895,4
50.5450022,50.522873,4
47.67044738000004,50.44047,4
53.64172832000003,52.75941,4
52.15318061000005,47.399998,4
48.224166620000005,47.26587,4
50.27497862000001,48.157494,4
49.734931459999984,50.382027,4
54.01429250000001,52.857517,4
49.53839531,47.935123,4
51.91562822000003,49.54541,4
49.26324470000003,49.226727,4
49.36578530000003,49.97101,4
52.01816882000003,51.01486,4
50.94149252,50.723896,4
45.60083627000006,46.80514,4
46.79372525000002,49.607346,4
50.52791209999998,50.263977,4
52.42149518000002,51.725876,4
50.034008210000025,50.8834,4
52.61974034000002,50.87317,4
53.727178820000006,52.867992,4
44.46092659999999,48.555553,4
48.46342802000004,48.91159,4
50.462969720000046,49.072525,4
52.33775369,51.416958,4
47.04494971999998,49.021057,4
51.81308762000003,51.951,4
54.16126736000001,54.0422,4
50.11091366000005,50.45798,4
52.73937104000004,50.706333,4
48.47368208,49.969727,4
47.61917707999999,49.296127,4
52.36338884000003,51.515446,4
47.58157886000004,48.77863,4
51.37045403000002,49.849068,4
45.73926607999999,47.04117,4
48.57109565000002,48.687828,4
50.350175060000026,50.622417,4
49.32476906,49.104992,4
49.170958160000055,50.14359,4
50.31257684000002,49.547157,4
44.394275210000046,45.346024,4
49.68707918000001,48.96723,4
50.02717217000003,52.038383,4
49.05987250999999,50.697178,4
53.50842554000002,54.028774,4
49.08550766000002,49.220116,4
51.040615100000025,51.03209,4
50.92098440000001,50.650402,4
49.79303780000004,49.084034,4
51.53964602000002,51.319366,4
49.87507027999999,48.563305,4
51.71738306000003,50.773827,4
49.75543958000003,47.667385,4
49.728095420000045,49.157703,4
49.76398462999998,48.281948,4
49.21539242000006,48.989212,4
52.24717615999998,51.08948,4
49.83063602000004,48.183296,4
52.71886291999999,51.27255,4
52.59581420000001,51.698563,4
48.07890077000002,51.162098,4
52.17881576000002,50.88779,4
49.75714859000004,49.53046,4
54.26038993999998,50.6435,4
48.41557574000001,49.31249,4
50.664632900000015,47.94874,4
50.82186181999998,53.477234,4
52.25743022000006,51.677628,4
52.87950985999999,51.02479,4
49.39996550000001,50.386383,4
48.50102624000005,49.230602,4
54.58510183999999,53.882484,4
49.10601578000001,48.25036,4
52.58385112999997,51.41441,4
51.25936838000001,50.436195,4
51.96689852000003,48.125557,4
49.01031122000006,48.585205,4
53.42639306000001,52.63248,4
50.67830498000001,53.300472,4
44.853998899999965,48.587666,4
51.01668896000001,51.090603,4
53.24181998000006,51.617146,4
48.98296706000002,48.38133,4
48.15238820000002,49.896194,4
49.36236728000006,50.44844,4
47.77982401999998,47.18219,4
52.37706092000002,50.744804,4
53.566531880000014,52.867992,4
50.42708051,52.75272,4
44.85741691999999,48.63288,4
49.28717084000005,49.482372,4
52.872673820000045,52.213184,4
53.25891008000002,50.921795,4
51.40976125999998,51.26963,4
52.47960152000002,51.030357,4
53.47766336000001,52.429256,4
54.18861152,49.491184,4
54.87734254999998,54.004177,4
50.78768162000006,49.591293,4
48.1352981,48.2482,4
50.87142311000002,50.43333,4
47.48929232,50.062523,4
49.28887985,49.77059,4
48.665091200000006,49.522068,4
52.17881576000002,50.938892,4
54.61586402,50.72316,4
49.869943250000006,50.509464,4
50.75350142000002,51.39339,4
52.83849362000001,52.567005,4
45.46753349000005,49.84598,4
52.431749240000045,51.512047,4
50.36384714000002,50.907505,4
50.28181466000001,51.253597,4
47.98832324,52.008835,4
54.33558638,53.962414,4
50.13142177999998,49.331875,4
51.64218662000002,49.14752,4
54.297988160000045,53.02425,4
51.15340975999999,49.46539,4
49.68366116000004,49.445446,4
49.615300760000025,49.299095,4
49.35894926000003,50.010334,4
49.96735682000002,50.05582,4
50.003246030000014,50.14207,4
48.36943246999999,50.79643,4
48.23442068000003,49.256077,4
53.50500752000005,53.42229,4
54.70302353,51.067234,4
49.89045137,50.207195,4
52.68126470000004,52.43575,4
49.25299064000001,51.593227,4
47.80716818000002,44.579338,4
45.96143738000001,46.88203,4
48.12162602000001,50.34457,4
50.44929764000005,50.394474,4
45.26416130000001,47.7769,4
52.949579270000015,52.147976,4
47.20901468,47.96053,4
52.03184090000002,51.98132,4
43.64743784000007,44.70674,4
47.71488163999999,49.722626,4
54.185193500000025,53.281723,4
48.11137196000004,47.558537,4
50.09382356000003,50.70599,4
52.54283489,51.781998,4
52.98888650000004,48.54813,4
49.429018670000005,50.85991,4
50.90731232000002,50.84271,4
50.66634191000003,50.986584,4
47.79691412,49.429844,4
43.29196376000005,43.93166,4
49.31109698,48.18337,4
49.92804959,48.521767,4
53.61438415999999,51.318565,4
47.85160244000002,49.100964,4
49.762275620000025,50.31806,4
48.81890210000006,48.507156,4
52.93761619999998,51.431095,4
52.1172914,51.567963,4
43.603003580000006,46.260956,4
47.73880778,48.67036,4
52.64366647999998,49.95593,4
53.00597660000005,50.151287,4
52.94445224000003,50.150253,4
50.14167584000006,49.81,4
49.03765538000005,48.818596,4
49.95710276,50.649048,4
48.78813991999999,50.150288,4
47.76444292999997,45.675694,4
48.596730800000046,48.758442,4
46.62111524,50.94706,4
52.03525892000005,50.016655,4
49.66486205000001,50.65314,4
46.36476374000006,48.310406,4
53.66052743,53.588146,4
48.87700844000005,49.200153,4
49.87165226000002,50.35367,4
51.1773359,48.69634,4
53.692998620000026,51.366245,4
50.81673479,51.853107,4
52.47960152000002,50.6435,4
51.15511877,50.84604,4
48.57280466000003,51.552803,4
53.294799290000014,51.098625,4
47.47220221999999,49.212383,4
44.55663116000005,47.740246,4
49.28375282000002,49.975727,4
50.12116772000002,49.890896,4
45.52393082000003,48.160248,4
54.94741196000001,50.79488,4
53.15978749999999,50.818447,4
46.18702670000005,49.666767,4
48.68730833000001,47.602604,4
48.55913257999998,47.6202,4
49.61700976999998,50.502132,4
51.75669029000005,51.142384,4
52.85900174,50.612175,4
43.93626053000003,49.341747,4
51.16537283000002,51.094288,4
50.65437884000005,50.417347,4
50.17243802000007,50.578995,4
50.29377772999999,48.954662,4
53.35461464000002,51.269917,4
48.67534526000003,49.17261,4
47.22439577,51.146877,4
48.159224240000015,50.525635,4
52.73766203000002,51.470303,4
50.60310854,52.480698,4
51.97031654,51.943348,4
51.90195614000004,50.795933,4
47.19876062000003,47.191486,4
49.878488300000015,52.649002,4
47.39358776,46.57413,4
51.09359441000004,50.507267,4
50.01179108000002,49.65439,4
44.72753216000001,48.366566,4
53.93567804000003,51.61342,4
51.69003889999999,50.896027,4
54.80043710000001,53.050766,4
51.39267116000002,48.42495,4
52.73595302000001,52.046066,4
51.93613634000002,49.229477,4
50.96883667999998,47.05271,4
49.360658270000044,50.324196,4
53.84510051000001,49.607315,4
48.14897017999999,45.12786,4
47.94901600999998,46.81015,4
49.464907880000055,48.5033,4
51.94980842000001,51.569424,4
52.62657638000002,51.170246,4
49.02740132000002,50.75085,4
49.37262134000002,50.649624,4
52.59581420000001,51.817398,4
49.78107473000006,49.26931,4
54.80043710000001,49.76334,4
49.85456216,49.99009,4
50.989344800000026,50.416824,4
48.91460666,47.379814,4
52.40269607000005,50.185635,4
54.09974299999999,50.566856,4
49.24957261999998,47.827576,4
53.46057326000005,51.707214,4
50.517658040000015,48.513866,4
50.52107606000004,50.403427,4
52.33946270000001,49.638985,4
54.93715789999999,53.309265,4
50.927820440000005,51.47292,4
54.53554055000001,53.29497,4
50.06989742000002,49.84901,4
49.403383520000034,48.083168,4
45.87769589000004,46.91793,4
47.75931590000005,48.897976,4
50.989344800000026,50.77182,4
50.51082200000002,48.593006,4
52.58897816000001,51.213802,4
50.20490920999998,51.433136,4
45.92042114000003,46.11276,4
53.80237526000002,50.990257,4
46.84328654000001,48.024498,4
48.46855505000002,50.41674,4
49.900705430000016,51.1015,4
50.20149119000001,50.049175,4
51.25936838000001,49.58653,4
48.66850922000003,50.00394,4
50.52107606000004,50.109104,4
53.88098972,50.843422,4
53.33410651999998,52.184376,4
48.27543692,48.528145,4
47.12014616000005,48.682293,4
48.32499820999999,50.307583,4
54.83803532000002,50.990852,4
53.088009080000006,52.53287,4
52.85900174000005,52.633167,4
45.25048922000002,45.68339,4
48.98296706000002,51.082584,4
54.01429250000001,53.627686,4
48.54887852000002,50.53029,4
45.47949656000003,49.890358,4
51.156827780000015,49.34245,4
50.16560198000002,48.407543,4
45.520512800000006,46.272537,4
51.68662088000002,50.70823,4
49.31451500000003,50.860962,4
47.070584870000005,50.317448,4
49.79303779999998,49.966602,4
52.86925580000002,50.75271,4
49.26837173000001,49.493416,4
46.64333237000005,49.98982,4
50.389482290000046,49.895504,4
52.55137994000006,51.61457,4
49.86139820000005,48.91194,4
50.05964336,51.09132,4
53.11535323999999,50.628506,4
51.57382622,50.716053,4
45.33252170000003,47.648582,4
49.92634057999999,48.410164,4
46.617697220000025,50.394474,4
47.882364619999976,49.995945,4
52.67613767,50.870705,4
49.33160510000005,51.45698,4
53.61438415999999,51.88689,4
51.06795926000001,48.695454,4
51.21493412000001,51.720074,4
52.28135636000002,50.720165,4
54.39711074000002,53.202602,4
47.73880778,48.924034,4
49.9126685,50.438686,4
53.51867960000004,50.54971,4
48.31303514000001,48.319313,4
49.11285182000006,48.40605,4
48.97442201000001,51.13992,4
51.88144801999999,51.371063,4
52.19590586000004,50.98371,4
49.14703201999998,50.40738,4
49.81696394000005,47.810658,4
51.493502750000005,50.71404,4
49.55719442000003,52.470356,4
52.06431209000005,51.759865,4
54.80727314000001,52.598347,4
52.19932388000001,51.429165,4
53.69641664000005,53.060287,4
51.478121660000056,52.357853,4
53.10851720000005,53.01909,4
53.433229100000005,51.560738,4
50.36384714000002,49.10661,4
50.319412880000016,49.62422,4
51.63193256,49.840458,4
52.84191164000004,51.871517,4
45.34961180000005,46.526733,4
52.55308895000002,51.324387,4
46.81594238000002,44.321724,4
50.38093724000004,49.317455,4
53.54944178000005,51.63259,4
51.230315210000015,50.473034,4
49.24957261999998,50.25758,4
51.122647580000034,51.297993,4
52.42833122000002,51.31333,4
49.909250480000026,49.699097,4
44.45067254000003,48.429684,4
54.270644,52.0278,4
49.57428451999999,50.691574,4
52.647084500000005,50.68622,4
52.561634000000026,50.61127,4
46.23146096000005,45.88603,4
48.306199100000015,50.310226,4
52.05576703999998,48.812782,4
44.467762640000046,47.720905,4
42.751916600000015,44.673073,4
52.751334110000016,49.984943,4
50.39973635000001,49.971363,4
47.90629076000005,49.43736,4
51.54306403999999,51.23751,4
47.02615061,49.064827,4
47.03469566000001,48.92537,4
49.157286080000006,49.339123,4
46.43312414000002,48.292755,4
48.21220355000003,51.590195,4
48.20707651999999,51.205696,4
51.48837572000002,48.142487,4
50.63728874000003,50.669815,4
48.89751655999999,48.984837,4
53.096554130000015,49.775528,4
47.57816084000001,46.32794,4
45.800790440000014,46.8098,4
52.824821540000016,51.75221,4
50.57234635999998,50.108616,4
48.29594503999999,48.38342,4
48.24809276000002,48.732685,4
47.71146362000002,50.95488,4
52.82823956000004,50.613148,4
47.058621800000026,50.786304,4
54.87734255000004,54.048576,4
49.03765538000005,51.45055,4
52.20274189999998,50.849583,4
49.06670855000005,51.93029,4
46.51857464,46.975143,4
52.647084500000005,50.814594,4
49.615300760000025,49.305447,4
48.449755940000045,49.42112,4
50.42537149999998,51.61352,4
51.23031521000007,51.413685,4
47.90799977000006,49.349483,4
52.48643756000001,50.063057,4
48.67534526000003,47.97325,4
50.14851188,50.305206,4
47.27737508000001,49.59472,4
49.98615593,46.407578,4
50.63728874000003,48.971043,4
53.10339017000001,51.12878,4
47.00393348,47.927277,4
49.45294481000002,49.25178,4
53.50842554000002,53.908966,4
47.74906184000002,50.63378,4
50.85946003999999,51.36027,4
51.27474947000002,50.94372,4
47.99515928000005,47.971912,4
51.94639040000004,51.367085,4
47.56107073999999,48.606064,4
48.38139554000003,48.74163,4
47.21926874000002,49.120266,4
43.58249546000002,44.852722,4
50.052807320000056,48.73184,4
52.03184090000002,50.198696,4
47.21585072000005,47.581734,4
47.85331144999998,50.4334,4
53.30676235999999,51.16481,4
50.00837306000005,48.63423,4
44.79589256000003,48.077263,4
46.981716350000056,52.056877,4
49.76911166000002,51.307163,4
52.40440508000006,51.52897,4
54.34584044000002,50.831604,4
46.92531902000002,45.21564,4
48.54204248000002,49.730686,4
47.39358776000006,47.691044,4
50.61678061999999,52.454258,4
52.48643756000001,52.08867,4
54.74916680000001,52.78283,4
47.36282558000005,49.526546,4
50.04938930000003,51.066086,4
52.25230319000002,51.67307,4
44.95312148000005,45.747055,4
48.84453725000003,51.372044,4
41.48041316000001,44.9486,4
51.85410386000001,50.570866,4
53.38537682000003,51.122715,4
49.54352233999998,51.425247,4
51.19442600000002,51.48843,4
54.10657904000004,51.348602,4
45.85889678000001,46.590096,4
50.47322378000001,50.716053,4
47.72342669,48.66079,4
52.00278773000002,51.12203,4
46.04688787999999,47.73063,4
51.96348050000006,50.73649,4
54.92006780000003,53.93462,4
48.51469831999998,48.725414,4
44.31736976000002,46.2086,4
47.14236329000005,48.108006,4
53.93567804000003,52.905666,4
51.006434900000045,52.294655,4
50.936365490000014,50.833447,4
52.01816882000003,51.077873,4
46.86037664000003,48.428276,4
53.91516992000004,52.826828,4
50.62019864000001,49.43701,4
50.517658040000015,50.59107,4
44.73778622000003,44.773647,4
51.355072940000014,50.548367,4
47.69437352,51.569393,4
50.77400954000001,48.174744,4
53.96644021999998,54.01626,4
49.39312946000001,46.643425,4
54.60560996000004,52.39791,4
50.36042912000005,49.744972,4
52.15830764000003,50.463818,4
49.89557839999998,52.2524,4
52.33604467999999,52.107056,4
50.107495640000025,51.374958,4
50.828697860000034,48.451168,4
52.45567538,52.702866,4
48.69927140000004,49.132137,4
48.596730800000046,49.40453,4
49.83063602000004,48.62031,4
49.239318560000015,52.680218,4
47.058621800000026,47.838757,4
47.98832324,50.05792,4
54.82094522,52.7654,4
51.37216304000003,50.895798,4
51.47299463000002,50.34097,4
54.55946669000002,52.095722,4
49.929758600000014,50.279465,4
50.01179108000002,49.507473,4
50.73982934000003,52.202824,4
52.435167260000014,50.81714,4
48.14897017999999,49.082706,4
50.39460932000003,49.858078,4
51.89512009999999,50.176308,4
50.370683180000015,48.832336,4
48.53520644000002,49.20779,4
50.04597128,49.21272,4
47.50980043999999,49.278057,4
48.21562157,52.09995,4
54.09974299999999,52.630714,4
54.96108404000006,54.034237,4
48.743705660000046,49.22876,4
51.19442600000002,49.202644,4
49.27349876000005,51.910797,4
51.81308762000003,51.598503,4
45.16845674000001,47.452347,4
52.73595302000001,51.106762,4
50.30232278000005,50.63806,4
54.40394678000001,52.877182,4
46.69460267,48.291092,4
49.28033479999999,47.651066,4
53.221311860000014,52.582844,4
50.28181466000001,49.521088,4
54.11683310000001,50.36707,4
48.224166620000005,49.50819,4
54.38002064,52.910007,4
49.66998908000005,50.85414,4
49.35211321999998,49.529274,4
48.14555216000002,47.015434,4
51.11581153999998,47.25504,4
53.76477704000001,51.304554,4
51.61142444000001,46.629253,4
50.21345426000005,49.682102,4
45.91529410999999,46.18247,4
46.241715020000015,47.672665,4
52.154889620000006,51.558018,4
49.75202156,47.77825,4
53.105099180000025,50.619003,4
49.63580888000001,49.769165,4
48.07035572000001,50.314106,4
49.601628679999976,49.290375,4
52.13609051000003,50.919636,4
44.65575374000002,48.550552,4
51.4849577,52.661163,4
49.72980443,51.47468,4
47.76956996000001,49.46646,4
47.60379598999998,46.213825,4
46.39894393999998,47.96454,4
47.72855372000004,49.984943,4
50.20661822,50.08475,4
52.05234902000001,49.50771,4
54.82094522,53.979332,4
47.84134838,50.830276,4
43.054411370000025,45.21869,4
50.40657239000007,48.496777,4
52.038676940000016,52.246838,4
45.41797220000001,48.47768,4
45.746102120000046,48.47191,4
50.70906716000002,51.98824,4
48.186568400000056,50.062878,4
51.24227828000005,52.211987,4
54.49281530000002,52.301647,4
51.77719840999998,48.895004,4
51.16708184000004,51.18931,4
49.748603539999976,51.033943,4
47.598668960000055,51.833626,4
52.438585279999984,50.967693,4
54.86537948,50.58462,4
44.44212749000002,49.60339,4
50.12116772000002,47.062984,4
48.24809276000002,48.52639,4
47.70291857000001,50.43514,4
45.41113616000001,48.156425,4
47.74222580000003,51.732094,4
49.48028897000006,50.416412,4
47.89945472,51.130302,4
48.37455950000003,51.156704,4
52.414659140000026,52.226765,4
48.77617685000001,48.58828,4
52.33433567000003,51.010086,4
51.82334168,51.188637,4
50.42878952000001,49.09199,4
52.70177282000003,51.428196,4
50.53133012000001,50.717678,4
50.568928340000014,50.233997,4
47.54398063999997,49.871834,4
45.814462520000006,47.913982,4
45.67090568000003,49.15538,4
50.780845580000005,49.91224,4
50.63557973000002,49.262863,4
44.847162860000026,47.331375,4
39.32364254000004,42.91237,4
51.49179374000005,49.901752,4
48.630911000000026,47.78397,4
44.27977154000001,46.49818,4
54.026255570000046,50.386868,4
51.96689852000003,49.97965,4
47.055203780000056,48.82944,4
53.20422176,52.13224,4
46.470722360000025,48.048103,4
50.517658040000015,51.073044,4
51.54819107000003,50.464718,4
43.76877755000004,46.25247,4
50.62361666000004,51.486248,4
50.30915881999999,50.57315,4
54.51674144000003,50.71036,4
51.40634324000001,50.413025,4
47.87040155,47.007793,4
50.99105381000004,49.733894,4
51.334564820000026,51.75918,4
47.36624360000002,46.63511,4
50.859460040000045,49.653965,4
49.33160510000005,50.42397,4
52.16514368000003,50.55697,4
54.87392453000007,53.983658,4
44.64891770000003,46.318405,4
53.47766336000001,50.76721,4
50.90560331000006,51.067158,4
53.11193522000002,53.374966,4
45.13427654000003,48.597843,4
47.78153302999999,48.829987,4
44.50536086,47.73503,4
48.14726117000004,51.688103,4
53.0572469,50.990643,4
51.89512010000004,51.322365,4
50.80135370000005,51.835506,4
53.08630006999999,52.37283,4
52.29844646000004,51.593105,4
47.53714460000003,49.040215,4
52.49498261000002,51.553318,4
51.66953078000006,48.705666,4
47.831094320000034,48.70657,4
53.20422176,51.10126,4
46.02296174000003,44.502655,4
51.11922956000001,51.144756,4
49.010311220000006,49.20735,4
50.859460040000045,51.83212,4
51.87803000000002,51.322124,4
52.50694568000006,50.92544,4
51.00301688000002,49.162674,4
45.60083627000006,46.80514,4
53.32043443999999,51.639763,4
49.76911166000002,49.25117,4
50.51424001999999,50.913082,4
44.737786219999975,46.718735,4
51.18417194,52.00658,4
52.94445224000003,50.92084,4
46.67238554000005,47.18112,4
49.524723230000006,49.731934,4
47.00735150000003,47.75907,4
54.23304578,53.098114,4
52.05234902000001,48.50878,4
48.31645316000004,48.90098,4
51.59091632000002,48.295746,4
52.96837837999999,52.705376,4
49.575993530000005,50.394238,4
48.39506762000002,48.32451,4
46.05714194000001,50.44093,4
51.05428718000002,51.55504,4
52.65392054000006,52.262398,4
49.59821066000001,48.688385,4
51.94468139000003,51.755547,4
47.03127763999999,47.23382,4
51.493502750000005,50.71404,4
51.67294880000003,51.057705,4
43.05612038000004,46.23778,4
50.893640240000025,50.789173,4
50.06306138000002,51.512238,4
46.46388632000003,48.651745,4
50.26130654000002,48.701057,4
50.548420220000025,47.48274,4
50.23396237999998,51.276485,4
48.224166620000005,47.186577,4
45.10351436000002,46.149498,4
50.04597128,51.51352,4
49.13848697000003,46.93407,4
51.679784840000025,50.82131,4
49.97761088000004,50.870453,4
46.41261602000003,47.06414,4
48.64800109999999,48.257305,4
53.40588494000002,51.71747,4
51.44052343999999,50.288498,4
42.81344095999998,44.452812,4
54.37318460000006,52.614304,4
52.120709420000026,50.515285,4
48.34721534000005,50.868412,4
45.91358509999998,48.55743,4
45.99561758000005,47.036324,4
51.60287939,51.504726,4
49.48541599999999,51.33451,4
46.70998376,46.05426,4
54.46888916,50.707417,4
45.045408020000025,46.69501,4
52.41295013000001,51.05138,4
51.89512009999999,46.692158,4
53.84851852999998,52.75272,4
48.12162602000001,51.14131,4
49.982737910000026,50.625923,4
53.37854077999998,50.307777,4
47.01247853000001,48.764072,4
47.80545917000006,48.697186,4
48.41899376000004,49.712948,4
51.52597394000003,51.031796,4
50.35017505999997,51.429783,4
54.738912740000046,53.636395,4
49.83405404000001,51.90551,4
47.98490522000003,50.306606,4
51.55673611999998,51.14119,4
49.97248385,50.767654,4
52.756461140000056,52.993877,4
45.29492348000002,49.34463,4
51.50033879,52.959133,4
51.75839930000001,51.244934,4
54.72865868000002,52.438137,4
43.45944674000003,44.96587,4
50.42878952000001,50.6435,4
52.435167260000014,51.075684,4
50.36897417,47.874714,4
51.97031654,49.398174,4
51.97715258000005,51.518883,4
46.00758065000002,47.26847,4
51.795997520000014,50.986584,4
50.75350142000002,51.19998,4
53.46740929999999,52.43019,4
49.90754147000007,50.530952,4
51.61484245999998,49.80548,4
51.566990180000005,51.580105,4
48.504444260000014,49.646572,4
52.61803133000001,53.579086,4
49.76569364,50.146114,4
50.12458574000004,51.342083,4
49.06841756,50.036957,4
51.12435659000005,51.05034,4
47.18679755000005,48.411293,4
54.38343866000002,52.824505,4
46.5630089,49.31632,4
46.74245495000002,47.18204,4
47.667029360000015,49.95924,4
52.60606826000003,50.723793,4
50.45613367999999,48.93859,4
47.26712101999999,48.568546,4
48.71123447000002,49.491585,4
46.28956730000005,49.0096,4
51.37899908000003,50.363438,4
49.30084292000004,49.520123,4
50.06306138000002,49.195183,4
51.221770160000005,50.55049,4
54.75600284000001,53.627823,4
47.74222580000003,48.878445,4
53.00939462000002,51.95086,4
50.72615725999998,48.19505,4
54.97988314999998,53.987007,4
50.45442466999998,48.694717,4
51.40292522000004,47.217987,4
46.10841224000001,47.960163,4
47.56107073999999,49.043415,4
47.84305739000001,47.551796,4
51.10897550000004,51.179005,4
46.42457909000001,45.110596,4
44.40282026,45.386803,4
48.940241809999975,51.846626,4
47.36282558000005,49.459038,4
49.79303779999998,49.73224,4
49.28375282000002,51.37968,4
48.890680520000046,49.220116,4
50.83895192,49.582195,4
48.26518285999998,48.22215,4
48.84453725000003,46.38798,4
50.97054569,52.14035,4
49.63239085999999,48.807884,4
51.32089273999998,50.714058,4
52.729116980000015,52.083534,4
48.724906550000014,51.470737,4
48.85991834000004,49.38445,4
44.889888110000015,46.045696,4
52.63853945000005,51.06783,4
51.61142444000001,49.11681,4
50.76033746000002,49.489212,4
50.85775103000003,47.34766,4
53.46740929999999,54.01626,4
52.05576703999998,51.119347,4
52.28135636000002,50.894176,4
52.64366647999998,52.182037,4
52.682973710000056,49.057728,4
50.319412880000016,48.893494,4
50.17927406000001,48.406433,4
47.10647408,48.57594,4
49.21539242000006,50.11043,4
49.74518552000001,49.29429,4
48.85650032000001,47.848015,4
50.72615726000004,49.52737,4
50.30232278000005,51.947914,4
52.163434670000015,51.860077,4
53.85364556000002,53.512165,4
48.92486072000003,49.284836,4
48.357469400000014,49.501076,4
49.98273790999997,50.486122,4
48.20707651999999,48.96337,4
51.625096520000056,50.951195,4
49.649480960000005,49.6664,4
48.75225071,49.67338,4
50.03571722000004,51.802376,4
53.80579327999999,54.0422,4
50.42537149999998,50.235817,4
52.38218795,52.066906,4
49.564030460000026,48.9918,4
51.91904624000006,50.259377,4
54.19202954000002,53.955223,4
49.317933020000055,50.775463,4
39.63810037999997,42.93547,4
50.76717350000001,48.04234,4
44.91210524000002,45.01613,4
53.21789383999999,52.703304,4
50.098950590000015,49.527912,4
49.728095420000045,50.258663,4
46.89455684000001,46.439144,4
53.973276260000034,52.624588,4
51.29696660000002,49.318047,4
46.64162336000004,49.71207,4
48.63774704000002,49.631065,4
51.450777500000015,49.655712,4
47.84818442000005,48.682404,4
50.68001399000002,48.410164,4
50.842369940000026,50.54704,4
50.41169941999999,49.6075,4
46.32545650999998,48.732635,4
47.77298798000004,48.614204,4
54.27406201999997,51.32942,4
48.85650032000001,48.543556,4
44.10887054,46.048214,4
46.42628810000002,46.57784,4
49.75031255000005,48.345043,4
50.68855904000003,51.587418,4
52.043803970000056,50.396603,4
53.55285980000002,51.22404,4
48.32158019000002,49.061172,4
48.186568400000056,48.359325,4
48.80523002000001,49.531723,4
52.07969318000005,52.046055,4
52.53770786000001,54.004177,4
50.548420220000025,51.56257,4
46.31349344,46.681023,4
52.41807716000005,51.729187,4
50.21003624000002,50.655594,4
51.76010831000002,50.971687,4
49.63239085999999,51.039665,4
49.391420450000055,50.936005,4
52.10191031,50.59005,4
52.66930163000001,52.460236,4
53.23840196000003,52.62259,4
49.50592412000003,51.627544,4
50.24763446000003,48.62245,4
53.95276813999999,52.2709,4
50.62361666000004,50.264458,4
50.27156060000004,50.68996,4
52.58726915,51.467693,4
52.21641397999997,51.61701,4
49.394838470000025,52.014866,4
49.24615460000001,49.041134,4
49.15045004000001,49.216434,4
52.04209495999999,51.10612,4
49.81183691000001,51.161133,4
44.31395173999999,45.731735,4
46.70998376,48.175735,4
49.39654747999998,52.13049,4
53.877571699999976,53.336643,4
49.04790944000001,48.28546,4
49.03594637000003,50.461407,4
53.52722465,51.163204,4
46.13917442000002,49.312542,4
51.57040820000003,52.001816,4
48.34550633000004,49.00584,4
48.829156160000025,47.320423,4
54.70131451999998,50.81338,4
48.504444260000014,49.602924,4
52.10020129999998,51.055176,4
47.174834480000015,48.36525,4
49.440981739999984,51.03361,4
50.59969052000002,50.683968,4
52.05234902000001,50.90698,4
47.42776795999998,45.869804,4
51.47128562,51.774666,4
54.69106046000002,51.184982,4
42.898891460000016,47.361042,4
49.82038196000002,50.35111,4
45.67090568000003,49.43665,4
48.46342802000004,50.375156,4
50.25788852000005,50.14396,4
50.13313079000005,50.783943,4
48.10624493,48.71881,4
48.890680520000046,48.746593,4
46.80910634000003,49.530685,4
46.30323938000004,46.900192,4
47.28933814999999,45.753918,4
48.52153436000003,48.059418,4
51.46615859000002,51.11807,4
53.64514634,49.830627,4
50.07844247000003,51.113834,4
48.75737774000004,48.99206,4
48.309617119999984,48.465485,4
54.11683310000001,52.556095,4
49.57428451999999,47.886585,4
46.53053771000003,47.55264,4
47.39700578000003,49.574207,4
52.93078016000004,51.68371,4
49.92634057999999,50.726254,4
51.34140086000002,50.254246,4
44.146468760000005,46.02949,4
52.780387280000014,51.932613,4
50.52107606000004,49.340046,4
49.15386806000004,52.05392,4
46.56813593000004,48.862114,4
46.75954505000004,48.973293,4
49.90241444000003,48.979538,4
46.272477200000026,47.467308,4
54.39711074000002,52.40576,4
48.83257418,50.167023,4
47.72855372000004,47.06708,4
48.58305872000005,50.068447,4
52.10874635000005,51.031258,4
53.78870318000003,50.917397,4
48.96074993000002,51.253887,4
50.48347783999998,49.576447,4
52.288192400000014,51.080456,4
47.29275617000002,48.665886,4
52.508654690000014,51.1706,4
49.74518552000001,49.21891,4
51.80283356000001,51.483757,4
52.87950985999999,48.181385,4
45.52734884000006,47.07687,4
48.328416230000016,48.750423,4
53.55969584000002,51.27493,4
49.85114414000003,48.740124,4
45.69824984000002,48.20615,4
51.91562822000003,48.749634,4
49.02056528000003,51.096424,4
53.29309028,51.620987,4
46.07423204000003,48.071255,4
54.301406180000015,51.35879,4
53.37512276000001,51.52707,4
52.48472855000006,52.709534,4
47.41409587999999,46.923992,4
43.50046298000001,47.890118,4
51.252532340000016,50.925842,4
48.224166620000005,47.186577,4
52.46934746,52.35288,4
47.373079640000014,49.193657,4
46.48097642000005,46.870018,4
47.468784200000016,48.593235,4
51.037197080000055,49.23971,4
45.53589389000001,48.533813,4
46.617697220000025,47.22639,4
50.03571722000004,48.88651,4
49.0239833,50.509285,4
51.62167850000003,51.80289,4
46.92702803000003,50.613262,4
48.10624493,48.868427,4
46.17164561000004,47.519573,4
50.75862845,50.07137,4
44.932613360000005,44.290325,4
51.61142444000001,51.89483,4
47.38333369999998,49.46125,4
50.84578796000005,51.723248,4
48.06693770000004,48.7339,4
52.51378172,49.46912,4
50.319412880000016,46.11977,4
51.70371097999998,51.218246,4
49.584538580000014,46.846664,4
47.60037797000001,47.259056,4
48.38823158000002,49.059498,4
49.11285182000006,48.29607,4
47.38675172000001,51.32067,4
49.437563720000014,49.10414,4
48.93169676000002,46.061417,4
52.04209495999999,51.19019,4
45.94434727999999,47.050755,4
50.20661822,49.105186,4
50.85262399999999,48.51965,4
49.54352233999998,49.172832,4
50.32624892000001,52.129948,4
52.94445224000003,52.98006,4
51.15511877000006,50.468018,4
48.31474415000002,48.60111,4
50.60994458000005,50.502026,4
50.39460932000003,47.34943,4
50.99618084000002,47.60621,4
51.85068583999998,51.33556,4
46.24855106000001,46.934425,4
52.98546848000001,53.32287,4
53.14098839000002,52.018974,4
46.504902560000005,48.30174,4
52.59923222000003,50.947285,4
46.535664740000016,46.44264,4
52.73595302000001,51.981636,4
43.17404207000004,47.125126,4
50.24763445999997,50.574677,4
52.88805491000005,51.68404,4
52.52745379999999,50.429184,4
50.172438020000016,51.805977,4
51.252532340000016,50.148968,4
51.38925314,50.76266,4
52.39415101999998,49.997257,4
46.67238553999999,50.37238,4
51.29013056000002,52.01304,4
47.22781379000003,48.135414,4
47.550816680000025,49.854843,4
49.796455820000006,51.02255,4
49.05303647000005,49.75082,4
47.00735150000003,48.061356,4
50.890222220000055,48.673073,4
49.541813330000025,49.788048,4
53.973276260000034,51.0642,4
51.72080108,52.190636,4
47.918253830000026,48.711304,4
47.50980044000005,47.182762,4
49.36236728000006,48.707306,4
54.65346224000001,52.704464,4
48.453173960000015,49.369255,4
54.65346224000001,53.29197,4
48.67534526000003,46.573475,4
51.66953078000006,52.133118,4
50.927820440000005,50.876472,4
54.48939728000005,52.792114,4
49.66828007000004,48.62012,4
51.47812166,50.717728,4
49.7075873,50.515285,4
47.26712101999999,49.260998,4
48.651419120000014,50.52599,4
43.33639802000005,48.137074,4
49.89899642,49.250538,4
50.58601844000003,51.56459,4
50.65266983000004,50.683765,4
53.55627781999999,51.248623,4
47.59525094000003,50.366356,4
53.14611542,51.05258,4
47.00051546000003,50.220367,4
43.68161803999999,44.785225,4
43.654273880000005,45.739487,4
49.59821066000001,50.30425,4
54.57142976,50.81058,4
52.37364290000005,54.004177,4
49.355531240000005,51.802376,4
53.37683177000002,51.56134,4
47.584996880000006,48.25708,4
53.64856436000002,53.14427,4
53.87073566000004,52.93394,4
50.33650297999998,47.65281,4
49.758857600000056,50.290882,4
51.26962244000004,51.177914,4
44.40965630000005,47.141563,4
52.93078016000004,51.257877,4
46.6655495,47.316284,4
53.02990274000001,53.02862,4
54.250135880000016,53.882484,4
49.77252968000005,50.587143,4
53.48108137999998,51.064552,4
49.256408660000034,49.119286,4
49.04107340000007,49.672806,4
46.50148453999998,49.13482,4
45.84864272000004,47.00036,4
47.896036700000025,48.611214,4
52.39927805000002,51.410206,4
52.90001798000003,50.57164,4
51.98398861999999,51.57706,4
46.01099866999999,45.22749,4
46.6655495,47.039085,4
48.71977952000003,48.755016,4
52.96154234,50.123066,4
51.597752360000015,49.331337,4
46.54933682000001,48.46131,4
48.37285049000002,50.56672,4
50.738120330000015,48.240395,4
50.28010565,49.894455,4
50.39802734,48.864456,4
52.500109640000005,52.229355,4
48.52153436000003,48.898167,4
51.82334168,48.511826,4
51.73789118000002,51.38767,4
52.26084824000003,52.21495,4
51.02865202999999,51.65895,4
45.41113616000001,49.232315,4
42.96041581999998,48.578686,4
53.70325267999999,53.98134,4
46.33912859000003,48.452625,4
52.86241976000002,51.50994,4
52.97863244000001,52.69541,4
53.06750096000002,52.616932,4
48.71977952000003,48.69317,4
50.46980575999999,50.195663,4
47.62772213000005,48.861553,4
48.28398197000001,48.59201,4
53.438356130000045,52.730103,4
44.48485274000001,46.651527,4
51.49521176000002,50.73604,4
43.16891504,47.473618,4
50.87313212000004,51.625607,4
47.95756105999999,48.912518,4
46.31349344,47.683544,4
51.399507200000016,50.663048,4
48.35063336000002,49.507576,4
48.46684604000001,49.748795,4
50.370683180000015,50.60224,4
52.74278906000001,52.401424,4
49.62726383,51.631012,4
52.20957794000003,50.009907,4
54.26380796000001,53.985313,4
54.04163666,52.37111,4
52.90001798000003,49.66716,4
51.481539680000026,51.234505,4
54.16126736000001,51.789852,4
52.23008606000002,50.09994,4
51.58408028000002,51.25959,4
54.44154500000002,52.965782,4
49.49567006000001,50.251396,4
52.77355124000002,51.137203,4
44.67113483000003,47.6309,4
48.829156160000025,51.143467,4
47.68411946000003,49.50214,4
45.506840720000014,46.36118,4
51.56015414000001,51.563457,4
52.87096481000003,50.347645,4
53.33581553000005,51.283604,4
49.010311220000006,48.480293,4
44.06443628,46.79496,4
42.276811820000034,44.731533,4
52.038676940000016,49.393223,4
53.02648471999999,50.772896,4
54.03309160999999,51.905846,4
53.11877126000002,52.192333,4
54.51161440999999,50.698547,4
47.82084026000001,47.915035,4
50.34675704000006,52.85656,4
49.270080740000026,50.42319,4
42.51265520000004,44.434258,4
53.85364556000002,53.809753,4
46.258805120000034,46.79535,4
50.927820440000005,47.869873,4
51.040615100000025,50.100533,4
51.3824171,51.50109,4
52.90001798000003,51.26912,4
47.819131250000055,48.982708,4
49.649480960000005,51.63598,4
53.54260574,53.924744,4
48.63774704000002,47.043575,4
49.32647807000001,48.476803,4
42.53316332000003,45.070538,4
48.077191760000005,48.915024,4
51.50888384000001,51.563744,4
48.06693770000004,48.051537,4
49.41363758,50.262867,4
50.73641132,50.939354,4
45.24365318000002,45.952698,4
51.95322643999998,50.096367,4
42.88521938000002,45.61209,4
52.30870052,51.92555,4
54.46547113999998,52.27897,4
46.87063069999999,46.72837,4
46.764672080000025,43.013935,4
52.07627516000002,50.76374,4
52.81798550000002,50.614082,4
54.98842820000005,52.867992,4
52.33946270000001,52.590385,4
53.06066492000002,52.138783,4
50.20490921000004,49.504623,4
46.80910634000003,49.168846,4
51.16879084999999,51.563885,4
48.82573814,48.750282,4
50.116040690000034,53.127487,4
53.60242109000001,51.550064,4
50.52791209999998,50.263977,4
53.94251408000002,52.74326,4
53.21789383999999,51.88322,4
48.97954904000005,46.1469,4
52.84703867000002,50.782093,4
52.73937104000004,51.818924,4
51.04403312,50.45616,4
50.88680420000003,51.040096,4
50.59969052000002,50.86614,4
53.50842554000002,51.709133,4
49.680243140000016,50.857655,4
54.81069116000003,51.214146,4
53.33410651999998,52.110413,4
52.301864480000006,49.972298,4
45.63672548,49.504314,4
48.65825516000001,52.34378,4
49.758857600000056,52.065887,4
53.80237526000002,51.24434,4
49.28375282000002,49.662434,4
47.53030855999998,49.006153,4
53.46740929999999,51.346992,4
45.93409322000002,48.99874,4
45.556402010000056,46.852757,4
52.63683044000004,50.9538,4
53.38879484000006,51.27571,4
52.802604410000015,51.565865,4
52.45909340000003,51.801346,4
48.19682246000002,50.014267,4
53.25891008000002,52.053677,4
52.97521442000004,53.25558,4
49.05816349999998,48.80137,4
51.54648206000002,51.919956,4
52.621449350000034,51.212227,4
53.96985824000001,54.024246,4
49.96735682000002,49.586403,4
53.02990274000001,51.383427,4
52.288192400000014,52.356735,4
53.09142710000003,51.07347,4
51.10897550000004,50.482338,4
45.10351436000002,45.858986,4
46.53737375000003,48.85741,4
47.44485806,48.37472,4
46.829614460000016,48.221767,4
49.83405404000001,51.27158,4
47.49441935000005,48.774788,4
52.68468272000001,51.38475,4
50.01862712000002,50.451073,4
53.11706225,51.710926,4
52.462511420000055,51.528957,4
51.46444958000001,49.131893,4
43.25778356000001,47.046364,4
50.71419419000006,51.531414,4
52.76671520000002,52.173534,4
49.63239085999999,50.616264,4
49.143614000000014,50.553078,4
50.71248518000005,51.303295,4
46.85695862,52.283066,4
48.62065694,48.92864,4
48.92656973000004,49.55516,4
51.35336393,48.918037,4
49.321351040000025,51.82433,4
50.50227695000001,49.701977,4
47.28933815000005,48.17615,4
45.45898844000004,48.94622,4
48.90777062000001,51.512608,4
50.55183824000005,47.357178,4
49.77765671000003,49.055233,4
54.89955968000004,53.463455,4
50.59969052000002,49.95035,4
46.84328654000001,48.976875,4
45.96143738000001,44.733326,4
46.23829699999999,47.357178,4
51.52597394000003,49.465767,4
48.518116340000006,49.938145,4
46.20411680000007,48.701233,4
50.163892970000006,48.915886,4
45.99561758000005,47.603973,4
49.65289898000003,48.720127,4
47.43118598000001,48.91351,4
49.661444029999984,47.53526,4
51.44052343999999,49.041595,4
49.1777942,51.09693,4
47.844766400000026,51.459213,4
54.55775768000001,50.883793,4
48.99322112000005,50.567764,4
50.55525626000002,50.47071,4
50.92440241999998,52.197083,4
49.66998908000005,48.56282,4
46.71681980000005,48.210487,4
51.05770519999999,49.62824,4
52.38731498000004,52.038383,4
48.01566740000004,48.608646,4
50.08869653000005,49.07509,4
46.233169970000006,47.31211,4
47.53885361000005,49.702564,4
53.32727048000004,52.13571,4
48.09769988000005,49.357094,4
49.77594770000002,49.07487,4
54.54579461000003,51.74277,4
50.26643357,50.480915,4
51.4849577,53.927322,4
49.13677796000002,50.52174,4
52.04551298000001,51.388218,4
48.60698486000001,50.232014,4
47.38333369999998,50.011868,4
44.889888110000015,44.548836,4
54.72865868000002,50.440624,4
54.6295361,53.84469,4
49.24786361000002,50.948853,4
51.532809980000025,51.641285,4
53.92884200000003,52.72106,4
48.79497595999999,50.331806,4
52.41124112,51.97656,4
46.99026140000001,46.164074,4
44.66600779999999,44.990902,4
51.90195614000004,49.298264,4
54.80385511999998,50.613262,4
51.58066226000005,50.07492,4
52.27452032000002,49.726585,4
51.00301688000002,51.11953,4
53.46740929999999,50.162533,4
53.313598400000046,53.71396,4
50.71932121999998,48.693935,4
47.54398064000003,48.510395,4
52.15830764000003,50.282932,4
52.414659140000026,50.99273,4
49.14532300999997,49.76754,4
51.23544224,49.909237,4
52.52916281,51.144997,4
47.46194816000002,50.959743,4
48.72319754,50.744804,4
51.48837572000002,48.43738,4
53.52209762000001,51.99746,4
53.47082732000001,51.10808,4
45.20263694000005,47.146698,4
50.99618084000002,48.97668,4
50.545002200000056,49.261692,4
49.59479264000004,48.863472,4
51.77036237000004,50.249283,4
52.39756904000001,51.742443,4
50.13825782000004,49.333416,4
54.57484778000003,53.29497,4
50.07331543999999,49.46934,4
45.127440500000034,45.334084,4
50.02888117999999,50.12259,4
51.12948361999997,49.933273,4
45.96485540000003,47.962536,4
49.95368474000003,48.840206,4
46.69289365999998,47.07708,4
45.62818042999999,47.319744,4
52.64024846000007,50.926388,4
53.69641664000005,51.46601,4
49.32818708000002,51.04734,4
52.07969318000005,50.397057,4
54.444963020000046,50.47322,4
52.462511420000055,50.004585,4
51.79770653000003,51.846947,4
53.47766336000001,51.347095,4
52.13438150000002,51.33862,4
50.85604202000002,50.47455,4
52.19248784000001,48.70957,4
47.86356551000006,50.52397,4
46.36476374000006,49.55534,4
50.11091366000005,50.518044,4
48.71977952000003,49.804836,4
49.54864937000002,48.580353,4
50.53133012000001,49.480976,4
52.8521657,51.459526,4
48.704398430000026,48.727333,4
50.15534792000005,50.220963,4
54.74574877999999,53.976707,4
50.31257684000002,51.76756,4
51.38070809000004,50.157677,4
47.5542347,49.229866,4
41.63764207999998,42.972282,4
50.39460932000003,50.980762,4
54.301406180000015,50.8627,4
48.40532168000004,48.49494,4
49.42389164000002,47.02807,4
43.62692972000002,45.133343,4
51.38925314000005,51.250854,4
43.98923983999998,43.013935,4
52.91710807999999,53.04304,4
49.62213680000002,50.1173,4
47.85160244000002,52.299015,4
47.70291857000001,48.12623,4
48.13188008000003,47.48667,4
46.11183026000003,46.6883,4
52.31211854000003,49.19565,4
51.63193256,50.847202,4
50.66805092000004,50.713993,4
50.01179108000002,51.845406,4
54.00403843999999,51.86652,4
54.81752720000003,54.019924,4
52.206159920000005,51.948605,4
50.50398596000002,49.760654,4
50.43391655000005,49.640675,4
52.141217540000014,48.179653,4
46.05372392000004,47.869938,4
49.31964203000007,51.719223,4
48.18485939000004,49.316082,4
54.06385379,50.476032,4
54.75258482000004,53.985783,4
47.09963804000006,48.998665,4
54.44667203000006,51.109383,4
49.96052078000002,48.687828,4
52.120709420000026,51.410404,4
53.105099180000025,51.43879,4
52.16514368000003,49.729282,4
48.85308229999998,50.214397,4
48.62065694,50.85051,4
48.55058753000003,48.72267,4
53.33923355000002,51.58383,4
46.22804294000002,48.117287,4
51.69687494000004,51.011448,4
49.170958160000055,51.05801,4
49.37603936000005,49.79123,4
53.08971809000002,50.467857,4
49.83063602000004,51.797306,4
46.05030590000001,49.139553,4
48.07377373999998,50.201206,4
54.65688025999998,51.568783,4
52.141217540000014,51.082794,4
50.11091366000005,49.10957,4
51.62167850000003,50.597477,4
46.31349344,47.683544,4
51.63193256,50.847202,4
52.34288072000004,51.33946,4
50.72615726000004,51.03904,4
50.828697860000034,50.26181,4
42.82369502000006,45.85303,4
51.50717483000005,50.611763,4
46.945827140000006,48.1206,4
52.609486280000056,50.342415,4
47.63455817000005,48.708656,4
53.019648680000046,51.729187,4
48.82232012000003,51.25417,4
50.56551032000005,51.072662,4
50.68514102000006,50.03479,4
47.16287141000004,48.035713,4
44.52074195,48.438793,4
53.06750096000002,51.327194,4
47.15432636000003,51.513275,4
47.244903890000046,50.711,4
51.92246425999997,51.475033,4
44.19432103999998,46.906555,4
48.42924782,50.187683,4
51.08504936000003,50.06692,4
41.55048256999999,46.94092,4
47.00051545999997,47.14081,4
53.18371364000001,49.768005,4
51.45419551999999,50.53099,4
51.16195481,51.106644,4
46.63136930000002,48.613243,4
47.36453459000006,48.293358,4
50.53133012000001,52.0839,4
52.13779952000005,51.539543,4
49.601628679999976,50.678673,4
49.21539242000006,50.37037,4
47.09622002000003,48.311916,4
51.888284060000046,51.55785,4
49.12994192000002,47.24193,4
48.31474415000002,51.446663,4
50.84749697000001,50.104183,4
50.90389430000005,51.026325,4
54.69789650000001,50.778492,4
50.288650700000005,48.395428,4
54.19202954000002,53.341637,4
54.09290696000005,53.25967,4
49.74689453000002,50.45318,4
47.25003092000003,49.11869,4
54.84828937999998,53.714252,4
48.07035572000001,49.73454,4
49.24615460000001,48.47459,4
52.70177282000003,52.172646,4
50.370683180000015,47.225883,4
43.60983962,48.548676,4
51.71738306000003,51.61457,4
48.43608386000005,46.263027,4
47.90287274000002,48.074387,4
53.6895806,50.978504,4
47.93363492000003,48.33453,4
50.26472455999999,48.615738,4
50.94149252,51.645714,4
51.62167850000003,51.74201,4
46.90481090000003,48.827057,4
53.21447582000002,52.044746,4
51.20126204000002,49.398212,4
53.84339150000005,51.157192,4
54.48597926000002,53.942074,4
53.06750096000002,53.054077,4
49.31964203000001,49.213,4
53.317016420000016,53.354225,4
48.60356684000004,50.45681,4
50.63045269999998,50.62285,4
48.37455950000003,48.904724,4
50.203200200000026,49.29752,4
49.9126685,50.599384,4
52.452257359999976,51.298527,4
46.405779980000034,48.1794,4
48.10624493,45.277645,4
51.62167850000003,50.58175,4
48.72319754,52.216328,4
54.171521419999976,51.46918,4
51.24911431999999,50.88906,4
53.38879484000006,51.832584,4
44.68993394000006,46.926704,4
47.55765272000002,50.426155,4
49.49908807999998,50.537605,4
48.24809276000002,49.684395,4
51.56869919000002,51.150078,4
46.08448610000005,47.014618,4
50.77059152000004,50.90229,4
46.651877420000005,48.318565,4
50.77400954000001,50.802116,4
47.32522735999999,47.340607,4
51.06454124000004,51.081688,4
50.13825782000004,50.35028,4
43.08517355000004,44.2531,4
52.19932388000001,50.488976,4
49.49737907000002,50.316296,4
47.63626718,51.28528,4
49.24957261999998,50.109196,4
46.92190100000005,45.79882,4
43.54489724000001,44.3917,4
49.74689453000002,49.245415,4
51.39608917999999,51.48995,4
51.92417327000004,51.48028,4
51.70883801000002,50.963856,4
53.06237393000004,51.59016,4
53.62122020000004,52.520298,4
45.99561758000005,47.656178,4
51.399507200000016,52.020782,4
51.85410386000001,50.801083,4
49.905832460000056,50.14857,4
51.368745020000006,49.831097,4
48.52495238000006,50.021408,4
51.50888384000001,50.177593,4
49.10601578000001,49.038704,4
53.13415235000002,53.488598,4
51.63535058000002,51.746273,4
47.21926874000002,48.53774,4
50.695395080000026,50.352657,4
47.65677529999999,48.639847,4
48.34379732000002,48.73543,4
52.081402190000006,50.995434,4
45.67090568000003,46.18605,4
54.83803532000002,50.76016,4
47.59525094000003,49.206562,4
50.50398596000002,50.90972,4
53.433229100000005,52.091953,4
50.34504803000005,49.342773,4
49.43927273000003,49.55352,4
51.95835347000002,51.177986,4
46.11524828000006,48.55872,4
49.511051150000014,51.37899,4
49.606755710000016,48.258015,4
48.627492980000056,51.16342,4
42.96725186000003,44.9486,4
54.41420084000004,53.404022,4
54.94912097000002,50.724613,4
52.77013322000005,53.966343,4
46.405779980000034,45.898483,4
48.35405137999999,48.938835,4
44.53270502000004,48.072803,4
53.59729406000002,52.046673,4
49.70075126,50.39017,4
52.946161250000046,49.230053,4
52.17881576000002,51.549995,4
51.63022354999998,51.787098,4
50.707358150000005,49.045925,4
54.36976658000003,53.341637,4
48.0327575,49.836716,4
47.19705161000002,47.70432,4
49.75714859000004,50.668465,4
47.65677530000005,49.521416,4
52.88634590000004,50.32528,4
45.75293815999999,47.17203,4
48.55913258000004,49.374916,4
51.52597394000003,50.048214,4
47.68411946000003,48.085476,4
48.34379732000002,49.780586,4
52.99743154999999,51.260796,4
54.53383154000005,51.246696,4
53.000849570000014,51.416985,4
54.72524066000005,50.8368,4
48.012249380000014,48.509445,4
48.93853280000002,47.38229,4
49.78791077,50.730564,4
46.20069878000004,46.41741,4
41.60004386000003,44.73967,4
52.48985558000004,50.604202,4
44.21482916000002,46.933216,4
46.4604683,46.464943,4
49.88874236000004,50.35503,4
52.0147508,50.02458,4
52.88976392000001,49.474167,4
44.19432103999998,44.368526,4
52.08652921999999,51.551907,4
48.96245894000003,49.18087,4
49.57428451999999,49.97353,4
53.35803265999999,51.95455,4
47.63455816999999,49.837196,4
52.41807716000005,51.61071,4
43.32614396000002,44.400913,4
48.88042646000002,47.869045,4
48.820611110000016,49.704388,4
51.82505069000001,51.78898,4
46.26393215000002,47.030434,4
51.502047800000014,52.362225,4
53.92884200000003,50.421986,4
52.36338884000003,49.24751,4
52.35655280000003,53.280025,4
49.96735682000002,49.538097,4
50.59969051999997,51.03898,4
50.36555615000003,50.51391,4
47.54568964999999,50.42845,4
48.88726250000002,51.901707,4
48.3403793,49.67015,4
50.77400954000001,50.802116,4
49.533268280000016,50.339718,4
53.23840196000003,50.63566,4
51.4336874,50.177364,4
44.30027966,46.55455,4
49.796455820000006,52.281414,4
46.64845939999998,47.853752,4
49.02740132000002,49.33922,4
51.08846738,51.490723,4
49.343568170000026,49.06712,4
45.127440500000034,47.56536,4
47.166289430000006,47.816803,4
52.78209629000003,52.16402,4
53.93567804000003,52.738285,4
45.865732820000005,50.078396,4
44.47801670000001,45.35544,4
50.15534792000005,49.181747,4
42.91256354000001,44.460243,4
50.596272500000055,49.86879,4
50.48689586,49.85015,4
52.46934746,51.734287,4
54.55433965999998,50.75839,4
49.796455820000006,49.734814,4
47.318391320000046,46.844738,4
50.99618084000002,51.03173,4
50.77400954000001,50.39024,4
46.829614460000016,51.561737,4
49.48883402000001,48.795376,4
52.68810073999998,51.02002,4
47.52347252000004,49.282173,4
49.18463023999999,52.14636,4
50.65096082000002,51.383762,4
52.72569895999999,49.316887,4
48.61040288000004,48.668972,4
54.58510183999999,53.13874,4
51.38070808999999,50.917843,4
46.14430145,45.81575,4
48.47368208,48.469593,4
50.94491054000002,53.21756,4
51.61313345000002,48.962883,4
48.66850922000003,49.114197,4
50.94149252000005,51.74746,4
51.18246292999999,48.208515,4
54.301406180000015,53.623615,4
53.074337000000014,50.641117,4
49.77936571999999,49.814175,4
50.64070676000006,50.48623,4
45.831552620000025,47.09711,4
48.06351968000001,51.40208,4
54.609027980000064,49.070045,4
53.29992632000005,51.122753,4
46.272477200000026,48.598034,4
51.34994591000003,51.689835,4
46.58009900000002,48.351562,4
51.074795300000005,51.364376,4
54.55775768000001,54.01626,4
51.66953078000006,51.85693,4
50.48005982000001,50.8388,4
47.83451234000006,49.98594,4
50.49373190000006,51.191803,4
45.08642426,47.501163,4
49.34869520000001,49.598194,4
54.97817414000002,53.952923,4
54.84487136000001,53.92545,4
51.76523534,51.227272,4
50.28010565,52.153214,4
47.21585072000005,47.96974,4
49.53668630000004,51.149487,4
44.18064895999999,46.260815,4
47.44485806,50.206684,4
49.30255193000005,50.151634,4
49.680243140000016,47.611286,4
48.36772345999998,48.696358,4
50.350175060000026,49.76674,4
51.14315570000002,51.843082,4
47.373079640000014,48.15676,4
46.75441802,48.369125,4
52.83165758000001,50.79514,4
52.66417460000002,51.48728,4
52.96325135000001,51.805134,4
52.87950985999999,49.29815,4
49.39654747999998,51.253597,4
53.72376080000004,50.021244,4
50.743247360000055,50.273624,4
48.95220488000001,50.31327,4
51.41659730000004,50.510406,4
51.83359574000002,50.622128,4
45.85206074000001,43.034035,4
50.435625560000005,48.91501,4
53.18884066999999,51.459652,4
47.19192457999998,47.344418,4
45.8281346,42.58154,4
51.62338751000004,51.516136,4
48.57964070000003,49.609688,4
49.67682511999999,49.094078,4
49.290588860000014,51.357864,4
45.95801935999998,46.960384,4
52.06602110000006,52.234055,4
54.82778126,51.473835,4
54.87905155999999,51.109097,4
46.86379466000005,49.691116,4
50.59285448000003,51.59388,4
47.57645183,47.608135,4
50.69368607000001,50.18483,4
46.23487898000002,45.79267,4
51.39267116000002,50.063652,4
45.05908010000002,47.18113,4
49.437563720000014,51.083424,4
54.81410918000006,53.867897,4
50.12800376000001,50.843487,4
50.34504803000005,50.564377,4
52.154889620000006,50.403496,4
49.43243669000003,50.97109,4
45.84180668000005,48.906452,4
52.214704970000014,50.835194,4
54.36805757000002,53.38544,4
51.99424268000001,51.1659,4
50.613362600000016,50.527275,4
50.38777328000003,49.33024,4
54.270644,51.835327,4
49.39996550000001,48.753483,4
52.33775369,51.64135,4
49.256408660000034,50.214363,4
50.19978218000006,49.322765,4
49.66828007000004,49.813328,4
49.39996550000001,51.30714,4
53.86731764000001,52.397556,4
50.06306138000002,48.914246,4
48.297654050000006,50.21832,4
52.15147160000004,49.907696,4
54.63295412000002,50.835285,4
48.24467474000005,50.77119,4
52.77355124000002,52.036022,4
48.20707651999999,51.205696,4
54.58510183999999,54.009823,4
52.83678461,51.74403,4
50.52107606000004,48.15621,4
46.81423337000001,48.930138,4
50.25788852,50.800095,4
49.98957395000002,49.53493,4
45.83838866000002,48.27227,4
53.59729406000002,53.43519,4
49.69049719999998,47.217247,4
54.12366914,53.066948,4
50.60994458000005,48.860252,4
49.76056661000001,50.593334,4
44.99755574000005,46.447903,4
50.82186181999998,51.191444,4
49.86823423999999,50.1129,4
50.22541733000003,51.041256,4
49.96393880000005,51.745102,4
52.29502844000001,51.788757,4
51.14999174000002,50.40989,4
45.036862970000016,46.87904,4
50.69197706,51.609497,4
50.23054436000001,49.159866,4
48.871881410000015,50.99252,4
49.65973502000003,50.968277,4
50.00495504000003,50.213154,4
47.72855372000004,48.519253,4
45.12914951000005,47.041,4
46.369890769999984,47.150173,4
53.14953344000003,50.919315,4
48.36772345999998,50.428486,4
50.55696527000004,50.212612,4
53.28967226000003,51.27022,4
51.94980842000001,51.402462,4
49.27349876000005,50.390762,4
49.25982668,48.636086,4
47.00906051000004,48.841507,4
50.613362600000016,49.539406,4
48.47026405999998,48.516,4
51.34140086000002,48.098335,4
52.435167260000014,51.974983,4
50.172438020000016,52.771397,4
49.49908807999998,51.009045,4
52.38731498000004,50.4085,4
53.88098972,52.223267,4
52.154889620000006,51.937065,4
51.90537416000001,50.8565,4
50.548420220000025,51.437866,4
47.93705294,48.089603,4
49.19146627999999,49.668,4
51.72080108,51.75941,4
52.18223378000005,49.365883,4
50.24763446000003,50.239384,4
49.434145700000045,50.90918,4
54.05189072000002,51.05199,4
47.77298798000004,52.671204,4
54.05872676000001,53.1415,4
48.79155794000002,46.966824,4
45.82471658000003,49.324486,4
47.69437352,48.55879,4
47.63626718,49.547684,4
54.24671785999999,53.25558,4
51.68662088000002,49.44438,4
49.11968786,50.267193,4
51.67636682,51.36849,4
50.034008210000025,53.124115,4
52.50352766000003,51.133507,4
48.07035572000001,47.913548,4
50.989344800000026,50.693077,4
52.31211854000003,50.11043,4
53.53576970000006,52.0923,4
45.506840720000014,47.61458,4
48.85991834000004,49.390377,4
52.67101064000002,51.575222,4
50.11774969999999,50.983356,4
53.46057326000005,53.277435,4
52.647084500000005,51.374634,4
52.76158816999998,51.961346,4
48.46342802000004,50.52386,4
50.94832856000005,49.56615,4
52.93419818000001,52.612026,4
52.47276548000002,51.70801,4
52.93419818000001,50.61537,4
50.03571722000004,49.351826,4
51.43368740000005,51.01821,4
51.05599619000003,49.463825,4
45.13940357000001,44.491726,4
44.14988678000003,45.3117,4
46.74587297000005,46.206406,4
41.51801138000002,43.004383,4
51.80625157999998,51.802376,4
48.29594503999999,49.141018,4
50.288650700000005,48.435272,4
43.36545119000005,44.48582,4
50.00153702,52.581978,4
50.025463160000015,50.511017,4
48.94024181000003,51.1078,4
50.06647939999999,51.21017,4
48.57280466000003,50.089508,4
49.70246027000002,48.943897,4
47.88920066000003,49.16967,4
53.30676235999999,51.012577,4
52.86925580000002,53.46892,4
50.50398596000002,50.166782,4
46.436542160000045,48.793934,4
48.84624626000004,50.277313,4
49.84089008000001,49.92336,4
46.94924516000003,46.067467,4
54.81752720000003,50.808254,4
47.352571520000026,46.943886,4
49.62213680000002,47.21832,4
48.96245894000003,50.873802,4
52.93761619999998,52.18592,4
49.29913391000002,49.946568,4
50.45613367999999,50.294518,4
52.99572254000003,52.03433,4
50.35359308,51.729076,4
47.90287274000002,48.771194,4
49.03081934,48.074078,4
50.72615726000004,53.334328,4
52.15147160000004,51.67781,4
54.004038440000045,51.63598,4
50.095532570000046,50.209206,4
48.871881410000015,49.01141,4
49.30938796999999,49.50392,4
53.72376080000004,52.495876,4
52.83165758000001,51.296394,4
49.41534659000001,51.077267,4
52.29844646000004,51.23866,4
48.43950188000002,45.28551,4
52.86583777999999,52.134716,4
51.42343334000003,51.67528,4
50.315994860000046,51.096622,4
50.92952945000002,50.86075,4
51.00985292000007,48.697792,4
47.53714460000003,48.32588,4
52.20274189999998,50.98354,4
47.76273392000002,45.0404,4
47.27053904000002,49.43416,4
49.28887985,49.51651,4
50.62532567000005,50.197384,4
50.96029163000003,51.2462,4
51.36190898000001,51.744667,4
47.38333369999998,47.343376,4
48.71123447000002,49.955303,4
51.69003889999999,48.11665,4
45.53589389000001,47.0492,4
48.29936306000002,48.282974,4
48.95562289999998,50.032467,4
49.041073400000016,48.85936,4
52.02842288,51.543716,4
49.43072768000002,50.257347,4
51.05941421,51.5655,4
52.612904300000025,48.91633,4
42.596396690000006,44.94086,4
54.626118080000026,52.53287,4
49.27691678000002,50.48338,4
54.08948894000002,52.237877,4
54.6295361,53.42229,4
54.16126736000001,53.924744,4
48.777885860000026,51.560303,4
52.448839340000006,50.622635,4
50.81844380000001,49.689327,4
52.28477438000005,51.633854,4
50.95174658000002,51.43008,4
52.42320418999998,50.85821,4
52.68810073999998,51.043953,4
51.80625157999998,51.57932,4
48.96587696,49.355675,4
52.06602110000006,51.179565,4
52.903436000000056,50.472164,4
53.50842554000002,51.386192,4
52.91710808000005,50.69097,4
46.730491880000045,50.021603,4
51.25424135000003,52.134052,4
50.73299330000003,50.846672,4
49.96564781000001,51.41534,4
53.515261580000015,51.776882,4
50.27839663999998,50.803757,4
49.32476906,50.358368,4
47.04836774,47.192677,4
52.58897816000001,52.045925,4
51.75156326000001,50.403683,4
51.87119396000003,49.77769,4
50.02888117999999,48.710323,4
51.2798765,50.90075,4
51.57724424000003,50.476944,4
49.93317662000004,50.416443,4
48.003704330000005,47.027134,4
51.27816748999999,52.053364,4
52.431749240000045,52.027687,4
50.10407762,49.63695,4
54.39027470000002,51.52955,4
54.3219143,51.926147,4
47.00735150000003,48.222084,4
53.08288205000002,51.302795,4
50.48005982000001,51.268223,4
49.77082067000004,50.85808,4
53.33581552999999,50.432915,4
46.67238554000005,49.801865,4
43.60983962,44.645683,4
51.68320286000005,50.599384,4
53.09484512000006,50.364777,4
52.68126470000004,49.655766,4
50.409990410000034,49.867115,4
49.63580888000001,48.624065,4
48.95049587,50.59245,4
49.36236728000006,51.79392,4
51.25595036000004,50.99838,4
50.33650297999998,48.568546,4
53.15978749999999,52.31997,4
50.82527984000001,51.05913,4
45.08129723000002,48.16496,4
50.77230053000005,51.509514,4
45.91187609000002,49.31155,4
45.35302982000002,48.541656,4
52.48643756000001,51.367416,4
51.64218662000002,51.08168,4
54.05189072000002,50.61276,4
50.01179108000002,48.858715,4
43.50559001000005,49.63639,4
45.56665607000002,46.25247,4
48.254928800000016,49.63613,4
48.851373290000026,51.10626,4
52.61461330999998,51.417442,4
53.61780218000001,52.488483,4
51.95664446000001,51.290447,4
48.32328919999998,48.96099,4
52.73766203000002,51.923477,4
48.254928800000016,48.732727,4
49.66657106000002,49.33227,4
51.92930030000002,51.23605,4
44.89501514,45.029892,4
53.62122020000004,52.40742,4
48.14384315000001,48.643803,4
54.171521419999976,51.264824,4
51.88315703000001,52.20867,4
51.19100798,50.183422,4
51.355072940000014,50.422543,4
52.18223378000005,51.75619,4
51.08846738,48.551273,4
52.76329718,50.79572,4
51.34481888000005,50.4695,4
53.17687760000001,51.574738,4
49.54352233999998,50.319717,4
50.80477172000002,53.19019,4
44.90185118,47.971447,4
52.63341242000001,52.715477,4
53.4844994,51.270763,4
50.63045269999998,52.081608,4
51.15511877000006,49.41271,4
46.96975328000002,47.756153,4
51.85752188000004,51.516125,4
51.49179374000005,50.35978,4
54.92690384000002,50.90937,4
50.17585603999999,50.434124,4
51.19784402000005,50.21565,4
47.37991568000001,47.063316,4
51.303802640000015,49.133648,4
52.47618350000005,49.740944,4
48.98467607000004,50.617676,4
49.76569364,48.81625,4
51.40292522000004,51.254757,4
49.581120560000045,49.07204,4
49.502506100000005,49.884693,4
48.80864803999998,51.580727,4
45.75635618000001,47.623917,4
47.20217864,45.90124,4
52.82823956000004,50.500896,4
49.50934214000006,47.07171,4
54.22620974000006,54.028774,4
48.85650032000001,49.207348,4
46.65871346000006,49.642273,4
48.41215771999998,48.695442,4
52.58897816000001,51.03975,4
51.88144801999999,50.96593,4
47.23806784999999,48.3585,4
52.547961920000034,51.371834,4
49.801582850000045,51.815094,4
47.89945472,48.84565,4
51.07821332000003,46.84477,4
51.39779819,50.61415,4
47.75077084999998,51.299896,4
52.67101064000002,50.5937,4
43.05612038000004,46.23778,4
46.56813593000004,49.14226,4
50.07160643000003,48.441093,4
54.58510183999999,51.194958,4
52.32579062000002,50.743332,4
48.97954904,50.33568,4
51.94639040000004,51.34244,4
47.878946600000006,47.496334,4
47.81742224000004,50.632595,4
51.11922956000001,51.508415,4
44.72753216000001,47.18219,4
46.90481090000003,50.48665,4
48.029339479999976,48.61634,4
47.39358776000006,51.371666,4
50.39802734,50.764027,4
44.28660758000001,47.613476,4
54.73207669999999,53.00219,4
50.789390630000014,49.906986,4
48.24467474000005,51.218235,4
48.47710010000003,48.479248,4
53.47766336000001,51.492313,4
47.19705161000002,48.94831,4
53.41613899999999,52.85063,4
50.5450022,49.278004,4
47.27395706000004,49.689304,4
52.71544490000002,51.70568,4
51.67636682,49.40958,4
43.23214841000004,46.590668,4
47.55765272000002,46.994102,4
48.58305872000005,50.578213,4
54.74916680000001,50.431538,4
46.44679622000001,47.290607,4
46.72365583999999,46.94092,4
54.49623331999999,51.417423,4
48.85308229999998,50.96261,4
47.74906184000002,48.32999,4
52.194196850000026,50.85745,4
47.94047096000003,49.220116,4
49.875070280000045,49.25178,4
53.26232809999999,52.05442,4
48.74883269000003,49.468838,4
52.97521442000004,50.953003,4
50.31257684000002,49.26818,4
53.25378305000004,51.00959,4
48.51640732999999,48.570244,4
49.1777942,48.66845,4
46.733909900000015,50.089092,4
48.91118863999998,50.532948,4
43.767068540000025,46.098106,4
49.47857995999999,48.996376,4
49.95026672000006,50.53615,4
47.69266450999999,48.91288,4
49.43072768000002,50.775627,4
48.86162735000005,49.30123,4
45.26074328000004,46.69713,4
48.73003358000005,49.575977,4
52.97179640000002,50.8328,4
51.54990008000004,52.17254,4
54.58168382000002,54.066795,4
47.61746806999997,46.83247,4
47.44144004000003,48.19265,4
51.91562822000003,51.70634,4
52.26084824000003,52.200966,4
49.18463023999999,47.081623,4
46.28102225000004,45.420727,4
53.52209762000001,50.916367,4
53.09142710000003,49.786274,4
49.93488563000005,50.753826,4
50.389482290000046,50.235966,4
49.00005715999998,48.964046,4
47.37991568000001,49.97347,4
43.74314240000001,45.48056,4
48.80523002000001,49.85108,4
45.15136663999999,47.951393,4
49.71100532000003,50.49139,4
50.17927406000001,51.672623,4
50.37410120000004,50.404415,4
53.61780218000001,52.16006,4
49.88190631999999,48.740654,4
48.27372790999999,45.43513,4
53.08459105999998,52.829056,4
54.48597926000002,51.224293,4
48.3403793,45.096695,4
50.38435526000001,49.363068,4
53.74768694,51.01429,4
54.69789650000001,51.22699,4
53.27600017999998,51.492676,4
54.10657904000004,51.20112,4
43.99265786000001,45.18391,4
50.71248518000005,51.227573,4
43.59958556000004,44.337128,4
51.49179374000005,51.357864,4
52.00278773000002,51.12203,4
47.960979080000016,48.827057,4
50.22029029999999,52.06835,4
52.59581420000001,52.227474,4
53.89807982000002,51.742443,4
49.256408660000034,45.997173,4
50.15876594000002,48.96096,4
50.88680420000003,51.26963,4
53.73230584999999,52.393467,4
46.54250078000001,45.7692,4
51.20126204000002,50.790104,4
45.814462520000006,48.146626,4
51.33798284,51.00049,4
42.40327855999999,45.65854,4
52.84874768000003,51.839794,4
54.99526423999998,50.979053,4
48.53520644000002,48.51244,4
48.77104982000003,52.168495,4
48.26518285999998,48.687458,4
45.80762648000001,48.501812,4
50.50740398000005,49.41979,4
54.34925845999999,54.0422,4
51.00301688000002,50.2344,4
51.67636682,51.37641,4
50.78255459000002,49.524403,4
52.794059360000006,50.44317,4
53.87073566000004,52.829056,4
47.10305606000003,45.6647,4
51.88657505000003,51.10126,4
51.14999174000002,49.945488,4
54.42787292000003,51.910206,4
49.40167451000002,50.774036,4
52.96837837999999,52.78582,4
46.70314772000006,47.398827,4
49.762275620000025,51.25101,4
48.77446784,48.780937,4
47.52689054000001,50.053024,4
45.88794995000001,47.98072,4
51.60458840000001,50.737762,4
49.77423869,48.91126,4
52.16172566,50.08832,4
48.945368840000015,48.818768,4
44.72924117000002,45.666153,4
52.27452032000002,50.73878,4
52.400987060000034,51.146076,4
53.99720239999999,51.282917,4
47.46023915000001,49.593857,4
53.48791742000003,50.57899,4
48.138716120000026,49.46119,4
45.44189834000002,47.00376,4
54.68593342999998,49.598724,4
51.28158551000001,50.754185,4
50.21687228000002,47.896645,4
52.97863244000001,52.163773,4
47.48929232,46.621777,4
45.305177540000045,49.494267,4
48.17289632000006,50.656494,4
51.92930030000002,51.01908,4
45.978527480000025,46.841686,4
50.01350008999998,50.142998,4
53.631474260000005,51.6364,4
46.89455684000001,46.497223,4
52.12583645000007,50.46863,4
50.96200064000004,51.203,4
42.78951482000002,44.467556,4
53.27258216000001,51.78132,4
49.33844114000004,48.65189,4
53.019648680000046,51.960247,4
49.35211321999998,50.746758,4
48.61723891999998,51.48773,4
53.54944178000005,52.029877,4
48.54887852000002,49.47263,4
51.07137727999998,50.102448,4
46.535664740000016,47.887417,4
48.09086384,48.478153,4
44.04734617999998,44.76201,4
47.57986985000002,46.124416,4
47.47903826000004,49.116432,4
52.66417460000002,51.267845,4
50.59285448000003,50.919727,4
48.56084159000005,48.82091,4
51.92588228,50.632595,4
50.18611010000001,50.518738,4
48.8701724,48.41298,4
50.78255459000002,51.180195,4
51.29696660000002,50.9827,4
47.46023915000001,46.922653,4
52.465929440000025,51.6452,4
44.42332838000005,46.84445,4
45.68286875000001,48.01957,4
54.90639571999998,51.092197,4
53.82971942000006,51.09585,4
48.53691545000004,46.988216,4
50.53816616000006,51.08792,4
51.68662088000002,48.50897,4
52.44029429,52.22673,4
50.50740398000005,47.73601,4
53.25891008000002,50.921795,4
51.91904624000006,51.647892,4
53.01623066000002,51.81388,4
50.18269208000004,51.77808,4
51.17220887000002,49.303776,4
47.28079309999998,49.241688,4
49.73322245000003,51.703514,4
50.18440109,49.447258,4
43.75681448,48.43993,4
52.448839340000006,51.639553,4
49.343568170000026,49.8107,4
52.79747738000003,52.345867,4
52.53428984000004,50.790527,4
49.64435393000002,51.301308,4
52.87950985999999,52.16089,4
50.23054436000001,49.563618,4
52.29844645999998,49.11693,4
51.173917879999976,50.674637,4
51.65927671999998,50.07412,4
46.39894393999998,49.339027,4
50.59969052000002,51.20698,4
47.65677530000005,48.82826,4
50.22712634000004,51.04095,4
52.01816882000003,50.99781,4
54.11683310000001,51.03954,4
52.19077883,50.59475,4
46.70485673000002,49.16696,4
46.614279200000055,47.86532,4
49.31109698,48.753212,4
51.98569763,51.45414,4
48.51469831999998,48.295757,4
50.44929764000005,51.439453,4
53.83655546,53.120296,4
51.68149385000004,49.4576,4
48.01908542000001,50.24213,4
48.92827874,49.11336,4
50.03913524000001,52.690445,4
47.01247853000001,46.523632,4
53.03673878000001,50.69973,4
44.56688522000002,45.561417,4
52.28135636000002,51.38991,4
46.70998376,46.393948,4
53.91858794000001,52.483032,4
52.729116980000015,51.622257,4
50.29548674,51.37315,4
52.24375814000001,51.508415,4
52.71031787000004,51.290848,4
51.083340350000014,49.02964,4
53.00597660000005,51.495445,4
50.03571722000004,50.496777,4
48.401903660000016,48.773422,4
44.68138889,44.874947,4
53.82288338000001,52.66278,4
42.88180136000005,45.39263,4
51.54990008000004,48.826374,4
51.94639040000004,50.738472,4
43.85251904000006,45.350307,4
53.053828880000026,50.98167,4
51.65073167000003,51.733017,4
53.69983466000002,52.712086,4
48.93853280000002,49.823288,4
51.72763712000005,50.169945,4
53.03844778999997,51.839794,4
46.01612570000003,46.553017,4
47.63968520000003,51.277348,4
52.40782310000003,51.997105,4
52.28648339,52.152203,4
50.30232278000005,50.868416,4
52.29161042000004,47.305027,4
50.24421644000006,47.963516,4
52.61119529000001,48.98224,4
45.01293683000006,49.758766,4
46.911646940000026,48.70608,4
50.20661822,50.670963,4
51.25936838000001,49.590015,4
52.37022488000002,50.523197,4
52.73595302000001,51.55091,4
48.91631567000002,51.415253,4
45.17529278000001,45.97915,4
52.10361932000001,50.500896,4
50.00837306000005,49.451836,4
53.02819373,51.449093,4
48.249801769999976,47.67808,4
53.41272098000002,51.156918,4
50.40828140000002,50.258286,4
52.63341242000001,52.40832,4
46.66213148000003,44.879963,4
54.154431320000015,51.980766,4
49.91266850000005,51.122326,4
50.51594903,48.81351,4
49.85114414000003,52.469273,4
45.814462520000006,48.728996,4
51.14315570000002,52.233074,4
47.30471924000005,48.854443,4
46.26222314,47.00196,4
50.75350142000002,51.417843,4
52.9547063,50.90967,4
49.54694036000001,49.03284,4
45.01635485000003,46.33669,4
53.12218928000004,52.535942,4
52.18223378000005,50.587223,4
49.386293420000015,48.035378,4
48.32328919999998,49.079044,4
51.57211720999999,50.709126,4
52.83678461,51.325,4
51.10384847,51.442883,4
45.602545280000015,48.636322,4
53.10680819000004,51.429165,4
51.20126204000002,51.311104,4
53.60071208,53.463455,4
52.66930163000001,50.04948,4
45.95460134000001,48.632866,4
48.47026405999998,50.684937,4
50.30915881999999,50.02386,4
47.20217864000006,46.028965,4
50.87484113000005,51.600266,4
51.60971543000005,51.18614,4
50.5450022,50.66237,4
51.57724424000003,51.567856,4
46.552754840000034,46.74556,4
46.32545650999998,51.672314,4
51.67807583000001,50.54971,4
46.55446385000005,46.44833,4
52.318954580000025,51.760082,4
53.12560730000001,50.613945,4
50.91756638000004,50.47592,4
49.42560064999998,50.073387,4
52.168561700000055,50.441975,4
51.36190898000001,51.122753,4
50.90047628000002,50.670914,4
50.63045269999998,50.698483,4
50.84407895000004,50.988113,4
53.537478710000016,52.287952,4
54.71498660000003,53.19616,4
43.85593706000003,46.666664,4
54.87221552000005,53.05287,4
52.11045536000006,51.44069,4
45.45898843999999,47.189686,4
47.68753748000006,46.852245,4
46.98342536000001,48.55673,4
47.44144004000003,47.080853,4
49.41363758,49.065655,4
48.83599220000002,49.92737,4
46.807397330000015,51.76347,4
49.386293420000015,51.9401,4
51.4849577,52.176277,4
50.55354725000001,49.501675,4
54.40736479999998,50.14754,4
53.7921212,51.998493,4
49.83405404000001,48.43179,4
49.23590053999999,49.896755,4
47.47391123,49.225334,4
48.20365850000002,47.85777,4
43.92429746000005,48.885563,4
47.76273392000002,48.98615,4
44.895015140000055,46.166996,4
49.17437618000002,50.74612,4
51.46444958000001,52.315163,4
47.39016974000003,47.589718,4
52.44200330000001,50.64866,4
46.07594105000004,47.703384,4
45.814462520000006,48.146626,4
47.79007808000006,49.07037,4
48.0840278,46.987255,4
50.84578796,49.004906,4
53.06750096000002,52.842987,4
50.03571722000004,49.92764,4
48.67876328,46.729107,4
45.382082990000015,45.517063,4
46.08790412000002,47.191326,4
52.992304520000005,50.978462,4
49.83747205999998,49.33811,4
54.660298280000006,50.24962,4
49.88190631999999,49.36737,4
47.90799977,49.231396,4
49.69049719999998,45.951958,4
52.47618350000005,51.68997,4
52.13779952000005,51.61734,4
52.73595302000001,52.43835,4
52.07627516000002,51.425793,4
49.95026672000006,49.338062,4
51.67294880000003,52.44913,4
45.92554817000001,50.19641,4
46.23829699999999,49.163963,4
52.61632232,50.013985,4
44.84374484,47.30657,4
51.230315210000015,49.91839,4
45.67432370000006,47.04793,4
52.089947240000015,51.368443,4
46.93557308000004,47.221703,4
47.89945472000005,49.712406,4
48.967585970000016,50.3152,4
43.43552060000002,44.9803,4
49.35040421000002,48.740547,4
47.06887585999999,51.529102,4
48.27201890000004,48.114384,4
49.57770254000002,50.79592,4
54.20570162000001,51.041374,4
47.68411946000003,48.647606,4
48.68559932,47.263985,4
51.026943019999976,49.874245,4
43.66110992000006,46.771576,4
46.96633526000005,48.880302,4
51.173917879999976,50.300797,4
49.10943380000003,48.47619,4
52.465929440000025,49.57975,4
49.88190631999999,48.740654,4
45.339357740000025,48.29496,4
49.734931459999984,50.963314,4
51.91904624000006,52.409077,4
48.63945605000004,49.606747,4
47.82425827999998,49.22738,4
53.45202821000004,49.863777,4
44.54295908,49.396095,4
46.48439444000002,48.36262,4
47.37137063,46.96021,4
50.69197706,50.52058,4
49.564030460000026,49.92811,4
47.01418754000002,49.269314,4
49.827218000000016,51.070866,4
50.859460040000045,51.438614,4
52.88976392000001,48.471165,5
51.187589960000025,51.20663,5
48.06351968000001,50.94136,5
52.539416870000025,51.10011,5
47.66532035,48.348343,5
45.12060446000004,46.65638,5
49.827218000000016,46.67796,5
52.016459810000015,50.505142,5
49.59308363000002,49.60246,5
48.85308229999998,49.534042,5
50.126294750000056,52.990467,5
53.64856436000002,52.029922,5
52.17539774,50.107456,5
49.57770254000002,51.144127,5
51.63876860000005,51.252323,5
50.58943646,50.30814,5
52.61632232,51.413227,5
49.83234503,49.651962,5
50.60652656000002,51.136745,5
50.42878952000001,51.30213,5
49.70075126,47.722023,5
53.49988049000001,52.00171,5
53.61438415999999,52.25771,5
54.22279172000003,50.44444,5
53.359741670000005,52.98276,5
48.627492980000056,48.82634,5
50.21003624000002,52.355984,5
54.68422442000002,53.738422,5
51.32772878000003,51.004025,5
50.77059152000004,49.58107,5
49.54523135,50.391006,5
49.21539242,50.7486,5
54.793601060000015,52.85453,5
50.47664180000004,51.147945,5
49.59479264000004,49.52167,5
52.82140351999999,51.036934,5
54.08948894000002,53.738422,5
48.84282824000002,50.458157,5
47.83451234000006,50.73269,5
53.610966140000016,51.16765,5
48.95220488000001,50.57312,5
53.325561470000025,51.256992,5
49.20513836000004,49.635628,5
50.39802734,50.11865,5
51.03548807000004,51.67372,5
44.48827075999998,46.04064,5
49.649480960000005,51.335064,5
46.81252436,48.588665,5
48.40532168000004,50.07999,5
49.64606293999998,47.825233,5
51.91562822000003,51.14204,5
44.87792504000004,46.409042,5
50.08015148000004,52.02075,5
45.10009634000005,48.023243,5
50.20661822,51.145153,5
48.23612969000004,49.677002,5
50.12116772000002,50.9691,5
49.74860354000003,50.938725,5
48.21391256000004,50.08702,5
51.105557480000016,49.42579,5
54.81069116000003,51.189907,5
54.072398840000005,50.846718,5
52.98546848000001,51.98079,5
48.401903660000016,49.643154,5
51.741309200000046,50.657314,5
54.00062042000002,50.916473,5
41.58295376000001,44.8316,5
53.16320552000002,51.989716,5
53.21447582000002,50.75365,5
50.54329318999999,51.5729,5
50.51082200000002,50.65906,5
53.53918772000003,50.505215,5
52.66075658,51.291348,5
50.27497862000001,49.32102,5
47.82084026000001,48.593136,5
50.77230053,51.04411,5
47.17312547,48.530033,5
50.76204646999997,50.74886,5
51.76010830999997,50.44111,5
50.28694169000005,51.34988,5
53.139279380000005,51.957253,5
54.09290696000005,53.20798,5
48.29936306000002,48.71544,5
48.57964070000003,51.27193,5
49.79474680999999,50.383583,5
46.84670456000004,46.49745,5
47.12527319000003,50.035538,5
48.88042646000002,50.943146,5
51.57040820000003,50.699097,5
52.36338884000003,49.56647,5
43.13473484000002,45.433067,5
46.34767364000004,47.16981,5
54.78334700000005,53.147522,5
53.35803266000005,52.466805,5
51.252532340000016,50.275276,5
50.729575280000006,50.03314,5
50.42878952000001,51.612785,5
49.188048260000016,48.83179,5
45.69824984000002,47.830154,5
52.52061776000005,51.890366,5
52.86925580000002,51.35853,5
51.02694302000003,49.34725,5
49.42047362000005,50.088512,5
52.76671520000002,51.18674,5
48.22245760999999,52.09899,5
50.49373190000006,49.95416,5
51.45761354000001,51.218334,5
52.68810073999998,51.143322,5
50.43049853000002,48.336914,5
54.595355900000015,53.9278,5
51.079922330000045,51.711056,5
46.163100559999975,47.5902,5
49.96052078000002,48.868217,5
50.35359308,49.29512,5
49.61871878,50.093925,5
54.889305620000016,53.812492,5
46.80056129000002,50.00141,5
49.15045004000001,51.416573,5
45.70166786000004,50.106457,5
51.32089274000003,50.27241,5
49.53668630000004,51.174538,5
49.74860354000003,47.569626,5
54.05872676000001,50.915062,5
51.16708184000004,49.883575,5
48.93169676000002,49.686718,5
54.86537948,49.99527,5
50.811607760000015,52.89865,5
48.51982535000002,50.94561,5
53.18029562000004,52.209534,5
48.19682246000002,51.068233,5
48.40703069,48.86107,5
48.69927140000004,48.09545,5
48.32328919999998,46.5437,5
46.7680901,47.16676,5
52.26426626,51.60112,5
49.64093591000005,49.864105,5
50.58943646,51.11422,5
47.058621800000026,46.774307,5
50.15534792000005,50.495747,5
50.65096082000002,51.342182,5
53.55969584000002,54.01923,5
49.07183558000003,49.118557,5
50.73128429000002,48.488743,5
50.025463160000015,49.844456,5
48.155806220000045,48.3022,5
48.26518285999998,50.06461,5
47.516636480000045,48.10716,5
51.013270939999984,51.152714,5
50.32966694000004,50.481415,5
52.021586840000055,49.225613,5
51.47128562,51.175102,5
53.72717882000006,52.22556,5
53.73743288000003,52.543507,5
51.56357216000004,51.47307,5
51.78232544000002,51.256496,5
48.48735416,47.450947,5
50.19807317000004,50.59394,5
53.48108137999998,53.165718,5
49.98444691999998,51.0144,5
48.86846338999999,50.402138,5
47.57132480000001,48.546436,5
49.37091233000001,50.377266,5
49.440981739999984,48.169704,5
44.68138889,49.172173,5
52.414659140000026,50.499706,5
52.17197972000002,51.469906,5
52.83507559999998,50.849693,5
49.81354592000002,49.128403,5
53.37854077999998,51.386585,5
46.369890769999984,47.8264,5
52.84532966,51.634396,5
53.00597660000005,51.22053,5
51.28329452000003,52.59283,5
49.04278241000003,51.210995,5
52.488146570000026,50.585495,5
46.20411680000001,48.399403,5
49.03765538000005,47.69194,5
51.95322643999998,49.3159,5
48.483936140000026,48.70279,5
53.30847137000001,51.266953,5
50.86971410000001,50.00189,5
49.611882740000055,49.428215,5
49.89045137000005,50.24786,5
49.092343700000015,48.156815,5
46.02637976000005,46.29191,5
50.49714992000003,51.2991,5
54.30824222000001,52.511665,5
50.39119130000006,50.081738,5
50.41169941999999,50.50632,5
51.41659730000004,49.76134,5
50.866296079999984,49.505157,5
47.960979080000016,47.65995,5
47.55423470000005,48.39877,5
47.814004220000015,48.379818,5
46.42628810000002,44.60459,5
50.14851188,51.06636,5
53.826301400000034,51.057858,5
51.23544224,48.650112,5
45.96314639000002,50.2184,5
52.24375814000001,50.328102,5
54.12708716000003,52.38621,5
50.65096082000002,51.342182,5
51.43026938000003,51.439995,5
47.95756105999999,47.297108,5
47.72000867000003,49.242355,5
54.448381040000015,53.9278,5
53.778449120000005,51.04849,5
49.59821066000001,50.442326,5
48.95562289999998,50.832577,5
49.564030460000026,47.494152,5
45.21630902000004,49.574406,5
53.28967226000003,52.179546,5
50.43904358000003,49.844852,5
50.16218395999999,50.466423,5
51.156827780000015,51.321445,5
54.39027470000002,50.96878,5
46.6655495,47.24576,5
48.63091099999997,49.387657,5
51.73789118000002,50.655197,5
49.39654747999998,50.459923,5
44.97021158000001,47.454998,5
46.54933682000001,47.06009,5
46.62795128000005,48.7594,5
51.02352500000001,51.226032,5
51.17049986000001,49.61037,5
50.00153702,50.342663,5
47.77982402000004,49.136135,5
52.18223378000005,52.130928,5
49.54352233999998,50.5213,5
53.18542265000002,51.399765,5
52.42491319999999,50.899857,5
47.53714460000003,47.418476,5
51.23544224,50.73901,5
53.515261580000015,51.063934,5
52.59581420000001,51.249268,5
50.39460932000003,52.534912,5
51.22860620000006,50.529217,5
47.403841820000025,46.332756,5
52.37364290000005,52.07723,5
50.52278507000005,51.541798,5
51.536228,51.665665,5
47.56961579000006,51.197132,5
48.91118863999998,50.555134,5
50.98421776999999,50.27284,5
54.31166024000004,54.029076,5
47.45340311000001,48.75003,5
49.73664047,50.283016,5
49.256408660000034,52.189457,5
46.146010460000014,53.19856,5
49.32818708000002,51.292225,5
50.7500834,50.298508,5
48.08060978000003,46.71814,5
51.77207138000006,50.264465,5
45.36157487000003,48.796646,5
48.77446784000006,49.233353,5
51.71054702000004,51.558697,5
48.78472190000002,48.69665,5
50.83553390000003,50.543083,5
44.63182760000001,45.69402,5
50.83895192,51.113525,5
50.78768162000006,50.443142,5
47.72342669,49.197235,5
50.14851188,50.374737,5
54.57484778000003,51.216072,5
51.92417327000004,50.197437,5
47.058621800000026,46.548077,5
54.53383154000005,53.822796,5
50.30574080000002,51.774853,5
50.319412880000016,48.71373,5
53.56311386000005,54.01923,5
50.38093723999998,49.22867,5
49.82379997999999,51.89954,5
42.80489591000003,44.493973,5
49.63580888000001,50.85474,5
54.120251120000034,53.530025,5
51.07308629000005,50.209927,5
51.19442600000002,51.908916,5
48.66167317999998,50.230385,5
52.22325002000002,49.622704,5
48.18827741000007,47.271812,5
54.40736479999998,52.257923,5
51.57724424000003,52.224865,5
49.45807184,49.40793,5
52.63683044000004,52.00895,5
53.19738572000006,50.936287,5
51.86435792000003,50.21005,5
50.33137595000005,51.246506,5
51.32089273999998,51.169712,5
49.909250480000026,49.03164,5
52.07627516000002,51.240376,5
47.71146362000002,46.844856,5
47.76786095,48.71811,5
50.46467873,51.160507,5
52.84703867000002,50.592415,5
50.14680286999999,52.188366,5
50.466387740000016,48.834454,5
51.04403312,49.51955,5
52.58897816000001,51.62808,5
48.66850922000003,50.157497,5
50.99618084000002,51.716106,5
49.03765538000005,48.66216,5
48.82573814,49.08953,5
50.76033746000002,49.67191,5
52.06260308000003,51.585182,5
47.313264290000006,50.01342,5
49.36236728,50.425938,5
48.45659197999999,51.242596,5
50.319412880000016,50.196377,5
48.29936306000002,49.56325,5
53.10851720000005,51.269165,5
45.93751124000005,46.36931,5
48.15238820000002,47.775337,5
52.23008606000002,51.054836,5
48.85820933000002,48.834625,5
50.40657239000001,49.19042,5
48.66680021000002,49.32102,5
46.61086118000003,50.98318,5
51.89853812000001,51.013596,5
50.59798151000007,50.836403,5
49.37603935999999,46.77136,5
52.3223726,51.448257,5
51.625096520000056,51.77862,5
45.97169144000003,46.27322,5
49.994700980000005,51.456905,5
49.38971144000004,48.768723,5
47.892618680000055,52.05855,5
52.42833122000002,51.68852,5
54.35609450000004,52.461655,5
53.43835612999999,51.007362,5
47.978069180000034,48.699177,5
43.28341870999998,44.499073,5
51.68320286000005,52.140656,5
53.34436058000006,52.522186,5
52.16514368000003,52.049065,5
48.40019465,51.592255,5
51.368745020000006,48.7228,5
51.594334340000046,51.595825,5
48.967585970000016,50.59629,5
48.38481356,49.637394,5
48.189986420000025,51.058846,5
48.72661556000003,50.44458,5
51.20297105000003,51.60112,5
53.252074040000025,50.524727,5
53.79553922000002,52.52562,5
52.12412744000005,49.831547,5
47.72171767999998,47.71628,5
45.18554684000003,50.715446,5
46.04688787999999,48.818844,5
53.94935012000002,54.02211,5
53.97669428000006,49.942688,5
48.61894793000005,46.328762,5
50.45100665000007,50.14764,5
50.20832723000001,48.750786,5
48.78643091000004,48.46633,5
48.31987118000001,50.213165,5
48.15238820000002,49.856865,5
52.389023990000055,52.1482,5
50.052807320000056,50.05588,5
52.353134780000005,50.275974,5
46.733909900000015,45.080833,5
43.86960914000002,44.6395,5
48.22758464000003,49.883705,5
49.21539242000006,49.968597,5
50.66805092000004,50.367714,5
49.96393880000005,49.662907,5
49.01714726,49.89483,5
50.99618084000002,51.400333,5
48.84966428000001,48.831776,5
46.164809570000045,49.466816,5
51.14657371999999,50.074535,5
48.73345160000002,48.976448,5
50.13654881000002,49.741737,5
51.43881442999998,51.00376,5
50.21003624000002,52.51255,5
51.55673611999998,49.924152,5
46.99197041000002,49.833447,5
52.500109640000005,51.540195,5
49.75031254999999,47.755505,5
52.05234902000001,51.535328,5
46.33058354000002,44.578182,5
48.025921460000006,49.211178,5
49.70587829000005,51.08788,5
53.12218928000004,52.01655,5
50.58601844000003,49.615696,5
51.90195614000004,51.23953,5
51.122647580000034,50.698967,5
46.73561891000003,47.949738,5
49.26666272,46.155163,5
49.15045004000001,50.758385,5
54.79018303999999,53.371174,5
52.578724100000045,51.874687,5
50.77230053,51.297012,5
54.31166024000004,52.59137,5
51.026943019999976,50.720123,5
46.69802069000002,46.784935,5
48.67534526000003,48.729553,5
46.22120690000003,47.98192,5
53.13586136000004,52.793606,5
48.16606028000001,50.929436,5
46.64845939999998,50.791042,5
53.01281263999999,50.863544,5
47.938761950000014,48.286995,5
52.14976259000002,49.95063,5
51.18075392000003,51.565693,5
50.039135240000064,49.753307,5
52.448839340000006,52.30648,5
47.06203982,49.565536,5
50.17585603999999,50.371937,5
54.00574745000006,51.78298,5
45.51196775000005,47.35547,5
49.62213680000002,51.20536,5
52.07798417000004,51.23929,5
53.78870318000003,51.204456,5
51.40634324000001,49.95299,5
49.83405404000001,48.595985,5
47.88407362999999,48.97154,5
50.40657239000007,51.374607,5
51.18588095000001,49.780273,5
50.22029029999999,50.30132,5
47.96439710000004,46.90737,5
49.615300760000025,49.27031,5
50.15192990000003,50.659187,5
50.69197706,45.896675,5
53.77503109999998,53.70769,5
49.47857996000005,49.61735,5
50.52107606000004,50.582935,5
49.44439976000001,51.350735,5
45.21118199,46.614197,5
53.12218928000004,50.49443,5
50.26814258000002,49.093132,5
51.363617989999966,50.90913,5
54.4244549,53.794037,5
47.588414899999975,50.046448,5
47.53714460000003,49.85614,5
50.73982934000003,48.770775,5
51.65414969000005,51.014534,5
51.10726649000003,50.337482,5
50.11091366000005,50.588627,5
49.943430680000006,48.581127,5
54.626118080000026,52.680363,5
51.75669029000005,51.43095,5
44.030256080000015,45.428154,5
48.51469831999998,48.877426,5
49.19830232000004,47.574047,5
53.727178820000006,52.6946,5
48.56596862000004,50.333027,5
50.21345426000005,50.576244,5
49.16754014000003,52.409985,5
46.27931324000002,47.603905,5
47.29446518000003,50.23896,5
49.41876461000004,50.962887,5
50.927820440000005,50.4812,5
49.15386806000004,50.566692,5
47.72513570000001,48.050858,5
48.34550633000004,50.02289,5
54.30824222000001,49.50199,5
54.67397036,53.747665,5
53.06408294000005,51.187412,5
48.95904092000001,50.118248,5
51.44565047000003,49.63683,5
50.77913656999999,51.550842,5
50.79109964000003,51.512398,5
48.80181200000004,48.351364,5
52.85558372000003,52.135635,5
48.49419020000005,51.214977,5
54.87221552000005,54.02211,5
54.87563354000002,53.881134,5
49.56744848000005,50.63447,5
49.81525492999998,48.47516,5
48.07377373999998,48.68123,5
50.50398596000002,51.069653,5
50.11091366000005,50.400166,5
53.713506740000014,52.471275,5
48.77104982000003,51.077545,5
50.30744981000004,50.96369,5
52.97521442000004,52.15124,5
49.270080740000026,50.18703,5
50.24763446000003,49.175068,5
50.34675704000006,53.120365,5
44.847162860000026,46.182526,5
43.28512771999999,47.27405,5
49.31451500000003,50.852676,5
48.53691545000004,48.2139,5
49.27691678000002,50.294964,5
44.16697687999999,46.830173,5
50.107495640000025,48.12813,5
54.25697192000001,53.72413,5
46.017834710000045,46.746994,5
49.80670988000003,51.409462,5
52.33262666000002,52.69535,5
46.49123048000001,48.914154,5
50.09382356000003,50.608047,5
54.93373988000002,52.73909,5
54.81410918000006,50.83475,5
50.49373190000006,50.97193,5
53.34094256000003,51.744556,5
47.49441934999999,50.339314,5
54.14417725999999,50.795143,5
49.982737910000026,51.853893,5
51.47299463000002,48.999035,5
46.91335595000004,47.8907,5
50.83553390000003,51.394814,5
53.82288338000001,53.84682,5
49.54523135,51.400066,5
51.25595036000004,51.37215,5
49.01372924000003,49.41152,5
50.87484112999999,51.213467,5
48.894098540000016,49.114002,5
50.816734790000055,50.193764,5
53.09142710000003,50.962208,5
54.52015946000006,52.117912,5
49.80670988000003,50.360996,5
51.11239352000001,50.961323,5
51.55673611999998,52.37822,5
49.27349876000005,48.662018,5
49.88019730999997,49.19394,5
54.11854211000002,53.46398,5
54.95766602000003,53.77407,5
50.163892970000006,51.370228,5
53.08117304000001,51.905277,5
45.942638269999975,46.39018,5
51.1773359,51.47563,5
54.24671785999999,51.154274,5
49.32476906,51.70995,5
53.252074040000025,50.275593,5
53.91516992000004,52.715626,5
49.96735682000002,50.173267,5
52.56505202000005,51.971687,5
51.934427330000005,50.24146,5
47.44144004000003,50.3234,5
50.12458574000004,51.07978,5
49.78107473,50.598515,5
50.17756505,50.683216,5
49.1777942,50.581367,5
50.36726515999999,48.57875,5
50.38435526000001,51.965885,5
49.55377640000006,51.145607,5
44.898433160000025,46.08944,5
51.51913790000003,50.491577,5
48.79668497,48.2855,5
50.056225340000026,51.340023,5
50.17927406000001,50.413387,5
47.882364619999976,46.585823,5
51.122647580000034,48.803085,5
54.448381040000015,52.566154,5
48.150679190000005,47.92716,5
53.713506740000014,52.509846,5
50.13142177999998,49.389683,5
51.43368740000005,51.50321,5
42.70748234000001,44.32639,5
48.95391388999997,51.65318,5
49.50592412000003,51.2637,5
51.06112322000001,51.110676,5
42.25630369999999,45.97273,5
48.81890210000006,50.249283,5
47.30813726000002,48.14176,5
49.77082067000004,50.247063,5
49.440981739999984,50.12788,5
46.59035306000004,49.647068,5
44.97533861,50.98793,5
50.23396237999998,49.061337,5
51.69687494000004,51.71841,5
50.53645715000005,51.787357,5
49.53155927,48.580925,5
50.141675840000005,50.995117,5
54.660298280000006,54.04222,5
45.74781113000006,49.348667,5
49.68707918000001,50.107456,5
54.68422442000002,51.898155,5
42.32808212000003,45.916687,5
51.037197080000055,48.573593,5
43.127898800000025,48.850098,5
44.97533861,46.99545,5
46.49123048000001,48.803085,5
53.37170474000004,51.039722,5
53.84339150000005,50.7119,5
52.93078016000004,52.53322,5
51.90537416000001,52.25566,5
51.84726782000001,50.21682,5
48.67192724000006,48.034718,5
46.761254060000056,49.644573,5
50.237380400000006,52.573147,5
54.53383154000005,52.19446,5
53.32897949000005,50.86309,5
52.67101064000002,50.31315,5
47.08425695000005,47.91773,5
46.92531902000002,49.37623,5
45.75635618000001,50.627285,5
51.14999174000002,46.527805,5
50.53645714999999,51.89042,5
54.16126736000001,53.208324,5
49.0752536,50.16049,5
51.47812166,50.320923,5
48.0327575,50.298985,5
48.37455950000003,47.942863,5
41.76069080000002,43.629818,5
48.13188008000003,47.786015,5
46.35450967999998,46.65777,5
54.96450206000003,54.032475,5
52.64366647999998,50.75292,5
49.290588860000014,46.62014,5
54.564593720000005,51.748886,5
41.72651059999998,45.354416,5
47.70462758000002,49.196365,5
46.26393215000002,46.553684,5
50.01520909999999,50.72196,5
51.399507200000016,51.387676,5
49.77936571999999,51.547062,5
45.12231347,48.908394,5
51.24569630000002,49.75425,5
52.18223378000005,51.739254,5
46.11524828000006,47.866695,5
47.97465116000001,49.302185,5
50.42878952000001,51.1109,5
47.82425827999998,48.821857,5
54.366348560000006,50.903595,5
47.13381823999998,47.152584,5
50.435625560000005,50.293716,5
51.08504936000003,51.4915,5
48.38139554000003,48.482277,5
48.34892435,48.968475,5
49.55206738999999,52.41389,5
47.00735150000003,50.246284,5
47.06887586000005,47.90283,5
52.28477438000005,51.222347,5
52.435167260000014,51.07476,5
48.75054169999999,53.28014,5
47.5029644,46.796093,5
49.03765538000005,47.78872,5
51.25595036000004,50.055004,5
50.34504803000005,49.078957,5
44.026838060000046,44.430298,5
43.18600514000002,45.705338,5
49.70929631000001,48.67961,5
49.321351040000025,49.721348,5
54.677388380000025,53.9278,5
49.53155927,45.962307,5
50.73299330000003,49.263325,5
50.13142177999998,49.605892,5
44.980465640000034,47.49373,5
47.77982401999998,48.610584,5
43.50388100000004,47.3794,5
47.90629076000005,49.04307,5
50.75691944000005,50.23805,5
53.074337000000014,52.80834,5
49.71784136000002,48.93452,5
49.24102757000003,46.103672,5
50.738120330000015,48.28803,5
47.30813726000002,49.50514,5
51.80625157999998,50.55996,5
54.23304578,53.39138,5
48.93511478000005,51.07166,5
47.00735150000003,43.049168,5
49.256408660000034,48.64493,5
50.15192990000003,53.37106,5
47.550816680000025,47.944317,5
47.08254794000004,48.156887,5
50.91073033999999,52.610287,5
53.48108137999998,50.64018,5
49.87165226000002,51.398617,5
53.019648680000046,50.886547,5
47.61234104000005,51.198544,5
50.292068719999975,47.84664,5
46.63136930000002,46.80108,5
50.57405537,51.246796,5
52.81969450999998,51.94123,5
45.19409189000004,45.825706,5
46.87575773000003,48.54407,5
49.434145700000045,49.102642,5
54.65346224000001,52.880207,5
52.77526024999997,50.98561,5
49.282043810000005,50.366726,5
53.04699284000003,51.815266,5
49.11968786,49.961773,5
49.60846472000003,47.84729,5
49.541813330000025,49.476925,5
41.60687990000002,43.000225,5
53.744268920000025,51.043865,5
49.72125937999999,50.791042,5
51.58066226000005,50.55923,5
44.51048789000004,46.905746,5
48.74028764000002,48.006596,5
48.42924782,51.19465,5
49.244445590000055,50.89619,5
54.185193500000025,52.295177,5
51.70883801000002,49.03535,5
50.80818973999999,50.34791,5
51.300384620000045,51.223957,5
50.03229920000001,50.509052,5
50.729575280000006,47.90038,5
48.302781080000045,48.872086,5
50.55183824000005,48.93634,5
49.69904224999999,51.642155,5
46.457050279999976,49.085716,5
53.42981108000004,50.881443,5
51.12606560000006,49.33962,5
50.93465648000006,50.81848,5
50.82527984000001,49.387657,5
53.91858794000001,54.013386,5
46.35450967999998,48.67062,5
51.84726782000001,51.39825,5
52.81456748000005,51.15648,5
53.23156591999998,52.301834,5
48.73003358000005,49.903725,5
53.78357614999999,51.29345,5
52.88634590000004,51.32521,5
47.75589788000002,50.051178,5
51.122647580000034,49.31549,5
47.18508854000004,48.04993,5
52.41636815000004,50.995033,5
51.06625025000005,50.740486,5
45.02148188000001,44.41726,5
48.10966295000003,47.93525,5
49.75031254999999,50.582935,5
51.19271699000001,51.500366,5
53.32043443999999,50.726246,5
51.51230186000004,51.13174,5
49.601628679999976,49.05318,5
53.313598400000046,48.90502,5
50.15876594000002,49.660072,5
47.41922291000003,49.33806,5
51.29696660000002,50.202793,5
49.256408660000034,49.83869,5
53.34436058000006,51.957897,5
49.54523135,48.610725,5
51.38925314000005,51.50321,5
52.98888650000004,50.969234,5
50.65608785000006,50.117077,5
49.11968786,48.72378,5
49.36236728000006,50.23617,5
48.75054169999999,50.289715,5
50.62703468000001,50.930943,5
46.52541068000005,47.8264,5
54.793601060000015,51.634396,5
54.49623331999999,52.85669,5
51.05257817,50.383724,5
52.219832,52.37822,5
54.19202954000002,52.888123,5
50.97909074000006,50.65782,5
51.70371097999998,50.426414,5
49.16754014000003,49.17557,5
48.59843981,48.513676,5
46.46388632000003,48.50178,5
51.10043045000003,51.224686,5
51.35165491999999,51.667778,5
44.859125930000005,46.781395,5
48.72661556000003,48.045162,5
52.72228094000002,51.596165,5
50.03229920000001,51.25673,5
51.65927671999998,53.2085,5
52.06602110000006,51.445755,5
51.355072940000014,51.592255,5
42.96725186000003,45.49092,5
49.22906450000005,49.618504,5
52.31211854000003,51.567474,5
49.587956599999984,48.974026,5
48.78130388,51.270298,5
48.27714593000002,48.82743,5
52.28477438000005,51.632195,5
50.22712634000004,50.898,5
49.18121222000002,51.508682,5
47.37991568000001,48.2076,5
51.70883801000002,51.561203,5
52.13096347999999,52.30496,5
48.83257418000005,50.42788,5
44.9394494,48.713634,5
49.63580888000001,49.851562,5
53.69812565000001,51.312782,5
45.32226764000001,45.8741,5
51.21151610000004,50.87936,5
52.573597070000005,52.10555,5
49.78620176000004,50.003258,5
52.06943912000003,50.45895,5
54.06214478000004,53.751144,5
47.45169410000005,46.541145,5
52.78722332000007,51.153824,5
47.62601312000004,46.848545,5
48.66167317999998,48.45097,5
47.76956996000001,46.880894,5
54.19544756000005,51.263977,5
46.69802069000002,50.682026,5
52.021586840000055,51.53001,5
50.21345426000005,49.827477,5
51.47470364000003,51.22134,5
53.221311860000014,51.594494,5
48.13358909000005,49.744484,5
50.85262399999999,51.439625,5
48.42241178,50.365807,5
50.203200200000026,51.37273,5
47.66532035,47.56608,5
43.78074062000002,46.711655,5
51.27304046,51.500256,5
51.38070808999999,51.285473,5
50.89876727000001,48.992195,5
50.695395080000026,51.78223,5
49.88532434000001,49.899235,5
50.56380131000003,50.56218,5
49.57941155000003,49.667458,5
46.51686563000004,48.706573,5
50.15192990000003,49.45027,5
48.75054169999999,50.426598,5
50.44758863000004,52.377155,5
51.78403445000004,51.776897,5
49.21881044000003,46.92619,5
52.34629874000001,50.877167,5
49.85114414000003,51.161156,5
46.443378199999984,50.59508,5
50.73982934000003,50.65351,5
47.42947697,50.05528,5
50.19807317000004,50.122295,5
45.722175979999975,49.089108,5
52.24375814000001,49.17813,5
51.95322643999998,51.450256,5
51.76010831000002,51.198196,5
50.63728874000003,51.19335,5
53.67249049999998,51.66894,5
50.55183824000005,50.19053,5
46.535664740000016,46.8669,5
46.23829699999999,49.67661,5
52.96154234000005,51.47881,5
46.36818175999997,47.074303,5
48.08060978000003,49.022564,5
53.39221286000003,50.529823,5
50.81502578000004,50.684654,5
45.53760290000002,48.109474,5
50.596272500000055,47.647457,5
48.76079576000001,50.61263,5
51.58578928999998,49.08969,5
48.01908542000001,51.33374,5
48.453173960000015,48.75515,5
52.68126470000004,51.833176,5
50.39119130000006,48.033386,5
48.69927140000004,48.695934,5
51.252532340000016,51.335144,5
50.73299330000003,52.250153,5
54.26038993999998,53.881134,5
48.12846206,49.706604,5
53.68274456000006,52.46115,5
54.13734122000005,51.090855,5
52.53428984000004,51.461376,5
50.79451766,49.286068,5
49.09576172000004,50.651894,5
46.590353059999984,49.267178,5
48.393358610000064,52.091846,5
51.35849096000004,47.326683,5
48.97954904,49.68829,5
52.62315836000005,50.57262,5
52.47276548000002,49.48331,5
47.222686760000045,49.773026,5
49.99982800999999,51.578117,5
51.47641265000004,52.56656,5
46.95949922,50.116177,5
41.25482384000003,46.06283,5
49.45123580000006,49.983616,5
53.50500752000005,52.997932,5
51.78574346000005,50.83956,5
52.30357349000002,46.95565,5
48.34379732000002,50.17633,5
48.86846338999999,50.402138,5
52.29673745000002,51.081413,5
52.55479796000003,52.602226,5
47.63968520000003,47.968723,5
53.47424534000004,52.40714,5
54.27748004,51.582676,5
51.61142444000001,50.423058,5
51.91904624000006,51.91529,5
48.54887852000002,51.190506,5
49.29742490000001,50.221752,5
54.57484778000003,52.669907,5
47.19705161000002,47.56608,5
49.92292256000002,50.90776,5
49.75202156,51.127407,5
53.42981108000004,52.5985,5
51.566990180000005,50.459965,5
49.23590053999999,49.643986,5
48.67192724000006,47.311337,5
53.24694700999999,51.35883,5
47.49271034000003,48.852283,5
51.58237127000001,49.042732,5
44.871088999999984,47.860447,5
48.38139554000003,50.05983,5
52.52745379999999,52.46115,5
53.67249049999998,52.332726,5
54.87563354000002,53.69925,5
54.677388380000025,50.876335,5
46.43312414000002,49.280968,5
48.82573814,50.738224,5
49.28033479999999,49.08615,5
45.305177540000045,48.194733,5
49.65973502000003,51.101902,5
51.074795300000005,50.68605,5
47.83451234000006,48.41469,5
50.37239219000003,48.8714,5
53.08459105999998,52.114464,5
50.54158418000003,50.110516,5
49.92292256000002,51.742344,5
49.26837173000001,51.30657,5
53.368286720000015,51.02925,5
50.63387072,48.7501,5
48.53007941000004,48.157295,5
53.64172832000003,51.189667,5
50.73641132,50.206333,5
50.17414702999997,50.22214,5
46.86721268000002,50.87409,5
54.09632498000002,51.191498,5
47.808877189999976,48.903515,5
52.90001798000003,51.225,5
48.66850922000003,51.163555,5
52.79747738000003,52.04448,5
54.23646380000002,52.936543,5
47.99857730000002,47.823837,5
52.54112587999998,51.164806,5
51.22347917000002,50.721657,5
52.71544490000002,50.999374,5
51.34823690000002,50.192547,5
48.33525227000007,52.074253,5
52.65050252000003,51.214542,5
45.12060445999998,45.03242,5
47.83451234000006,49.44574,5
46.64675039000002,48.304543,5
45.24707120000005,51.009705,5
51.25595035999999,49.373024,5
48.57964070000003,49.374744,5
50.44587962000003,51.006824,5
52.52061776000005,51.722656,5
47.16116240000002,47.286274,5
50.00837306000005,49.42004,5
51.82334168,49.580032,5
47.62088609,48.822853,5
49.08892567999999,52.008316,5
51.34140086000002,50.846207,5
52.92394411999999,50.836487,5
52.56847004000002,51.134544,5
45.60938132000001,46.38681,5
51.53964602000002,51.54411,5
48.46171901000002,50.86182,5
52.70177282000003,51.810047,5
49.42730965999999,52.1099,5
48.138716120000026,50.131813,5
49.54352233999998,50.97767,5
53.92200595999998,51.52903,5
49.85968918999998,49.28556,5
51.566990180000005,51.604374,5
51.26962244000004,50.330757,5
54.01771052000004,52.48249,5
49.49567006000001,49.968388,5
50.6475428,48.7267,5
53.778449120000005,52.8789,5
54.45863510000004,53.628304,5
54.76283888,53.491917,5
53.59729406000002,53.453266,5
49.33502312000002,48.543777,5
50.4424616,51.680153,5
51.326019770000016,50.062397,5
47.10305606000003,47.9655,5
52.86241976000002,51.2337,5
49.170958160000055,48.846264,5
44.8369088,44.82949,5
51.81650564000006,51.352783,5
47.65335728000002,46.733807,5
48.78472190000002,51.097286,5
51.68149385000004,50.049644,5
46.95949922,46.26834,5
47.07229388000002,46.585876,5
50.24421644000006,50.896755,5
53.64172832000003,51.19076,5
54.151013300000045,50.52676,5
49.51617818,51.57788,5
50.62532567000005,49.79377,5
46.699729700000034,49.034203,5
50.91073033999999,50.47205,5
51.713965040000005,51.112225,5
47.45511212000002,50.110085,5
46.320329480000055,46.77133,5
50.52791209999998,51.28599,5
52.14292655000003,48.230328,5
49.38287539999999,51.726994,5
51.73789118000002,51.161938,5
53.93909606000005,50.65988,5
52.13779952000005,51.452576,5
53.51184355999999,51.907974,5
50.65437884000005,49.802696,5
48.64116506000005,50.87762,5
54.12708716000003,52.504517,5
48.3403793,46.94694,5
46.52028365000001,51.005764,5
48.012249380000014,48.943203,5
49.611882740000055,50.876457,5
49.97419286000002,50.022125,5
52.61632232,50.16979,5
48.30107207000003,49.219772,5
47.67557441000002,47.263546,5
44.67626186000001,46.698574,5
53.61780218000001,50.392986,5
50.02375415000006,50.278683,5
49.02911033000004,46.601765,5
52.82823956000004,50.49488,5
41.64789614000006,45.146366,5
54.151013300000045,50.52676,5
52.431749240000045,51.052456,5
49.02056528000003,47.228813,5
47.95072502000005,46.08522,5
53.90491586000002,53.751144,5
48.04301155999997,52.074665,5
48.51128030000001,49.781433,5
50.50569497000004,50.566692,5
50.288650700000005,51.500378,5
50.00837306000005,50.89143,5
54.46888916,53.135563,5
50.57918240000004,50.938843,5
47.58157886000004,49.52777,5
47.34573548000003,46.05804,5
52.383896960000015,50.517597,5
47.11160111000004,48.78098,5
46.16651858,47.915977,5
50.025463160000015,50.995094,5
52.219832,52.260063,5
47.00051546000003,47.69668,5
44.90526920000002,44.628403,5
48.96074993000002,50.00185,5
48.976131020000025,49.167553,5
47.43118598000001,48.669296,5
54.75600284000001,54.074966,5
50.68514102000006,50.680485,5
48.99663914000001,49.274082,5
51.08504936000003,50.129406,5
50.26130654000002,49.489326,5
50.64583379000004,50.236164,5
50.842369940000026,49.624653,5
50.76033746000002,49.716385,5
51.317474720000064,49.433537,5
54.18861152000005,51.945625,5
52.17539774,51.048714,5
50.025463160000015,49.26642,5
54.417618860000005,54.027103,5
53.03502977000005,51.57031,5
50.297195750000014,50.32156,5
51.56357216000004,50.88784,5
46.29640333999998,50.838608,5
50.14509386000003,51.15016,5
49.49225204000004,49.054718,5
51.52939196,52.390156,5
48.73686961999999,51.33056,5
51.56357216000004,51.498577,5
50.88680420000003,50.924683,5
49.86139820000005,52.059296,5
51.32089273999998,51.23302,5
51.03377906000003,51.656914,5
51.252532340000016,51.429142,5
49.52472323000006,50.40842,5
54.564593720000005,53.764076,5
48.99663914000001,48.634777,5
53.91175190000001,52.224678,5
50.462969720000046,49.015766,5
49.05132746000004,51.196205,5
54.96962909000001,53.895897,5
45.45898843999999,47.157833,5
50.54158418000003,52.59739,5
42.29048390000003,45.40417,5
46.838159510000025,48.540115,5
52.233504080000046,51.617527,5
51.75839930000007,50.13656,5
54.81069116000003,53.871212,5
50.48689586,51.19427,5
44.51732393000003,45.95293,5
45.49316864000002,47.56154,5
50.44929764000005,50.758415,5
53.15978749999999,50.4004,5
48.51128030000001,51.33001,5
49.01372924000003,51.443615,5
50.068188410000005,48.731358,5
50.10407762,50.711254,5
42.833949080000025,44.870335,5
51.187589960000025,49.76967,5
50.71077617000003,51.13141,5
48.40019465,46.97209,5
51.73105514000002,51.62785,5
47.36624360000002,47.575806,5
52.20957794000003,51.91693,5
44.61986453000003,45.307102,5
51.50888384000001,50.57874,5
50.13825782000004,50.784332,5
53.55285980000002,51.070694,5
48.50786228000004,49.86543,5
51.94126337,52.286716,5
47.46194816000002,49.3568,5
48.55571456000001,49.198666,5
42.64253996000002,45.17698,5
50.05451633000001,50.332355,5
51.187589960000025,51.138073,5
52.58726915,51.03672,5
53.04699284000003,51.193295,5
47.92679887999998,47.581493,5
44.618155520000016,46.0457,5
49.14703201999998,50.512802,5
50.16731099000003,50.05612,5
54.28773410000002,52.55541,5
50.62361666000004,49.92801,5
49.80670988000003,49.66218,5
48.38481356,48.590477,5
49.34869520000001,51.055176,5
52.72740797000006,51.617,5
48.85820933000002,51.063126,5
50.78426360000003,51.298878,5
47.21243270000002,48.626354,5
50.33992100000006,50.36071,5
49.92292256000002,50.501743,5
49.15045004000001,48.748196,5
52.39756904000001,51.344574,5
50.33650297999998,49.25269,5
50.016918110000006,48.89569,5
49.70929631000001,50.041145,5
49.79303779999998,47.017437,5
50.42878952000001,49.770306,5
44.80956464000002,50.890373,5
49.85114414000003,50.249226,5
51.09872144000002,48.920197,5
46.63136930000002,47.153507,5
48.90435260000004,50.883633,5
52.69664579000005,50.726166,5
48.38481356,50.456787,5
50.26472455999999,50.455055,5
54.82094522,53.141323,5
52.17539774,50.70512,5
48.55229654000004,51.094906,5
45.91358509999998,47.576363,5
54.34242242000005,52.709633,5
51.864357919999975,50.82523,5
47.34573548000003,45.903008,5
50.26985159000003,52.141735,5
52.20274189999998,49.928364,5
45.831552620000025,48.510914,5
54.13050518,50.254204,5
50.22029029999999,50.565487,5
45.07275218000001,45.891754,5
50.568928340000014,50.63381,5
47.89945472,47.825233,5
51.19100798,51.717926,5
49.89557839999998,52.513565,5
47.72855372000004,49.925903,5
47.81742224000004,48.40752,5
50.96541866000001,47.783222,5
46.38185384000002,49.288486,5
49.80329186000006,51.172096,5
45.90162203,49.555534,5
54.84145334000005,53.913734,5
45.35644783999999,46.393635,5
49.869943250000006,51.59945,5
52.34288072000004,51.766987,5
50.62703468000001,50.429707,5
46.26564116000003,46.544064,5
52.63512143000003,52.1935,5
52.44542132000004,50.552162,5
49.67340710000002,50.59468,5
48.483936140000026,48.940895,5
46.125502340000025,49.880672,5
52.81798550000002,51.17644,5
47.12014615999999,48.85697,5
48.13188008000003,49.256924,5
48.70098041000006,50.569874,5
50.01862712000002,49.09448,5
50.92098440000001,50.56924,5
45.25219823000003,46.86447,5
54.08607092,53.642586,5
50.45784269000001,49.947674,5
51.09701243000001,49.392647,5
52.52745379999999,49.374798,5
52.3223726,51.40891,5
48.38823158000002,50.196754,5
48.89580754999997,49.743675,5
49.51617818,48.777866,5
53.631474260000005,51.054836,5
50.99959885999999,49.56674,5
52.76329718,52.048668,5
46.53053771000003,49.647236,5
50.025463160000015,51.20253,5
42.90401849,47.91881,5
52.288192400000014,51.321117,5
52.96496036000002,50.83075,5
50.31257684000002,50.274918,5
49.440981739999984,48.296425,5
52.88976392000001,52.46977,5
54.328750340000056,51.12379,5
48.480518120000056,50.288048,5
52.28477438000005,50.443855,5
49.20513835999998,50.840263,5
50.38093723999998,48.42551,5
53.64514634,51.66115,5
49.748603539999976,50.666214,5
51.91562822000003,51.20835,5
54.4244549,52.282257,5
49.76569364,51.079742,5
43.53122516000002,44.52338,5
51.98398861999999,50.940685,5
51.03377906000003,50.718185,5
51.625096520000056,51.564144,5
51.628514540000026,51.239166,5
48.06351968000001,50.81386,5
50.315994860000046,49.0036,5
52.759879160000025,51.345196,5
53.67249049999998,50.72272,5
48.642874070000005,48.83443,5
49.54010432000001,50.10082,5
44.03709212000001,44.49248,5
49.49225204000004,51.25996,5
53.02990274000001,52.31877,5
44.56859423000003,44.51551,5
52.318954580000025,51.57296,5
50.811607760000015,49.987095,5
46.91506496,47.696484,5
51.84384980000005,51.360638,5
50.59969052000002,51.255135,5
47.76273392000002,49.14161,5
47.697791540000026,48.153706,5
50.20661822,48.33258,5
51.13973768000005,48.994186,5
49.13848697000003,49.862648,5
49.59991967000002,50.372997,5
48.74028764000002,50.341743,5
52.54454390000001,49.64286,5
47.82425827999998,48.31568,5
46.16310056000003,48.941605,5
47.89090967000004,50.626465,5
50.48176883000002,51.57473,5
47.53372658000001,49.30374,5
45.91871213000002,46.678375,5
53.925423980000005,50.83878,5
52.13438150000002,50.501415,5
54.47743421000001,51.37566,5
50.27839663999998,51.07358,5
53.60754812000005,52.47731,5
49.51959620000002,50.38783,5
51.46103156000004,50.348328,5
52.83507559999998,51.691906,5
44.22166520000002,44.581894,5
48.02250344000004,49.70455,5
50.81844380000001,51.81307,5
51.06795926000001,50.83403,5
47.930216900000005,50.026817,5
48.10453591999999,50.59057,5
47.15774438000005,48.762714,5
44.27293550000002,48.23834,5
47.84818442000005,48.10464,5
51.55844513000005,47.807,5
47.97806917999998,48.090237,5
50.95516459999999,48.896713,5
48.91460666,51.17836,5
51.96689852000003,49.802467,5
45.76319222000001,45.96014,5
52.97179640000002,52.734737,5
50.828697860000034,52.997932,5
52.02671386999998,51.524635,5
49.77765671000003,50.05485,5
49.72980443000006,50.714657,5
51.368745020000006,50.196377,5
54.448381040000015,51.210636,5
51.96348050000006,51.988766,5
47.938761950000014,48.334858,5
50.29890476000003,52.19791,5
51.35849096000004,50.47115,5
54.40736479999998,50.75494,5
49.69049719999998,51.796413,5
50.596272500000055,48.901184,5
47.71146362000002,51.189587,5
49.762275620000025,50.92721,5
53.860481600000014,52.684532,5
45.98536352000002,49.567398,5
53.39221286000003,53.03259,5
52.10532833000002,51.59288,5
49.649480960000005,50.176563,5
50.65437884000005,51.2559,5
48.95562290000004,50.74873,5
49.16412212,47.133186,5
49.06841756000006,49.845467,5
49.09576172000004,49.69564,5
49.53668630000004,50.93181,5
50.32283089999999,48.918274,5
46.78518020000001,49.2392,5
48.41215771999998,49.129097,5
54.98842820000005,53.895897,5
46.57326296000002,49.00206,5
51.60117037999999,50.088932,5
48.83599220000002,48.165443,5
52.65050252000003,52.19525,5
51.02010698000004,50.366543,5
53.08459105999998,50.6285,5
47.62259510000001,46.68743,5
48.63432902,50.759148,5
52.77355124000002,51.759434,5
54.28089806000003,52.477406,5
51.12948362000003,50.37952,5
54.08607092,52.035053,5
53.58362198000003,53.57829,5
53.631474260000005,51.420124,5
48.60356683999999,48.360607,5
47.57474281999998,48.165092,5
49.61871878,46.63209,5
50.45271566000002,51.72806,5
50.02888117999999,47.320217,5
52.20274189999998,50.839996,5
50.25276149000001,50.8911,5
49.31109698000006,51.321205,5
46.997097440000005,46.378723,5
51.47299463000002,50.72406,5
46.52370167000004,49.5375,5
48.95733190999999,49.45881,5
47.174834480000015,47.54154,5
47.731971740000006,45.900696,5
48.162642259999984,49.239365,5
49.68537017,47.331104,5
50.548420220000025,49.59506,5
50.99959885999999,50.61852,5
49.05816349999998,46.878056,5
48.16776929000002,48.97478,5
52.22325002000002,49.66875,5
45.22314505999998,47.33212,5
50.70223112000002,51.474003,5
50.34675704000006,51.369617,5
49.584538580000014,49.56049,5
49.56744848000005,50.289097,5
54.64320817999999,52.615017,5
51.06112322000001,51.20375,5
51.29354857999999,51.389286,5
49.76056661000001,50.05886,5
50.64070676000006,53.706318,5
50.42878952000001,51.53885,5
50.42537149999998,50.57016,5
49.010311220000006,49.721523,5
54.65688025999998,52.82426,5
49.92292256000002,50.15341,5
49.52985025999999,48.70199,5
49.52643224000002,48.687206,5
50.88680420000003,51.86005,5
54.010874479999984,53.384995,5
50.55696527000004,49.34825,5
54.06556280000001,51.80639,5
50.743247360000055,51.314148,5
48.43608386000005,49.58394,5
46.71340178000003,47.865025,5
53.10851720000005,52.19443,5
50.27839663999998,51.31007,5
52.37364290000005,51.354645,5
45.56152903999998,46.25523,5
52.47960152000002,51.297363,5
49.85114414000003,48.835308,5
49.796455820000006,48.666256,5
49.31622401000004,48.491684,5
53.32385246000001,49.844074,5
48.43266584000003,51.137177,5
43.03903028000002,45.95734,5
49.63751789000003,51.231304,5
54.41078282000001,52.218895,5
53.60413010000002,50.272884,5
45.41113616000001,46.092564,5
48.09769988000005,49.46719,5
51.515719880000006,50.30511,5
50.30403179000001,49.3437,5
51.05599619000003,51.15908,5
49.73322245000003,51.422676,5
51.04403312,50.76495,5
49.00860220999999,50.93058,5
48.81206606000001,49.152763,5
50.50398596000002,51.332893,5
50.71248518000005,50.471607,5
51.04403312,53.22823,5
45.85547875999998,46.740143,5
54.80385511999998,53.871212,5
52.37706092000002,51.970566,5
50.5450022,49.71065,5
49.21881044000003,47.786015,5
47.90970878000002,50.025402,5
50.30744980999998,48.75181,5
53.72034278000001,51.366756,5
51.21151610000004,51.982357,5
48.73516060999998,49.897396,5
49.86481622000002,50.597805,5
49.762275620000025,47.674477,5
49.47516194000002,50.71189,5
51.61826048,50.82567,5
51.18758995999997,50.4319,5
53.63489228000003,52.315258,5
52.03525892000005,51.078762,5
51.32772878000003,51.517998,5
52.91027204,52.7097,5
50.38777328000003,51.214767,5
50.06989742000002,49.35448,5
45.14453060000005,48.162823,5
48.077191760000005,50.58048,5
51.04745114000002,50.036934,5
47.34915350000006,47.9333,5
52.83849362000001,52.292023,5
52.66759262000005,52.275078,5
46.99367942000004,49.796555,5
50.090405540000006,49.01043,5
52.86241976000002,51.34505,5
46.369890769999984,47.8264,5
52.01133278000003,51.52367,5
54.22279172000003,51.456703,5
51.61142444000001,49.518505,5
47.53372658000001,50.377266,5
54.78334700000005,53.73745,5
49.62726383,50.562237,5
49.827218000000016,51.034245,5
47.50638242000002,47.291725,5
50.48347783999998,50.603317,5
49.62213680000002,48.912704,5
44.77880246000001,47.1988,5
42.62203183999998,45.18728,5
46.26564116000003,49.532238,5
48.43608386000005,49.58394,5
50.31257684000002,51.65585,5
51.22006114999999,49.17605,5
48.23442068000003,46.653484,5
47.318391320000046,45.903008,5
51.399507200000016,47.788197,5
49.63580888000001,51.307533,5
51.63193256,50.640038,5
50.89193123000007,49.70667,5
50.07331543999999,51.329998,5
54.71498660000003,50.57438,5
52.089947240000015,48.785954,5
49.94513969000002,49.290882,5
48.89751655999999,50.394672,5
49.85114414000003,51.332943,5
49.290588860000014,50.138584,5
49.114560830000016,50.048973,5
50.23908941000002,52.305317,5
46.15284650000001,50.23993,5
46.67751257000003,48.505314,5
52.05576703999998,50.725853,5
52.89659996,51.35383,5
53.22302087000003,51.18404,5
48.74883268999997,49.786247,5
51.38925314000005,51.47881,5
53.22472988000004,51.297153,5
51.61484245999998,51.50748,5
54.55092164000001,50.88692,5
48.29252702000002,49.958397,5
53.47424534000004,51.52555,5
48.04642958,50.77423,5
48.63774704000002,51.176285,5
50.43391655000005,51.173172,5
51.80283356000001,49.69163,5
48.89922557,49.030056,5
51.97031654,49.981598,5
45.68628677000004,49.272053,5
52.87438283,51.57025,5
47.22268675999999,46.65054,5
51.221770160000005,50.92555,5
49.34185916000001,48.682194,5
52.51378172,50.66995,5
49.89899642,50.951397,5
45.25903427000003,48.056293,5
49.57428451999999,49.851517,5
44.87450702000001,46.97696,5
52.51549073000001,49.700615,5
49.81354592000002,49.16788,5
54.96792008,52.53175,5
47.50638242000002,49.87446,5
52.33262666000002,51.207554,5
54.49623331999999,52.212753,5
46.59206207,46.873985,5
50.04597128,50.665054,5
50.44929764000005,51.202785,5
54.39369271999999,51.490036,5
48.24125672000002,51.02473,5
49.437563720000014,51.57994,5
49.52985025999999,47.919086,5
46.08790412000002,48.221424,5
51.95664446000001,51.86305,5
51.95493545,50.374043,5
46.51515662000003,48.92469,5
49.52985025999999,48.70166,5
47.62259510000001,48.128902,5
50.36042912000005,50.8347,5
50.43220754000004,50.60962,5
50.42195348000001,51.067524,5
49.688788190000025,49.603977,5
49.34527718000004,46.987717,5
52.81114946000002,51.15323,5
51.42343334000003,50.8086,5
52.59410519000005,47.269356,5
53.78528516000006,52.277973,5
52.802604410000015,52.02481,5
54.43812697999999,52.466805,5
43.84568300000001,46.300316,5
50.44587962000003,47.66451,5
51.53964602000002,49.91837,5
48.53178842,49.419712,5
54.773092940000026,50.51947,5
51.68662088000002,52.20887,5
48.91460666,50.037376,5
53.11706225,51.919212,5
50.237380400000006,48.902462,5
49.092343700000015,51.64177,5
51.88144801999999,51.95065,5
54.92690384000002,54.030266,5
49.464907880000055,50.297718,5
47.75247986,46.615288,5
48.06351968000001,50.32989,5
51.55844513000005,50.330414,5
49.83405404000001,50.413834,5
53.37854077999998,51.20236,5
49.66315304,49.57785,5
54.154431320000015,51.78784,5
53.88440774000003,50.401833,5
52.32920864000005,52.494267,5
53.21789383999999,51.522766,5
48.81206606000001,46.176445,5
48.01908542000001,49.43471,5
46.27589522,51.36284,5
49.35211321999998,51.416183,5
51.22518818000003,51.53608,5
52.318954580000025,50.97434,5
48.37797752000006,50.175514,5
48.03617552000003,50.317818,5
49.04278241000003,51.207756,5
50.729575280000006,50.403614,5
52.084820209999975,49.714252,5
45.47607854,47.25058,5
51.83359574000002,50.623894,5
48.49760822000002,48.665337,5
49.55890342999999,51.414444,5
52.32920864000005,49.255566,5
50.06647940000005,50.71684,5
49.24273658000004,50.300076,5
48.89751655999999,48.80373,5
52.79064133999998,52.185383,5
51.85410386000001,52.005516,5
52.92052610000002,53.92053,5
48.10453591999999,49.04383,5
50.57747339000002,51.00194,5
46.08448610000005,49.17318,5
50.65437884000005,50.683216,5
47.69095550000003,49.725605,5
50.84578796000005,50.220116,5
52.383896960000015,50.462284,5
46.82277842000002,47.57318,5
46.272477200000026,46.083237,5
44.95995751999999,46.878727,5
47.28933814999999,50.359356,5
46.419452060000026,46.510384,5
48.976131020000025,48.764214,5
49.33844113999999,50.947975,5
49.89557839999998,51.21122,5
52.7496251,49.536896,5
48.49419020000005,45.43486,5
47.51321846000002,48.16692,5
50.72103023,50.360996,5
49.63580888000001,51.307533,5
47.831094320000034,48.82153,5
44.82665473999998,49.70105,5
53.04528383000002,49.78331,5
51.57040820000003,48.40079,5
54.67055234000003,53.019657,5
49.63239085999999,50.718304,5
48.65312813000003,50.47772,5
47.819131250000055,49.767063,5
45.73926607999999,49.12872,5
52.452257359999976,52.297707,5
53.52209762000001,52.47503,5
47.52689054000001,50.060745,5
48.62407496000003,47.896587,5
49.75543958000003,48.04993,5
54.16468538000004,53.970814,5
51.09530342000005,49.196373,5
42.62544986,44.444855,5
50.88338618,48.660965,5
50.23054436000001,51.87133,5
50.83211588000006,48.951237,5
45.80591747000005,47.38471,5
50.42195348000001,51.03342,5
52.51549073000001,49.64609,5
50.444170610000015,50.695156,5
49.502506100000005,48.33894,5
48.55913257999998,50.760323,5
53.76477704000001,51.671032,5
48.92144270000006,49.689503,5
53.40417593000001,51.6027,5
50.03913524000001,50.648556,5
50.370683180000015,51.506023,5
47.04324071000002,47.984512,5
51.63535058000002,50.340897,5
50.42195348000001,51.69668,5
47.18167052000001,49.559242,5
51.68832988999998,50.73901,5
48.28569098000003,50.782497,5
49.39312946000001,50.31039,5
45.77344628000003,46.661163,5
53.60925713000006,52.81105,5
51.799415539999984,50.68431,5
45.81104449999998,46.785336,5
51.38925314000005,51.19284,5
50.69197706,50.24907,5
48.18315038000003,52.171867,5
50.93807450000003,51.792957,5
45.86231480000004,49.57619,5
54.92690384000002,51.193253,5
51.72080108,51.345642,5
53.41955702000001,50.620464,5
47.373079640000014,46.37746,5
53.36145068000002,52.341415,5
51.09530341999999,50.623756,5
49.82209097000003,50.103867,5
53.67590852000001,50.64166,5
50.03229920000001,47.451008,5
50.39460932000003,51.196205,5
47.78153302999999,51.202312,5
49.28375282000002,48.905724,5
50.462969720000046,50.629044,5
45.69824984000002,45.286057,5
51.47128562,50.516018,5
46.566426920000026,47.635483,5
52.34629874000001,51.0273,5
50.63557973000002,49.842567,5
46.357927700000005,47.028843,5
54.55775768000001,52.53491,5
48.88042646000002,47.759937,5
52.11387338000003,51.275887,5
50.65779686000002,50.303024,5
42.59810570000002,45.789448,5
48.50786228000004,51.27969,5
51.04232411000004,51.16204,5
49.29742490000001,50.465237,5
44.36180402000002,50.07975,5
50.23396237999998,51.093483,5
51.80283356000001,49.349606,5
50.40486338000005,51.99297,5
45.43506230000003,49.70247,5
50.82527984000001,50.15856,5
54.793601060000015,52.85453,5
49.98444691999998,50.175896,5
50.34333902000003,47.81713,5
51.22860620000006,51.36692,5
51.11581153999998,51.097706,5
46.97317129999999,47.177654,5
50.936365490000014,51.144543,5
50.66805092000004,50.397205,5
53.65198238000005,51.73336,5
53.28796325000002,49.710735,5
51.69345692000002,51.764225,5
47.85502045999999,48.491753,5
46.7680901,46.017445,5
47.73709876999999,49.778324,5
54.74916680000001,52.87371,5
48.15409721000003,50.582096,5
51.34481888000005,49.60669,5
53.40930295999999,50.271965,5
50.96541866000007,49.995926,5
49.98786494000001,52.987724,5
49.43072768000002,50.439686,5
52.70177281999997,50.462326,5
49.65631700000006,50.4472,5
49.7075873,49.09245,5
51.28329452000003,51.184353,5
52.089947240000015,51.39201,5
50.23225337000002,49.834946,5
46.96291724000002,47.126556,5
54.09632498000002,53.1132,5
49.67682511999999,50.85783,5
50.16218395999999,46.54324,5
51.230315210000015,49.629696,5
52.04209495999999,50.813934,5
51.77719840999998,50.799007,5
46.11866630000003,47.056873,5
49.08038063000004,51.458824,5
48.37797752000006,46.612614,5
50.08015148000004,51.08632,5
49.13335993999999,50.100227,5
49.12652390000005,51.33473,5
43.26461960000006,44.545433,5
53.85364556000002,52.823772,5
45.65723360000004,46.469795,5
46.49123048000001,46.80716,5
49.59479264000004,49.03373,5
53.96644021999998,52.46557,5
48.14555216000002,50.58003,5
53.64172832000003,51.19076,5
50.91073033999999,52.48797,5
44.095198460000006,44.854893,5
52.97521442000004,52.734386,5
53.62805623999998,51.156143,5
49.208556380000005,49.775475,5
49.321351040000025,49.372204,5
49.99982800999999,51.383324,5
47.244903890000046,46.799034,5
45.17358377000005,48.56851,5
50.52278507000005,48.901775,5
43.39792238000001,44.627335,5
50.75691944000005,51.36803,5
45.63843449000001,46.053,5
46.04346986000007,47.30047,5
53.24181998000006,49.68864,5
50.32966694000004,51.49125,5
46.0332158,47.996624,5
46.95949922,47.77688,5
49.44439976000001,52.122295,5
48.42070277000005,47.763012,5
49.143614000000014,49.45982,5
49.94001266000004,48.781204,5
50.08356950000001,49.958298,5
49.013729239999975,50.46622,5
49.85114414000003,49.41806,5
46.19728076000001,44.483967,5
47.97123313999998,50.57046,5
48.39848563999999,49.819965,5
47.98832324,51.214977,5
48.651419120000014,51.877174,5
45.70337687,44.562828,5
52.87950985999999,51.07262,5
51.86264891000002,51.141273,5
50.68855904000003,51.180958,5
52.73082599000003,51.01463,5
46.78176217999999,47.11149,5
48.27030989000002,50.39701,5
52.93761619999998,51.60408,5
42.78951482000002,45.65913,5
49.26153569000002,51.218575,5
49.79987384000003,50.87789,5
52.55479795999997,51.873318,5
49.01372924000003,48.9223,5
49.728095420000045,50.71319,5
54.31507826000001,51.63269,5
49.88703335000002,50.44153,5
52.74278906000001,50.478703,5
53.57849495000005,49.549904,5
52.17710675000001,51.519077,5
52.62999439999999,50.09692,5
49.15386806000004,50.051025,5
54.68251541000001,51.243786,5
49.42389164000002,48.829056,5
52.39927805000002,51.70742,5
51.28671254000005,48.350925,5
45.57861914,46.68743,5
54.79018303999999,53.796875,5
52.780387280000014,53.50018,5
53.26574612000002,51.031757,5
51.97031654,51.630733,5
47.94047096000003,45.91488,5
50.13825782000004,50.287643,5
49.94001265999998,49.316345,5
54.20570162000001,53.283566,5
50.52107606000004,52.27366,5
50.435625560000005,51.187603,5
50.862878060000014,51.189907,5
52.729116980000015,52.36946,5
46.44337820000004,46.78953,5
53.06579195000006,51.418022,5
51.57382622,51.47863,5
47.092802000000006,49.154144,5
48.10453591999999,49.59861,5
45.452152400000045,46.94702,5
53.20763978000002,51.183094,5
53.221311860000014,52.970184,5
50.57918240000004,50.395943,5
51.9122102,50.331562,5
50.12800376000001,49.75099,5
45.70166786000004,46.749466,5
46.41603404,50.542816,5
49.65631700000006,52.081566,5
45.18896486,48.733974,5
51.61142444000001,48.375565,5
51.515719880000006,50.276363,5
50.73641132,51.760483,5
44.18064895999999,45.12504,5
49.46148986000003,50.562233,5
48.155806220000045,49.813587,5
53.778449120000005,50.759445,5
48.42582980000003,49.168533,5
53.93226002000006,51.19465,5
44.881343060000006,47.357697,5
49.99470098000006,48.391315,5
50.57576438000001,50.86358,5
52.49327360000001,51.367516,5
47.10647408,51.56656,5
44.24559134000003,45.63111,5
52.99914056,52.41642,5
48.716361500000005,51.035065,5
46.92190100000005,46.46487,5
49.48370699000003,50.215706,5
51.13973768,51.71953,5
51.252532340000016,49.658524,5
48.125044040000034,48.84453,5
48.95562289999998,48.09521,5
53.55285980000002,49.90815,5
50.370683180000015,50.8733,5
47.29446518000003,49.860912,5
52.98546848000001,51.221638,5
48.1352981,48.41457,5
47.30301023000004,48.336437,5
49.01714726,48.04076,5
50.88680420000003,50.07918,5
50.98592678,49.638397,5
51.679784840000025,48.764027,5
49.77252968000005,51.807297,5
51.4849577,49.280743,5
50.61678061999999,51.170494,5
50.07331543999999,49.43047,5
45.947765300000015,48.59166,5
48.63603803000001,49.389545,5
53.72376080000004,52.114464,5
48.43266584000003,49.093945,5
49.82550899,49.916748,5
50.56209230000002,50.05588,5
48.29936306000002,50.82305,5
44.12254261999999,46.157307,5
54.09290696000005,52.41219,5
48.72319754,52.329636,5
46.146010460000014,49.283607,5
49.188048260000016,50.48559,5
49.30084292000004,49.53367,5
51.75156326000001,51.21761,5
49.71955036999998,50.611893,5
51.27304046,50.50162,5
51.13631966000003,51.18522,5
49.22906450000005,47.651966,5
48.18315038000003,50.638405,5
45.82129856000006,46.041183,5
50.613362600000016,53.125122,5
50.12116772000002,51.192024,5
47.94047095999997,50.068485,5
49.092343700000015,49.397217,5
51.06454124000004,52.294167,5
47.83793036000003,49.59842,5
52.95812432000002,51.265602,5
48.98638507999999,52.231373,5
48.88384447999999,49.542606,5
48.34721533999999,49.28467,5
51.61484245999998,51.716713,5
53.47766336000001,50.881565,5
46.997097440000005,49.849133,5
48.65825516000001,50.739616,5
52.78380530000004,49.77127,5
49.587956599999984,52.392925,5
52.11387338000003,49.86973,5
47.72342669,48.940098,5
49.290588860000014,49.61861,5
51.153409760000045,50.482605,5
47.31155527999999,50.721054,5
46.06910501000005,48.097786,5
50.46980575999999,52.049934,5
48.64458308000002,51.19335,5
49.62213680000002,47.99661,5
54.31849627999998,51.26413,5
50.40486338000005,49.240345,5
47.80033214000002,47.715115,5
54.56117570000004,52.825294,5
49.65289898000003,49.998253,5
53.41613900000005,50.332794,5
47.868692539999984,48.749706,5
51.96348050000006,50.863777,5
47.69437352,46.0178,5
51.888284060000046,51.105885,5
52.14805358000001,52.150818,5
52.06260308000003,50.76472,5
46.64504138000001,51.181595,5
48.25151077999999,46.55808,5
50.389482290000046,51.057835,5
53.23156591999998,52.02805,5
50.42195348000001,51.183094,5
48.76421377999998,51.775608,5
48.14555216000002,49.120483,5
48.36259643,49.44479,5
42.84591215,44.57606,5
49.52643224000002,49.060356,5
53.68616258000003,52.839233,5
50.27156060000004,49.869812,5
51.08846738,49.492275,5
54.86196146000003,53.371174,5
46.34767363999998,49.394474,5
49.06670855000005,49.40197,5
51.105557480000016,48.80449,5
53.19054968,52.057205,5
49.56061244,50.61502,5
47.82767630000001,50.566593,5
48.47710010000003,50.48332,5
50.13825782000004,51.295105,5
50.339921,51.420967,5
52.72228094000002,51.50552,5
50.28523268000004,50.56856,5
48.88042646000002,49.792015,5
44.34471392,44.564144,5
50.44587962000003,51.262463,5
51.84043178000002,50.46572,5
44.16697687999999,47.816628,5
48.704398430000026,47.343372,5
51.57382622,50.885517,5
49.51105115000007,50.052723,5
47.62088609,49.68174,5
50.99447183000001,51.18633,5
50.00495504000003,49.394115,5
48.747123680000016,50.30702,5
50.72103023,51.674175,5
47.62943114000007,50.111614,5
48.71636150000006,50.0759,5
51.43368740000005,51.21436,5
54.98159215999999,53.21088,5
50.45955170000002,51.68603,5
53.274291170000026,52.02973,5
50.107495640000025,48.045696,5
50.73982934000003,52.297844,5
48.46342802000004,50.158577,5
51.84214079000003,50.06625,5
50.76033746000002,50.37266,5
53.75452298000005,53.904976,5
54.45179905999999,53.822796,5
51.59091632000002,51.44391,5
52.26426626,50.419224,5
47.13723626000001,48.607956,5
49.32647807000001,51.13979,5
53.57336792000001,51.04036,5
51.19100798,51.184937,5
51.888284060000046,50.16606,5
50.40828140000002,49.886086,5
54.83803532000002,53.046272,5
50.77400954000001,50.958893,5
50.66805092000004,51.099785,5
49.16754014000003,48.600002,5
50.811607760000015,51.055515,5
49.35724025000002,51.568184,5
50.63216170999999,50.545746,5
54.007456460000014,52.74711,5
53.10851720000005,52.52562,5
51.741309200000046,50.42551,5
50.686850030000016,49.673824,5
53.12560730000001,51.37088,5
49.06158152,50.764137,5
48.09086384,48.571644,5
49.75031254999999,51.322853,5
51.156827780000015,48.001858,5
48.05668364000002,46.864174,5
54.84145334000005,53.156128,5
46.903101890000016,48.318882,5
53.40930295999999,51.158768,5
45.52734884000006,47.04371,5
49.47003491000004,49.3345,5
51.51913790000003,49.40773,5
50.06647940000005,49.39238,5
51.08163134000006,50.352776,5
48.777885860000026,50.84623,5
51.78916148000002,50.119892,5
50.098950590000015,51.54939,5
52.81114946000002,50.23964,5
50.963709650000055,52.231373,5
50.85262399999999,51.120285,5
46.99026140000001,47.294197,5
51.26962244000004,49.846786,5
51.81308762000003,48.781105,5
53.11364422999998,52.084053,5
52.45567538,50.948353,5
51.14144669000001,49.41673,5
50.681723000000034,49.67578,5
47.46707519,46.308765,5
45.865732820000005,47.958,5
51.76523534,50.622406,5
50.29206872000003,49.693703,5
47.22952280000004,46.432606,5
45.22314505999998,50.533783,5
47.72000866999997,48.37914,5
51.56186315000002,50.84677,5
50.29206872000003,50.681793,5
53.33752454,50.889015,5
51.57040820000003,51.33578,5
54.51161440999999,53.9278,5
51.01839797000002,48.947983,5
49.649480960000005,49.296623,5
44.21995619000006,47.63257,5
49.8101279,51.57788,5
54.06898081999998,52.28796,5
51.01668896000001,50.498688,5
54.01771052000004,51.19858,5
49.581120560000045,48.920193,5
52.23350407999999,51.328827,5
45.17529278000001,48.738598,5
51.80283356000001,50.39246,5
51.826759700000025,50.915085,5
50.53645715000005,51.172287,5
48.44633792000002,50.614235,5
46.04005184000005,48.50351,5
50.01520909999999,52.413822,5
49.73322244999997,47.285408,5
47.00051545999997,47.12452,5
49.49567006000001,48.545403,5
52.96496036000002,50.67455,5
44.91210524000002,47.834713,5
47.814004220000015,47.28251,5
54.39369271999999,52.452847,5
47.93705294000006,48.468327,5
38.64003853999998,43.042137,5
50.28523268000004,51.498695,5
54.39027470000002,52.101406,5
49.01714726,49.46975,5
51.937845349999975,51.449947,5
53.24865602,53.327526,5
52.759879160000025,50.486366,5
50.695395080000026,50.9439,5
50.591145470000015,51.1206,5
47.42093191999999,50.93285,5
51.13973768000005,51.98363,5
49.25982668000006,50.26642,5
50.76375547999999,50.343872,5
47.74222580000003,46.20565,5
50.03059019,49.87844,5
48.89751655999999,49.438633,5
50.24763445999997,48.346313,5
49.524723230000006,49.311417,5
48.67192724000006,48.640446,5
48.48564514999998,46.887894,5
54.499651340000014,53.84682,5
49.05816349999998,50.411217,5
49.55377640000006,51.183876,5
49.62897284000002,48.417328,5
50.71077617000003,52.130196,5
52.37022488000002,50.298416,5
52.05918506,50.86881,5
49.97077483999999,50.14216,5
50.74666538000002,51.184937,5
46.13233838000002,47.073692,5
52.00449674000004,50.611893,5
46.65871346000006,46.68743,5
48.51128030000007,50.618347,5
54.14759528000002,54.01923,5
49.22906450000005,52.25739,5
47.22268675999999,48.222687,5
49.26324470000003,45.678085,5
46.46559533000004,49.72101,5
50.77913656999999,51.59551,5
53.92200596000004,50.44127,5
54.74916680000001,52.79892,5
48.73686961999999,50.582935,5
50.69197706,49.561718,5
53.25891008000002,50.675793,5
49.6050467,48.67539,5
48.483936140000026,48.11416,5
50.21516327000006,51.17302,5
49.51788719000001,47.77685,5
51.90879217999998,50.67385,5
53.45715524000002,52.007706,5
46.19728076000001,48.55539,5
46.88430277999999,47.25987,5
52.07285714,51.89715,5
44.85741691999999,47.96194,5
49.93659464000001,47.71981,5
45.64185251000004,46.781403,5
49.98444691999998,50.476624,5
48.24809276000002,46.380726,5
51.26278639999998,51.785007,5
50.5450022,49.177307,5
50.49373190000006,50.829475,5
49.18121222000002,50.29973,5
54.58510183999999,53.37575,5
45.66406963999998,47.111973,5
54.22620974000006,53.452038,5
51.54990008000004,51.74403,5
50.52278507000005,50.777313,5
46.57326296000002,49.79769,5
50.52962111,48.195877,5
50.35530209000001,51.17365,5
54.19886558000002,52.74953,5
46.13233838000002,46.726185,5
45.24023516,46.811184,5
54.24329984000002,50.554115,5
53.313598400000046,51.774487,5
51.58408028000002,50.320175,5
54.02796458,51.209812,5
54.60731897000005,54.154976,5
53.06750096000002,51.036057,5
49.43072768000002,49.764164,5
54.39027470000002,52.680744,5
49.762275620000025,49.05693,5
46.5630089,46.49536,5
50.23396237999998,47.480984,5
52.54454390000001,49.81001,5
50.11433168000002,50.512802,5
52.04893100000004,51.20194,5
49.7075873,50.492687,5
48.70268942000001,48.0049,5
48.95220488000001,47.081646,5
48.13188008000003,50.40594,5
48.16264226000004,50.049805,5
49.86481622000002,52.259678,5
52.50352766000003,51.052113,5
51.69003889999999,50.19023,5
43.568823380000026,43.025032,5
48.60698486000001,48.66981,5
52.452257359999976,49.176826,5
49.08208964000005,47.208008,5
51.153409760000045,49.301865,5
52.34629874000001,51.925117,5
50.90389430000005,49.052452,5
47.84134838,48.922234,5
52.794059360000006,50.505142,5
50.48005982000001,48.525898,5
47.550816680000025,46.051525,5
51.9122102,50.965446,5
53.62634723000002,52.122643,5
51.001307870000005,50.305256,5
43.35007010000004,44.51149,5
46.81594238000002,48.45454,5
49.40680154000006,51.237476,5
51.9122102,50.908257,5
50.38435526000001,51.57505,5
54.46205312000001,52.754253,5
52.10020129999998,49.898506,5
47.59695995000004,49.472687,5
51.105557480000016,50.305046,5
47.85502045999999,50.4613,5
48.65825516000001,50.739616,5
52.47618350000005,51.88923,5
47.39187874999999,50.13703,5
43.98582182000001,46.085175,5
54.19202954000002,52.905766,5
54.14417725999999,52.22923,5
51.03036104,48.742012,5
48.28739999000004,47.44268,5
50.46296971999999,51.871773,5
48.682181300000025,47.89421,5
48.09428186000002,49.454803,5
50.69026805000004,49.6648,5
50.56209230000002,50.24778,5
52.64366647999998,54.036793,5
48.504444260000014,50.404907,5
45.693122810000034,49.828506,5
46.57326296000002,45.35886,5
51.57724424000003,51.63157,5
52.20957794000003,50.68085,5
52.301864480000006,51.016064,5
53.96644021999998,54.050488,5
46.48781245999999,47.99341,5
52.27110230000005,50.1416,5
53.46399128000007,51.8495,5
54.33045935000001,50.530407,5
43.543188230000055,44.474865,5
49.71442334000005,50.863117,5
50.49544091000007,51.3775,5
53.200803740000026,51.26765,5
53.63831030000006,51.213737,5
50.65779686000002,47.367767,5
49.36578530000003,48.82191,5
51.92246426000003,48.339638,5
47.91996284000004,46.988937,5
47.20217864000006,46.825687,5
51.95664446000001,50.728577,5
51.37899908000003,49.350468,5
48.651419120000014,50.037266,5
47.44998509000004,48.37802,5
51.03377906000003,51.776245,5
48.29936306000002,47.90859,5
50.93807450000003,50.239143,5
52.53770786000001,51.190273,5
48.716361500000005,48.522205,5
52.94787026000006,51.37245,5
50.53645715000005,51.031746,5
45.79737241999999,49.142033,5
47.80545917000006,48.89114,5
49.71784136000002,51.21221,5
51.105557480000016,50.506287,5
53.86731764000001,52.41717,5
49.581120560000045,49.479473,5
51.05428718000002,51.263626,5
50.18440109000005,50.183624,5
49.19830232000004,50.61094,5
51.96006248000003,51.149216,5
53.35119662,50.70982,5
49.68366116000004,51.02104,5
53.27941820000001,51.227783,5
49.79987384000003,53.379852,5
54.17493944,52.960983,5
47.75931590000005,48.01871,5
48.043011560000025,51.118732,5
54.171521419999976,50.826366,5
50.14509386000003,48.84995,5
48.55229654000004,50.135708,5
48.66338218999999,49.77003,5
53.93909606,51.054836,5
49.52301422000005,50.217915,5
51.92588228,51.13696,5
48.06181067,51.038666,5
50.07331543999999,49.083397,5
51.52255592,49.461044,5
49.80670988000003,51.190716,5
48.81548408000003,50.18547,5
50.55183824000005,50.532364,5
52.30870052,52.06448,5
48.89751656000004,50.798084,5
51.11922956000001,50.817974,5
50.50056794,49.618324,5
50.16560198000002,51.140453,5
53.30334434000002,52.19319,5
47.70291857000001,50.226067,5
51.3824171,50.413387,5
44.22508321999999,46.543007,5
53.593876040000055,52.10913,5
46.761254060000056,47.532665,5
45.32226764000001,47.72917,5
50.49373190000006,51.744896,5
52.51378172,51.973324,5
53.023066700000015,49.667614,5
52.26255724999999,48.256374,5
53.06066492000002,52.041965,5
50.48005982000001,51.08632,5
49.76569364,52.024143,5
47.41067786000002,49.627636,5
45.257325260000016,46.869984,5
49.09063469,52.260693,5
49.97077483999999,51.10329,5
48.43266584000003,47.895824,5
51.888284060000046,50.59661,5
49.83747205999998,47.919086,5
52.59239618000004,51.963455,5
52.06943912000003,47.51555,5
47.87211056000001,49.0045,5
50.44929764,51.7239,5
47.01247853000001,44.161674,5
51.27304046000006,51.466694,5
47.60379598999998,46.71162,5
52.81798550000002,51.166687,5
51.28329452000003,49.846745,5
48.01395839000003,50.84377,5
53.8946618,52.08504,5
49.74860354000003,50.82273,5
48.84624626000004,49.35317,5
51.48837572000002,48.592552,5
53.81262932000004,53.259636,5
49.49225204000004,49.985207,5
49.77252968000005,50.519867,5
48.92486072000003,49.542267,5
51.19784402000005,51.34012,5
53.75452298000005,53.822796,5
49.74518552000001,49.846226,5
49.43072768000002,48.536327,5
53.44519217000004,51.269035,5
52.70006381000002,50.918556,5
52.57530608000002,51.852554,5
46.33400156000005,46.54418,5
49.41876461000004,47.276703,5
54.14417725999999,51.027218,5
53.72376080000004,51.072083,5
49.83405404000001,50.944996,5
49.76569364,48.954075,5
47.03811368000004,44.44994,5
51.079922330000045,49.600815,5
52.78722332000001,51.58542,5
45.92042114000003,48.422096,5
50.93465648000006,50.718052,5
48.371141480000006,48.590477,5
54.13392320000003,50.879307,5
48.66850922000003,49.00522,5
50.12458574000004,51.474655,5
54.40394678000001,53.355087,5
53.78870317999997,54.032475,5
53.61267515000003,51.453693,5
52.585560139999984,51.68102,5
48.673636250000015,48.9354,5
50.370683180000015,51.511883,5
46.18702670000005,46.861233,5
49.234191529999976,51.13857,5
51.02352500000001,50.302525,5
47.77811501000002,48.64403,5
49.84943513000002,51.871777,5
46.14259244000005,44.604374,5
53.62122020000004,48.747227,5
48.44291989999999,49.4201,5
47.10305606000003,48.632828,5
49.355531240000005,50.296894,5
47.68411946000003,48.63246,5
52.27452032000002,50.895035,5
53.00255858000003,52.44856,5
50.107495640000025,50.90122,5
51.45761354000001,47.958,5
51.24911431999999,51.290874,5
51.46444958000001,50.413616,5
49.36920332,50.678047,5
46.614279200000055,47.247475,5
45.73926607999999,47.58622,5
44.742913250000015,45.69402,5
51.05428718000002,51.125896,5
44.81981870000004,46.823956,5
54.07581686000003,52.97104,5
50.22712634000004,49.494965,5
52.74278906000001,51.774853,5
48.89238953,50.838295,5
54.96450206000003,51.0592,5
51.06795926000001,50.668728,5
47.44827608000003,46.2114,5
50.01179108000002,50.15323,5
49.417055600000026,51.43365,5
53.94251408000002,52.988735,5
49.71442334000005,50.15097,5
47.12698220000004,46.42894,5
50.55867427999999,49.97971,5
52.88634590000004,50.418034,5
50.39119130000006,48.58526,5
54.14246825000004,51.044025,5
48.68901734000002,49.73254,5
47.72171767999998,46.89958,5
48.64458308000002,48.279358,5
54.323623310000016,53.881134,5
47.960979080000016,47.73576,5
54.14075924000002,53.796875,5
50.042553260000034,48.47376,5
51.73105514000002,51.389095,5
53.88440774000003,52.482826,5
49.51959620000002,48.922234,5
48.302781080000045,49.15333,5
52.51719974000002,51.33502,5
46.78176217999999,47.83613,5
52.438585279999984,51.160427,5
47.25857597000004,49.168533,5
50.80477172000002,49.093758,5
49.25299064000001,49.747234,5
49.75202156,49.488987,5
47.06545784000002,49.80849,5
53.61438415999999,52.270695,5
47.352571520000026,46.959114,5
49.40680154000006,47.863323,5
52.599232219999976,50.75507,5
53.16320552000002,51.492218,5
52.70860886000003,51.51447,5
50.47664180000004,50.665104,5
50.25788852000005,50.38735,5
54.22620974000006,53.852985,5
52.04893100000004,51.390236,5
49.99982801000005,51.116096,5
49.35211321999998,49.870075,5
54.41420084000004,53.871212,5
48.743705660000046,49.307144,5
50.22541733000003,51.23733,5
50.23396237999998,49.640938,5
53.69641664000005,51.472332,5
48.41386673,50.67385,5
45.395755070000064,48.153492,5
52.353134780000005,51.15598,5
52.65050252000003,51.966755,5
50.70223112000002,51.169056,5
48.12162602000001,48.513676,5
48.665091200000006,48.621758,5
47.67386540000001,47.88493,5
48.48906317000001,51.704105,5
44.98730168000003,46.226517,5
50.06477039000004,52.73243,5
49.86139820000005,50.07938,5
48.976131020000025,48.103256,5
42.80831393000005,45.86679,5
50.47322378000001,48.620277,5
52.77013322000005,50.850506,5
51.88657505000003,51.71391,5
51.03377906000003,51.475418,5
48.890680520000046,48.788513,5
51.888284060000046,50.779266,5
51.41830631000005,51.569416,5
50.73128429000002,48.650936,5
49.96393880000005,50.992836,5
45.87940490000005,45.825535,5
46.74074594000001,47.928528,5
49.96052078000002,50.883064,5
49.78278374000001,48.35234,5
52.15830764000003,52.276726,5
50.33650297999998,51.97317,5
54.250135880000016,49.23287,5
45.97510946,47.267868,5
46.345964630000026,47.74074,5
45.43677131000004,47.102108,5
44.77538444000004,46.543007,5
53.09142710000003,51.28842,5
51.30209363000006,47.87999,5
50.93636549000007,48.913162,5
49.355531240000005,51.32618,5
54.71840462,53.13782,5
48.66850922000003,48.700085,5
48.03788453000004,50.190536,5
49.70416928000003,48.117504,5
50.37410120000004,51.91736,5
49.835763050000025,48.938545,5
46.63820534000001,50.1488,5
52.448839340000006,51.290333,5
50.77400954000001,48.804707,5
51.66611276000003,51.476746,5
51.16366382000001,50.232143,5
54.89272363999999,53.982227,5
50.55525626000002,51.951225,5
48.73516060999998,49.92361,5
50.33308496000001,49.6757,5
50.78255459000002,50.969234,5
50.370683180000015,51.971462,5
54.05530873999999,52.81105,5
51.43026938000003,50.60654,5
51.72421910000003,50.465237,5
46.16310056000003,49.08276,5
49.290588860000014,49.326946,5
48.630911000000026,48.43224,5
54.08607092,53.392624,5
49.26837173000001,49.618324,5
52.40440508000006,50.705173,5
50.10578663000001,48.634766,5
47.26028498,49.166794,5
53.860481600000014,51.553833,5
49.502506100000005,50.69949,5
48.46684604000001,49.182255,5
47.95414304000002,48.97787,5
46.51173860000006,50.447,5
48.21391256000004,49.378952,5
50.06989742000002,50.425026,5
47.42093192000005,48.488754,5
50.03229920000001,50.238346,5
50.43904358000003,51.207096,5
52.62999439999999,51.923996,5
51.83017772000005,50.88086,5
53.94251408000002,53.48377,5
47.35086251000001,47.272343,5
50.94832856000005,49.085083,5
49.208556380000005,49.011436,5
49.85798018000003,50.487717,5
48.13188008000003,51.548004,5
47.2978832,48.784847,5
49.10088875000002,51.292915,5
52.438585279999984,51.14748,5
54.69106046000002,53.26818,5
53.45715524000002,50.208656,5
49.26324470000003,49.77067,5
48.99322112000005,49.57304,5
51.02352500000001,50.910683,5
51.72592811000004,50.672832,5
49.65631700000006,50.124645,5
46.012707680000005,47.928143,5
44.31395173999999,45.749554,5
50.35359308,51.365532,5
50.681723000000034,51.22661,5
47.318391320000046,49.503056,5
48.945368840000015,48.279358,5
46.71681980000005,49.69051,5
49.00860220999999,46.59456,5
48.93511478000005,48.305485,5
50.21345426000005,50.261673,5
45.70850389999998,45.738544,5
45.27441536000004,44.418102,5
54.444963020000046,52.13804,5
54.94741196000001,52.70255,5
43.69870814000001,45.0464,5
48.936823790000005,50.839092,5
49.312805990000015,51.1875,5
50.38435526000001,51.125286,5
49.80670987999997,49.438267,5
49.386293420000015,47.701614,5
48.48735416,45.883118,5
52.61119529000001,52.0488,5
51.36532699999998,50.780945,5
47.32693637,46.544937,5
44.618155520000016,45.389755,5
47.29104716000006,49.22475,5
51.19784401999999,50.43167,5
48.74199665000003,49.459385,5
50.21003624000002,46.758892,5
50.11433168000002,50.593998,5
44.691642950000016,48.006485,5
51.81992366000003,51.138313,5
44.9907197,46.132336,5
50.37922823000002,52.807484,5
49.77252968000005,51.242702,5
51.49692077000003,50.30289,5
45.580328150000014,48.552464,5
46.357927700000005,49.4238,5
51.221770160000005,50.275585,5
47.03982269000005,49.323612,5
53.27600017999998,51.744675,5
52.49327360000001,51.565952,5
49.92634058000005,52.02553,5
53.85022753999999,52.91005,5
52.677846680000016,51.185326,5
48.91802468000003,51.7203,5
51.00301688000002,51.62629,5
50.23054436000001,50.4558,5
49.92634057999999,51.315758,5
47.59525094000003,50.24319,5
51.10897550000004,50.471607,5
54.55775768000001,52.834106,5
52.06602110000006,50.835323,5
49.76398462999998,51.922474,5
50.83211588000006,49.194096,5
52.32920864000005,49.46244,5
50.92098440000001,52.796795,5
54.63637214000005,51.79736,5
53.61438415999999,49.205677,5
50.62019864000001,50.3209,5
46.80227030000003,46.876915,5
51.50546582000004,49.905178,5
44.91552325999999,47.088947,5
50.48689586,51.514915,5
46.27931324000002,47.359276,5
49.72125937999999,50.436146,5
49.29400687999998,50.0189,5
50.803062710000006,50.7171,5
51.05428718000002,50.399315,5
48.27372790999999,50.418488,5
50.84920598000002,49.680588,5
51.160245799999984,50.328133,5
54.83119928000002,53.023834,5
50.65096082000002,50.34781,5
47.584996880000006,48.514137,5
50.27156060000004,53.467766,5
52.353134780000005,48.8882,5
50.19978218000006,52.994755,5
49.84601711000005,49.912384,5
49.03252835000001,47.35552,5
50.203200200000026,48.202034,5
50.67146894000001,46.7248,5
51.965189510000016,49.219574,5
48.19682246000002,50.101658,5
52.18223378000005,50.84969,5
50.46980575999999,51.567703,5
52.63341242000001,50.253933,5
50.34675704000006,48.659557,5
50.31770387,50.282932,5
54.47230718000003,53.747665,5
44.94628544,50.70736,5
50.4937319,50.477734,5
48.19682246000002,52.254,5
51.013270939999984,50.361446,5
45.14453060000005,49.07937,5
49.34869520000001,50.330757,5
53.37512276000001,50.850277,5
52.73937104000004,49.201893,5
49.27178975000004,52.721615,5
54.14075924000002,51.29897,5
51.31918372999996,48.808254,5
49.40509253000005,49.702503,5
44.81298265999999,46.12765,5
47.13381823999998,47.6494,5
48.16947830000004,48.72388,5
48.13188008000003,52.311066,5
50.51936705000003,49.775696,5
54.885887600000046,53.988594,5
50.36384714000002,50.14086,5
49.74176750000004,49.38316,5
50.05793435000004,50.10863,5
50.56209230000002,50.34137,5
52.68126470000004,50.626057,5
48.50615327000003,47.917988,5
50.41169941999999,50.851383,5
48.46684604000001,50.145542,5
54.19544756000005,52.87371,5
50.57234635999998,50.097748,5
52.400987060000034,50.421246,5
50.99959885999999,49.33181,5
45.158202680000045,47.292553,5
53.76477704000001,53.118397,5
54.14930429000003,52.272884,5
49.805000870000015,52.466805,5
49.731513440000015,51.29105,5
48.80523002000001,49.007633,5
47.42264093,48.922104,5
49.47857996000005,51.406635,5
47.37649766000004,48.123806,5
54.21595567999998,52.81105,5
52.04209495999999,50.580036,5
44.20628411000001,44.735844,5
46.98000734000004,46.801094,5
49.748603539999976,48.660515,5
53.16320552000002,49.24291,5
50.989344800000026,51.12328,5
50.58430943000002,50.39731,5
46.86721268000002,48.41228,5
49.92292256000002,53.35631,5
47.87381957000002,48.22575,5
46.79543425999998,48.25509,5
54.29115211999999,50.772728,5
54.6295361,52.79839,5
49.27862579000004,51.40809,5
50.34333902000003,51.18907,5
54.50648738000007,53.84682,5
49.75543958000003,50.952953,5
49.18975727000003,52.16045,5
50.13825782000004,51.463867,5
50.93807450000003,49.82809,5
49.74176750000004,49.502697,5
52.28135636000002,50.36049,5
54.43299995000007,51.149094,5
52.163434670000015,49.03786,5
48.02763047000002,49.73056,5
44.42674640000001,45.648647,5
54.66713432000006,53.28658,5
52.85558372000003,51.457363,5
52.74278906000001,52.017403,5
48.31303514000001,50.105213,5
47.5029644,48.377407,5
52.25743022000006,50.05748,5
49.60846472000003,48.378246,5
47.58841490000003,47.102573,5
49.08892567999999,49.25903,5
47.938761950000014,50.81386,5
54.81752720000003,51.84214,5
45.36328388000004,44.36899,5
47.23123181,50.320827,5
50.76033746000002,50.55294,5
53.36657771,49.48023,5
48.47710010000003,49.36201,5
50.40999040999998,52.740105,5
48.596730800000046,48.858456,5
53.161496510000006,51.97652,5
51.97031654,49.641357,5
42.191361320000055,44.804955,5
44.69676998,49.299614,5
51.625096520000056,51.196205,5
51.76523534,50.226185,5
54.01600151000002,51.133778,5
52.51719974000002,51.688057,5
50.30915881999999,48.799946,5
46.82277842000002,49.441734,5
49.69049719999998,49.11803,5
47.01076952000005,48.110565,5
49.62042779000001,51.186676,5
52.19590586000004,50.89596,5
51.26278639999998,51.234024,5
50.879968159999976,51.209717,5
49.304260940000006,47.286274,5
42.27510281000002,45.075928,5
49.23248252000002,51.671032,5
54.62270006000006,53.000446,5
50.66805092000004,50.32529,5
54.20570162000001,52.872746,5
48.04472057000004,51.27931,5
49.52985025999999,50.409016,5
51.13461065000001,49.50253,5
47.47562024000001,47.800114,5
47.72855372000004,49.95466,5
48.04472056999998,49.267178,5
48.591603770000006,49.446045,5
52.72228094000002,49.44258,5
51.37899907999997,50.12765,5
43.9994939,44.10048,5
49.386293420000015,48.821857,5
50.862878060000014,51.259983,5
47.16116240000002,49.257385,5
50.58943646,47.618122,5
50.288650700000005,51.155273,5
54.154431320000015,52.501328,5
50.33308496000001,49.794437,5
47.53030855999998,46.63817,5
48.37797752000006,49.135826,5
48.04984760000002,50.455753,5
51.86777594,50.510487,5
45.73584806000002,46.054882,5
50.39460931999997,51.50947,5
53.31018038000002,51.197582,5
45.23681714000003,46.06334,5
50.93123846000003,51.44382,5
50.89705826,51.161896,5
52.66075658,50.857647,5
50.31428585000003,48.962734,5
49.29400687999998,51.16372,5
49.31451500000003,52.89229,5
52.61632232,49.595726,5
49.86139820000005,48.483963,5
48.63774704000002,49.62807,5
46.22804294000002,45.854015,5
46.05543293000005,49.336758,5
48.600148820000015,49.70857,5
51.81650564000006,51.166534,5
49.270080740000026,49.54454,5
49.24786361000002,49.895172,5
46.29640333999998,50.59343,5
53.08459105999998,51.69668,5
46.10499421999998,46.082306,5
52.84532966,52.74594,5
46.45192324999999,49.600193,5
45.831552620000025,46.864174,5
48.60527585,48.53972,5
52.19590586000004,51.600784,5
51.566990180000005,49.712124,5
47.09622002000003,47.07724,5
45.746102120000046,46.750298,5
52.91369006000002,50.965935,5
47.77640600000001,51.207603,5
49.56232145000001,48.544605,5
49.00347518000001,46.752155,5
51.04745114000002,51.25944,5
51.50546582000004,52.02542,5
49.65631700000006,52.646736,5
50.35701110000002,49.844852,5
50.17585604000004,51.355526,5
48.51640732999999,50.65062,5
49.40680154000006,51.467667,5
49.61188274,47.865303,5
48.64116506000005,47.75592,5
48.829156160000025,48.708733,5
51.74643622999997,51.740982,5
54.02796458,52.125065,5
47.62601312000004,50.06058,5
44.66600779999999,46.228996,5
51.99766069999998,50.055702,5
49.71100532000003,50.013493,5
49.92804959,50.290894,5
49.85114414000003,49.525494,5
48.98467607000004,50.928783,5
48.67363625000007,49.715828,5
52.51036370000003,50.15341,5
47.814004220000015,48.802654,5
44.30027966,47.36206,5
47.48587429999998,50.097065,5
49.33844113999999,50.586742,5
45.08300624000003,48.389412,5
48.28569098000003,48.29384,5
53.54260574,51.774452,5
48.082318790000045,52.141415,5
43.585913480000045,44.830658,5
48.890680520000046,47.317417,5
48.747123680000016,48.567516,5
54.971338100000025,54.001568,5
54.45521708000001,53.10152,5
49.30084292000004,50.85628,5
47.144072300000005,48.451828,5
51.09530342000005,51.536766,5
51.81992366000003,51.11635,5
50.73470230999999,49.456547,5
54.11341507999998,53.50362,5
47.18167052000001,47.348457,5
54.86879750000003,50.86881,5
49.89899642,48.760494,5
49.649480960000005,48.97212,5
49.79303779999998,50.333027,5
48.94195081999999,49.95278,5
49.27349876000005,50.287045,5
47.69095550000003,49.542942,5
47.91312680000004,47.546165,5
50.13142177999998,50.00581,5
51.303802640000015,51.07858,5
49.00347518000001,51.226055,5
47.40213281000001,51.113953,5
48.46171901000002,49.092205,5
51.13802867000004,51.730698,5
46.68605762000004,51.628044,5
50.36384714000002,49.876278,5
50.78255459000002,52.338764,5
50.52962111,49.850697,5
52.38047893999999,51.37942,5
43.84568300000001,46.300316,5
51.03377906000003,50.85767,5
52.893181940000034,50.60508,5
49.59137462000001,50.658993,5
49.697333240000034,47.478443,5
48.64800109999999,49.896202,5
50.51594903,49.42752,5
53.76477704000001,53.73745,5
49.37774837000006,49.028385,5
45.011227820000045,46.91166,5
51.46444958000001,51.55992,5
51.29696660000002,51.040356,5
48.54033347000001,49.711273,5
49.37262134000002,51.15838,5
52.288192400000014,50.879814,5
52.64366648000004,50.863716,5
48.27201890000004,45.99246,5
50.16218395999999,47.996624,5
47.63455816999999,49.74105,5
54.31166024000004,51.135345,5
53.06237393000004,48.515503,5
54.04505468000002,52.66395,5
45.93751123999999,46.962208,5
48.56596862000004,48.96581,5
53.65198238000005,51.952488,5
49.533268280000016,48.220116,5
47.68241045000002,49.683414,5
50.45955170000002,48.462593,5
49.20001133,49.691593,5
48.51469831999998,51.45049,5
53.60071208,51.725506,5
45.96143738000001,47.954197,5
53.14269740000003,51.730026,5
46.37501780000002,53.329395,5
50.84920598000002,50.13755,5
52.92052610000002,51.560513,5
47.5029644,49.866516,5
49.01372924000003,51.17353,5
48.98638507999999,49.598434,5
53.89807982000002,50.861042,5
52.25059418000001,50.10741,5
50.80818973999999,51.09151,5
54.79018303999999,52.82269,5
47.697791540000026,49.949463,5
49.96735682000002,50.477932,5
52.63683044000004,50.67778,5
54.71498660000003,51.79255,5
51.19784402000005,51.291348,5
48.17973236,49.102894,5
49.74347651000005,49.244183,5
48.27201890000004,48.97722,5
50.08698751999998,49.918896,5
52.91369006000002,51.11543,5
51.06454124000004,49.11051,5
48.83941021999999,50.387054,5
47.93705294000006,49.507988,5
46.16651858,47.13978,5
49.31109698,49.171974,5
54.38002064,51.13857,5
47.265412010000034,49.629696,5
46.44679622000001,48.47243,5
54.19886558000002,49.98673,5
48.73174259000001,50.662605,5
49.84430810000004,49.741203,5
51.88486604000002,52.039448,5
49.45123580000006,50.550064,5
50.60994458000005,50.192165,5
53.72717882000006,50.99731,5
52.60094122999999,50.91846,5
49.52130520999998,50.58387,5
48.43950188000002,50.360996,5
53.64856436000002,51.546135,5
50.25788852000005,51.52716,5
49.51788719000001,50.72196,5
49.11626984000003,50.4689,5
48.379686530000015,49.613323,5
50.45271566000002,50.853813,5
46.42116107000004,49.13755,5
50.876550140000006,51.421124,5
49.160704099999975,51.712246,5
51.32772878000003,51.588326,5
46.01954372,46.70823,5
44.59422938,49.43864,5
47.68241045000002,48.167088,5
49.22051944999998,50.149708,5
52.038676940000016,51.064777,5
50.04597128,49.074146,5
51.040615100000025,50.844505,5
46.63478731999999,46.74146,5
49.03423736000002,49.378235,5
52.35997082000006,50.755844,5
51.11922956000001,51.38082,5
49.524723230000006,49.629272,5
48.55913257999998,50.592976,5
54.39711074000002,50.09144,5
49.70416928000003,50.985687,5
47.17825249999999,46.080013,5
50.842369940000026,50.367657,5
48.86675438000003,48.257637,5
51.153409760000045,51.63836,5
51.75498128000004,48.571384,5
51.14315570000002,50.342308,5
48.09769988000005,50.136116,5
48.65483714000004,49.490246,5
53.94935012000002,52.81105,5
54.95424800000001,52.905766,5
52.56847004000002,50.713245,5
54.716695610000045,53.738422,5
52.67271965000003,51.018566,5
51.15511877,49.129097,5
52.18565180000002,50.941433,5
48.84966428000001,51.23354,5
50.48005982000001,51.2068,5
48.945368840000015,48.45625,5
47.152617350000014,45.598183,5
48.27714593000008,50.86324,5
46.18702670000005,51.98481,5
49.61359175000001,50.19053,5
54.55775768000001,52.531673,5
48.890680520000046,49.195366,5
53.78186714000003,51.134487,5
50.94491054000002,52.101093,5
49.91608652000002,49.03357,5
51.27304046,50.55026,5
49.74176750000004,51.6795,5
50.19807317000004,50.122295,5
50.71932121999998,49.55276,5
48.62065694,48.55693,5
48.20194949000006,49.005432,5
46.86037664000003,46.778088,5
51.23544224,51.251663,5
48.35576039,49.923336,5
51.888284060000046,50.737022,5
48.12162602000001,50.680355,5
50.52107606000004,49.693047,5
53.973276260000034,53.738422,5
49.835763050000025,49.80783,5
54.33558638,52.29672,5
49.56744848000005,50.73061,5
51.43539641000001,49.44878,5
52.392442010000025,50.525723,5
52.66759262000005,51.535973,5
47.57816084000001,48.727245,5
50.19636416000003,49.675907,5
54.04163666,51.46174,5
53.14611542,53.216866,5
49.32818708000002,50.16196,5
48.40532168000004,48.624992,5
45.05908010000002,47.81091,5
47.44827608000003,49.060204,5
45.165038719999984,46.519142,5
52.16685268999999,46.935917,5
52.49669161999998,49.96129,5
49.62897284000002,48.28537,5
45.800790440000014,49.515484,5
53.12218928000004,51.98433,5
45.34961180000005,45.669216,5
52.10020129999998,52.60386,5
53.317016420000016,52.44856,5
49.96222979000004,51.145424,5
50.62361666000004,48.073868,5
48.28910900000005,45.573513,5
49.95368473999997,51.98885,5
49.53668630000004,49.53853,5
42.13325498000006,47.30492,5
54.89272363999999,52.172478,5
50.00837306000005,50.477932,5
54.13050518,53.36022,5
49.43072768000002,50.309063,5
52.27452032000002,51.1703,5
50.31257684000002,47.354534,5
48.38823158000002,50.17473,5
50.01008207000007,49.656456,5
48.49248119000004,49.046635,5
50.548420220000025,50.584553,5
49.12652390000005,48.12133,5
52.29844646000004,52.718014,5
47.26028498,51.10005,5
51.75498128000004,48.571384,5
49.69562423000002,51.40264,5
54.75600284000001,52.825294,5
51.24227828000005,50.29991,5
44.93432237000002,48.44783,5
52.18223378000005,50.0684,5
50.69197706,51.04379,5
48.06351968000001,47.546494,5
50.172438020000016,50.55937,5
47.28762914000004,50.51391,5
47.74906184000002,49.429905,5
52.872673820000045,51.736736,5
54.34925845999999,53.747665,5
52.168561700000055,50.66827,5
45.633307460000026,48.101135,5
49.239318560000015,50.327454,5
51.29183956999998,49.17226,5
48.66167317999998,50.44128,5
53.80750229,53.277267,5
52.50694568000006,50.416492,5
53.33923355000002,50.247227,5
47.71488164000005,45.83138,5
52.03184090000002,48.890976,5
48.871881410000015,51.52771,5
52.32066358999998,50.882755,5
52.27452032000002,50.130947,5
52.31211854000003,50.82856,5
50.15192990000003,49.94917,5
54.69447848000004,53.41528,5
52.34288072000004,51.730026,5
49.79303779999998,49.48759,5
50.362138130000005,49.70497,5
49.584538580000014,48.336956,5
45.10522337000003,49.675095,5
51.122647580000034,50.955753,5
44.84887187000004,47.361317,5
51.85410386000001,50.566593,5
46.586935040000014,48.19698,5
54.27406202000003,53.9278,5
49.0752536,50.588768,5
46.877466740000045,47.827343,5
47.291047160000005,49.617905,5
50.52791210000004,53.12753,5
42.77242472,46.001263,5
45.66065162000001,49.438454,5
51.10213945999999,51.163208,5
48.88555349000001,50.85169,5
51.450777500000015,50.61498,5
53.399048900000025,52.500114,5
52.48643756000001,51.226757,5
53.6383103,50.568356,5
54.70473254000001,54.081394,5
44.09178043999998,46.91715,5
46.93386407000003,46.619465,5
50.95516459999999,50.4233,5
54.52870451000001,51.314728,5
54.83119928000002,51.074913,5
50.91756638000004,49.05878,5
51.36532699999998,51.211376,5
49.09576172000004,49.968235,5
49.63580888000001,49.58091,5
48.51298931000002,50.7053,5
52.25059418000001,48.51184,5
52.37364290000005,50.9291,5
53.81092031000003,52.274498,5
52.20274189999998,51.160133,5
46.33400156000005,51.05204,5
52.69493678000004,51.974495,5
51.75839930000007,52.038654,5
44.62499156000001,48.018585,5
50.09724158000006,50.84377,5
49.97761088000004,50.7139,5
48.43608386000005,48.716484,5
51.16537283000002,52.028713,5
46.62111524,51.315968,5
52.92907115000003,50.25626,5
54.50306936000004,51.20536,5
49.97590187000003,49.198605,5
52.18394279,50.28366,5
51.94980842000001,50.647987,5
52.93419818000001,53.61045,5
51.06795926000001,50.695843,5
49.80329186,51.452038,5
49.19488430000001,49.92448,5
45.53076686000003,47.02208,5
49.581120560000045,51.55987,5
54.27748004,51.689056,5
51.72080108,51.013943,5
50.392900310000016,50.046448,5
47.109892100000025,48.417213,5
53.50158950000002,53.154884,5
53.68616258000003,53.019657,5
49.46319887000004,47.855595,5
45.667487660000006,45.34691,5
51.56869919000002,51.44032,5
52.9547063,52.198425,5
50.60139952999998,48.764256,5
52.03184090000002,51.428688,5
49.92804959,50.792503,5
51.63364157000001,52.896614,5
52.86071075000007,52.01065,5
49.55377640000006,49.56967,5
46.22633393000001,48.062237,5
47.403841820000025,46.648666,5
51.21835214000004,50.33792,5
53.09826314000003,51.53608,5
48.371141480000006,53.497498,5
51.57895325000004,50.46079,5
48.69414437,49.96118,5
51.597752360000015,50.857647,5
46.583517020000045,51.083824,5
53.20763978000002,52.86857,5
48.72661556000003,47.37017,5
52.70519084000006,51.456955,5
51.450777500000015,51.315292,5
49.244445590000055,49.686745,5
48.33012524000003,50.93339,5
46.34938265000005,49.00034,5
54.366348560000006,53.421047,5
54.34584044000002,52.30648,5
50.67146894000001,50.8486,5
52.24034012000004,50.955208,5
45.81788054000003,46.70816,5
48.80352101000005,49.79544,5
50.98250876000003,51.914726,5
49.92292256000002,48.864338,5
52.93932520999999,51.669395,5
50.88338618,51.518574,5
53.82288338000001,51.638496,5
48.85479131,49.672855,5
47.34915350000006,46.0147,5
54.28089806000003,52.752827,5
48.37797752000006,46.72191,5
54.67397036,52.208702,5
50.85091498999998,50.694363,5
45.51025874000004,49.883705,5
50.22029029999999,50.037464,5
51.82846871000004,50.345703,5
47.33206340000004,46.978153,5
48.64800109999999,51.328957,5
47.21585072000005,45.6457,5
51.21493412000001,51.050747,5
51.00301688000002,51.784634,5
48.58647674000002,50.450012,5
47.80716818000002,48.07288,5
53.25549206000005,52.740105,5
47.991741260000026,46.596924,5
51.13290164,51.13575,5
54.28089806000003,52.771828,5
48.92486072000003,51.320797,5
45.97169144000003,48.56368,5
51.42343334000003,49.598045,5
49.23590053999999,50.332867,5
52.62999439999999,50.924767,5
47.95756105999999,50.510567,5
47.00906051000004,51.4229,5
50.83553390000003,50.399284,5
51.03377906000003,49.397648,5
51.826759700000025,51.374023,5
52.39415101999998,51.146217,5
46.932155060000014,45.778145,5
53.610966140000016,52.070236,5
54.80043710000001,53.895897,5
52.41295013000001,50.448406,5
47.299592210000014,48.74407,5
47.403841820000025,49.40419,5
50.79280865000004,51.047985,5
53.82971942000006,50.07329,5
47.98661422999999,49.194096,5
44.65233572,44.936024,5
47.87894660000006,49.353878,5
51.09530342000005,50.381187,5
48.890680520000046,48.626343,5
46.96291724000002,45.9268,5
51.18075392000003,51.158276,5
45.72901202000003,46.796295,5
54.82778126000005,53.52036,5
54.05189072000002,51.633713,5
50.35701110000002,48.11444,5
49.63580888000001,51.654495,5
52.98546848000001,50.874966,5
52.206159920000005,51.54205,5
51.34823690000002,50.746983,5
54.27748004,53.154884,5
50.811607760000015,49.41227,5
51.89853812000001,51.792202,5
51.23544224,50.645447,5
50.885095190000015,51.042267,5
49.75031254999999,51.159622,5
51.75498128000004,51.30696,5
50.34675704,51.873974,5
53.66565446000004,50.410084,5
53.76135901999999,50.851288,5
46.54591879999998,48.43149,5
50.54158418000003,50.507675,5
50.30574080000002,45.899944,5
54.154431320000015,51.950768,5
48.52495238000006,50.18312,5
52.68468272000001,51.43717,5
48.155806220000045,47.913513,5
48.88042646000002,50.915085,5
49.03765537999999,50.891376,5
46.72707386000002,48.522213,5
48.72832457000004,49.331444,5
46.96633526000005,48.640156,5
50.66121487999999,50.43235,5
51.57382622,50.456192,5
45.053953070000034,50.079258,5
47.85160244000002,48.055244,5
47.65164827000001,46.723457,5
49.22564648000002,50.85691,5
51.75498128000004,50.57262,5
43.31930792000003,45.007732,5
49.83234503,51.38293,5
47.93363492000003,48.439743,5
50.41511744000002,52.446335,5
47.94901601000004,47.545883,5
49.32306004999998,51.50083,5
44.30711570000005,46.405846,5
50.00837306000005,48.87726,5
48.07548275000005,50.558937,5
51.46786759999998,47.97492,5
52.578724100000045,51.033607,5
50.37410120000004,50.395237,5
44.95141247000004,45.61856,5
54.444963020000046,50.87936,5
46.80227030000003,48.670734,5
51.43710542000002,49.597042,5
49.89216038000001,51.26029,5
50.517658040000015,52.202694,5
50.06306138000002,51.240665,5
51.37216304000003,50.715954,5
43.97044073000001,46.91512,5
50.63728874000003,50.10629,5
49.99299197000005,49.532085,5
47.77640600000001,50.769764,5
52.120709420000026,50.8551,5
48.27885494000003,49.3629,5
48.55229653999999,50.222824,5
49.88361533,50.556698,5
52.13438150000002,50.073246,5
52.19932388000001,51.228714,5
48.66167317999998,50.361008,5
51.447359480000046,51.125954,5
52.578724100000045,50.12204,5
53.38195880000001,51.612118,5
54.45009004999997,51.548004,5
48.40873970000001,47.72951,5
48.24809276000002,48.959393,5
51.32772878000003,50.669476,5
47.58157886000004,46.087345,5
45.161620700000014,46.164513,5
48.254928800000016,47.291756,5
49.170958160000055,49.147446,5
48.80181200000004,50.8456,5
52.80089540000006,51.287766,5
49.06670855000005,51.336105,5
47.98832324,48.705902,5
49.30255192999999,50.0697,5
48.28569098000003,49.50936,5
46.146010460000014,49.283607,5
48.44633792000002,48.754612,5
48.96245894000003,48.90495,5
50.263015550000034,50.531944,5
51.66953078,51.385403,5
54.48256124,50.836586,5
50.41511744000002,52.46402,5
47.896036700000025,49.39753,5
48.68901734000002,49.625675,5
48.945368840000015,48.841896,5
47.814004220000015,50.25988,5
50.98592678,49.84361,5
53.94251408000002,50.92884,5
52.88976392000001,52.181717,5
43.92771548000002,45.44346,5
47.37820667000005,50.86259,5
50.203200200000026,51.199535,5
48.87700844000005,52.173298,5
46.272477200000026,46.273106,5
47.38333369999998,48.05674,5
40.39690082000004,43.000225,5
53.82971942,51.6129,5
48.22074859999998,48.458664,5
48.60698486000001,49.696964,5
48.54204248000002,48.735332,5
54.010874479999984,53.304317,5
46.11524828,48.34107,5
48.72148852999999,50.549507,5
52.01133278000003,50.740986,5
51.037197080000055,49.781963,5
47.67728341999998,48.7288,5
50.71248518000005,51.61234,5
51.399507200000016,50.415,5
44.89501514,44.566677,5
54.57142976,53.738422,5
50.91756637999998,50.151257,5
47.935343930000045,48.72501,5
53.90833387999999,52.43699,5
50.37581021,50.780384,5
48.16606028000001,47.9777,5
45.99732659000006,49.69759,5
46.829614460000016,50.33668,5
50.854333010000005,49.294003,5
48.22758464000003,47.90901,5
50.49885892999998,49.290356,5
48.81206606000001,50.339947,5
51.87119396000003,50.205463,5
49.43072768000002,48.950962,5
52.80089540000006,49.142426,5
50.55012923000004,47.469448,5
50.72615726000004,51.164337,5
53.050410860000056,52.136395,5
47.86185650000005,47.969337,5
50.43391655000005,51.173172,5
48.890680520000046,47.317417,5
48.043011560000025,46.2114,5
53.92884200000003,51.776897,5
53.85535457000003,50.491882,5
47.17312547,49.046288,5
50.85262399999999,48.828674,5
49.86139820000005,49.812298,5
52.84532966,53.751163,5
49.55719441999997,51.14556,5
52.68126470000004,51.07259,5
49.533268280000016,49.739845,5
52.51719974000002,50.7396,5
46.62795128000005,47.659584,5
48.58647674000002,47.803783,5
46.33400156000005,47.958,5
52.90514501000007,52.000263,5
49.321351040000025,51.667118,5
50.44587962000003,49.73768,5
51.04403312,50.846207,5
47.03811368000004,48.080357,5
52.35997082000006,51.219154,5
50.55867427999999,51.644,5
50.74495637000001,50.381187,5
51.823341680000055,51.411137,5
50.16560198000002,51.882122,5
53.28283622000004,52.550835,5
49.55377640000006,48.82813,5
49.13335993999999,51.309265,5
49.649480960000005,47.672443,5
45.308595560000015,48.225956,5
52.288192400000014,47.327496,5
47.69950054999998,46.787426,5
51.98911565000003,51.586708,5
48.14897017999999,48.30385,5
50.12800376000001,50.391006,5
48.73516060999998,50.662437,5
50.85604202000002,50.73875,5
49.73834948000001,51.674812,5
46.27931324000002,47.254086,5
49.38971144000004,48.305485,5
49.16412212,51.15644,5
53.91858794000001,53.38231,5
53.15978749999999,51.605957,5
48.38823158000002,50.266026,5
51.31918373000002,50.64602,5
47.90970878000002,47.42614,5
50.842369940000026,50.462788,5
49.087216669999975,50.367657,5
45.50000468000002,46.510815,5
51.18075392000003,51.551487,5
48.87700844000005,51.083008,5
50.36384714000002,52.436626,5
51.38925314000005,48.251083,5
47.27395706000004,49.686684,5
53.99378438000002,49.954334,5
51.98398861999999,52.37781,5
49.54694036000001,48.491623,5
49.93146761000003,51.52383,5
52.66417460000002,51.48306,5
47.85160244000002,48.66648,5
48.95904092000001,49.57898,5
52.65050252000003,51.026604,5
48.863336360000005,49.096443,5
50.13142177999998,49.419075,5
54.04505468000002,51.557987,5
51.295257590000006,50.40781,5
53.30334434000002,50.47752,5
49.44098174000004,49.631287,5
46.310075419999976,47.75758,5
46.96462625000004,51.181137,5
52.16685269000004,51.049973,5
49.84089008000001,51.647655,5
48.88726250000002,47.036915,5
54.66542530999999,50.552612,5
52.11045536000006,49.73396,5
52.51378172,51.569748,5
51.95322643999998,51.430706,5
45.88624093999999,49.685726,5
48.371141480000006,49.585632,5
51.702001970000026,50.51312,5
48.19511345000001,51.17391,5
46.50832058000003,49.912403,5
54.92348582,50.87713,5
47.93705294000006,45.85129,5
51.44394146000002,51.02965,5
51.54819107000003,50.668713,5
49.06670855000005,47.19123,5
47.86185650000005,48.746643,5
49.01372924000003,49.335026,5
52.23008606000002,52.584026,5
49.18463024000005,51.125164,5
47.667029360000015,48.550583,5
47.68241045000002,49.238842,5
49.32476906,47.966503,5
54.54750362000004,52.523823,5
50.63728874000003,48.32662,5
50.090405540000006,52.26253,5
53.48620841000002,52.682392,5
51.81650564000006,51.166534,5
54.43129094000005,52.446735,5
52.62315836000005,49.218334,5
48.67876328,50.109467,5
51.173917879999976,49.936386,5
47.079129920000014,48.194035,5
50.11433168000002,50.850277,5
54.07581686000003,51.05691,5
47.598668960000055,50.814014,5
46.74758198000001,49.91554,5
54.14417725999999,52.248886,5
45.12573149000002,47.049946,5
47.30813726000002,51.457558,5
49.22222846,51.30049,5
54.889305620000016,51.39633,5
47.144072300000005,48.89017,5
47.21243270000002,46.484154,5
45.31884962000004,47.79909,5
50.51082200000002,52.13871,5
48.87359042000003,49.652695,5
46.18702670000005,45.94155,5
50.15534792000005,50.09141,5
51.99936971,50.865932,5
53.12560730000001,51.03101,5
45.12402248000001,44.59902,5
48.22074860000004,50.75589,5
49.71442334000005,50.62962,5
50.715903200000014,52.274567,5
50.91756638000004,49.350765,5
48.600148820000015,48.82613,5
49.67853413,49.334286,5
50.79109964000003,50.181377,5
52.88292788000001,52.264664,5
50.63728874000003,51.18615,5
49.23590053999999,50.95138,5
50.42537149999998,51.066437,5
49.25982668000006,49.609993,5
46.63136930000002,48.543377,5
51.13119262999999,52.797783,5
53.170041560000016,52.79892,5
50.17927406000001,50.90998,5
46.457050279999976,47.23109,5
50.49031388000003,50.014355,5
53.29309028,50.613613,5
50.362138130000005,50.83428,5
49.80670988000003,50.844505,5
44.52757799000005,45.138023,5
50.58943646,52.364227,5
53.27600017999998,52.360733,5
48.78643091000004,50.32355,5
50.5450022,51.166424,5
52.63853945000005,50.198925,5
47.01760555999999,46.76466,5
45.51367676000001,47.997063,5
51.50888384000001,50.068848,5
50.03229920000001,49.260048,5
50.55696527000004,52.05078,5
47.37649766000004,51.031178,5
52.09678328000001,50.11817,5
52.23179507000003,48.859245,5
49.18463024000005,50.001904,5
45.77857331000001,46.457054,5
53.07091897999999,46.79102,5
47.896036700000025,49.208637,5
50.890222220000055,48.331642,5
53.67590852000001,54.01047,5
50.28181466000001,52.719723,5
54.28089806000003,52.041965,5
47.244903890000046,50.53216,5
49.89045137,50.626465,5
50.80989875,50.386337,5
51.625096520000056,50.086674,5
48.972713,49.6108,5
50.466387740000016,49.51565,5
53.33752454,51.084026,5
54.90981374,53.73745,5
48.88213547000004,50.388218,5
50.83895192,49.973156,5
53.59045802000003,53.895897,5
49.28546183000003,50.087074,5
46.583517020000045,49.69016,5
51.11239352000001,51.05878,5
49.80670987999997,49.06356,5
47.412386870000034,49.880177,5
52.36338884000003,51.963303,5
49.74176750000004,49.088333,5
50.661214880000045,51.730785,5
49.78278374000001,48.706493,5
50.517658040000015,51.09675,5
47.44485806,47.25796,5
50.44587962000003,49.976517,5
50.14509386000003,49.445076,5
42.53658134,44.742695,5
53.88440774000003,54.02211,5
54.51674144000003,50.91137,5
50.25788852000005,49.91784,5
51.86777594,50.686398,5
49.9126685,51.405914,5
48.86675438000003,50.7839,5
43.37741426000002,45.00832,5
44.91552326000004,48.5562,5
54.42787292000003,53.693687,5
52.69493678000004,50.13589,5
50.65096082000002,52.435505,5
48.44291989999999,49.20782,5
48.51469831999998,49.836857,5
49.05816349999998,49.538227,5
47.95756105999999,50.201836,5
48.155806220000045,49.30396,5
50.77400954000001,50.31123,5
45.67432370000006,46.33133,5
47.44485806,49.995663,5
51.05428718000002,48.868336,5
46.36989077000004,49.212147,5
47.18167052000001,46.775417,5
49.758857600000056,51.153107,5
53.26232809999999,52.5879,5
53.87073566000004,50.989212,5
53.20422176,52.55612,5
53.891243780000025,50.976803,5
51.01839797000002,48.947983,5
49.464907880000055,52.302055,5
54.05530873999999,53.597473,5
46.91848298000002,48.320496,5
44.92748633000002,46.364395,5
47.56790678000005,49.185413,5
51.99595169000003,50.501,5
48.51298931000002,46.84571,5
50.26472455999999,47.222675,5
47.08596596000001,46.939312,5
53.82971942000006,52.70255,5
44.68993394000006,46.157665,5
50.12116772000002,49.231354,5
51.27133145000005,51.35823,5
50.36384714000002,51.66523,5
54.50990539999998,50.747704,5
49.82038196000002,48.94545,5
52.10020129999998,49.430565,5
45.74439311000003,48.386288,5
53.0572469,52.69065,5
48.81890210000006,49.127617,5
50.92098440000001,50.315006,5
44.39598422000006,48.212048,5
54.24329984000002,52.463844,5
48.70268942000001,49.231354,5
49.67682511999999,52.830086,5
50.36555615000003,51.198666,5
47.44485806,46.604042,5
50.26643357,48.262264,5
49.31451500000003,50.42812,5
51.87290297000004,48.550846,5
52.04551298000001,48.821568,5
49.92634057999999,51.381977,5
53.61438415999999,50.437393,5
52.99914056,50.630867,5
52.02842288000005,51.045464,5
42.41353262000001,45.221798,5
49.73834948000001,48.982243,5
48.63774704000002,49.0045,5
46.72365583999999,49.512646,5
50.83211588,51.17887,5
48.35234236999997,47.530792,5
48.82573814,48.055244,5
47.15432636000003,48.5415,5
47.68411946000003,49.242256,5
50.27497862000001,50.93051,5
47.67386540000001,47.667084,5
54.45521708000001,52.876225,5
53.57678594000004,51.272865,5
50.95174658000002,49.54601,5
46.25196907999998,46.854435,5
51.40634324000001,51.208,5
52.089947240000015,50.646515,5
48.88384447999999,49.53378,5
53.49817148,53.444153,5
49.62555482000005,52.14136,5
53.99720239999999,52.711216,5
49.290588860000014,51.310402,5
50.29206872000003,49.621468,5
52.43345825,50.15106,5
52.77355124000002,50.58703,5
48.75737774000004,48.28539,5
54.22279172000003,51.684032,5
48.49248119000004,46.811184,5
54.04163666,53.383224,5
45.746102120000046,46.534145,5
50.91414836000001,50.346523,5
46.46388632000003,45.962467,5
52.20274189999998,50.58012,5
47.02615061000006,50.583893,5
49.33844113999999,51.50155,5
50.45784269000001,50.40196,5
53.25549206000005,51.797436,5
50.67830498000001,50.538383,5
50.03229920000001,47.551956,5
49.68707918000001,51.22791,5
50.00666405000004,50.806988,5
46.07935907000001,48.024597,5
50.254470500000025,51.13877,5
50.582600420000006,49.44047,5
46.94753615000002,49.579193,5
50.62019864000001,50.94753,5
53.10851720000005,52.74594,5
49.63580888000001,48.81981,5
50.41853546000005,49.5893,5
43.83884696000007,46.085175,5
46.67751257000003,49.838535,5
49.32476906,51.87666,5
47.13723626000001,48.02797,5
47.878946600000006,48.834507,5
51.38583512000002,51.543476,5
49.47174392,48.530464,5
50.743247360000055,50.941063,5
49.892160380000064,49.72711,5
52.26255724999999,51.392708,5
50.893640240000025,52.179546,5
45.978527480000025,46.17645,5
47.35598954,50.97193,5
51.10897549999999,51.17391,5
47.65677530000005,50.392776,5
48.21733058000001,48.59329,5
49.15386806000004,51.38522,5
49.97419286000002,52.387764,5
48.15580621999999,49.704502,5
54.68080640000005,53.871212,5
53.29309028,51.67802,5
47.09451101000002,50.29466,5
48.138716120000026,49.39425,5
48.716361500000005,51.035065,5
46.733909900000015,47.74873,5
42.23921360000003,45.677776,5
49.15045004000001,50.383236,5
47.98661422999999,51.28842,5
51.230315210000015,51.290936,5
47.06716685000004,48.285805,5
49.02398330000005,51.380043,5
49.217101430000014,47.144165,5
48.75054169999999,52.301487,5
50.82186181999998,50.80217,5
48.72661556000003,49.550945,5
54.824363240000025,51.44659,5
51.29013056000002,51.777107,5
52.14463555999998,49.61133,5
49.95368474000003,51.112225,5
51.741309200000046,50.22228,5
49.39654747999998,51.19335,5
48.651419120000014,49.253532,5
51.70371098000004,50.27267,5
51.25936838000001,50.2258,5
50.56551032000005,50.44528,5
49.56744848000005,51.375,5
50.67488695999998,50.07385,5
47.54398063999997,46.4107,5
53.04015679999998,50.841858,5
50.09724158000006,50.398087,5
51.28671254000005,51.190605,5
51.93955435999999,51.8594,5
43.914043400000025,45.934925,5
52.12412744000005,52.387764,5
48.98467607000004,50.06523,5
50.339921,50.229404,5
53.16833255,49.52765,5
49.28375282000002,49.502342,5
53.45031920000002,52.21926,5
48.45317396000007,49.896214,5
53.15636947999997,51.042175,5
46.57326296000002,46.94748,5
53.18713165999998,50.632305,5
47.78666006000003,46.659508,5
51.34652789,50.526997,5
47.20388765000001,49.685017,5
47.51321846000002,48.273342,5
47.74735283000001,45.151417,5
54.171521419999976,53.925606,5
49.355531240000005,49.797565,5
46.26735016999999,49.402252,5
45.6230534,46.22607,5
49.99811900000003,50.915085,5
51.52597394000003,51.594494,5
49.329896090000034,49.309967,5
50.11091366000005,51.391304,5
49.40851055000002,53.225044,5
50.55867427999999,51.058605,5
48.79497595999999,50.31408,5
44.60106542000005,49.565647,5
54.50990539999998,51.08189,5
47.942179969999984,49.48926,5
51.97031654,52.297764,5
54.31166024000004,52.73522,5
50.052807320000056,51.216053,5
50.63045270000004,50.216324,5
52.93078016000004,51.829536,5
54.793601060000015,53.444126,5
46.37159978,52.179546,5
46.4604683,49.53318,5
54.3219143,53.9278,5
52.79747738000003,51.18818,5
53.07091897999999,52.33041,5
51.69516593000003,51.037724,5
48.32670722,47.778732,5
49.62897284000002,48.95285,5
49.89216038000001,51.002625,5
53.744268920000025,53.147522,5
48.64629208999997,48.693714,5
53.252074040000025,50.23577,5
51.05770519999999,49.2083,5
50.21003624000002,49.60341,5
52.19590586000004,51.079742,5
49.88874236000004,49.27155,5
49.85114414000003,50.135162,5
52.47276548000002,51.47881,5
48.71807051000002,51.394676,5
49.317933020000055,51.06399,5
51.53964602000002,51.176647,5
51.24227828000005,50.29991,5
49.42047362000005,51.704105,5
53.60413010000002,50.973324,5
52.69493678000004,51.960934,5
47.33377241000005,47.299965,5
50.56209230000002,50.04175,5
53.44006514,52.6234,5
50.19294614,49.570137,5
54.73549472000002,53.24682,5
45.118895450000025,48.547215,5
50.60994458000005,51.69668,5
52.383896960000015,50.69596,5
52.24717615999998,52.98587,5
49.170958160000055,50.08976,5
54.20911964000004,51.15985,5
49.661444029999984,50.05588,5
47.96781512000007,48.534958,5
47.217559730000005,48.810966,5
51.25936838000001,51.28098,5
54.22962776000003,52.751495,5
46.504902560000005,48.403202,5
48.65483714000004,49.62118,5
49.65289898000003,48.356644,5
52.462511420000055,49.157578,5
48.23612969000004,47.95443,5
51.2798765,50.97228,5
52.10703734000003,49.540367,5
48.21733058000001,49.260094,5
50.33308496000001,49.49037,5
50.107495640000025,52.26363,5
48.52837040000003,49.583237,5
54.98159215999999,53.21088,5
54.29115211999999,51.484196,5
54.27748004,51.12161,5
54.50990539999998,50.54768,5
49.74347651000005,48.56771,5
53.15295146000005,51.04291,5
54.06898081999998,51.98057,5
49.51959620000002,50.541397,5
51.52597394000003,51.190506,5
49.18121222000002,51.630608,5
50.975672720000034,49.92756,5
50.098950590000015,49.555275,5
48.40532168000004,50.640972,5
50.53474814000003,50.454445,5
53.13757037000005,52.242287,5
54.90981374,53.894096,5
52.71544490000002,51.456787,5
43.26461960000006,45.815887,5
48.26176484000001,50.298866,5
49.83918107,52.175526,5
45.39062804000002,45.885944,5
47.13381823999998,46.868313,5
53.94593210000005,54.01923,5
48.91802468000003,50.123047,5
52.573597070000005,49.825985,5
49.35211321999998,50.35962,5
46.51857464,47.500877,5
51.97715258000005,48.75899,5
49.41021956000003,46.515087,5
51.404634230000056,48.789783,5
53.713506740000014,54.015068,5
48.93682379000006,48.736385,5
48.2378387,52.70775,5
44.71386008000002,45.00105,5
50.401445360000025,51.365494,5
47.25344894,45.82075,5
46.06055996000004,46.760883,5
52.585560139999984,51.355305,5
52.47960152000002,50.24327,5
49.96735681999997,52.05701,5
50.245925450000016,50.49909,5
48.91118863999998,50.614124,5
50.58601844000003,51.550114,5
45.35302982000002,45.934406,5
53.48279039000005,51.16218,5
50.172438020000016,49.75971,5
50.06818841000006,47.56158,5
48.17289632000006,50.838894,5
47.745643820000055,49.57021,5
53.68274456000006,52.47473,5
50.36042912000005,50.130836,5
52.462511420000055,52.314114,5
50.65779686000002,51.6476,5
43.4184305,45.643196,5
53.48108137999998,51.65961,5
53.546023760000026,52.46977,5
49.59137462000001,48.87541,5
48.85650032000001,49.912666,5
50.94491054000002,51.280907,5
50.169020000000046,51.076687,5
48.43950188000002,49.62248,5
52.400987060000034,51.069748,5
45.594000230000006,46.37974,5
52.74620707999998,50.618347,5
45.84180668000005,47.173115,5
48.19340444,47.119495,5
50.52962111,51.830875,5
53.472536330000025,50.819168,5
50.12800376000001,49.951096,5
50.022045140000046,48.1988,5
49.083798650000006,50.701523,5
44.748040280000055,48.81419,5
53.55627781999999,53.157764,5
47.66019332000002,48.11876,5
47.51321846000002,47.463886,5
48.57622268,50.48752,5
52.903436000000056,51.86305,5
45.47266051999998,46.049843,5
45.47436952999999,49.287888,5
54.18861152,51.571095,5
49.19146627999999,47.45139,5
49.24444559,49.905876,5
48.03617552000003,47.311337,5
44.847162860000026,49.65124,5
48.16947830000004,48.441128,5
48.94878686000004,48.070496,5
50.42366249000003,51.106262,5
43.25436553999998,43.000225,5
51.89512009999999,50.517597,5
49.81696394000005,49.53706,5
49.54694036000001,50.46747,5
49.99128296000004,50.51306,5
49.06841756000006,49.16838,5
47.56277975,48.57064,5
50.44587962000003,50.70919,5
44.66258978000002,44.45342,5
50.41511744000002,50.93248,5
48.945368840000015,51.467667,5
49.728095420000045,50.535847,5
49.97419286000002,50.487717,5
48.53862446000005,45.799118,5
48.91118863999998,49.104546,5
50.55183824000005,50.694893,5
54.46205312000001,52.201263,5
45.16332970999997,47.655045,5
49.434145700000045,48.299595,5
52.65392054000006,51.178646,5
49.808418889999984,51.9054,5
46.40236196000001,50.651337,5
50.18781911000002,49.677002,5
49.84430810000004,50.057827,5
47.95414304000002,46.935146,5
49.63580888000001,52.634342,5
46.419452060000026,49.14457,5
50.58601844000003,50.972046,5
50.76375547999999,49.55947,5
48.13700711000001,50.628593,5
47.978069180000034,50.249813,5
49.43072768000002,51.206047,5
50.63387072,50.984917,5
49.20172034000001,50.281418,5
54.34754944999997,52.73909,5
54.53383154000005,53.71352,5
50.50056794,52.495075,5
41.90424764,47.553165,5
50.26985159000003,51.461494,5
53.53918772000003,50.978695,5
50.79451766,49.3276,5
51.47128562,50.827198,5
50.90047628000002,51.568768,5
51.05770519999999,52.192562,5
52.578724100000045,51.746723,5
46.26393215000002,47.11149,5
49.76056661000007,51.197186,5
45.011227820000045,47.178577,5
49.00347518000001,48.821938,5
50.38264625000005,51.643574,5
54.05872676000001,51.774487,5
46.97317129999999,46.798378,5
52.28135636000002,49.484516,5
50.30915881999999,48.251083,5
46.532246720000046,51.55141,5
54.63979016000002,52.554672,5
50.664632900000015,50.75621,5
52.68126470000004,52.722065,5
48.84966428000001,47.023846,5
51.20126204000002,51.000412,5
52.49669161999998,51.988766,5
48.16435127,48.29507,5
48.36772345999998,51.20663,5
50.319412880000016,47.91045,5
50.94832856000005,51.08189,5
44.61302849000003,46.8478,5
49.26324470000003,50.31915,5
51.60458840000001,51.349674,5
50.49202289000005,50.94899,5
51.82334168,49.485,5
49.52985025999999,51.02473,5
45.08984227999997,48.29486,5
52.17197972000002,48.97329,5
49.74860354000003,45.11155,5
45.26928833,44.58728,5
49.48199798000002,49.91531,5
51.94980842000001,51.26229,5
47.47562024000001,50.426952,5
50.50056794,50.164673,5
54.626118080000026,52.755547,5
45.38891903000001,46.739502,5
45.36841091000002,46.99846,5
49.25811767000005,51.911896,5
51.074795300000005,49.08566,5
51.98398861999999,52.67427,5
52.37193389000004,51.401848,5
50.288650700000005,52.59498,5
50.98250876000003,50.281105,5
53.692998620000026,52.848766,5
48.76421377999998,49.74239,5
46.33058354000002,45.66185,5
48.71123447000002,49.69612,5
48.19169542999998,47.333977,5
51.16537283000002,48.99835,5
52.80431342000003,52.41056,5
53.63831030000006,51.818844,5
52.3223726,51.448257,5
44.41649234000005,46.665558,5
51.78061643000001,51.870316,5
49.03423736000002,50.66225,5
47.52347252000004,50.10515,5
53.84339150000005,52.82376,5
52.63341242000001,51.93959,5
44.06614529000001,47.02467,5
47.092802000000006,47.803673,5
49.51617818,50.881638,5
48.46855505000002,47.90657,5
53.17687760000001,50.789307,5
50.30232278000005,50.95595,5
53.06066492000002,51.23074,5
49.85114414000003,50.50112,5
50.08698751999998,50.622765,5
48.65312813000003,48.97787,5
50.24421644000006,51.48727,5
52.90001798000003,50.673588,5
53.023066700000015,52.81105,5
48.78813992000005,48.79811,5
48.37797752000006,48.944088,5
47.667029360000015,46.134754,5
50.642415770000014,51.064453,5
54.40736479999998,53.435505,5
52.906854020000026,50.420925,5
48.94024181000003,50.136517,5
53.76477704000001,52.12396,5
45.87085984999999,47.948936,5
50.55525626000002,50.97128,5
48.77104982000003,46.285686,5
49.79816483000002,50.500595,5
48.58989475999999,48.940456,5
50.80135370000005,50.701622,5
50.13825782000004,52.465496,5
47.69095550000003,46.80671,5
50.38777328000003,51.11648,5
54.69789650000001,52.303856,5
51.628514540000026,50.097282,5
51.58408027999997,51.019478,5
53.64172832000003,52.50046,5
49.9126685,49.15297,5
51.80625157999998,50.310436,5
51.32431076,50.74897,5
45.39062804000002,49.657745,5
50.82186181999998,51.032665,5
45.85889678000001,46.749466,5
52.81114946000002,50.906883,5
47.75931590000005,47.882412,5
49.79816483000002,51.915543,5
51.37045403000002,51.204605,5
46.69289365999998,48.707123,5
49.41363758,46.910496,5
49.50592412000003,50.02923,5
50.03913524000001,49.975872,5
50.6988131,50.23586,5
45.05224406000002,45.966373,5
52.0147508,52.072887,5
51.21493412000001,50.498188,5
52.236922100000015,51.661884,5
53.44006514,50.64018,5
49.27178974999998,52.625698,5
46.86037664000003,49.760883,5
51.56015414000001,52.02527,5
47.21414171000004,48.09662,5
46.92361001000006,48.320915,5
49.88874236000004,50.86348,5
52.55308895000002,51.457844,5
48.97100398999999,50.846813,5
47.13723626000001,49.967754,5
46.190444720000016,47.02901,5
49.59479264000004,48.947147,5
51.05770519999999,48.94318,5
53.45031920000002,50.800854,5
50.866296079999984,51.513664,5
50.471514770000056,51.239166,5
53.07775502000004,52.804302,5
49.440981739999984,50.539433,5
49.66657106000002,50.251297,5
50.03571722000004,50.826294,5
51.46786759999998,52.11003,5
54.738912740000046,53.133663,5
50.63045269999998,50.673862,5
50.548420220000025,49.665276,5
51.29696660000002,50.162067,5
53.39563088,51.2638,5
51.71738306000003,51.06636,5
51.040615100000025,49.99508,5
50.32966694000004,50.426952,5
52.81456748000005,52.02075,5
47.783242040000005,45.014378,5
53.8946618,51.253307,5
47.814004220000015,49.046772,5
46.52028365000001,48.72507,5
49.1777942,51.152775,5
46.19557175,46.622036,5
51.27645848000003,51.152775,5
45.96485540000003,46.77436,5
50.94320153000001,52.01773,5
53.22814790000001,51.482315,5
49.601628679999976,48.884014,5
49.19830232000004,50.492653,5
52.28135636000002,51.113655,5
47.814004220000015,49.384686,5
50.14338485000002,49.693287,5
52.07969318000005,52.11474,5
52.87609184000007,49.173225,5
52.22666804000005,49.395504,5
48.95220488000001,49.882397,5
49.21197440000003,51.04255,5
51.221770160000005,50.594646,5
42.21357845,45.83229,5
53.99378438000002,51.79226,5
54.5269955,54.01923,5
49.22393747000001,50.869198,5
53.24523800000003,52.901608,5
48.66338219000005,48.969204,5
49.00005715999998,48.289314,5
50.22712634000004,49.62445,5
53.23840196000003,51.279488,5
47.10818309000001,46.729546,5
52.353134780000005,52.995815,5
52.400987060000034,49.40239,5
44.84887187000004,47.361317,5
53.50500752000005,53.90836,5
47.318391320000046,48.226707,5
54.93373988000002,50.958637,5
51.502047800000014,49.967205,5
51.53451898999998,50.462452,5
50.52107606000004,50.789394,5
49.14703201999998,50.71963,5
48.65483714000004,50.191387,5
47.49271034000003,48.824944,5
48.306199100000015,49.10534,5
51.38925314000005,50.277527,5
49.36236728,50.67182,5
51.50546582000004,50.880047,5
42.07173062000004,45.185287,5
48.58305872000005,51.68423,5
52.0147508,49.502136,5
52.71715391000004,51.210953,5
49.80670988000003,50.726246,5
51.973734560000025,52.21235,5
53.399048900000025,49.264275,5
47.079129920000014,49.313343,5
52.35655280000003,50.67455,5
51.06454124000004,51.214256,5
46.67238554000005,46.96812,5
43.9994939,45.464066,5
49.83747205999998,49.979706,5
48.38139554000003,50.509514,5
50.79622667000001,50.289215,5
44.11570658000005,44.376385,5
47.2978832,46.557056,5
49.26324470000003,50.83547,5
51.17049986000001,50.271343,5
51.58408028000002,49.26181,5
49.15045004000001,50.07125,5
47.45511212000002,49.350468,5
49.92292256000002,52.936348,5
48.483936140000026,49.94181,5
49.13335993999999,47.005646,5
45.725594,48.100956,5
52.34458973000005,52.273434,5
53.640019310000014,52.988342,5
44.70873304999998,46.342087,5
42.83565809000004,44.403397,5
54.29457014000002,52.370903,5
53.06750096000002,51.016045,5
50.40486338000005,49.593987,5
49.45807184,50.785683,5
48.39506762000002,50.883003,5
49.832345030000056,50.87887,5
50.45100665000001,51.126343,5
53.41613900000005,53.08954,5
49.10943380000003,50.025066,5
49.502506100000005,48.975883,5
46.63478731999999,47.12303,5
53.40759395000004,51.202293,5
49.67169809000001,50.5837,5
50.19636416000003,49.190376,5
45.96143738000001,46.06659,5
49.92634057999999,51.671032,5
50.33137595000005,51.150288,5
46.90481090000003,47.662403,5
49.44439976000001,49.77803,5
49.15215905000002,52.677155,5
52.47618350000005,50.982906,5
53.17687760000001,52.334614,5
52.0147508,51.580914,5
49.59137462000001,48.980743,5
46.26393215000002,46.830704,5
45.24023516,48.40568,5
52.87096481000003,50.262142,5
53.37512276000001,47.085022,5
48.61382090000001,50.052273,5
46.764672080000025,46.552105,5
51.31747472000001,51.868637,5
47.13381823999998,47.6494,5
52.38731498000004,50.779636,5
48.62407496000003,51.1132,5
53.49817148,51.771896,5
48.31816217000005,49.490204,5
47.26028498000005,47.80565,5
42.129836960000034,45.08579,5
48.55571456000001,50.455956,5
50.32283089999999,50.321243,5
49.99982800999999,51.580395,5
47.73026273000005,49.225224,5
49.75543958000003,51.1465,5
51.649022660000014,51.138702,5
53.023066700000015,51.45159,5
52.305282499999976,49.71351,5
45.98536352000002,45.98375,5
42.28193885000002,44.132492,5
49.69049719999998,50.09861,5
50.28865070000006,50.546883,5
54.60560996000004,51.60424,5
53.45031920000002,51.12963,5
45.93751124000005,46.722176,5
47.991741260000026,47.505363,5
49.454653819999976,50.223072,5
47.97294215,49.387333,5
49.83063602000004,50.8733,5
52.70177281999997,50.076115,5
47.64823025000004,48.852856,5
48.371141480000006,47.138577,5
47.14065428000004,48.68466,5
50.29035971000002,50.949276,5
48.88897151000003,49.356773,5
46.16993660000003,46.615192,5
50.77400954000001,51.08442,5
49.18975726999997,50.661633,5
47.882364619999976,46.907894,5
44.19773906,44.80573,5
48.69927140000004,46.665146,5
50.17927406000001,47.980404,5
46.66213147999997,49.779606,5
49.25469965000002,46.617924,5
50.43904358000003,51.1193,5
51.22518818000003,53.33505,5
49.83405404000001,48.16833,5
51.22347917000002,50.918648,5
53.04870185000004,51.33666,5
50.67317794999997,50.46072,5
49.84601711000005,51.315968,5
46.53224671999999,45.887005,5
51.9122102,51.129173,5
49.80500087000007,50.11786,5
47.67215639,48.57931,5
47.12698220000004,48.31388,5
50.79793568000002,48.131416,5
50.67146894000001,50.93616,5
51.399507200000016,51.592255,5
52.609486280000056,52.089897,5
51.30038461999999,51.965294,5
51.009852920000014,50.52957,5
51.39608917999999,52.436794,5
50.21345425999999,50.27949,5
49.91095948999998,51.59884,5
46.65529544000003,46.81642,5
43.775613590000034,46.707943,5
48.82232012000003,50.826653,5
45.69824984000002,45.51153,5
49.73834948000001,50.60512,5
44.65233572,48.911705,5
53.49133544000006,50.820553,5
48.48564515000004,50.66596,5
45.183837830000016,48.605038,5
50.08527851000002,51.195133,5
48.58476773000007,48.895584,5
53.83313744000003,52.98784,5
48.52837040000003,47.387455,5
49.63922690000004,51.155598,5
51.46786759999998,50.540623,5
47.96952412999997,50.37594,5
52.14121754000007,47.952423,5
49.03423736000002,50.120663,5
50.107495640000025,51.830013,5
48.21733058000001,49.55288,5
50.48005982000001,53.738422,5
50.893640240000025,48.992958,5
53.47082732000001,51.13979,5
43.15866098000004,44.401886,5
51.93271832000005,51.49497,5
49.6050467,51.40445,5
51.34823690000002,50.695415,5
51.63876860000005,51.316742,5
54.74574877999999,53.337414,5
44.27977154000001,46.227345,5
52.9547063,51.09466,5
52.19932388000001,51.515476,5
50.63557973000002,51.0501,5
50.862878060000014,52.49319,5
47.82425827999998,48.716484,5
49.507633130000045,49.943993,5
48.80181200000004,49.60247,5
53.30334434000002,53.05988,5
54.24671785999999,50.830414,5
51.450777500000015,49.892685,5
48.22074859999998,48.689907,5
52.83507559999998,51.369213,5
54.448381040000015,53.895897,5
49.01714726,53.04929,5
52.903436000000056,51.1734,5
50.93123846000003,51.277245,5
46.32716552000005,51.41033,5
53.95276813999999,51.027527,5
49.796455820000006,50.597343,5
48.58305872000005,49.49425,5
54.21595567999998,52.173893,5
50.21003624000002,51.007927,5
48.79497595999999,48.419956,5
49.55548541000002,48.93111,5
52.46763844999998,48.909027,5
50.77059152000004,48.61582,5
52.612904300000025,52.146954,5
48.96587696000006,48.990665,5
44.48485274000007,47.708782,5
47.70462758000002,49.225693,5
52.52745379999999,50.625214,5
47.73880778,48.53915,5
46.85354059999997,51.03742,5
52.47276548000002,51.70244,5
52.05918506,51.56418,5
53.14611542,50.44238,5
50.26301554999998,49.363068,5
50.582600420000006,52.667297,5
53.45715524000002,51.167755,5
52.86925580000002,50.676235,5
50.169020000000046,50.11787,5
48.69927140000004,52.435707,5
50.08698751999998,48.210213,5
51.06795926000001,51.379997,5
49.97761088000004,51.308193,5
50.288650700000005,52.897934,5
54.35951252000001,52.793606,5
48.043011560000025,48.029263,5
46.14430145000006,49.939007,5
54.417618860000005,52.734386,5
54.31849627999998,52.322823,5
50.39460932000003,51.2234,5
48.48735416,47.799194,5
54.89272363999999,53.41207,5
45.62647142000003,45.919773,5
47.49954638000003,50.19352,5
47.69608253000001,50.4176,5
54.06556280000001,52.538567,5
50.755210430000034,50.24449,5
48.73686961999999,51.91164,5
49.98102890000001,50.455425,5
48.79155794000002,47.54559,5
49.33502312000002,49.163853,5
49.05303647,52.17899,5
48.06693770000004,49.318493,5
48.61723891999998,49.584564,5
52.55821598,49.71811,5
53.43664712000003,51.466686,5
49.9126685,48.470566,5
45.76490123000002,46.082138,5
45.98878153999999,45.855263,5
48.07377373999998,48.49583,5
53.368286720000015,50.59991,5
49.08208964000005,51.870808,5
46.31007542000003,47.38944,5
50.14509386000003,51.187412,5
49.15386806000004,48.108604,5
49.360658270000044,50.372334,5
51.368745020000006,51.469078,5
52.37706092000002,51.531853,5
49.70416928000003,49.299614,5
45.54102092000005,45.89092,5
49.99640999000002,51.5935,5
50.99788985000004,49.71908,5
48.20024048000005,50.905663,5
53.29992632000005,52.017914,5
52.96154234,51.583958,5
53.08459105999998,51.349674,5
47.68070144000001,48.589413,5
50.37239219000003,50.65232,5
46.13746541,46.47306,5
47.740516790000015,48.29316,5
50.435625560000005,51.169056,5
45.84351569,46.541145,5
48.49760822000002,49.844337,5
46.911646940000026,47.958,5
47.60208697999997,51.27777,5
51.95322643999998,51.18674,5
53.27087315,50.363445,5
47.45169410000005,49.830585,5
47.02956863000003,44.9855,5
47.878946600000006,46.885323,5
49.584538580000014,49.285492,5
47.027859620000015,48.516846,5
52.62315836000005,51.003704,5
48.71123447000002,47.3793,5
49.875070280000045,50.1829,5
50.08527851000002,51.14405,5
51.85581287000002,49.846485,5
48.025921460000006,50.568203,5
51.35165491999999,51.528522,5
49.52985025999999,51.410587,5
50.19978218000006,47.828697,5
54.01429250000001,51.554974,5
51.58066226000005,48.44783,5
54.48597926000002,51.110165,5
50.50056794,48.390705,5
51.69345692000002,49.912445,5
49.07183558000003,50.867783,5
48.80523002000001,49.28729,5
50.57234635999998,51.065975,5
51.41317928000001,51.401794,5
47.59183292,48.312565,5
47.77982401999998,44.58728,5
49.79987384000003,49.973507,5
46.18702670000005,49.269344,5
45.57861914,48.444168,5
51.36532699999998,48.728767,5
49.80329186000006,50.21086,5
54.00062042000002,50.62017,5
49.29400687999998,51.02176,5
49.80329186000006,52.78612,5
50.80818973999999,49.58664,5
51.122647580000034,51.89581,5
54.824363240000025,53.73745,5
49.49225204000004,48.688766,5
52.799186390000045,52.504517,5
48.116498990000025,46.036022,5
47.584996880000006,49.802322,5
51.355072940000014,50.142376,5
49.15045004000001,49.581856,5
53.18029562000004,52.00107,5
50.91414836000001,50.89796,5
46.89797485999998,49.03895,5
49.76911166000002,49.957546,5
51.744727220000016,48.875637,5
51.799415539999984,50.68431,5
48.24296573000004,50.583885,5
49.6050467,51.865097,5
49.05816349999998,50.62842,5
53.35461464000002,51.198196,5
49.54010432000001,50.733616,5
51.84043178000002,50.344563,5
50.10065960000003,49.44681,5
51.69687494000004,50.984055,5
49.796455820000006,48.876446,5
54.91323176000003,54.71982,5
46.31691146000003,48.29141,5
49.45807184,51.135853,5
51.23544224,51.06517,5
50.22883535000005,50.628593,5
47.39358776000006,46.59679,5
47.79691412,50.340355,5
49.08892567999999,50.129105,5
51.300384620000045,50.542778,5
51.13631966000003,50.70668,5
48.82573814,50.434605,5
48.80864803999998,51.06099,5
52.51378172,51.89198,5
53.46057326000005,51.920017,5
45.22314505999998,49.42062,5
49.22564648000002,49.573093,5
54.06556280000001,52.049976,5
48.596730800000046,49.73563,5
51.56015414000001,51.68423,5
51.307220659999984,49.473106,5
51.43710542000002,48.12561,5
52.57188805999999,52.548878,5
49.96906582999998,52.489994,5
48.371141480000006,51.086437,5
50.02033613000003,50.05408,5
51.08846738,47.891834,5
50.82527984000001,53.382637,5
54.46205312000001,51.241966,5
46.439960180000014,47.558304,5
48.72832457000004,50.51889,5
50.60481755000001,51.06099,5
46.159682540000006,47.821255,5
49.88190631999999,50.492874,5
46.87063069999999,46.335716,5
51.34481888000005,51.130077,5
52.24888517000005,49.613304,5
48.00028630999998,51.50321,5
47.20901468,48.993446,5
44.61644651,49.194042,5
51.95664446000001,51.05605,5
47.441440039999975,48.14396,5
53.44861019000001,52.46557,5
53.33068850000001,51.293312,5
48.16947830000004,50.385773,5
46.614279200000055,47.926712,5
47.66532035,49.90435,5
51.722510090000014,50.374542,5
51.46103156000004,51.862873,5
47.32010033000006,48.87034,5
51.05941421000006,50.59661,5
52.318954580000025,51.041477,5
49.75202156,51.36674,5
50.07331544000005,48.50158,5
50.67488695999998,50.421253,5
50.462969720000046,52.27923,5
50.82186181999998,50.0649,5
48.94195081999999,50.233517,5
51.40976125999998,51.48727,5
51.21322511,51.019127,5
47.226104780000014,49.81904,5
51.87803000000002,49.265278,5
51.29354857999999,48.683746,5
43.40475842000001,47.52085,5
45.75977420000004,48.53139,5
50.52107606000004,51.353233,5
49.290588860000014,48.75738,5
52.16514368000003,51.653645,5
47.47562024000001,48.43602,5
53.82971942000006,52.031853,5
51.221770160000005,50.201588,5
49.78791077,49.324837,5
48.98296706000002,49.52803,5
47.15432636000003,46.341034,5
53.57678594000004,50.919926,5
51.33798284,51.117672,5
48.90777062000001,50.39219,5
51.83017772000005,51.461376,5
51.14315570000002,50.566723,5
49.188048260000016,48.49663,5
52.13779952000005,52.622295,5
50.46467873,50.067516,5
48.21733058000001,49.441498,5
50.96541866000001,50.37309,5
49.49567006000001,49.56968,5
43.512426050000045,44.71438,5
44.77538444000004,48.756447,5
53.16833255,50.782978,5
44.84032682000003,46.61211,5
51.11581153999998,52.236282,5
48.36430544000007,52.231625,5
49.07867162000002,50.261642,5
51.85752188000004,48.80506,5
54.03138260000003,50.823486,5
49.758857600000056,48.974617,5
54.29115211999999,52.026833,5
41.516302370000005,43.010254,5
48.393358610000064,48.43959,5
48.747123680000016,48.36216,5
45.94263827000003,46.091766,5
51.25595036000004,51.214775,5
49.39312946000001,52.16003,5
48.90435260000004,48.987053,5
50.22712634000004,51.277153,5
47.93363492000003,45.50514,5
48.24125672000002,50.47888,5
51.074795300000005,50.37174,5
51.76181731999998,50.59075,5
43.31076287000002,45.00732,5
49.54010432000001,50.69629,5
49.61017372999999,52.936935,5
49.95026672000006,49.515484,5
52.65733856000003,51.19059,5
54.35438549000003,51.93895,5
47.57986985000002,49.279495,5
51.78232544000002,50.75932,5
51.717383059999975,51.387817,5
46.22462492,47.50234,5
45.91187609000002,48.281906,5
46.83986851999998,48.609253,5
48.430956830000014,49.008602,5
51.160245799999984,51.373604,5
49.36236728000006,50.285248,5
45.06249812000004,47.269897,5
49.96393880000005,52.10881,5
52.77355124000002,49.630505,5
48.518116340000006,49.442215,5
53.093136110000046,50.498238,5
53.170041560000016,52.139927,5
45.00780980000002,46.056946,5
51.01497995,49.57653,5
53.64856436000002,52.16527,5
53.45373722,51.081413,5
47.68070144000001,49.910748,5
45.633307460000026,46.039528,5
51.81308762000003,50.797832,5
50.39460932000003,51.016052,5
54.60902798000001,53.45971,5
49.81696394000005,49.97231,5
50.19465515000002,49.60556,5
49.76569364,50.55803,5
47.978069180000034,52.42428,5
47.70804559999999,47.484047,5
43.442356640000014,46.731777,5
50.51082200000002,52.196743,5
51.69345692000002,50.67975,5
47.58841490000003,48.219845,5
48.00199531999999,49.19223,5
51.368745020000006,49.69212,5
50.254470500000025,50.26909,5
49.90583246,49.71584,5
46.42628810000002,47.210358,5
50.29548674,51.274437,5
44.40965630000005,47.574757,5
47.91654482000001,48.315224,5
47.36282557999999,49.389683,5
46.19386274000004,49.18053,5
48.13188008000003,48.67813,5
54.3219143,53.493637,5
45.23681714000003,48.546528,5
52.80431342000003,51.03429,5
51.68320286000005,52.10917,5
50.16560198000002,50.965244,5
53.38879484000006,51.114674,5
49.78961978000001,49.90915,5
48.777885860000026,52.220707,5
47.38162468999997,49.446396,5
49.49908807999998,49.033974,5
48.84111923,49.22905,5
45.978527480000025,47.05439,5
48.54887852000002,48.70589,5
54.93715789999999,52.3058,5
49.06158152,48.078045,5
49.386293420000015,50.477932,5
52.383896960000015,48.9542,5
52.315536560000055,52.16057,5
50.14851188,50.793316,5
49.04790944000001,50.86365,5
54.25355390000004,52.942295,5
53.51867960000004,51.62484,5
50.08869652999999,49.953384,5
52.76329718,51.26765,5
46.238297000000046,49.674957,5
54.103161020000016,54.013386,5
52.14805358000001,51.551487,5
50.77742755999998,50.360714,5
46.88430277999999,49.107765,5
48.39164960000005,49.49565,5
45.08642426000006,46.12834,5
49.72467740000002,48.557026,5
49.88532434000001,50.377266,5
51.69858395000006,51.58692,5
52.44542132000004,50.9447,5
52.25059418000001,49.542213,5
52.99914056,51.3483,5
50.99959885999999,51.180996,5
51.179044910000016,51.085346,5
48.08744582000003,50.14883,5
51.001307870000005,49.61808,5
52.21299596000006,51.572105,5
47.95072501999999,50.913185,5
43.32785296999998,43.010254,5
49.758857600000056,51.03326,5
49.56744848000005,50.508663,5
54.270644,52.631744,5
43.60300358000006,44.612255,5
53.20763978000002,51.972363,5
48.43950188000002,47.962578,5
50.73982934000003,48.68123,5
52.68468272000001,53.168392,5
45.41626319,48.417294,5
50.34675704000006,50.471607,5
47.80204115000004,49.05728,5
54.27406202000003,51.01777,5
49.30084292000004,48.702126,5
49.06158152,48.824253,5
50.07502445,49.293575,5
49.84430810000004,49.643623,5
54.738912740000046,51.075882,5
51.60287939,51.28325,5
50.18952811999998,49.95813,5
49.95710276,50.222736,5
54.07581686000003,52.818977,5
52.021586840000055,51.458977,5
53.35803266000005,51.970367,5
49.680243140000016,50.539703,5
48.20878553,50.981438,5
51.52768294999999,51.32716,5
47.46536617999999,50.844505,5
50.82527984000001,51.59952,5
52.431749240000045,51.771233,5
51.40976125999998,51.864735,5
52.56505202000005,50.540752,5
49.37262134000002,50.94626,5
51.93613634000002,50.965164,5
53.34094256000003,52.43357,5
53.593876040000055,52.243706,5
48.25834682000004,48.619884,5
47.37649766000004,47.886097,5
53.166623540000046,52.82349,5
50.21345426000005,49.211185,5
47.740516790000015,50.586197,5
51.87119396000003,51.19465,5
52.05576703999998,51.177322,5
47.39358776000006,48.55064,5
49.89216038000001,50.013813,5
48.61040288000004,46.64513,5
52.14634457,51.302334,5
45.978527480000025,46.434628,5
48.254928800000016,49.610397,5
49.71784136000002,48.16404,5
45.87598688000003,47.004215,5
52.941034220000006,51.415855,5
48.39506762000002,51.80226,5
51.01839797000002,49.62062,5
53.28967226000003,51.785988,5
48.46684604000001,52.37781,5
49.96735682000002,49.68566,5
50.70052211000007,49.413296,5
54.30824222000001,51.045113,5
48.10453591999999,50.446243,5
51.34140086000002,51.234024,5
51.69687494000004,49.6792,5
47.82425827999998,47.887768,5
46.10157620000001,44.59396,5
47.61234104000005,48.961014,5
48.260055830000056,44.965664,5
50.879968159999976,49.024292,5
52.310409530000015,49.91006,5
49.02911032999998,51.437725,5
52.45396636999999,50.74717,5
51.973734560000025,51.427986,5
49.309387970000046,50.04913,5
48.66167317999998,50.837246,5
51.09701243000001,51.13994,5
51.06795926000001,52.073505,5
48.44804693000003,49.71282,5
52.33433567000003,50.961338,5
51.84043178000002,50.72872,5
46.28785829000003,44.971607,5
51.532809980000025,51.0457,5
52.903436,50.938343,5
47.26028498000005,46.32693,5
45.39062804000002,47.98229,5
50.77913656999999,49.862694,5
50.58430943000002,51.177517,5
53.58362198000003,51.136803,5
53.18884067000005,52.4775,5
50.33308496000001,51.01385,5
47.84305739000001,51.125164,5
46.39210790000004,48.600636,5
53.45886425000003,52.387764,5
49.57770254000002,50.188095,5
51.888284060000046,51.92891,5
48.333543260000056,50.455753,5
51.98227960999998,48.38487,5
52.71202688000005,51.097073,5
46.31349344,49.65338,5
50.45955170000002,49.221073,5
50.466387740000016,51.39825,5
45.50342269999999,47.780582,5
50.55354725000007,48.818768,5
47.57816084000001,48.727245,5
48.29594503999999,50.76515,5
51.54477305,51.617985,5
50.828697860000034,51.72892,5
48.44291989999999,50.885323,5
48.371141480000006,49.06152,5
50.56209230000002,50.311428,5
50.41682645000003,51.37806,5
43.36716020000006,44.180073,5
48.36943246999999,49.410873,5
50.26301554999998,49.363068,5
54.78334700000005,54.015068,5
50.04426226999999,50.622528,5
49.06841756000006,48.54026,5
50.11091366000005,48.21217,5
49.31451500000003,49.25269,5
49.35211321999998,47.34839,5
45.028317920000006,46.204224,5
48.55913257999998,48.097404,5
49.06841756000006,50.42478,5
47.403841820000025,51.26166,5
46.67580356000002,48.1702,5
41.87348545999998,44.77117,5
49.24786361000002,50.95502,5
48.95220488000001,47.081646,5
52.52745379999999,50.058655,5
45.42139022000004,47.476345,5
49.21881044000003,49.206963,5
54.328750340000056,53.923878,5
45.57520112000003,47.821983,5
49.92634057999999,49.546455,5
47.07571189999999,47.8414,5
46.34083759999999,51.747154,5
51.20980709000003,50.42966,5
50.35530209000001,49.99024,5
49.73322245000003,51.422676,5
47.86185650000005,51.684673,5
52.8521657,51.143475,5
52.69151876000001,51.1949,5
53.14440640999999,51.807228,5
54.45179905999999,53.894577,5
54.626118080000026,51.080513,5
53.874153680000006,51.637085,5
48.06693770000004,47.563282,5
51.21493412000001,48.749218,5
50.11945871,49.654854,5
52.25059418000001,50.99294,5
52.77696925999999,51.380356,5
50.35359308,50.792732,5
49.454653819999976,48.37034,5
50.69197706,50.67702,5
51.973734560000025,50.872604,5
49.28717084000005,51.13399,5
48.449755940000045,50.114235,5
47.12869121,46.76055,5
52.66075658,49.18666,5
50.30574080000002,50.525944,5
45.746102120000046,46.84318,5
53.740850900000055,52.126907,5
50.09724158000006,47.043438,5
52.32579062000002,50.978687,5
54.301406180000015,52.589226,5
47.83451234000006,50.57344,5
46.73903693,49.56854,5
48.44633792000002,49.71862,5
48.42412079000002,46.586803,5
48.21049454000001,48.767242,5
52.81798550000002,50.149204,5
48.37455950000003,48.12214,5
51.53964602000002,51.643574,5
47.37991568000001,47.09806,5
47.33889943999998,48.767326,5
53.69983466000002,50.311672,5
49.454653819999976,48.864395,5
49.41534659000001,50.54451,5
50.50740398000005,49.24929,5
46.60060712000001,49.009785,5
53.38366781000002,50.807583,5
49.59821066000001,51.181507,5
54.61928204000003,52.722992,5
49.93659464000001,50.4512,5
49.57770254000002,49.232597,5
50.08698751999998,49.750004,5
51.736182170000006,46.722,5
50.927820440000005,50.31315,5
48.47026405999998,45.599518,5
52.80431342000003,51.3805,5
47.256866960000025,51.253826,5
49.502506100000005,48.252323,5
52.729116980000015,51.594185,5
53.45715524000002,50.352776,5
52.88976392000001,50.667038,5
52.585560139999984,52.203236,5
50.23396237999998,48.768642,5
48.99834815000003,49.261543,5
48.40873970000001,49.75797,5
53.60754812000005,51.159126,5
52.42491319999999,52.072994,5
50.44587962000003,51.291996,5
49.85114414000003,50.09216,5
50.55525626000002,51.125164,5
50.01179108000002,49.654182,5
47.50809143000004,47.239235,5
50.63728874000003,50.539433,5
46.48781245999999,48.887177,5
47.93705294000006,48.468327,5
49.05132746000004,49.075825,5
50.83724290999999,50.83612,5
49.71955036999998,51.091957,5
54.21595568000004,51.83648,5
49.123105880000026,48.986965,5
50.26130654000002,50.241676,5
50.50398596000002,50.07477,5
44.78905652000003,47.802517,5
49.56061244,49.54861,5
52.677846680000016,51.82988,5
50.03059019,51.100315,5
49.41363758,46.709545,5
48.31987118000001,51.22284,5
54.54066757999999,52.44565,5
46.28273125999999,49.38077,5
49.23590053999999,50.91127,5
49.437563720000014,51.694626,5
46.09986719,47.546448,5
50.10065959999997,49.68152,5
52.25743022000006,52.50779,5
50.29890476000003,52.195545,5
48.51982535000002,51.048088,5
47.731971740000006,48.355274,5
49.02911033000004,51.055515,5
46.47584939000001,47.132843,5
46.57497196999998,48.515244,5
46.46388632000003,50.52888,5
49.00689320000004,51.24811,5
53.70325267999999,52.997932,5
53.860481600000014,50.88292,5
48.23100266000006,49.52679,5
45.96143738000001,47.590042,5
51.355072940000014,50.32023,5
43.43552060000002,44.627956,5
53.99378438000002,50.52541,5
42.86129324000001,45.212498,5
53.03673878000001,52.538113,5
42.38789747000004,44.229073,5
50.76375547999999,50.669476,5
50.6475428,50.92281,5
48.38823158000002,46.995773,5
50.70906716000002,51.726704,5
50.24421644000006,49.36512,5
49.20172034000001,49.236935,5
52.85900174,51.141632,5
47.055203780000056,46.495487,5
49.27862578999998,49.694824,5
50.70564913999999,49.964138,5
47.53372658000001,47.27144,5
47.41922291000003,50.258457,5
49.9126685,51.05558,5
51.34481888000005,51.18399,5
53.14953344000003,51.34742,5
52.37364289999999,50.19418,5
54.13221419000001,50.709934,5
52.29844646000004,49.524868,5
42.435749750000014,45.509422,5
40.51653152000006,43.000225,5
48.46684604000001,50.595623,5
49.52985025999999,51.400333,5
50.34675704000006,50.08733,5
50.07331544000005,50.32355,5
50.23396237999998,50.466625,5
51.36190898000001,49.502953,5
48.33183425000004,51.143536,5
53.41784801,51.576195,5
52.44371231000002,49.58302,5
52.21128695000005,49.172356,5
49.63580888000001,51.61497,5
50.77400954000001,50.649708,5
49.22906450000005,51.070065,5
46.25367809000005,45.505737,5
42.833949080000025,44.7933,5
48.37455950000003,48.21757,5
52.585560139999984,51.259266,5
41.78461694000004,44.354637,5
52.438585279999984,50.88692,5
48.41386673,49.338985,5
49.78620176000004,51.529984,5
50.48176883000002,50.44541,5
52.04551298000001,51.461376,5
48.97100398999999,48.48355,5
53.01623066000002,52.164574,5
49.0752536,48.177265,5
53.78870318000003,52.400486,5
47.887491650000015,48.76851,5
48.04984760000002,47.635853,5
49.37262134000002,50.74877,5
50.30915881999999,49.13792,5
45.34277576,43.010254,5
51.79941554000004,51.434917,5
54.595355900000015,53.9278,5
48.43779287000001,49.87051,5
52.62999439999999,52.01708,5
52.78380530000004,52.06448,5
50.62703468000001,51.099785,5
47.89774571000004,48.699062,5
49.82892701000003,51.271458,5
50.83895192,50.814728,5
53.21960285,50.662186,5
50.62019864000001,49.758434,5
50.65779686000002,50.303024,5
48.75225071,48.46313,5
53.088009080000006,51.1943,5
51.21151610000004,50.560745,5
52.599232219999976,52.219097,5
53.21447582000002,52.452053,5
53.32043443999999,51.032364,5
51.32089273999998,51.117878,5
50.63216170999999,50.3817,5
53.85022753999999,53.271378,5
48.55913257999998,48.698807,5
46.11524828000006,48.316624,5
50.141675840000005,53.215206,5
49.49567006000001,48.96107,5
48.54546049999999,50.674885,5
51.35165491999999,49.861137,5
54.072398840000005,51.26765,5
52.97179640000002,50.879814,5
51.72421910000003,50.117237,5
50.927820440000005,50.620964,5
49.550358380000034,46.87302,5
45.07617019999998,47.017185,5
45.69141380000002,47.30991,5
47.892618680000055,48.704967,5
52.77013322000005,51.9222,5
46.93899110000001,48.695103,5
50.893640240000025,50.84882,5
45.51709477999998,47.15564,5
48.57622268,49.77543,5
46.99367942000004,47.75308,5
51.96006248000003,48.365124,5
51.59091632000002,51.11822,5
50.70564913999999,51.315968,5
49.36236728000006,51.883137,5
45.96827342000006,50.060745,5
46.55788187000002,48.91837,5
48.80693903000002,49.671818,5
50.00153702,51.147823,5
54.80727314000001,53.88108,5
46.92873703999999,46.25963,5
49.11797885000004,48.54499,5
50.58601844000003,49.806248,5
46.86721268000002,51.27777,5
50.75691944000005,51.134373,5
48.98809409,49.14313,5
45.06249811999999,45.961082,5
44.98901068999999,47.928394,5
47.04153170000001,51.704197,5
48.292527019999966,49.633286,5
47.991741260000026,50.60662,5
46.56984494000005,49.844368,5
48.77446784000006,50.29754,5
48.66850922000003,48.95239,5
45.525639830000046,45.687176,5
54.16810340000001,50.68605,5
50.77400954000001,48.31388,5
50.63728874000003,51.053432,5
47.88578264,45.69588,5
50.77059152000004,50.70367,5
50.811607760000015,49.124447,5
52.45567538,51.041477,5
48.798393980000014,49.44479,5
48.87529943000004,48.972622,5
51.334564820000026,53.267223,5
49.62555482000005,50.119938,5
50.090405540000006,51.20522,5
50.859460040000045,50.60412,5
53.04015679999998,50.839108,5
52.34288072000004,51.950733,5
53.71008872000005,54.01047,5
42.302446970000005,44.649403,5
51.53964602000002,52.845695,5
53.42639306000001,51.41149,5
54.05530873999999,52.480255,5
54.677388380000025,53.871212,5
53.925423980000005,51.819942,5
52.547961920000034,52.40369,5
54.824363240000025,53.798405,5
49.30938796999999,48.1439,5
49.52643224000002,49.506176,5
49.11626984000003,47.734695,5
44.871088999999984,46.957096,5
46.96291724000002,46.747818,5
50.859460040000045,52.29497,5
52.05918506,50.413834,5
54.14759528000002,53.517586,5
46.470722360000025,45.973362,5
49.24957261999998,51.790157,5
50.53133012000001,51.710308,5
50.43904358000003,50.072105,5
53.32385246000001,51.692432,5
43.162079000000006,46.41056,5
50.58089140999999,50.454964,5
51.87803000000002,49.012024,5
52.10020129999998,50.14717,5
50.350175060000026,50.404896,5
49.70929631000001,51.464962,5
51.26620442000001,51.112423,5
52.11387338000003,50.727863,5
49.575993530000005,49.14843,5
50.01862712000002,49.641567,5
48.665091200000006,47.420185,5
50.09724158000006,48.327354,5
53.10851720000005,50.319645,5
51.97715258000005,50.907005,5
46.24513304000004,47.20267,5
54.28089806000003,50.367153,5
50.30574080000002,50.419773,5
46.68434861000003,49.194584,5
48.138716120000026,48.044712,5
52.24888517,51.470093,5
50.6475428,49.46993,5
48.14384315000001,49.300575,5
46.59035306000004,50.334175,5
50.49714992000003,49.72777,5
46.59377108000001,47.766747,5
52.93761619999998,52.724297,5
48.410448710000026,50.05835,5
46.82277842000002,47.288216,5
45.98536352000002,46.622665,5
54.75258482000004,52.87371,5
53.50500752000005,50.24216,5
49.748603539999976,47.308174,5
51.72934613000007,51.588326,5
54.57826580000005,53.715412,5
49.83405404000001,50.323265,5
48.92827874,50.732258,5
46.30323938000004,49.883595,5
51.891702080000016,51.2068,5
50.23908941000002,50.357372,5
51.44394146000002,51.031525,5
46.06226896999999,47.712364,5
48.61382090000001,52.389507,5
47.88920066000003,47.823402,5
50.87142311000002,50.344093,5
54.010874479999984,53.051277,5
47.84134838,49.70128,5
49.29229786999997,51.107487,5
54.54750362000004,52.477406,5
50.96541866000001,52.357925,5
52.941034220000006,52.606426,5
52.16001664999999,49.97712,5
52.91369006000002,52.347748,5
47.48929232,50.427536,5
53.88098972,51.09466,5
50.172438020000016,51.56635,5
47.67386540000001,50.400757,5
47.18679755,49.463547,5
53.04015679999998,51.147945,5
47.28079309999998,50.269802,5
45.942638269999975,47.24681,5
47.39358776000006,48.93927,5
46.21437086000003,49.681087,5
47.91654482000001,47.577637,5
51.13973768,50.54601,5
49.55719441999997,50.44224,5
45.68628677000004,51.836803,5
52.08652921999999,50.57922,5
49.24102757000003,51.588326,5
52.65050252000003,50.93455,5
53.78186714000003,51.25611,5
49.19830232000004,50.797832,5
46.22804294000002,47.92057,5
52.87780085000003,49.05907,5
50.80135370000005,51.501396,5
53.78015813000002,49.315186,5
48.71123447000002,49.752483,5
50.99447183000001,51.18633,5
44.04563717000002,45.382927,5
51.24911431999999,50.89713,5
50.47322378000001,50.465385,5
49.61871878,49.290283,5
54.98842820000005,52.821747,5
51.97031654,51.550274,5
45.927257180000026,46.98025,5
47.92679887999998,48.494423,5
51.95664446000001,50.99724,5
54.80043710000001,53.762135,5
52.047221990000025,51.17451,5
49.63239085999999,48.394135,5
51.35678195000003,51.04731,5
50.55354725000001,50.744423,5
51.28671254,50.665707,5
48.64800109999999,49.544827,5
48.10111790000002,50.39854,5
48.82573814,48.7189,5
48.22074859999998,48.810783,5
49.33844113999999,49.705235,5
47.39016974000003,50.657497,5
46.39894393999998,49.578938,5
50.54329318999999,48.811596,5
53.76135901999999,53.271084,5
53.809211300000015,52.089397,5
44.259263420000025,46.75421,5
49.20684736999999,46.853004,5
48.14897017999999,50.417915,5
49.48712501,50.86815,5
48.94195081999999,50.288857,5
48.401903660000016,48.431683,5
46.57668098000005,48.16611,5
53.860481600000014,52.179546,5
46.64162336000004,46.846207,5
47.70804559999999,50.52541,5
54.08948894000002,51.624985,5
52.903436000000056,51.054096,5
46.11524828000006,48.63032,5
42.26313974000004,44.972008,5
49.22564648000002,51.18858,5
50.28523268000004,50.376987,5
48.371141480000006,50.122944,5
50.53303913000002,49.88608,5
49.77252968000005,49.60623,5
52.49156459,51.584167,5
49.32476906,49.293907,5
48.504444260000014,47.84686,5
47.98490521999997,49.163853,5
49.19830232000004,51.24303,5
52.16172566,50.44886,5
46.61086118000003,49.412136,5
48.99834815000003,51.259647,5
52.33604467999999,51.373043,5
48.11478998000001,47.8945,5
49.89216038000001,51.238087,5
48.13017107000002,51.0273,5
52.83849362000001,50.73148,5
47.01760555999999,50.73236,5
47.35598954,50.86022,5
47.689246490000016,47.38011,5
48.176314339999976,51.253,5
50.73641132,50.660027,5
50.52107606000004,50.645287,5
50.85091498999998,50.694363,5
48.682181300000025,49.271633,5
50.69881310000005,50.603176,5
49.01543824999999,49.76764,5
50.401445360000025,50.879814,5
45.85035173,49.326546,5
50.435625560000005,50.96722,5
52.05234902000001,50.920338,5
46.89797485999998,47.328087,5
52.64366647999998,50.323067,5
47.03811367999998,48.1816,5
49.47516194000002,49.78489,5
51.32431076,47.789864,5
50.63899775000005,52.050926,5
48.67534526000003,50.110268,5
51.60800642000004,51.898773,5
51.86435792000003,50.63945,5
48.31303514000001,51.467667,5
53.692998620000026,52.543835,5
49.26324470000003,49.246376,5
49.30767896000003,49.32447,5
52.906854020000026,51.385597,5
47.2978832,47.436325,5
46.604025139999976,47.541134,5
45.529057850000015,47.170147,5
47.95243403000006,48.349346,5
50.49031388000003,49.88735,5
45.99561758000005,43.000225,5
53.25036503000001,51.13608,5
48.55229654000004,49.376106,5
50.15192990000003,50.28149,5
50.435625560000005,51.808712,5
52.80431342000003,51.20762,5
51.973734560000025,51.144337,5
47.04665873000005,47.844063,5
46.405779980000034,46.457764,5
50.339921,49.225872,5
53.03844779000002,50.9434,5
51.49862977999999,51.188114,5
49.94001265999998,51.02445,5
46.85354060000003,50.285973,5
54.25355390000004,53.762135,5
50.27156060000004,49.214046,5
52.42149518000002,51.227356,5
46.81252436,46.29999,5
48.92486072000003,50.5571,5
45.98194550000005,46.029953,5
53.25891008000002,52.562237,5
48.74028764000002,48.835308,5
42.79635086000002,47.7157,5
49.01372924000003,47.608055,5
54.25355390000004,54.01923,5
53.09484512,51.07066,5
49.95368474000003,52.65289,5
50.88851321000004,48.30655,5
54.68764243999999,51.0892,5
51.307220659999984,50.08857,5
43.69187210000001,44.906258,5
48.58989475999999,48.50652,5
49.835763050000025,49.224342,5
50.21858129000003,50.434372,5
49.29400687999998,49.712456,5
50.729575280000006,52.011456,5
50.93465648000006,50.519547,5
49.878488300000015,50.8191,5
48.38139554000003,51.198196,5
50.56551032000005,50.81938,5
48.79155794000002,50.93339,5
50.315994860000046,50.35711,5
51.30209363000006,50.53516,5
51.86435792000003,50.54588,5
49.22906450000005,49.537,5
47.520054500000015,50.189823,5
54.05872676000001,53.602673,5
48.99322112000005,49.903263,5
47.59525094000003,51.167953,5
50.62532567000005,52.143387,5
52.88463689000002,51.308636,5
47.52518153,48.80574,5
54.21595567999998,52.942295,5
50.42537149999998,48.61418,5
51.36190898000001,50.297493,5
48.95562289999998,49.3631,5
46.10841224000001,46.77285,5
46.79372525000002,48.381477,5
45.88965896000002,46.17645,5
46.44679622000001,47.688473,5
45.99903560000001,47.0749,5
45.68799578000005,49.12877,5
54.95766602000003,53.59603,5
48.41215771999998,50.134083,5
49.40851055000002,51.36828,5
53.16320552000002,51.03746,5
54.70131451999998,53.16856,5
49.21881044000003,48.789783,5
51.76865336000003,51.03342,5
52.84874768000003,51.504345,5
49.12652390000005,49.418983,5
45.9306752,46.023808,5
51.20809808000001,50.045837,5
50.47151477,50.16229,5
53.47082732000001,52.997932,5
46.56984494000005,44.650265,5
47.16458041999999,47.288616,5
45.90333104000001,45.870323,5
49.05303647000005,50.822243,5
52.56505202,51.824516,5
51.87632099000001,51.77299,5
53.46057325999999,52.64903,5
53.22472988000004,52.523823,5
51.77890742,50.551453,5
54.65346224000001,51.49756,5
51.47983067000001,50.309784,5
51.05941421,47.451485,5
49.82038196000002,48.057514,5
53.38195880000001,52.532097,5
49.01714726,48.23947,5
51.12606560000006,48.150303,5
47.07571189999999,51.011795,5
50.71932121999998,50.559082,5
48.72661556000003,49.7441,5
47.85502045999999,49.05465,5
49.18121222000002,48.68488,5
45.49316864000002,45.980404,5
49.59479264000004,51.08632,5
49.56744848000005,50.735252,5
47.12014615999999,46.45593,5
51.48837572000002,50.248573,5
50.7500834,50.13539,5
49.24273658000004,49.06868,5
45.60596329999999,46.24335,5
49.07867162000002,49.31542,5
54.09974299999999,52.059097,5
49.731513440000015,50.138153,5
46.06910500999999,46.6954,5
53.851936550000005,49.858894,5
49.71784136000002,50.858982,5
46.78859822000004,47.53189,5
49.56744848000005,50.747753,5
51.888284060000046,50.737022,5
53.60071208,52.180027,5
46.369890769999984,46.26013,5
49.37945738000002,48.971893,5
54.09974299999999,51.247124,5
48.107953940000016,50.10318,5
46.80910634000003,48.9687,5
48.57964070000003,49.24722,5
44.18748500000004,45.520317,5
50.73982934000003,51.57029,5
54.95766602000003,54.047596,5
49.72125937999999,52.23574,5
53.75794100000002,51.180958,5
48.46684604000001,52.37781,5
54.50306936000004,52.64715,5
54.024546559999976,52.66002,5
50.99618084000002,50.86681,5
47.79178709000007,48.12669,5
49.84089008000001,49.47958,5
47.56107073999999,50.741253,5
52.54454390000001,51.137444,5
51.95493545,50.30063,5
50.99959885999999,50.236164,5
48.93853280000002,48.859886,5
50.65779686000002,49.056526,5
52.70177282000003,49.698677,5
50.01862712000002,49.168034,5
50.48347784000004,51.535366,5
45.653815580000014,45.96821,5
51.20809808000001,49.88679,5
50.82357083,49.466503,5
51.73447315999999,49.319645,5
47.71659065,48.719387,5
49.65289898000003,50.398766,5
45.43164428,45.22974,5
45.84351569,46.541145,5
53.90149784000005,52.454075,5
52.81114946000002,48.167896,5
53.45373722,51.40089,5
48.50273525,51.209496,5
51.69345692000002,51.48202,5
51.625096520000056,51.943645,5
49.92463157000003,50.76524,5
51.65244068000004,51.26491,5
53.47766336000001,52.088104,5
50.96883667999998,51.170826,5
49.601628679999976,49.004673,5
54.52357748000003,53.74147,5
54.54750362000004,52.477406,5
50.32966694000004,50.827347,5
51.860939900000005,50.840694,5
51.80625157999998,51.458515,5
49.54352233999998,49.89038,5
51.420015320000005,48.8182,5
39.932050100000026,43.000225,5
53.79383021000001,52.069756,5
46.78005317000003,47.924786,5
48.87700844000005,51.095684,5
49.270080740000026,50.45343,5
46.292985320000014,45.826473,5
49.584538580000014,52.049976,5
52.60606826000003,50.549595,5
47.83793036000003,46.080357,5
51.54306403999999,51.555286,5
54.16810340000001,52.847282,5
49.32818708000002,49.8589,5
51.13631966000003,50.38516,5
50.37751922000001,48.004055,5
52.11387338000003,51.27328,5
50.33650297999998,49.0045,5
48.44633792000002,51.376274,5
51.026943019999976,51.39571,5
50.803062710000006,50.7171,5
45.079588220000005,50.870945,5
49.69904225000005,49.33763,5
48.077191760000005,50.85655,5
53.32727048000004,50.19691,5
49.42047362000005,50.8118,5
47.45169410000005,46.62618,5
51.252532340000016,51.11941,5
47.18850656000001,49.32822,5
48.98296706000002,48.225113,5
52.19761487000005,51.979557,5
42.314410039999984,46.811184,5
46.86379466000005,50.918537,5
50.13313079,48.681206,5
48.98296706000002,50.868664,5
49.61359175000001,50.929707,5
49.84430810000004,50.96296,5
49.355531240000005,49.528,5
49.02740132000002,50.627205,5
53.62122020000004,51.689056,5
49.16754014000003,49.915794,5
48.46342802000004,47.799805,5
47.239776860000006,47.23972,5
52.599232219999976,51.139183,5
50.08869652999999,50.381187,5
50.55354725000007,51.448135,5
46.29469433000003,49.233047,5
47.171416460000046,46.804287,5
51.62167850000003,51.073483,5
50.60652656000002,50.81848,5
52.585560139999984,51.66683,5
50.57576438000001,49.68617,5
48.49077218000002,47.90283,5
49.55719441999997,52.091267,5
54.072398840000005,50.87181,5
52.021586840000055,50.410137,5
52.15830764000003,51.044777,5
46.17848165000004,45.736343,5
50.52620309000002,52.679317,5
49.22906450000005,51.20536,5
51.48324869000004,51.402443,5
49.170958160000055,52.134674,5
50.37239219000003,50.54544,5
47.50467341000001,51.217304,5
48.44291989999999,50.244987,5
50.10578663000001,51.384544,5
50.26985159000003,50.59749,5
48.613820900000064,49.91828,5
47.79862313000001,48.030853,5
48.70268942000001,48.02152,5
51.91904624000006,51.199295,5
48.17289632000001,50.725433,5
44.30369768000003,44.155724,5
45.036862970000016,46.881752,5
47.94388898000005,48.550816,5
51.83701375999999,50.309772,5
49.61700976999998,50.526665,5
46.70314772,49.690117,5
45.55469300000004,49.30506,5
48.23954771000001,48.56816,5
50.69197706,51.943645,5
52.75304312000003,50.64602,5
50.09724158000006,51.403175,5
45.75122914999997,46.87416,5
49.13335993999999,50.75973,5
51.29013056000002,51.69668,5
49.21539242000006,49.231544,5
47.808877189999976,50.88184,5
50.73982934000003,50.51665,5
47.80375016000005,50.705173,5
49.36578530000003,52.298523,5
48.04984760000002,50.725384,5
46.69289365999998,46.540375,5
50.32624892000001,51.219982,5
49.73322244999997,51.546482,5
48.52495238000006,49.66001,5
52.22325002000002,51.28564,5
50.61678061999999,50.28245,5
48.25151077999999,47.50234,5
52.04380397,51.958008,5
48.93853280000002,50.25996,5
45.927257180000026,47.23878,5
42.97750592,45.011868,5
52.55479796000003,50.825245,5
53.24523800000003,52.925804,5
49.62213680000002,49.807022,5
54.39711074000002,53.383224,5
46.51515662000003,48.290623,5
48.53862446000005,47.6152,5
52.47789251,50.73827,5
50.28010565,49.93461,5
49.810127900000055,50.788425,5
53.368286720000015,50.839996,5
50.582600420000006,49.720932,5
48.36430544000001,50.916607,5
50.743247360000055,49.519035,5
50.80648073000003,49.707554,5
53.925423980000005,52.028713,5
53.18371364000001,50.25332,5
50.55012922999998,50.841984,5
54.06556280000001,52.028713,5
45.853769750000026,46.393017,5
53.88440774000003,54.029076,5
49.11285182000006,49.18973,5
49.615300760000025,50.72196,5
51.02352500000001,50.437267,5
53.08630006999999,52.35094,5
52.99572254000003,50.56194,5
50.77913656999999,50.004574,5
46.20924382999999,47.227905,5
48.453173960000015,48.460545,5
45.13427654000003,45.724674,5
48.232711670000015,49.822872,5
54.60219194000001,51.953613,5
47.41751390000002,47.78509,5
47.82425828000004,48.778255,5
50.48005982000001,51.17363,5
54.25697192000001,51.066437,5
52.84362065000005,49.522957,5
47.09622002000003,47.927315,5
51.48837572000002,51.130245,5
49.99128296000004,47.930935,5
50.54158418000003,49.831642,5
53.70325267999999,50.529823,5
48.16093325000003,48.4133,5
52.57872409999999,49.385113,5
54.83461729999999,52.522186,5
53.313598400000046,52.721638,5
48.86675438000003,50.290348,5
50.76717350000001,51.102066,5
47.81058619999999,48.84258,5
50.52620309000002,50.29713,5
49.59650165000005,50.294964,5
47.79007808,49.541107,5
52.7496251,51.4496,5
52.37706092000002,49.0588,5
47.991741260000026,46.627728,5
51.50717483,51.79995,5
50.77400954000001,51.05784,5
46.47243137000004,48.876553,5
46.47414038,48.996143,5
43.611548630000016,44.52031,5
50.60139952999998,50.964058,5
43.07662850000003,44.59465,5
49.26837173000001,50.79985,5
53.53747871000007,51.533085,5
48.68901734000002,49.366436,5
47.87723758999999,46.478413,5
49.96052078000002,50.3735,5
46.69289365999998,49.466366,5
50.42537149999998,53.979107,5
50.45271566000002,49.515358,5
53.97840329000002,51.961426,5
48.2378387,50.912582,5
50.84578796000005,50.832993,5
50.80477172000002,50.49302,5
48.37455950000003,50.01915,5
46.08448610000005,49.138885,5
47.79691412,47.96057,5
49.74176750000004,50.487953,5
48.71123447000002,51.240376,5
48.65825516000001,46.729546,5
51.98057060000002,50.175682,5
45.52393082000003,48.52488,5
51.53622800000005,50.47026,5
54.43470896000002,50.712902,5
49.77252968000005,51.478043,5
49.34869520000001,51.2124,5
54.04163666,50.540382,5
47.19192457999998,49.002068,5
47.55252569000004,47.44221,5
52.93761619999998,51.115345,5
49.20342935000002,51.03342,5
48.62236595000002,50.855404,5
42.23921360000003,45.757244,5
47.02102358000002,49.839424,5
47.08938397999998,47.633312,5
53.986948340000026,50.53203,5
48.0327575,48.251083,5
49.98786494000001,47.99915,5
48.68901734000002,49.37353,5
51.12093857000002,50.332134,5
48.31645316000004,50.855606,5
47.33889943999998,48.716915,5
50.21345426000005,51.1465,5
50.55183824000005,51.824574,5
50.76033746000002,45.903606,5
49.83405404000001,49.515484,5
48.81206606000001,50.339947,5
50.67830498000001,51.259266,5
49.23590053999999,50.519867,5
48.73686961999999,49.55724,5
48.88042646000002,51.027225,5
53.26574612000002,51.508198,5
52.53428984000004,51.05896,5
48.72661556000003,44.962353,5
52.96154234000005,51.367516,5
